#include <linux/module.h>
#include <syscall.h>
#include <stdio.h>

unsigned char irm_c_ko[] = {
  0x7f, 0x45, 0x4c, 0x46, 0x02, 0x01, 0x01, 0x00, 0x00, 0x00, 0x00, 0x00,
  0x00, 0x00, 0x00, 0x00, 0x01, 0x00, 0x3e, 0x00, 0x01, 0x00, 0x00, 0x00,
  0x00, 0x00, 0x00, 0x00, 0x00, 0x00, 0x00, 0x00, 0x00, 0x00, 0x00, 0x00,
  0x00, 0x00, 0x00, 0x00, 0xd0, 0x03, 0x02, 0x00, 0x00, 0x00, 0x00, 0x00,
  0x00, 0x00, 0x00, 0x00, 0x40, 0x00, 0x00, 0x00, 0x00, 0x00, 0x40, 0x00,
  0x30, 0x00, 0x2e, 0x00, 0x00, 0x00, 0x00, 0x00, 0x00, 0x00, 0x00, 0x00,
  0x00, 0x00, 0x00, 0x00, 0x00, 0x00, 0x00, 0x00, 0x90, 0x90, 0x90, 0x90,
  0x90, 0x90, 0x90, 0x90, 0x90, 0x90, 0x90, 0x90, 0x90, 0x90, 0x90, 0x90,
  0xf3, 0x0f, 0x1e, 0xfa, 0x48, 0xc7, 0xc7, 0x00, 0x00, 0x00, 0x00, 0xe8,
  0x00, 0x00, 0x00, 0x00, 0x31, 0xc0, 0x2e, 0xe9, 0x00, 0x00, 0x00, 0x00,
  0x00, 0x00, 0x00, 0x00, 0x00, 0x00, 0x00, 0x00, 0x90, 0x90, 0x90, 0x90,
  0x90, 0x90, 0x90, 0x90, 0x90, 0x90, 0x90, 0x90, 0x90, 0x90, 0x90, 0x90,
  0xf3, 0x0f, 0x1e, 0xfa, 0x48, 0xc7, 0xc7, 0x00, 0x00, 0x00, 0x00, 0xe9,
  0x00, 0x00, 0x00, 0x00, 0x6c, 0x69, 0x63, 0x65, 0x6e, 0x73, 0x65, 0x3d,
  0x47, 0x50, 0x4c, 0x00, 0x61, 0x75, 0x74, 0x68, 0x6f, 0x72, 0x3d, 0x45,
  0x78, 0x61, 0x6d, 0x70, 0x6c, 0x65, 0x00, 0x64, 0x65, 0x73, 0x63, 0x72,
  0x69, 0x70, 0x74, 0x69, 0x6f, 0x6e, 0x3d, 0x42, 0x61, 0x73, 0x69, 0x63,
  0x00, 0x76, 0x65, 0x72, 0x73, 0x69, 0x6f, 0x6e, 0x3d, 0x30, 0x2e, 0x30,
  0x31, 0x00, 0x6e, 0x61, 0x6d, 0x65, 0x3d, 0x69, 0x72, 0x6d, 0x5f, 0x63,
  0x00, 0x64, 0x65, 0x70, 0x65, 0x6e, 0x64, 0x73, 0x3d, 0x00, 0x73, 0x72,
  0x63, 0x76, 0x65, 0x72, 0x73, 0x69, 0x6f, 0x6e, 0x3d, 0x41, 0x31, 0x43,
  0x37, 0x36, 0x39, 0x39, 0x43, 0x38, 0x39, 0x32, 0x34, 0x32, 0x43, 0x38,
  0x34, 0x34, 0x33, 0x46, 0x46, 0x30, 0x36, 0x39, 0x00, 0x76, 0x65, 0x72,
  0x6d, 0x61, 0x67, 0x69, 0x63, 0x3d, 0x36, 0x2e, 0x31, 0x32, 0x2e, 0x30,
  0x20, 0x53, 0x4d, 0x50, 0x20, 0x70, 0x72, 0x65, 0x65, 0x6d, 0x70, 0x74,
  0x20, 0x6d, 0x6f, 0x64, 0x5f, 0x75, 0x6e, 0x6c, 0x6f, 0x61, 0x64, 0x20,
  0x00, 0x72, 0x65, 0x74, 0x70, 0x6f, 0x6c, 0x69, 0x6e, 0x65, 0x3d, 0x59,
  0x00, 0x00, 0x00, 0x00, 0x00, 0x00, 0x00, 0x00, 0x00, 0x00, 0x00, 0x00,
  0x00, 0x00, 0x00, 0x00, 0x00, 0x00, 0x00, 0x00, 0x01, 0x36, 0x48, 0x65,
  0x6c, 0x6c, 0x6f, 0x2c, 0x20, 0x57, 0x6f, 0x72, 0x6c, 0x64, 0x21, 0x0a,
  0x00, 0x01, 0x36, 0x47, 0x6f, 0x6f, 0x64, 0x62, 0x79, 0x65, 0x2c, 0x20,
  0x57, 0x6f, 0x72, 0x6c, 0x64, 0x21, 0x0a, 0x00, 0x00, 0x00, 0x00, 0x00,
  0x00, 0x00, 0x00, 0x00, 0x08, 0x00, 0x00, 0x00, 0x05, 0x02, 0x00, 0x00,
  0x00, 0x00, 0x00, 0x00, 0x08, 0x00, 0x00, 0x00, 0x05, 0x02, 0x00, 0x00,
  0x00, 0x00, 0x00, 0x00, 0x00, 0x00, 0x00, 0x00, 0x00, 0x00, 0x00, 0x00,
  0x00, 0x00, 0x00, 0x00, 0x00, 0x00, 0x00, 0x00, 0x00, 0x00, 0x00, 0x00,
  0x00, 0x00, 0x00, 0x00, 0x00, 0x00, 0x00, 0x00, 0x00, 0x00, 0x00, 0x00,
  0x00, 0x00, 0x00, 0x00, 0x00, 0x00, 0x00, 0x00, 0x00, 0x00, 0x00, 0x00,
  0x00, 0x00, 0x00, 0x00, 0x00, 0x00, 0x00, 0x00, 0x00, 0x00, 0x00, 0x00,
  0x00, 0x00, 0x00, 0x00, 0x69, 0x72, 0x6d, 0x5f, 0x63, 0x00, 0x00, 0x00,
  0x00, 0x00, 0x00, 0x00, 0x00, 0x00, 0x00, 0x00, 0x00, 0x00, 0x00, 0x00,
  0x00, 0x00, 0x00, 0x00, 0x00, 0x00, 0x00, 0x00, 0x00, 0x00, 0x00, 0x00,
  0x00, 0x00, 0x00, 0x00, 0x00, 0x00, 0x00, 0x00, 0x00, 0x00, 0x00, 0x00,
  0x00, 0x00, 0x00, 0x00, 0x00, 0x00, 0x00, 0x00, 0x00, 0x00, 0x00, 0x00,
  0x00, 0x00, 0x00, 0x00, 0x00, 0x00, 0x00, 0x00, 0x00, 0x00, 0x00, 0x00,
  0x00, 0x00, 0x00, 0x00, 0x00, 0x00, 0x00, 0x00, 0x00, 0x00, 0x00, 0x00,
  0x00, 0x00, 0x00, 0x00, 0x00, 0x00, 0x00, 0x00, 0x00, 0x00, 0x00, 0x00,
  0x00, 0x00, 0x00, 0x00, 0x00, 0x00, 0x00, 0x00, 0x00, 0x00, 0x00, 0x00,
  0x00, 0x00, 0x00, 0x00, 0x00, 0x00, 0x00, 0x00, 0x00, 0x00, 0x00, 0x00,
  0x00, 0x00, 0x00, 0x00, 0x00, 0x00, 0x00, 0x00, 0x00, 0x00, 0x00, 0x00,
  0x00, 0x00, 0x00, 0x00, 0x00, 0x00, 0x00, 0x00, 0x00, 0x00, 0x00, 0x00,
  0x00, 0x00, 0x00, 0x00, 0x00, 0x00, 0x00, 0x00, 0x00, 0x00, 0x00, 0x00,
  0x00, 0x00, 0x00, 0x00, 0x00, 0x00, 0x00, 0x00, 0x00, 0x00, 0x00, 0x00,
  0x00, 0x00, 0x00, 0x00, 0x00, 0x00, 0x00, 0x00, 0x00, 0x00, 0x00, 0x00,
  0x00, 0x00, 0x00, 0x00, 0x00, 0x00, 0x00, 0x00, 0x00, 0x00, 0x00, 0x00,
  0x00, 0x00, 0x00, 0x00, 0x00, 0x00, 0x00, 0x00, 0x00, 0x00, 0x00, 0x00,
  0x00, 0x00, 0x00, 0x00, 0x00, 0x00, 0x00, 0x00, 0x00, 0x00, 0x00, 0x00,
  0x00, 0x00, 0x00, 0x00, 0x00, 0x00, 0x00, 0x00, 0x00, 0x00, 0x00, 0x00,
  0x00, 0x00, 0x00, 0x00, 0x00, 0x00, 0x00, 0x00, 0x00, 0x00, 0x00, 0x00,
  0x00, 0x00, 0x00, 0x00, 0x00, 0x00, 0x00, 0x00, 0x00, 0x00, 0x00, 0x00,
  0x00, 0x00, 0x00, 0x00, 0x00, 0x00, 0x00, 0x00, 0x00, 0x00, 0x00, 0x00,
  0x00, 0x00, 0x00, 0x00, 0x00, 0x00, 0x00, 0x00, 0x00, 0x00, 0x00, 0x00,
  0x00, 0x00, 0x00, 0x00, 0x00, 0x00, 0x00, 0x00, 0x00, 0x00, 0x00, 0x00,
  0x00, 0x00, 0x00, 0x00, 0x00, 0x00, 0x00, 0x00, 0x00, 0x00, 0x00, 0x00,
  0x00, 0x00, 0x00, 0x00, 0x00, 0x00, 0x00, 0x00, 0x00, 0x00, 0x00, 0x00,
  0x00, 0x00, 0x00, 0x00, 0x00, 0x00, 0x00, 0x00, 0x00, 0x00, 0x00, 0x00,
  0x00, 0x00, 0x00, 0x00, 0x00, 0x00, 0x00, 0x00, 0x00, 0x00, 0x00, 0x00,
  0x00, 0x00, 0x00, 0x00, 0x00, 0x00, 0x00, 0x00, 0x00, 0x00, 0x00, 0x00,
  0x00, 0x00, 0x00, 0x00, 0x00, 0x00, 0x00, 0x00, 0x00, 0x00, 0x00, 0x00,
  0x00, 0x00, 0x00, 0x00, 0x00, 0x00, 0x00, 0x00, 0x00, 0x00, 0x00, 0x00,
  0x00, 0x00, 0x00, 0x00, 0x00, 0x00, 0x00, 0x00, 0x00, 0x00, 0x00, 0x00,
  0x00, 0x00, 0x00, 0x00, 0x00, 0x00, 0x00, 0x00, 0x00, 0x00, 0x00, 0x00,
  0x00, 0x00, 0x00, 0x00, 0x00, 0x00, 0x00, 0x00, 0x00, 0x00, 0x00, 0x00,
  0x00, 0x00, 0x00, 0x00, 0x00, 0x00, 0x00, 0x00, 0x00, 0x00, 0x00, 0x00,
  0x00, 0x00, 0x00, 0x00, 0x00, 0x00, 0x00, 0x00, 0x00, 0x00, 0x00, 0x00,
  0x00, 0x00, 0x00, 0x00, 0x00, 0x00, 0x00, 0x00, 0x00, 0x00, 0x00, 0x00,
  0x00, 0x00, 0x00, 0x00, 0x00, 0x00, 0x00, 0x00, 0x00, 0x00, 0x00, 0x00,
  0x00, 0x00, 0x00, 0x00, 0x00, 0x00, 0x00, 0x00, 0x00, 0x00, 0x00, 0x00,
  0x00, 0x00, 0x00, 0x00, 0x00, 0x00, 0x00, 0x00, 0x00, 0x00, 0x00, 0x00,
  0x00, 0x00, 0x00, 0x00, 0x00, 0x00, 0x00, 0x00, 0x00, 0x00, 0x00, 0x00,
  0x00, 0x00, 0x00, 0x00, 0x00, 0x00, 0x00, 0x00, 0x00, 0x00, 0x00, 0x00,
  0x00, 0x00, 0x00, 0x00, 0x00, 0x00, 0x00, 0x00, 0x00, 0x00, 0x00, 0x00,
  0x00, 0x00, 0x00, 0x00, 0x00, 0x00, 0x00, 0x00, 0x00, 0x00, 0x00, 0x00,
  0x00, 0x00, 0x00, 0x00, 0x00, 0x00, 0x00, 0x00, 0x00, 0x00, 0x00, 0x00,
  0x00, 0x00, 0x00, 0x00, 0x00, 0x00, 0x00, 0x00, 0x00, 0x00, 0x00, 0x00,
  0x00, 0x00, 0x00, 0x00, 0x00, 0x00, 0x00, 0x00, 0x00, 0x00, 0x00, 0x00,
  0x00, 0x00, 0x00, 0x00, 0x00, 0x00, 0x00, 0x00, 0x00, 0x00, 0x00, 0x00,
  0x00, 0x00, 0x00, 0x00, 0x00, 0x00, 0x00, 0x00, 0x00, 0x00, 0x00, 0x00,
  0x00, 0x00, 0x00, 0x00, 0x00, 0x00, 0x00, 0x00, 0x00, 0x00, 0x00, 0x00,
  0x00, 0x00, 0x00, 0x00, 0x00, 0x00, 0x00, 0x00, 0x00, 0x00, 0x00, 0x00,
  0x00, 0x00, 0x00, 0x00, 0x00, 0x00, 0x00, 0x00, 0x00, 0x00, 0x00, 0x00,
  0x00, 0x00, 0x00, 0x00, 0x00, 0x00, 0x00, 0x00, 0x00, 0x00, 0x00, 0x00,
  0x00, 0x00, 0x00, 0x00, 0x00, 0x00, 0x00, 0x00, 0x00, 0x00, 0x00, 0x00,
  0x00, 0x00, 0x00, 0x00, 0x00, 0x00, 0x00, 0x00, 0x00, 0x00, 0x00, 0x00,
  0x00, 0x00, 0x00, 0x00, 0x00, 0x00, 0x00, 0x00, 0x00, 0x00, 0x00, 0x00,
  0x00, 0x00, 0x00, 0x00, 0x00, 0x00, 0x00, 0x00, 0x00, 0x00, 0x00, 0x00,
  0x00, 0x00, 0x00, 0x00, 0x00, 0x00, 0x00, 0x00, 0x00, 0x00, 0x00, 0x00,
  0x00, 0x00, 0x00, 0x00, 0x00, 0x00, 0x00, 0x00, 0x00, 0x00, 0x00, 0x00,
  0x00, 0x00, 0x00, 0x00, 0x00, 0x00, 0x00, 0x00, 0x00, 0x00, 0x00, 0x00,
  0x00, 0x00, 0x00, 0x00, 0x00, 0x00, 0x00, 0x00, 0x00, 0x00, 0x00, 0x00,
  0x00, 0x00, 0x00, 0x00, 0x00, 0x00, 0x00, 0x00, 0x00, 0x00, 0x00, 0x00,
  0x00, 0x00, 0x00, 0x00, 0x00, 0x00, 0x00, 0x00, 0x00, 0x00, 0x00, 0x00,
  0x00, 0x00, 0x00, 0x00, 0x00, 0x00, 0x00, 0x00, 0x00, 0x00, 0x00, 0x00,
  0x00, 0x00, 0x00, 0x00, 0x00, 0x00, 0x00, 0x00, 0x00, 0x00, 0x00, 0x00,
  0x00, 0x00, 0x00, 0x00, 0x00, 0x00, 0x00, 0x00, 0x00, 0x00, 0x00, 0x00,
  0x00, 0x00, 0x00, 0x00, 0x00, 0x00, 0x00, 0x00, 0x00, 0x00, 0x00, 0x00,
  0x00, 0x00, 0x00, 0x00, 0x00, 0x00, 0x00, 0x00, 0x00, 0x00, 0x00, 0x00,
  0x00, 0x00, 0x00, 0x00, 0x00, 0x00, 0x00, 0x00, 0x00, 0x00, 0x00, 0x00,
  0x00, 0x00, 0x00, 0x00, 0x00, 0x00, 0x00, 0x00, 0x00, 0x00, 0x00, 0x00,
  0x00, 0x00, 0x00, 0x00, 0x00, 0x00, 0x00, 0x00, 0x00, 0x00, 0x00, 0x00,
  0x00, 0x00, 0x00, 0x00, 0x00, 0x00, 0x00, 0x00, 0x00, 0x00, 0x00, 0x00,
  0x00, 0x00, 0x00, 0x00, 0x00, 0x00, 0x00, 0x00, 0x00, 0x00, 0x00, 0x00,
  0x00, 0x00, 0x00, 0x00, 0x00, 0x00, 0x00, 0x00, 0x00, 0x00, 0x00, 0x00,
  0x00, 0x00, 0x00, 0x00, 0x00, 0x00, 0x00, 0x00, 0x00, 0x00, 0x00, 0x00,
  0x00, 0x00, 0x00, 0x00, 0x00, 0x00, 0x00, 0x00, 0x00, 0x00, 0x00, 0x00,
  0x00, 0x00, 0x00, 0x00, 0x00, 0x00, 0x00, 0x00, 0x00, 0x00, 0x00, 0x00,
  0x00, 0x00, 0x00, 0x00, 0x00, 0x00, 0x00, 0x00, 0x00, 0x00, 0x00, 0x00,
  0x00, 0x00, 0x00, 0x00, 0x00, 0x00, 0x00, 0x00, 0x00, 0x00, 0x00, 0x00,
  0x00, 0x00, 0x00, 0x00, 0x00, 0x00, 0x00, 0x00, 0x00, 0x00, 0x00, 0x00,
  0x00, 0x00, 0x00, 0x00, 0x00, 0x00, 0x00, 0x00, 0x00, 0x00, 0x00, 0x00,
  0x00, 0x00, 0x00, 0x00, 0x00, 0x00, 0x00, 0x00, 0x00, 0x00, 0x00, 0x00,
  0x00, 0x00, 0x00, 0x00, 0x00, 0x00, 0x00, 0x00, 0x00, 0x00, 0x00, 0x00,
  0x00, 0x00, 0x00, 0x00, 0x00, 0x00, 0x00, 0x00, 0x00, 0x00, 0x00, 0x00,
  0x00, 0x00, 0x00, 0x00, 0x00, 0x00, 0x00, 0x00, 0x00, 0x00, 0x00, 0x00,
  0x00, 0x00, 0x00, 0x00, 0x00, 0x00, 0x00, 0x00, 0x00, 0x00, 0x00, 0x00,
  0x00, 0x00, 0x00, 0x00, 0x00, 0x00, 0x00, 0x00, 0x00, 0x00, 0x00, 0x00,
  0x00, 0x00, 0x00, 0x00, 0x00, 0x00, 0x00, 0x00, 0x00, 0x00, 0x00, 0x00,
  0x00, 0x00, 0x00, 0x00, 0x00, 0x00, 0x00, 0x00, 0x00, 0x00, 0x00, 0x00,
  0x00, 0x00, 0x00, 0x00, 0x00, 0x00, 0x00, 0x00, 0x00, 0x00, 0x00, 0x00,
  0x00, 0x00, 0x00, 0x00, 0x00, 0x00, 0x00, 0x00, 0x00, 0x00, 0x00, 0x00,
  0x00, 0x00, 0x00, 0x00, 0x00, 0x00, 0x00, 0x00, 0x00, 0x00, 0x00, 0x00,
  0x00, 0x00, 0x00, 0x00, 0x00, 0x00, 0x00, 0x00, 0x00, 0x00, 0x00, 0x00,
  0x00, 0x00, 0x00, 0x00, 0x00, 0x00, 0x00, 0x00, 0x00, 0x00, 0x00, 0x00,
  0x00, 0x00, 0x00, 0x00, 0x00, 0x00, 0x00, 0x00, 0x00, 0x00, 0x00, 0x00,
  0x00, 0x00, 0x00, 0x00, 0x00, 0x00, 0x00, 0x00, 0x00, 0x00, 0x00, 0x00,
  0x00, 0x00, 0x00, 0x00, 0x00, 0x00, 0x00, 0x00, 0x00, 0x00, 0x00, 0x00,
  0x00, 0x00, 0x00, 0x00, 0x00, 0x00, 0x00, 0x00, 0x00, 0x00, 0x00, 0x00,
  0x00, 0x00, 0x00, 0x00, 0x00, 0x00, 0x00, 0x00, 0x00, 0x00, 0x00, 0x00,
  0x00, 0x00, 0x00, 0x00, 0x00, 0x00, 0x00, 0x00, 0x00, 0x00, 0x00, 0x00,
  0x00, 0x00, 0x00, 0x00, 0x00, 0x00, 0x00, 0x00, 0x00, 0x00, 0x00, 0x00,
  0x00, 0x00, 0x00, 0x00, 0x00, 0x00, 0x00, 0x00, 0x00, 0x00, 0x00, 0x00,
  0x00, 0x00, 0x00, 0x00, 0x00, 0x00, 0x00, 0x00, 0x00, 0x00, 0x00, 0x00,
  0x00, 0x00, 0x00, 0x00, 0x00, 0x00, 0x00, 0x00, 0x00, 0x00, 0x00, 0x00,
  0x00, 0x00, 0x00, 0x00, 0x00, 0x00, 0x00, 0x00, 0x00, 0x00, 0x00, 0x00,
  0xfe, 0x5d, 0x32, 0xbf, 0x58, 0x1b, 0xd6, 0x3b, 0x2c, 0xa9, 0xa5, 0xc6,
  0x5b, 0xa5, 0xa6, 0x25, 0xea, 0xb3, 0xfe, 0x24, 0x06, 0x00, 0x00, 0x00,
  0x01, 0x00, 0x00, 0x00, 0x00, 0x01, 0x00, 0x00, 0x4c, 0x69, 0x6e, 0x75,
  0x78, 0x00, 0x00, 0x00, 0x00, 0x00, 0x00, 0x00, 0x06, 0x00, 0x00, 0x00,
  0x04, 0x00, 0x00, 0x00, 0x01, 0x01, 0x00, 0x00, 0x4c, 0x69, 0x6e, 0x75,
  0x78, 0x00, 0x00, 0x00, 0x00, 0x00, 0x00, 0x00, 0x04, 0x00, 0x00, 0x00,
  0x14, 0x00, 0x00, 0x00, 0x03, 0x00, 0x00, 0x00, 0x47, 0x4e, 0x55, 0x00,
  0x4f, 0x09, 0x11, 0x96, 0x71, 0xe3, 0x24, 0xfe, 0x3b, 0x4f, 0x2c, 0xd0,
  0x26, 0x99, 0x47, 0x7f, 0xe2, 0x7d, 0xba, 0x22, 0x04, 0x00, 0x00, 0x00,
  0x10, 0x00, 0x00, 0x00, 0x05, 0x00, 0x00, 0x00, 0x47, 0x4e, 0x55, 0x00,
  0x02, 0x00, 0x00, 0xc0, 0x04, 0x00, 0x00, 0x00, 0x01, 0x00, 0x00, 0x00,
  0x00, 0x00, 0x00, 0x00, 0x17, 0x00, 0x00, 0x00, 0x00, 0x00, 0x00, 0x00,
  0x0b, 0x00, 0x00, 0x00, 0x2a, 0x00, 0x00, 0x00, 0x00, 0x00, 0x00, 0x00,
  0x00, 0x00, 0x00, 0x00, 0x1c, 0x00, 0x00, 0x00, 0x00, 0x00, 0x00, 0x00,
  0x04, 0x00, 0x00, 0x00, 0x2f, 0x00, 0x00, 0x00, 0xfc, 0xff, 0xff, 0xff,
  0xff, 0xff, 0xff, 0xff, 0x24, 0x00, 0x00, 0x00, 0x00, 0x00, 0x00, 0x00,
  0x04, 0x00, 0x00, 0x00, 0x30, 0x00, 0x00, 0x00, 0xfc, 0xff, 0xff, 0xff,
  0xff, 0xff, 0xff, 0xff, 0x00, 0x00, 0x00, 0x00, 0x00, 0x00, 0x00, 0x00,
  0x01, 0x00, 0x00, 0x00, 0x0c, 0x00, 0x00, 0x00, 0x00, 0x00, 0x00, 0x00,
  0x00, 0x00, 0x00, 0x00, 0x08, 0x00, 0x00, 0x00, 0x00, 0x00, 0x00, 0x00,
  0x01, 0x00, 0x00, 0x00, 0x0d, 0x00, 0x00, 0x00, 0x00, 0x00, 0x00, 0x00,
  0x00, 0x00, 0x00, 0x00, 0x17, 0x00, 0x00, 0x00, 0x00, 0x00, 0x00, 0x00,
  0x0b, 0x00, 0x00, 0x00, 0x2a, 0x00, 0x00, 0x00, 0x11, 0x00, 0x00, 0x00,
  0x00, 0x00, 0x00, 0x00, 0x1c, 0x00, 0x00, 0x00, 0x00, 0x00, 0x00, 0x00,
  0x04, 0x00, 0x00, 0x00, 0x2f, 0x00, 0x00, 0x00, 0xfc, 0xff, 0xff, 0xff,
  0xff, 0xff, 0xff, 0xff, 0x00, 0x00, 0x00, 0x00, 0x00, 0x00, 0x00, 0x00,
  0x01, 0x00, 0x00, 0x00, 0x2e, 0x00, 0x00, 0x00, 0x00, 0x00, 0x00, 0x00,
  0x00, 0x00, 0x00, 0x00, 0x00, 0x00, 0x00, 0x00, 0x00, 0x00, 0x00, 0x00,
  0x01, 0x00, 0x00, 0x00, 0x31, 0x00, 0x00, 0x00, 0x00, 0x00, 0x00, 0x00,
  0x00, 0x00, 0x00, 0x00, 0x01, 0x11, 0x01, 0x25, 0x25, 0x13, 0x05, 0x03,
  0x25, 0x72, 0x17, 0x10, 0x17, 0x1b, 0x25, 0x11, 0x01, 0x55, 0x23, 0x73,
  0x17, 0x74, 0x17, 0x00, 0x00, 0x02, 0x34, 0x00, 0x03, 0x25, 0x49, 0x13,
  0x3a, 0x0b, 0x3b, 0x0b, 0x88, 0x01, 0x0f, 0x02, 0x18, 0x00, 0x00, 0x03,
  0x01, 0x01, 0x49, 0x13, 0x00, 0x00, 0x04, 0x21, 0x00, 0x49, 0x13, 0x37,
  0x0b, 0x00, 0x00, 0x05, 0x26, 0x00, 0x49, 0x13, 0x00, 0x00, 0x06, 0x24,
  0x00, 0x03, 0x25, 0x3e, 0x0b, 0x0b, 0x0b, 0x00, 0x00, 0x07, 0x24, 0x00,
  0x03, 0x25, 0x0b, 0x0b, 0x3e, 0x0b, 0x00, 0x00, 0x08, 0x34, 0x00, 0x03,
  0x25, 0x49, 0x13, 0x3a, 0x0b, 0x3b, 0x0b, 0x02, 0x18, 0x00, 0x00, 0x09,
  0x0f, 0x00, 0x00, 0x00, 0x0a, 0x34, 0x00, 0x49, 0x13, 0x3a, 0x0b, 0x3b,
  0x0b, 0x02, 0x18, 0x00, 0x00, 0x0b, 0x2e, 0x01, 0x11, 0x1b, 0x12, 0x06,
  0x40, 0x18, 0x7a, 0x19, 0x03, 0x25, 0x3a, 0x0b, 0x3b, 0x0b, 0x27, 0x19,
  0x49, 0x13, 0x00, 0x00, 0x0c, 0x48, 0x00, 0x7f, 0x13, 0x7d, 0x1b, 0x00,
  0x00, 0x0d, 0x2e, 0x01, 0x03, 0x25, 0x3a, 0x0b, 0x3b, 0x0b, 0x27, 0x19,
  0x49, 0x13, 0x3c, 0x19, 0x3f, 0x19, 0x00, 0x00, 0x0e, 0x05, 0x00, 0x49,
  0x13, 0x00, 0x00, 0x0f, 0x18, 0x00, 0x00, 0x00, 0x10, 0x0f, 0x00, 0x49,
  0x13, 0x00, 0x00, 0x11, 0x2e, 0x01, 0x11, 0x1b, 0x12, 0x06, 0x40, 0x18,
  0x7a, 0x19, 0x03, 0x25, 0x3a, 0x0b, 0x3b, 0x0b, 0x27, 0x19, 0x00, 0x00,
  0x12, 0x48, 0x00, 0x7f, 0x13, 0x82, 0x01, 0x19, 0x81, 0x01, 0x1b, 0x00,
  0x00, 0x00, 0x01, 0x11, 0x01, 0x25, 0x25, 0x13, 0x05, 0x03, 0x25, 0x72,
  0x17, 0x10, 0x17, 0x1b, 0x25, 0x73, 0x17, 0x00, 0x00, 0x02, 0x34, 0x00,
  0x03, 0x25, 0x49, 0x13, 0x3a, 0x0b, 0x3b, 0x0b, 0x88, 0x01, 0x0f, 0x02,
  0x18, 0x00, 0x00, 0x03, 0x01, 0x01, 0x49, 0x13, 0x00, 0x00, 0x04, 0x21,
  0x00, 0x49, 0x13, 0x37, 0x0b, 0x00, 0x00, 0x05, 0x26, 0x00, 0x49, 0x13,
  0x00, 0x00, 0x06, 0x24, 0x00, 0x03, 0x25, 0x3e, 0x0b, 0x0b, 0x0b, 0x00,
  0x00, 0x07, 0x24, 0x00, 0x03, 0x25, 0x0b, 0x0b, 0x3e, 0x0b, 0x00, 0x00,
  0x08, 0x34, 0x00, 0x03, 0x25, 0x49, 0x13, 0x3f, 0x19, 0x3a, 0x0b, 0x3b,
  0x0b, 0x02, 0x18, 0x00, 0x00, 0x09, 0x13, 0x01, 0x03, 0x26, 0x0b, 0x05,
  0x3a, 0x0b, 0x3b, 0x05, 0x88, 0x01, 0x0f, 0x00, 0x00, 0x0a, 0x0d, 0x00,
  0x03, 0x25, 0x49, 0x13, 0x3a, 0x0b, 0x3b, 0x05, 0x38, 0x0b, 0x00, 0x00,
  0x0b, 0x0d, 0x00, 0x03, 0x26, 0x49, 0x13, 0x3a, 0x0b, 0x3b, 0x05, 0x38,
  0x0b, 0x00, 0x00, 0x0c, 0x0d, 0x00, 0x03, 0x26, 0x49, 0x13, 0x3a, 0x0b,
  0x3b, 0x05, 0x38, 0x05, 0x00, 0x00, 0x0d, 0x0d, 0x00, 0x03, 0x26, 0x49,
  0x13, 0x3a, 0x0b, 0x3b, 0x05, 0x88, 0x01, 0x0f, 0x38, 0x05, 0x00, 0x00,
  0x0e, 0x04, 0x01, 0x49, 0x13, 0x03, 0x25, 0x0b, 0x0b, 0x3a, 0x0b, 0x3b,
  0x05, 0x00, 0x00, 0x0f, 0x28, 0x00, 0x03, 0x25, 0x1c, 0x0f, 0x00, 0x00,
  0x10, 0x13, 0x01, 0x03, 0x25, 0x0b, 0x0b, 0x3a, 0x0b, 0x3b, 0x0b, 0x00,
  0x00, 0x11, 0x0d, 0x00, 0x03, 0x25, 0x49, 0x13, 0x3a, 0x0b, 0x3b, 0x0b,
  0x38, 0x0b, 0x00, 0x00, 0x12, 0x0f, 0x00, 0x49, 0x13, 0x00, 0x00, 0x13,
  0x13, 0x01, 0x03, 0x26, 0x0b, 0x0b, 0x3a, 0x0b, 0x3b, 0x0b, 0x00, 0x00,
  0x14, 0x0d, 0x00, 0x03, 0x26, 0x49, 0x13, 0x3a, 0x0b, 0x3b, 0x0b, 0x38,
  0x0b, 0x00, 0x00, 0x15, 0x0d, 0x00, 0x03, 0x26, 0x49, 0x13, 0x3a, 0x0b,
  0x3b, 0x0b, 0x0d, 0x0b, 0x6b, 0x05, 0x00, 0x00, 0x16, 0x16, 0x00, 0x49,
  0x13, 0x03, 0x25, 0x3a, 0x0b, 0x3b, 0x0b, 0x00, 0x00, 0x17, 0x0d, 0x00,
  0x49, 0x13, 0x3a, 0x0b, 0x3b, 0x0b, 0x38, 0x0b, 0x00, 0x00, 0x18, 0x17,
  0x01, 0x0b, 0x0b, 0x3a, 0x0b, 0x3b, 0x0b, 0x00, 0x00, 0x19, 0x13, 0x01,
  0x0b, 0x0b, 0x3a, 0x0b, 0x3b, 0x0b, 0x00, 0x00, 0x1a, 0x15, 0x01, 0x49,
  0x13, 0x27, 0x19, 0x00, 0x00, 0x1b, 0x05, 0x00, 0x49, 0x13, 0x00, 0x00,
  0x1c, 0x13, 0x01, 0x03, 0x25, 0x0b, 0x05, 0x3a, 0x0b, 0x3b, 0x0b, 0x00,
  0x00, 0x1d, 0x0d, 0x00, 0x03, 0x25, 0x49, 0x13, 0x3a, 0x0b, 0x3b, 0x0b,
  0x38, 0x05, 0x00, 0x00, 0x1e, 0x21, 0x00, 0x49, 0x13, 0x37, 0x05, 0x00,
  0x00, 0x1f, 0x15, 0x01, 0x27, 0x19, 0x00, 0x00, 0x20, 0x13, 0x01, 0x03,
  0x25, 0x0b, 0x0b, 0x3a, 0x0b, 0x3b, 0x05, 0x00, 0x00, 0x21, 0x13, 0x01,
  0x03, 0x26, 0x0b, 0x0b, 0x3a, 0x0b, 0x3b, 0x05, 0x00, 0x00, 0x22, 0x0f,
  0x00, 0x00, 0x00, 0x23, 0x15, 0x00, 0x49, 0x13, 0x27, 0x19, 0x00, 0x00,
  0x24, 0x13, 0x01, 0x03, 0x26, 0x0b, 0x0b, 0x3a, 0x0b, 0x3b, 0x05, 0x88,
  0x01, 0x0f, 0x00, 0x00, 0x25, 0x13, 0x01, 0x03, 0x26, 0x0b, 0x05, 0x3a,
  0x0b, 0x3b, 0x05, 0x00, 0x00, 0x26, 0x0d, 0x00, 0x49, 0x13, 0x3a, 0x0b,
  0x3b, 0x05, 0x38, 0x0b, 0x00, 0x00, 0x27, 0x17, 0x01, 0x0b, 0x0b, 0x3a,
  0x0b, 0x3b, 0x05, 0x00, 0x00, 0x28, 0x0d, 0x00, 0x49, 0x13, 0x3a, 0x0b,
  0x3b, 0x05, 0x38, 0x05, 0x00, 0x00, 0x29, 0x0d, 0x00, 0x03, 0x26, 0x49,
  0x13, 0x3a, 0x0b, 0x3b, 0x05, 0x88, 0x01, 0x0f, 0x38, 0x0b, 0x00, 0x00,
  0x2a, 0x13, 0x00, 0x03, 0x25, 0x3c, 0x19, 0x00, 0x00, 0x2b, 0x0d, 0x00,
  0x03, 0x26, 0x49, 0x13, 0x3a, 0x0b, 0x3b, 0x0b, 0x88, 0x01, 0x0f, 0x38,
  0x0b, 0x00, 0x00, 0x2c, 0x13, 0x01, 0x03, 0x26, 0x0b, 0x0b, 0x3a, 0x0b,
  0x3b, 0x0b, 0x88, 0x01, 0x0f, 0x00, 0x00, 0x2d, 0x13, 0x00, 0x03, 0x25,
  0x0b, 0x0b, 0x3a, 0x0b, 0x3b, 0x05, 0x00, 0x00, 0x2e, 0x04, 0x01, 0x49,
  0x13, 0x03, 0x25, 0x0b, 0x0b, 0x3a, 0x0b, 0x3b, 0x0b, 0x00, 0x00, 0x2f,
  0x16, 0x00, 0x49, 0x13, 0x03, 0x26, 0x3a, 0x0b, 0x3b, 0x0b, 0x00, 0x00,
  0x30, 0x13, 0x00, 0x03, 0x26, 0x3c, 0x19, 0x00, 0x00, 0x31, 0x16, 0x00,
  0x49, 0x13, 0x03, 0x26, 0x3a, 0x0b, 0x3b, 0x05, 0x00, 0x00, 0x32, 0x24,
  0x00, 0x03, 0x26, 0x3e, 0x0b, 0x0b, 0x0b, 0x00, 0x00, 0x33, 0x13, 0x01,
  0x0b, 0x0b, 0x3a, 0x0b, 0x3b, 0x05, 0x00, 0x00, 0x34, 0x13, 0x01, 0x0b,
  0x05, 0x3a, 0x0b, 0x3b, 0x05, 0x00, 0x00, 0x35, 0x0d, 0x00, 0x49, 0x13,
  0x3a, 0x0b, 0x3b, 0x05, 0x88, 0x01, 0x0f, 0x38, 0x0b, 0x00, 0x00, 0x36,
  0x13, 0x01, 0x0b, 0x0b, 0x3a, 0x0b, 0x3b, 0x05, 0x88, 0x01, 0x0f, 0x00,
  0x00, 0x37, 0x13, 0x00, 0x0b, 0x0b, 0x3a, 0x0b, 0x3b, 0x0b, 0x00, 0x00,
  0x38, 0x26, 0x00, 0x00, 0x00, 0x39, 0x21, 0x00, 0x49, 0x13, 0x00, 0x00,
  0x3a, 0x17, 0x01, 0x03, 0x26, 0x0b, 0x0b, 0x3a, 0x0b, 0x3b, 0x0b, 0x00,
  0x00, 0x3b, 0x04, 0x01, 0x49, 0x13, 0x03, 0x26, 0x0b, 0x0b, 0x3a, 0x0b,
  0x3b, 0x0b, 0x00, 0x00, 0x3c, 0x28, 0x00, 0x03, 0x26, 0x1c, 0x0f, 0x00,
  0x00, 0x3d, 0x0d, 0x00, 0x03, 0x26, 0x49, 0x13, 0x3a, 0x0b, 0x3b, 0x05,
  0x0d, 0x0b, 0x6b, 0x05, 0x00, 0x00, 0x3e, 0x0d, 0x00, 0x03, 0x25, 0x49,
  0x13, 0x3a, 0x0b, 0x3b, 0x05, 0x38, 0x05, 0x00, 0x00, 0x3f, 0x13, 0x01,
  0x03, 0x26, 0x0b, 0x05, 0x3a, 0x0b, 0x3b, 0x0b, 0x88, 0x01, 0x0f, 0x00,
  0x00, 0x40, 0x0d, 0x00, 0x03, 0x26, 0x49, 0x13, 0x3a, 0x0b, 0x3b, 0x0b,
  0x0d, 0x0b, 0x6b, 0x0b, 0x00, 0x00, 0x41, 0x17, 0x01, 0x03, 0x26, 0x0b,
  0x0b, 0x3a, 0x0b, 0x3b, 0x05, 0x00, 0x00, 0x42, 0x13, 0x01, 0x03, 0x26,
  0x0b, 0x05, 0x3a, 0x0b, 0x3b, 0x0b, 0x00, 0x00, 0x43, 0x0d, 0x00, 0x03,
  0x26, 0x49, 0x13, 0x3a, 0x0b, 0x3b, 0x0b, 0x38, 0x05, 0x00, 0x00, 0x44,
  0x15, 0x00, 0x27, 0x19, 0x00, 0x00, 0x45, 0x13, 0x00, 0x03, 0x26, 0x0b,
  0x0b, 0x3a, 0x0b, 0x3b, 0x05, 0x00, 0x00, 0x46, 0x0d, 0x00, 0x03, 0x25,
  0x49, 0x13, 0x3a, 0x0b, 0x3b, 0x0b, 0x0d, 0x0b, 0x6b, 0x0b, 0x00, 0x00,
  0x47, 0x17, 0x01, 0x03, 0x26, 0x0b, 0x05, 0x3a, 0x0b, 0x3b, 0x05, 0x00,
  0x00, 0x48, 0x0d, 0x00, 0x49, 0x13, 0x3a, 0x0b, 0x3b, 0x0b, 0x38, 0x05,
  0x00, 0x00, 0x49, 0x0d, 0x00, 0x03, 0x26, 0x49, 0x13, 0x3a, 0x0b, 0x3b,
  0x0b, 0x88, 0x01, 0x0f, 0x38, 0x05, 0x00, 0x00, 0x4a, 0x34, 0x00, 0x03,
  0x26, 0x49, 0x13, 0x3a, 0x0b, 0x3b, 0x0b, 0x88, 0x01, 0x0f, 0x02, 0x18,
  0x00, 0x00, 0x00, 0x01, 0x11, 0x01, 0x25, 0x25, 0x13, 0x05, 0x03, 0x25,
  0x72, 0x17, 0x10, 0x17, 0x1b, 0x25, 0x73, 0x17, 0x00, 0x00, 0x02, 0x34,
  0x00, 0x03, 0x25, 0x49, 0x13, 0x3a, 0x0b, 0x3b, 0x0b, 0x88, 0x01, 0x0f,
  0x02, 0x18, 0x00, 0x00, 0x03, 0x01, 0x01, 0x49, 0x13, 0x00, 0x00, 0x04,
  0x21, 0x00, 0x49, 0x13, 0x37, 0x0b, 0x00, 0x00, 0x05, 0x26, 0x00, 0x49,
  0x13, 0x00, 0x00, 0x06, 0x16, 0x00, 0x49, 0x13, 0x03, 0x25, 0x3a, 0x0b,
  0x3b, 0x0b, 0x00, 0x00, 0x07, 0x24, 0x00, 0x03, 0x25, 0x3e, 0x0b, 0x0b,
  0x0b, 0x00, 0x00, 0x08, 0x24, 0x00, 0x03, 0x25, 0x0b, 0x0b, 0x3e, 0x0b,
  0x00, 0x00, 0x09, 0x13, 0x01, 0x0b, 0x0b, 0x3a, 0x0b, 0x3b, 0x0b, 0x00,
  0x00, 0x0a, 0x0d, 0x00, 0x03, 0x25, 0x49, 0x13, 0x3a, 0x0b, 0x3b, 0x0b,
  0x38, 0x0b, 0x00, 0x00, 0x0b, 0x0d, 0x00, 0x03, 0x25, 0x49, 0x13, 0x3a,
  0x0b, 0x3b, 0x0b, 0x88, 0x01, 0x0f, 0x38, 0x0b, 0x00, 0x00, 0x0c, 0x13,
  0x01, 0x03, 0x25, 0x0b, 0x0b, 0x3a, 0x0b, 0x3b, 0x05, 0x00, 0x00, 0x0d,
  0x0d, 0x00, 0x03, 0x25, 0x49, 0x13, 0x3a, 0x0b, 0x3b, 0x05, 0x38, 0x0b,
  0x00, 0x00, 0x00, 0x18, 0x01, 0x00, 0x00, 0x05, 0x00, 0x01, 0x08, 0x00,
  0x00, 0x00, 0x00, 0x01, 0x00, 0x1d, 0x00, 0x01, 0x00, 0x00, 0x00, 0x00,
  0x00, 0x00, 0x00, 0x00, 0x02, 0x00, 0x00, 0x00, 0x00, 0x00, 0x00, 0x00,
  0x00, 0x00, 0x00, 0x00, 0x00, 0x00, 0x00, 0x00, 0x00, 0x00, 0x02, 0x03,
  0x37, 0x00, 0x00, 0x00, 0x01, 0x05, 0x01, 0x02, 0xa1, 0x00, 0x03, 0x43,
  0x00, 0x00, 0x00, 0x04, 0x4c, 0x00, 0x00, 0x00, 0x0c, 0x00, 0x05, 0x48,
  0x00, 0x00, 0x00, 0x06, 0x04, 0x08, 0x01, 0x07, 0x05, 0x08, 0x07, 0x02,
  0x06, 0x5c, 0x00, 0x00, 0x00, 0x01, 0x06, 0x01, 0x02, 0xa1, 0x01, 0x03,
  0x43, 0x00, 0x00, 0x00, 0x04, 0x4c, 0x00, 0x00, 0x00, 0x0f, 0x00, 0x02,
  0x07, 0x74, 0x00, 0x00, 0x00, 0x01, 0x07, 0x01, 0x02, 0xa1, 0x02, 0x03,
  0x43, 0x00, 0x00, 0x00, 0x04, 0x4c, 0x00, 0x00, 0x00, 0x12, 0x00, 0x02,
  0x08, 0x8c, 0x00, 0x00, 0x00, 0x01, 0x08, 0x01, 0x02, 0xa1, 0x03, 0x03,
  0x43, 0x00, 0x00, 0x00, 0x04, 0x4c, 0x00, 0x00, 0x00, 0x0d, 0x00, 0x08,
  0x09, 0xa3, 0x00, 0x00, 0x00, 0x01, 0x11, 0x02, 0xa1, 0x04, 0x09, 0x08,
  0x0a, 0xa3, 0x00, 0x00, 0x00, 0x01, 0x12, 0x02, 0xa1, 0x05, 0x0a, 0xb9,
  0x00, 0x00, 0x00, 0x01, 0x0b, 0x02, 0xa1, 0x06, 0x03, 0x48, 0x00, 0x00,
  0x00, 0x04, 0x4c, 0x00, 0x00, 0x00, 0x11, 0x00, 0x0a, 0xcf, 0x00, 0x00,
  0x00, 0x01, 0x0f, 0x02, 0xa1, 0x07, 0x03, 0x48, 0x00, 0x00, 0x00, 0x04,
  0x4c, 0x00, 0x00, 0x00, 0x13, 0x00, 0x0b, 0x08, 0x18, 0x00, 0x00, 0x00,
  0x01, 0x57, 0x0d, 0x01, 0x0a, 0x00, 0x01, 0x00, 0x00, 0x0c, 0xf1, 0x00,
  0x00, 0x00, 0x09, 0x00, 0x0d, 0x0b, 0x02, 0x9f, 0x00, 0x01, 0x00, 0x00,
  0x0e, 0x04, 0x01, 0x00, 0x00, 0x0f, 0x00, 0x06, 0x0c, 0x05, 0x04, 0x10,
  0x43, 0x00, 0x00, 0x00, 0x11, 0x0a, 0x10, 0x00, 0x00, 0x00, 0x01, 0x57,
  0x0e, 0x01, 0x0f, 0x12, 0xf1, 0x00, 0x00, 0x00, 0x0b, 0x00, 0x00, 0xa2,
  0x7c, 0x00, 0x00, 0x05, 0x00, 0x01, 0x08, 0x00, 0x00, 0x00, 0x00, 0x01,
  0x00, 0x1d, 0x00, 0x01, 0x00, 0x00, 0x00, 0x00, 0x00, 0x00, 0x00, 0x00,
  0x02, 0x00, 0x00, 0x00, 0x00, 0x02, 0x03, 0x2a, 0x00, 0x00, 0x00, 0x01,
  0x05, 0x01, 0x02, 0xa1, 0x00, 0x03, 0x36, 0x00, 0x00, 0x00, 0x04, 0x3f,
  0x00, 0x00, 0x00, 0x0b, 0x00, 0x05, 0x3b, 0x00, 0x00, 0x00, 0x06, 0x04,
  0x08, 0x01, 0x07, 0x05, 0x08, 0x07, 0x08, 0x06, 0x4e, 0x00, 0x00, 0x00,
  0x01, 0x07, 0x02, 0xa1, 0x01, 0x09, 0x37, 0x08, 0x00, 0x05, 0x02, 0x9a,
  0x01, 0x40, 0x0a, 0x07, 0x25, 0x03, 0x00, 0x00, 0x02, 0x9b, 0x01, 0x00,
  0x0a, 0x0e, 0x40, 0x03, 0x00, 0x00, 0x02, 0x9e, 0x01, 0x08, 0x0a, 0x12,
  0x5d, 0x03, 0x00, 0x00, 0x02, 0xa1, 0x01, 0x18, 0x0a, 0x13, 0x69, 0x03,
  0x00, 0x00, 0x02, 0xa9, 0x01, 0x50, 0x0b, 0x71, 0x07, 0x3e, 0x73, 0x00,
  0x00, 0x02, 0xaa, 0x01, 0xb0, 0x0b, 0x76, 0x07, 0x25, 0x04, 0x00, 0x00,
  0x02, 0xab, 0x01, 0xb8, 0x0b, 0x77, 0x07, 0x25, 0x04, 0x00, 0x00, 0x02,
  0xac, 0x01, 0xc0, 0x0b, 0x78, 0x07, 0x2a, 0x04, 0x00, 0x00, 0x02, 0xad,
  0x01, 0xc8, 0x0b, 0x79, 0x07, 0xee, 0x73, 0x00, 0x00, 0x02, 0xb0, 0x01,
  0xd0, 0x0b, 0x7b, 0x07, 0xfb, 0x73, 0x00, 0x00, 0x02, 0xb1, 0x01, 0xd8,
  0x0b, 0x7c, 0x07, 0x3c, 0x03, 0x00, 0x00, 0x02, 0xb2, 0x01, 0xe0, 0x0b,
  0x7d, 0x07, 0x67, 0x17, 0x00, 0x00, 0x02, 0xbb, 0x01, 0xe8, 0x0c, 0x7e,
  0x07, 0x05, 0x74, 0x00, 0x00, 0x02, 0xbd, 0x01, 0x08, 0x01, 0x0c, 0x90,
  0x07, 0x3c, 0x03, 0x00, 0x00, 0x02, 0xbe, 0x01, 0x10, 0x01, 0x0c, 0x91,
  0x07, 0x3c, 0x03, 0x00, 0x00, 0x02, 0xc1, 0x01, 0x14, 0x01, 0x0c, 0x92,
  0x07, 0xee, 0x73, 0x00, 0x00, 0x02, 0xc2, 0x01, 0x18, 0x01, 0x0c, 0x93,
  0x07, 0xfb, 0x73, 0x00, 0x00, 0x02, 0xc3, 0x01, 0x20, 0x01, 0x0c, 0x94,
  0x07, 0x56, 0x22, 0x00, 0x00, 0x02, 0xc4, 0x01, 0x28, 0x01, 0x0c, 0x95,
  0x07, 0x56, 0x22, 0x00, 0x00, 0x02, 0xcb, 0x01, 0x29, 0x01, 0x0c, 0x96,
  0x07, 0x3c, 0x03, 0x00, 0x00, 0x02, 0xce, 0x01, 0x2c, 0x01, 0x0c, 0xe7,
  0x01, 0x68, 0x75, 0x00, 0x00, 0x02, 0xcf, 0x01, 0x30, 0x01, 0x0c, 0x99,
  0x07, 0x92, 0x75, 0x00, 0x00, 0x02, 0xd2, 0x01, 0x38, 0x01, 0x0d, 0x9a,
  0x07, 0x9c, 0x75, 0x00, 0x00, 0x02, 0xd4, 0x01, 0x40, 0x40, 0x01, 0x0c,
  0x3a, 0x05, 0x22, 0x76, 0x00, 0x00, 0x02, 0xd7, 0x01, 0x70, 0x03, 0x0c,
  0xaa, 0x07, 0x21, 0x07, 0x00, 0x00, 0x02, 0xd9, 0x01, 0x88, 0x03, 0x0c,
  0xab, 0x07, 0x3c, 0x03, 0x00, 0x00, 0x02, 0xdd, 0x01, 0x90, 0x03, 0x0c,
  0xac, 0x07, 0x40, 0x03, 0x00, 0x00, 0x02, 0xde, 0x01, 0x98, 0x03, 0x0c,
  0xad, 0x07, 0x92, 0x76, 0x00, 0x00, 0x02, 0xdf, 0x01, 0xa8, 0x03, 0x0c,
  0xb2, 0x07, 0xc6, 0x76, 0x00, 0x00, 0x02, 0xe4, 0x01, 0xb0, 0x03, 0x0c,
  0xc4, 0x07, 0xcb, 0x76, 0x00, 0x00, 0x02, 0xe5, 0x01, 0xb8, 0x03, 0x0c,
  0xc5, 0x07, 0x74, 0x77, 0x00, 0x00, 0x02, 0xe8, 0x01, 0xd8, 0x03, 0x0c,
  0xc7, 0x07, 0x7c, 0x77, 0x00, 0x00, 0x02, 0xeb, 0x01, 0xe0, 0x03, 0x0c,
  0xc9, 0x07, 0xf6, 0x05, 0x00, 0x00, 0x02, 0xf0, 0x01, 0xe8, 0x03, 0x0c,
  0xca, 0x07, 0xff, 0x07, 0x00, 0x00, 0x02, 0xf4, 0x01, 0xf0, 0x03, 0x0c,
  0xcb, 0x07, 0x3c, 0x03, 0x00, 0x00, 0x02, 0xf5, 0x01, 0xf8, 0x03, 0x0c,
  0xcc, 0x07, 0xff, 0x07, 0x00, 0x00, 0x02, 0xf7, 0x01, 0x00, 0x04, 0x0c,
  0xcd, 0x07, 0x3c, 0x03, 0x00, 0x00, 0x02, 0xf8, 0x01, 0x08, 0x04, 0x0c,
  0xce, 0x07, 0x3c, 0x03, 0x00, 0x00, 0x02, 0xfb, 0x01, 0x0c, 0x04, 0x0c,
  0xcf, 0x07, 0x84, 0x77, 0x00, 0x00, 0x02, 0xfc, 0x01, 0x10, 0x04, 0x0c,
  0xd1, 0x07, 0x3c, 0x03, 0x00, 0x00, 0x02, 0xff, 0x01, 0x18, 0x04, 0x0c,
  0xd2, 0x07, 0x97, 0x77, 0x00, 0x00, 0x02, 0x00, 0x02, 0x20, 0x04, 0x0c,
  0x04, 0x08, 0x3c, 0x03, 0x00, 0x00, 0x02, 0x03, 0x02, 0x28, 0x04, 0x0c,
  0x05, 0x08, 0x7e, 0x7a, 0x00, 0x00, 0x02, 0x04, 0x02, 0x30, 0x04, 0x0c,
  0x24, 0x08, 0x5b, 0x7b, 0x00, 0x00, 0x02, 0x0d, 0x02, 0x38, 0x04, 0x0c,
  0x25, 0x08, 0x3c, 0x03, 0x00, 0x00, 0x02, 0x0e, 0x02, 0x40, 0x04, 0x0c,
  0x26, 0x08, 0x3c, 0x03, 0x00, 0x00, 0x02, 0x11, 0x02, 0x44, 0x04, 0x0c,
  0x27, 0x08, 0x4f, 0x7c, 0x00, 0x00, 0x02, 0x12, 0x02, 0x48, 0x04, 0x0c,
  0x28, 0x08, 0x54, 0x7c, 0x00, 0x00, 0x02, 0x15, 0x02, 0x50, 0x04, 0x0c,
  0x2a, 0x08, 0x3c, 0x03, 0x00, 0x00, 0x02, 0x16, 0x02, 0x58, 0x04, 0x0c,
  0x2b, 0x08, 0x61, 0x7c, 0x00, 0x00, 0x02, 0x17, 0x02, 0x60, 0x04, 0x0c,
  0x2d, 0x08, 0x3c, 0x03, 0x00, 0x00, 0x02, 0x18, 0x02, 0x68, 0x04, 0x0c,
  0x2e, 0x08, 0xff, 0x07, 0x00, 0x00, 0x02, 0x1f, 0x02, 0x70, 0x04, 0x0c,
  0x2f, 0x08, 0x3c, 0x03, 0x00, 0x00, 0x02, 0x20, 0x02, 0x78, 0x04, 0x0c,
  0x30, 0x08, 0x6e, 0x7c, 0x00, 0x00, 0x02, 0x21, 0x02, 0x80, 0x04, 0x0c,
  0x31, 0x08, 0x3c, 0x03, 0x00, 0x00, 0x02, 0x22, 0x02, 0x88, 0x04, 0x0c,
  0x32, 0x08, 0x09, 0x05, 0x00, 0x00, 0x02, 0x25, 0x02, 0x8c, 0x04, 0x0c,
  0x33, 0x08, 0xd5, 0x7b, 0x00, 0x00, 0x02, 0x26, 0x02, 0x90, 0x04, 0x0c,
  0x34, 0x08, 0x40, 0x03, 0x00, 0x00, 0x02, 0x3f, 0x02, 0x98, 0x04, 0x0c,
  0x35, 0x08, 0x40, 0x03, 0x00, 0x00, 0x02, 0x41, 0x02, 0xa8, 0x04, 0x0c,
  0x36, 0x08, 0x4a, 0x7c, 0x00, 0x00, 0x02, 0x44, 0x02, 0xb8, 0x04, 0x0c,
  0x58, 0x01, 0xf3, 0x04, 0x00, 0x00, 0x02, 0x46, 0x02, 0xc0, 0x04, 0x00,
  0x0e, 0x3c, 0x03, 0x00, 0x00, 0x0d, 0x04, 0x02, 0x3e, 0x01, 0x0f, 0x09,
  0x00, 0x0f, 0x0a, 0x01, 0x0f, 0x0b, 0x02, 0x0f, 0x0c, 0x03, 0x00, 0x06,
  0x08, 0x07, 0x04, 0x10, 0x11, 0x10, 0x03, 0xc1, 0x11, 0x0f, 0x58, 0x03,
  0x00, 0x00, 0x03, 0xc2, 0x00, 0x11, 0x10, 0x58, 0x03, 0x00, 0x00, 0x03,
  0xc2, 0x08, 0x00, 0x12, 0x40, 0x03, 0x00, 0x00, 0x03, 0x3b, 0x00, 0x00,
  0x00, 0x04, 0x3f, 0x00, 0x00, 0x00, 0x38, 0x00, 0x13, 0x70, 0x07, 0x60,
  0x02, 0x2d, 0x11, 0x14, 0xa1, 0x03, 0x00, 0x00, 0x02, 0x2e, 0x00, 0x14,
  0x6b, 0x07, 0x2b, 0x14, 0x00, 0x00, 0x02, 0x2f, 0x40, 0x14, 0x6c, 0x07,
  0x2a, 0x04, 0x00, 0x00, 0x02, 0x30, 0x48, 0x14, 0x6d, 0x07, 0x36, 0x73,
  0x00, 0x00, 0x02, 0x31, 0x50, 0x14, 0x6f, 0x07, 0xe4, 0x4b, 0x00, 0x00,
  0x02, 0x32, 0x58, 0x00, 0x13, 0x6a, 0x07, 0x40, 0x04, 0x40, 0x11, 0x12,
  0x25, 0x04, 0x00, 0x00, 0x04, 0x41, 0x00, 0x11, 0x15, 0x40, 0x03, 0x00,
  0x00, 0x04, 0x42, 0x08, 0x11, 0x16, 0x2a, 0x04, 0x00, 0x00, 0x04, 0x43,
  0x18, 0x11, 0x17, 0x2f, 0x04, 0x00, 0x00, 0x04, 0x44, 0x20, 0x11, 0x38,
  0x14, 0x06, 0x00, 0x00, 0x04, 0x45, 0x28, 0x14, 0x48, 0x07, 0xdc, 0x6f,
  0x00, 0x00, 0x04, 0x46, 0x30, 0x14, 0x64, 0x07, 0x25, 0x73, 0x00, 0x00,
  0x04, 0x47, 0x38, 0x15, 0x65, 0x07, 0x3c, 0x03, 0x00, 0x00, 0x04, 0x49,
  0x01, 0xe0, 0x01, 0x15, 0x66, 0x07, 0x3c, 0x03, 0x00, 0x00, 0x04, 0x4a,
  0x01, 0xe1, 0x01, 0x15, 0x67, 0x07, 0x3c, 0x03, 0x00, 0x00, 0x04, 0x4b,
  0x01, 0xe2, 0x01, 0x15, 0x68, 0x07, 0x3c, 0x03, 0x00, 0x00, 0x04, 0x4c,
  0x01, 0xe3, 0x01, 0x15, 0x69, 0x07, 0x3c, 0x03, 0x00, 0x00, 0x04, 0x4d,
  0x01, 0xe4, 0x01, 0x00, 0x12, 0x36, 0x00, 0x00, 0x00, 0x12, 0xa1, 0x03,
  0x00, 0x00, 0x12, 0x34, 0x04, 0x00, 0x00, 0x10, 0x17, 0x60, 0x04, 0xa8,
  0x11, 0x0e, 0x40, 0x03, 0x00, 0x00, 0x04, 0xa9, 0x00, 0x11, 0x18, 0x5e,
  0x04, 0x00, 0x00, 0x04, 0xaa, 0x10, 0x11, 0x14, 0xa1, 0x03, 0x00, 0x00,
  0x04, 0xab, 0x18, 0x11, 0x2e, 0x35, 0x05, 0x00, 0x00, 0x04, 0xac, 0x58,
  0x00, 0x16, 0x66, 0x04, 0x00, 0x00, 0x2d, 0x09, 0x1d, 0x10, 0x2c, 0x04,
  0x09, 0x11, 0x17, 0x73, 0x04, 0x00, 0x00, 0x09, 0x12, 0x00, 0x18, 0x04,
  0x09, 0x12, 0x11, 0x19, 0x82, 0x04, 0x00, 0x00, 0x09, 0x13, 0x00, 0x00,
  0x00, 0x10, 0x2b, 0x04, 0x08, 0x0e, 0x11, 0x1a, 0x91, 0x04, 0x00, 0x00,
  0x08, 0x0f, 0x00, 0x00, 0x16, 0x99, 0x04, 0x00, 0x00, 0x2a, 0x05, 0x2c,
  0x10, 0x29, 0x04, 0x05, 0x0e, 0x17, 0xa6, 0x04, 0x00, 0x00, 0x05, 0x0f,
  0x00, 0x18, 0x04, 0x05, 0x0f, 0x11, 0x1b, 0xf3, 0x04, 0x00, 0x00, 0x05,
  0x10, 0x00, 0x17, 0xbb, 0x04, 0x00, 0x00, 0x05, 0x18, 0x00, 0x19, 0x02,
  0x05, 0x18, 0x11, 0x1f, 0x0d, 0x05, 0x00, 0x00, 0x05, 0x19, 0x00, 0x11,
  0x23, 0x0d, 0x05, 0x00, 0x00, 0x05, 0x1a, 0x01, 0x00, 0x17, 0xda, 0x04,
  0x00, 0x00, 0x05, 0x1c, 0x00, 0x19, 0x04, 0x05, 0x1c, 0x11, 0x24, 0x21,
  0x05, 0x00, 0x00, 0x05, 0x1d, 0x00, 0x11, 0x28, 0x21, 0x05, 0x00, 0x00,
  0x05, 0x1e, 0x02, 0x00, 0x00, 0x00, 0x16, 0xfb, 0x04, 0x00, 0x00, 0x1e,
  0x03, 0xb1, 0x19, 0x04, 0x03, 0xaf, 0x11, 0x1c, 0x09, 0x05, 0x00, 0x00,
  0x03, 0xb0, 0x00, 0x00, 0x06, 0x1d, 0x05, 0x04, 0x16, 0x15, 0x05, 0x00,
  0x00, 0x22, 0x07, 0x11, 0x16, 0x1d, 0x05, 0x00, 0x00, 0x21, 0x06, 0x15,
  0x06, 0x20, 0x08, 0x01, 0x16, 0x29, 0x05, 0x00, 0x00, 0x27, 0x07, 0x13,
  0x16, 0x31, 0x05, 0x00, 0x00, 0x26, 0x06, 0x18, 0x06, 0x25, 0x07, 0x02,
  0x12, 0x3a, 0x05, 0x00, 0x00, 0x05, 0x3f, 0x05, 0x00, 0x00, 0x10, 0x37,
  0x18, 0x04, 0x85, 0x11, 0x2f, 0x60, 0x05, 0x00, 0x00, 0x04, 0x86, 0x00,
  0x11, 0x12, 0x7f, 0x05, 0x00, 0x00, 0x04, 0x87, 0x08, 0x11, 0x30, 0x94,
  0x05, 0x00, 0x00, 0x04, 0x88, 0x10, 0x00, 0x05, 0x65, 0x05, 0x00, 0x00,
  0x12, 0x6a, 0x05, 0x00, 0x00, 0x1a, 0x09, 0x05, 0x00, 0x00, 0x1b, 0x75,
  0x05, 0x00, 0x00, 0x00, 0x12, 0x7a, 0x05, 0x00, 0x00, 0x05, 0xa1, 0x03,
  0x00, 0x00, 0x05, 0x84, 0x05, 0x00, 0x00, 0x12, 0x89, 0x05, 0x00, 0x00,
  0x1a, 0x25, 0x04, 0x00, 0x00, 0x1b, 0x75, 0x05, 0x00, 0x00, 0x00, 0x05,
  0x99, 0x05, 0x00, 0x00, 0x12, 0x9e, 0x05, 0x00, 0x00, 0x1a, 0x09, 0x05,
  0x00, 0x00, 0x1b, 0x75, 0x05, 0x00, 0x00, 0x1b, 0xae, 0x05, 0x00, 0x00,
  0x00, 0x12, 0xb3, 0x05, 0x00, 0x00, 0x1c, 0x36, 0x20, 0x0a, 0x04, 0x7d,
  0x11, 0x31, 0xea, 0x05, 0x00, 0x00, 0x04, 0x7e, 0x00, 0x11, 0x32, 0xfb,
  0x05, 0x00, 0x00, 0x04, 0x7f, 0x18, 0x1d, 0x33, 0x09, 0x05, 0x00, 0x00,
  0x04, 0x80, 0x18, 0x02, 0x1d, 0x34, 0x07, 0x06, 0x00, 0x00, 0x04, 0x81,
  0x1c, 0x02, 0x1d, 0x35, 0x09, 0x05, 0x00, 0x00, 0x04, 0x82, 0x1c, 0x0a,
  0x00, 0x03, 0xf6, 0x05, 0x00, 0x00, 0x04, 0x3f, 0x00, 0x00, 0x00, 0x03,
  0x00, 0x12, 0x3b, 0x00, 0x00, 0x00, 0x03, 0xf6, 0x05, 0x00, 0x00, 0x04,
  0x3f, 0x00, 0x00, 0x00, 0x40, 0x00, 0x03, 0x3b, 0x00, 0x00, 0x00, 0x1e,
  0x3f, 0x00, 0x00, 0x00, 0x00, 0x08, 0x00, 0x12, 0x19, 0x06, 0x00, 0x00,
  0x05, 0x1e, 0x06, 0x00, 0x00, 0x13, 0x47, 0x07, 0x30, 0x04, 0x74, 0x11,
  0x39, 0x5e, 0x06, 0x00, 0x00, 0x04, 0x75, 0x00, 0x11, 0x3a, 0x6a, 0x06,
  0x00, 0x00, 0x04, 0x76, 0x08, 0x11, 0x48, 0x25, 0x07, 0x00, 0x00, 0x04,
  0x77, 0x10, 0x14, 0x39, 0x07, 0x03, 0x6f, 0x00, 0x00, 0x04, 0x78, 0x18,
  0x14, 0x45, 0x07, 0xac, 0x6f, 0x00, 0x00, 0x04, 0x79, 0x20, 0x14, 0x46,
  0x07, 0xbc, 0x6f, 0x00, 0x00, 0x04, 0x7a, 0x28, 0x00, 0x12, 0x63, 0x06,
  0x00, 0x00, 0x1f, 0x1b, 0x2a, 0x04, 0x00, 0x00, 0x00, 0x12, 0x6f, 0x06,
  0x00, 0x00, 0x05, 0x74, 0x06, 0x00, 0x00, 0x20, 0x3a, 0x10, 0x0b, 0x81,
  0x01, 0x0a, 0x3b, 0x8f, 0x06, 0x00, 0x00, 0x0b, 0x82, 0x01, 0x00, 0x0a,
  0x43, 0xea, 0x06, 0x00, 0x00, 0x0b, 0x83, 0x01, 0x08, 0x00, 0x12, 0x94,
  0x06, 0x00, 0x00, 0x1a, 0xa9, 0x06, 0x00, 0x00, 0x1b, 0x2a, 0x04, 0x00,
  0x00, 0x1b, 0xc5, 0x06, 0x00, 0x00, 0x1b, 0xf6, 0x05, 0x00, 0x00, 0x00,
  0x16, 0xb1, 0x06, 0x00, 0x00, 0x3f, 0x03, 0x42, 0x16, 0xb9, 0x06, 0x00,
  0x00, 0x3e, 0x0a, 0x49, 0x16, 0xc1, 0x06, 0x00, 0x00, 0x3d, 0x0a, 0x0f,
  0x06, 0x3c, 0x05, 0x08, 0x12, 0xca, 0x06, 0x00, 0x00, 0x10, 0x42, 0x10,
  0x0b, 0x1e, 0x11, 0x12, 0x25, 0x04, 0x00, 0x00, 0x0b, 0x1f, 0x00, 0x11,
  0x40, 0xe2, 0x06, 0x00, 0x00, 0x0b, 0x20, 0x08, 0x00, 0x16, 0x31, 0x05,
  0x00, 0x00, 0x41, 0x03, 0x18, 0x12, 0xef, 0x06, 0x00, 0x00, 0x1a, 0xa9,
  0x06, 0x00, 0x00, 0x1b, 0x2a, 0x04, 0x00, 0x00, 0x1b, 0xc5, 0x06, 0x00,
  0x00, 0x1b, 0x25, 0x04, 0x00, 0x00, 0x1b, 0x09, 0x07, 0x00, 0x00, 0x00,
  0x16, 0x11, 0x07, 0x00, 0x00, 0x47, 0x03, 0x3d, 0x16, 0x19, 0x07, 0x00,
  0x00, 0x46, 0x0a, 0x48, 0x16, 0x21, 0x07, 0x00, 0x00, 0x45, 0x0a, 0x10,
  0x06, 0x44, 0x07, 0x08, 0x12, 0x2a, 0x07, 0x00, 0x00, 0x12, 0x2f, 0x07,
  0x00, 0x00, 0x05, 0x34, 0x07, 0x00, 0x00, 0x13, 0x38, 0x07, 0x28, 0x0b,
  0x5e, 0x11, 0x12, 0x25, 0x04, 0x00, 0x00, 0x0b, 0x5f, 0x00, 0x11, 0x49,
  0x6a, 0x07, 0x00, 0x00, 0x0b, 0x60, 0x08, 0x11, 0x4a, 0x84, 0x07, 0x00,
  0x00, 0x0b, 0x62, 0x10, 0x14, 0x36, 0x07, 0xf9, 0x6e, 0x00, 0x00, 0x0b,
  0x64, 0x18, 0x14, 0x37, 0x07, 0xfe, 0x6e, 0x00, 0x00, 0x0b, 0x65, 0x20,
  0x00, 0x12, 0x6f, 0x07, 0x00, 0x00, 0x1a, 0xe2, 0x06, 0x00, 0x00, 0x1b,
  0x2a, 0x04, 0x00, 0x00, 0x1b, 0xc5, 0x06, 0x00, 0x00, 0x1b, 0x09, 0x05,
  0x00, 0x00, 0x00, 0x12, 0x89, 0x07, 0x00, 0x00, 0x1a, 0xe2, 0x06, 0x00,
  0x00, 0x1b, 0x2a, 0x04, 0x00, 0x00, 0x1b, 0x9e, 0x07, 0x00, 0x00, 0x1b,
  0x09, 0x05, 0x00, 0x00, 0x00, 0x12, 0xa3, 0x07, 0x00, 0x00, 0x21, 0x35,
  0x07, 0x48, 0x0b, 0x25, 0x01, 0x0a, 0x4b, 0xca, 0x06, 0x00, 0x00, 0x0b,
  0x26, 0x01, 0x00, 0x0a, 0x4c, 0x09, 0x07, 0x00, 0x00, 0x0b, 0x27, 0x01,
  0x10, 0x0a, 0x4d, 0xff, 0x07, 0x00, 0x00, 0x0b, 0x28, 0x01, 0x18, 0x0a,
  0x4e, 0x00, 0x08, 0x00, 0x00, 0x0b, 0x29, 0x01, 0x20, 0x0b, 0x61, 0x01,
  0x8d, 0x6e, 0x00, 0x00, 0x0b, 0x2a, 0x01, 0x28, 0x0b, 0x62, 0x01, 0x8d,
  0x6e, 0x00, 0x00, 0x0b, 0x2c, 0x01, 0x30, 0x0b, 0x60, 0x01, 0xb6, 0x6e,
  0x00, 0x00, 0x0b, 0x2e, 0x01, 0x38, 0x0b, 0x93, 0x01, 0xda, 0x6e, 0x00,
  0x00, 0x0b, 0x30, 0x01, 0x40, 0x00, 0x22, 0x12, 0x05, 0x08, 0x00, 0x00,
  0x23, 0x0a, 0x08, 0x00, 0x00, 0x12, 0x0f, 0x08, 0x00, 0x00, 0x24, 0x34,
  0x07, 0xc0, 0x0c, 0xd3, 0x01, 0x08, 0x0a, 0x4f, 0xbb, 0x08, 0x00, 0x00,
  0x0c, 0xd4, 0x01, 0x00, 0x0b, 0xf7, 0x06, 0xcd, 0x22, 0x00, 0x00, 0x0c,
  0xd5, 0x01, 0x08, 0x0b, 0xf8, 0x06, 0x3d, 0x1d, 0x00, 0x00, 0x0c, 0xd6,
  0x01, 0x18, 0x0a, 0xf3, 0xf2, 0x18, 0x00, 0x00, 0x0c, 0xd7, 0x01, 0x40,
  0x0b, 0xf9, 0x06, 0xf3, 0x04, 0x00, 0x00, 0x0c, 0xd8, 0x01, 0x44, 0x0b,
  0xfa, 0x06, 0x8b, 0x47, 0x00, 0x00, 0x0c, 0xdd, 0x01, 0x48, 0x0b, 0xfb,
  0x06, 0x21, 0x07, 0x00, 0x00, 0x0c, 0xde, 0x01, 0x58, 0x0b, 0xfc, 0x06,
  0x21, 0x07, 0x00, 0x00, 0x0c, 0xdf, 0x01, 0x60, 0x0b, 0xfd, 0x06, 0xbc,
  0x69, 0x00, 0x00, 0x0c, 0xe0, 0x01, 0x68, 0x0b, 0x34, 0x01, 0x21, 0x07,
  0x00, 0x00, 0x0c, 0xe1, 0x01, 0x70, 0x0b, 0x2f, 0x07, 0xb7, 0x34, 0x00,
  0x00, 0x0c, 0xe2, 0x01, 0x78, 0x0b, 0x30, 0x07, 0x5e, 0x04, 0x00, 0x00,
  0x0c, 0xe3, 0x01, 0x7c, 0x0b, 0x31, 0x07, 0x40, 0x03, 0x00, 0x00, 0x0c,
  0xe4, 0x01, 0x80, 0x0b, 0x32, 0x07, 0x3d, 0x1d, 0x00, 0x00, 0x0c, 0xe5,
  0x01, 0x90, 0x0b, 0x33, 0x07, 0xff, 0x07, 0x00, 0x00, 0x0c, 0xe6, 0x01,
  0xb8, 0x00, 0x12, 0xc0, 0x08, 0x00, 0x00, 0x25, 0xf6, 0x06, 0x50, 0x02,
  0x0c, 0x7b, 0x02, 0x0a, 0x50, 0xe2, 0x06, 0x00, 0x00, 0x0c, 0x7c, 0x02,
  0x00, 0x0a, 0x51, 0x31, 0x05, 0x00, 0x00, 0x0c, 0x7d, 0x02, 0x02, 0x0a,
  0x52, 0x82, 0x0b, 0x00, 0x00, 0x0c, 0x7e, 0x02, 0x04, 0x0a, 0x56, 0xa8,
  0x0b, 0x00, 0x00, 0x0c, 0x7f, 0x02, 0x08, 0x0a, 0x5a, 0x3c, 0x03, 0x00,
  0x00, 0x0c, 0x80, 0x02, 0x0c, 0x0a, 0x5b, 0xce, 0x0b, 0x00, 0x00, 0x0c,
  0x83, 0x02, 0x10, 0x0a, 0x5d, 0xce, 0x0b, 0x00, 0x00, 0x0c, 0x84, 0x02,
  0x18, 0x0a, 0x5e, 0xd5, 0x0b, 0x00, 0x00, 0x0c, 0x87, 0x02, 0x20, 0x0b,
  0xbc, 0x06, 0x46, 0x10, 0x00, 0x00, 0x0c, 0x88, 0x02, 0x28, 0x0b, 0xbd,
  0x06, 0x0a, 0x08, 0x00, 0x00, 0x0c, 0x89, 0x02, 0x30, 0x0b, 0xbe, 0x06,
  0xff, 0x07, 0x00, 0x00, 0x0c, 0x8c, 0x02, 0x38, 0x0b, 0xbf, 0x06, 0x21,
  0x07, 0x00, 0x00, 0x0c, 0x90, 0x02, 0x40, 0x26, 0x4d, 0x09, 0x00, 0x00,
  0x0c, 0x98, 0x02, 0x48, 0x27, 0x04, 0x0c, 0x98, 0x02, 0x0b, 0xc0, 0x06,
  0x7c, 0x69, 0x00, 0x00, 0x0c, 0x99, 0x02, 0x00, 0x0b, 0xc1, 0x06, 0x3c,
  0x03, 0x00, 0x00, 0x0c, 0x9a, 0x02, 0x00, 0x00, 0x0b, 0xc2, 0x06, 0x03,
  0x13, 0x00, 0x00, 0x0c, 0x9c, 0x02, 0x4c, 0x0b, 0xc3, 0x06, 0x13, 0x13,
  0x00, 0x00, 0x0c, 0x9d, 0x02, 0x50, 0x0b, 0xc4, 0x06, 0x9d, 0x18, 0x00,
  0x00, 0x0c, 0x9e, 0x02, 0x58, 0x0b, 0xc5, 0x06, 0x9d, 0x18, 0x00, 0x00,
  0x0c, 0x9f, 0x02, 0x60, 0x0b, 0xc6, 0x06, 0x9d, 0x18, 0x00, 0x00, 0x0c,
  0xa0, 0x02, 0x68, 0x0b, 0xc7, 0x06, 0x88, 0x0e, 0x00, 0x00, 0x0c, 0xa1,
  0x02, 0x70, 0x0b, 0xc8, 0x06, 0x88, 0x0e, 0x00, 0x00, 0x0c, 0xa2, 0x02,
  0x74, 0x0b, 0xc9, 0x06, 0x88, 0x0e, 0x00, 0x00, 0x0c, 0xa3, 0x02, 0x78,
  0x0b, 0xca, 0x06, 0x88, 0x0e, 0x00, 0x00, 0x0c, 0xa4, 0x02, 0x7c, 0x0b,
  0xcb, 0x06, 0x5e, 0x04, 0x00, 0x00, 0x0c, 0xa5, 0x02, 0x80, 0x0b, 0xcc,
  0x06, 0x31, 0x05, 0x00, 0x00, 0x0c, 0xa6, 0x02, 0x84, 0x0b, 0xcd, 0x06,
  0x0d, 0x05, 0x00, 0x00, 0x0c, 0xa7, 0x02, 0x86, 0x0b, 0xce, 0x06, 0x81,
  0x69, 0x00, 0x00, 0x0c, 0xa8, 0x02, 0x87, 0x0b, 0xd6, 0x06, 0x27, 0x1d,
  0x00, 0x00, 0x0c, 0xa9, 0x02, 0x88, 0x0b, 0xd7, 0x06, 0x88, 0x0e, 0x00,
  0x00, 0x0c, 0xb0, 0x02, 0x90, 0x0b, 0xd8, 0x06, 0x3d, 0x1d, 0x00, 0x00,
  0x0c, 0xb2, 0x02, 0x98, 0x0b, 0xd9, 0x06, 0x21, 0x07, 0x00, 0x00, 0x0c,
  0xb4, 0x02, 0xc0, 0x0b, 0xda, 0x06, 0x21, 0x07, 0x00, 0x00, 0x0c, 0xb5,
  0x02, 0xc8, 0x0b, 0xdb, 0x06, 0x44, 0x14, 0x00, 0x00, 0x0c, 0xb7, 0x02,
  0xd0, 0x0b, 0xdc, 0x06, 0x40, 0x03, 0x00, 0x00, 0x0c, 0xb8, 0x02, 0xe0,
  0x0b, 0xdd, 0x06, 0x40, 0x03, 0x00, 0x00, 0x0c, 0xc1, 0x02, 0xf0, 0x0c,
  0xde, 0x06, 0x40, 0x03, 0x00, 0x00, 0x0c, 0xc2, 0x02, 0x00, 0x01, 0x0c,
  0xdf, 0x06, 0x40, 0x03, 0x00, 0x00, 0x0c, 0xc3, 0x02, 0x10, 0x01, 0x28,
  0x72, 0x0a, 0x00, 0x00, 0x0c, 0xc4, 0x02, 0x20, 0x01, 0x27, 0x10, 0x0c,
  0xc4, 0x02, 0x0b, 0xe0, 0x06, 0x30, 0x14, 0x00, 0x00, 0x0c, 0xc5, 0x02,
  0x00, 0x29, 0xe1, 0x06, 0x0c, 0x25, 0x00, 0x00, 0x0c, 0xc6, 0x02, 0x08,
  0x00, 0x00, 0x0c, 0xe2, 0x06, 0x99, 0x17, 0x00, 0x00, 0x0c, 0xc8, 0x02,
  0x30, 0x01, 0x0c, 0xe3, 0x06, 0x99, 0x17, 0x00, 0x00, 0x0c, 0xc9, 0x02,
  0x38, 0x01, 0x0c, 0xe4, 0x06, 0xf3, 0x04, 0x00, 0x00, 0x0c, 0xca, 0x02,
  0x40, 0x01, 0x0c, 0xe5, 0x06, 0xf3, 0x04, 0x00, 0x00, 0x0c, 0xcb, 0x02,
  0x44, 0x01, 0x0c, 0xe6, 0x06, 0xf3, 0x04, 0x00, 0x00, 0x0c, 0xcc, 0x02,
  0x48, 0x01, 0x0c, 0xe7, 0x06, 0xf3, 0x04, 0x00, 0x00, 0x0c, 0xce, 0x02,
  0x4c, 0x01, 0x28, 0xe1, 0x0a, 0x00, 0x00, 0x0c, 0xd0, 0x02, 0x50, 0x01,
  0x27, 0x08, 0x0c, 0xd0, 0x02, 0x0b, 0xe8, 0x06, 0xeb, 0x1e, 0x00, 0x00,
  0x0c, 0xd1, 0x02, 0x00, 0x0a, 0xa8, 0x98, 0x15, 0x00, 0x00, 0x0c, 0xd2,
  0x02, 0x00, 0x00, 0x0c, 0xe9, 0x06, 0xa4, 0x69, 0x00, 0x00, 0x0c, 0xd4,
  0x02, 0x58, 0x01, 0x0d, 0xeb, 0x06, 0x0f, 0x08, 0x00, 0x00, 0x0c, 0xd5,
  0x02, 0x08, 0x60, 0x01, 0x0c, 0xec, 0x06, 0x40, 0x03, 0x00, 0x00, 0x0c,
  0xd6, 0x02, 0x20, 0x02, 0x28, 0x2b, 0x0b, 0x00, 0x00, 0x0c, 0xd7, 0x02,
  0x30, 0x02, 0x27, 0x08, 0x0c, 0xd7, 0x02, 0x0b, 0xed, 0x06, 0xae, 0x2c,
  0x00, 0x00, 0x0c, 0xd8, 0x02, 0x00, 0x0b, 0xee, 0x06, 0xac, 0x69, 0x00,
  0x00, 0x0c, 0xd9, 0x02, 0x00, 0x0b, 0xf0, 0x06, 0xf6, 0x05, 0x00, 0x00,
  0x0c, 0xda, 0x02, 0x00, 0x0b, 0xf1, 0x06, 0x3c, 0x03, 0x00, 0x00, 0x0c,
  0xdb, 0x02, 0x00, 0x00, 0x0c, 0xf2, 0x06, 0x90, 0x0e, 0x00, 0x00, 0x0c,
  0xe0, 0x02, 0x38, 0x02, 0x0c, 0xf3, 0x06, 0xb4, 0x69, 0x00, 0x00, 0x0c,
  0xe2, 0x02, 0x40, 0x02, 0x0c, 0xf5, 0x06, 0xff, 0x07, 0x00, 0x00, 0x0c,
  0xed, 0x02, 0x48, 0x02, 0x00, 0x16, 0x8a, 0x0b, 0x00, 0x00, 0x55, 0x0d,
  0x09, 0x19, 0x04, 0x0d, 0x07, 0x11, 0x1b, 0x98, 0x0b, 0x00, 0x00, 0x0d,
  0x08, 0x00, 0x00, 0x16, 0xa0, 0x0b, 0x00, 0x00, 0x54, 0x03, 0x25, 0x16,
  0x3c, 0x03, 0x00, 0x00, 0x53, 0x0a, 0x31, 0x16, 0xb0, 0x0b, 0x00, 0x00,
  0x59, 0x0d, 0x0d, 0x19, 0x04, 0x0d, 0x0b, 0x11, 0x1b, 0xbe, 0x0b, 0x00,
  0x00, 0x0d, 0x0c, 0x00, 0x00, 0x16, 0xc6, 0x0b, 0x00, 0x00, 0x58, 0x03,
  0x26, 0x16, 0x3c, 0x03, 0x00, 0x00, 0x57, 0x0a, 0x32, 0x12, 0xd3, 0x0b,
  0x00, 0x00, 0x2a, 0x5c, 0x12, 0xda, 0x0b, 0x00, 0x00, 0x05, 0xdf, 0x0b,
  0x00, 0x00, 0x09, 0xbb, 0x06, 0x00, 0x01, 0x0c, 0x5a, 0x08, 0x40, 0x0a,
  0x5f, 0xfb, 0x0c, 0x00, 0x00, 0x0c, 0x5b, 0x08, 0x00, 0x0b, 0x79, 0x06,
  0xad, 0x64, 0x00, 0x00, 0x0c, 0x5c, 0x08, 0x08, 0x0b, 0x7c, 0x06, 0xf3,
  0x64, 0x00, 0x00, 0x0c, 0x5d, 0x08, 0x10, 0x0b, 0x7d, 0x06, 0x0d, 0x65,
  0x00, 0x00, 0x0c, 0x5e, 0x08, 0x18, 0x0b, 0x7e, 0x06, 0x27, 0x65, 0x00,
  0x00, 0x0c, 0x60, 0x08, 0x20, 0x0b, 0x7f, 0x06, 0x41, 0x65, 0x00, 0x00,
  0x0c, 0x62, 0x08, 0x28, 0x0b, 0x80, 0x06, 0x65, 0x65, 0x00, 0x00, 0x0c,
  0x64, 0x08, 0x30, 0x0b, 0x81, 0x06, 0x7f, 0x65, 0x00, 0x00, 0x0c, 0x65,
  0x08, 0x38, 0x0b, 0x82, 0x06, 0x94, 0x65, 0x00, 0x00, 0x0c, 0x66, 0x08,
  0x40, 0x0b, 0x83, 0x06, 0xb3, 0x65, 0x00, 0x00, 0x0c, 0x68, 0x08, 0x48,
  0x0b, 0x84, 0x06, 0x7f, 0x65, 0x00, 0x00, 0x0c, 0x6a, 0x08, 0x50, 0x0b,
  0x85, 0x06, 0xd2, 0x65, 0x00, 0x00, 0x0c, 0x6b, 0x08, 0x58, 0x0b, 0x86,
  0x06, 0xf6, 0x65, 0x00, 0x00, 0x0c, 0x6d, 0x08, 0x60, 0x0b, 0x87, 0x06,
  0x1f, 0x66, 0x00, 0x00, 0x0c, 0x6f, 0x08, 0x68, 0x0b, 0x97, 0x06, 0x1a,
  0x67, 0x00, 0x00, 0x0c, 0x70, 0x08, 0x70, 0x0b, 0xac, 0x06, 0x40, 0x68,
  0x00, 0x00, 0x0c, 0x72, 0x08, 0x78, 0x0b, 0xad, 0x06, 0x5a, 0x68, 0x00,
  0x00, 0x0c, 0x73, 0x08, 0x80, 0x0b, 0xaf, 0x06, 0x81, 0x68, 0x00, 0x00,
  0x0c, 0x75, 0x08, 0x88, 0x0b, 0xb0, 0x06, 0x96, 0x68, 0x00, 0x00, 0x0c,
  0x76, 0x08, 0x90, 0x0b, 0xb1, 0x06, 0xba, 0x68, 0x00, 0x00, 0x0c, 0x79,
  0x08, 0x98, 0x0b, 0xb2, 0x06, 0xd9, 0x68, 0x00, 0x00, 0x0c, 0x7b, 0x08,
  0xa0, 0x0b, 0xb3, 0x06, 0xf3, 0x68, 0x00, 0x00, 0x0c, 0x7d, 0x08, 0xa8,
  0x0b, 0xb4, 0x06, 0x12, 0x69, 0x00, 0x00, 0x0c, 0x7f, 0x08, 0xb0, 0x0b,
  0xb6, 0x06, 0x34, 0x69, 0x00, 0x00, 0x0c, 0x81, 0x08, 0xb8, 0x0b, 0xb7,
  0x06, 0x49, 0x69, 0x00, 0x00, 0x0c, 0x82, 0x08, 0xc0, 0x00, 0x12, 0x00,
  0x0d, 0x00, 0x00, 0x1a, 0x15, 0x0d, 0x00, 0x00, 0x1b, 0xbb, 0x08, 0x00,
  0x00, 0x1b, 0x15, 0x0d, 0x00, 0x00, 0x1b, 0x3c, 0x03, 0x00, 0x00, 0x00,
  0x12, 0x1a, 0x0d, 0x00, 0x00, 0x13, 0x0e, 0x01, 0xc0, 0x0e, 0x52, 0x11,
  0x60, 0x3c, 0x03, 0x00, 0x00, 0x0e, 0x54, 0x00, 0x11, 0x61, 0xf4, 0x0d,
  0x00, 0x00, 0x0e, 0x55, 0x04, 0x11, 0x67, 0x22, 0x0e, 0x00, 0x00, 0x0e,
  0x56, 0x08, 0x11, 0x6a, 0x15, 0x0d, 0x00, 0x00, 0x0e, 0x57, 0x18, 0x11,
  0x6b, 0x44, 0x0e, 0x00, 0x00, 0x0e, 0x58, 0x20, 0x11, 0x75, 0xbb, 0x08,
  0x00, 0x00, 0x0e, 0x59, 0x30, 0x11, 0x76, 0xb6, 0x0e, 0x00, 0x00, 0x0e,
  0x5b, 0x38, 0x11, 0x77, 0xc2, 0x0e, 0x00, 0x00, 0x0e, 0x5f, 0x60, 0x14,
  0x6b, 0x06, 0x46, 0x10, 0x00, 0x00, 0x0e, 0x60, 0x68, 0x14, 0x6c, 0x06,
  0x21, 0x07, 0x00, 0x00, 0x0e, 0x61, 0x70, 0x14, 0x6d, 0x06, 0xff, 0x07,
  0x00, 0x00, 0x0e, 0x62, 0x78, 0x14, 0x6e, 0x06, 0x68, 0x64, 0x00, 0x00,
  0x0e, 0x64, 0x80, 0x17, 0x98, 0x0d, 0x00, 0x00, 0x0e, 0x69, 0x88, 0x18,
  0x10, 0x0e, 0x69, 0x14, 0x71, 0x06, 0x40, 0x03, 0x00, 0x00, 0x0e, 0x6a,
  0x00, 0x14, 0x72, 0x06, 0xa8, 0x64, 0x00, 0x00, 0x0e, 0x6b, 0x00, 0x00,
  0x14, 0x73, 0x06, 0x44, 0x14, 0x00, 0x00, 0x0e, 0x6d, 0x98, 0x14, 0x74,
  0x06, 0x30, 0x14, 0x00, 0x00, 0x0e, 0x6e, 0xa8, 0x14, 0x75, 0x06, 0xcf,
  0x0d, 0x00, 0x00, 0x0e, 0x76, 0xb0, 0x18, 0x10, 0x0e, 0x72, 0x14, 0x76,
  0x06, 0x44, 0x14, 0x00, 0x00, 0x0e, 0x73, 0x00, 0x14, 0x77, 0x06, 0x22,
  0x0e, 0x00, 0x00, 0x0e, 0x74, 0x00, 0x2b, 0x78, 0x06, 0x0c, 0x25, 0x00,
  0x00, 0x0e, 0x75, 0x08, 0x00, 0x00, 0x00, 0x16, 0xfc, 0x0d, 0x00, 0x00,
  0x66, 0x0f, 0x45, 0x10, 0x65, 0x04, 0x0f, 0x45, 0x11, 0x62, 0x0b, 0x0e,
  0x00, 0x00, 0x0f, 0x45, 0x00, 0x00, 0x16, 0x13, 0x0e, 0x00, 0x00, 0x64,
  0x0f, 0x26, 0x10, 0x62, 0x04, 0x0f, 0x21, 0x11, 0x63, 0x3c, 0x03, 0x00,
  0x00, 0x0f, 0x22, 0x00, 0x00, 0x10, 0x69, 0x10, 0x10, 0x26, 0x11, 0x0f,
  0x3a, 0x0e, 0x00, 0x00, 0x10, 0x27, 0x00, 0x11, 0x68, 0x3f, 0x0e, 0x00,
  0x00, 0x10, 0x27, 0x08, 0x00, 0x12, 0x22, 0x0e, 0x00, 0x00, 0x12, 0x3a,
  0x0e, 0x00, 0x00, 0x10, 0x74, 0x10, 0x0e, 0x31, 0x17, 0x51, 0x0e, 0x00,
  0x00, 0x0e, 0x32, 0x00, 0x18, 0x08, 0x0e, 0x32, 0x17, 0x5d, 0x0e, 0x00,
  0x00, 0x0e, 0x33, 0x00, 0x19, 0x08, 0x0e, 0x33, 0x11, 0x6c, 0x88, 0x0e,
  0x00, 0x00, 0x0e, 0x34, 0x00, 0x11, 0x6f, 0x88, 0x0e, 0x00, 0x00, 0x0e,
  0x34, 0x04, 0x00, 0x11, 0x70, 0x98, 0x0e, 0x00, 0x00, 0x0e, 0x36, 0x00,
  0x00, 0x11, 0x12, 0xac, 0x0e, 0x00, 0x00, 0x0e, 0x38, 0x08, 0x00, 0x16,
  0x90, 0x0e, 0x00, 0x00, 0x6e, 0x07, 0x15, 0x16, 0x3c, 0x03, 0x00, 0x00,
  0x6d, 0x06, 0x1b, 0x16, 0xa0, 0x0e, 0x00, 0x00, 0x73, 0x07, 0x17, 0x16,
  0xa8, 0x0e, 0x00, 0x00, 0x72, 0x06, 0x1f, 0x06, 0x71, 0x07, 0x08, 0x12,
  0xb1, 0x0e, 0x00, 0x00, 0x05, 0x1d, 0x05, 0x00, 0x00, 0x03, 0x1d, 0x05,
  0x00, 0x00, 0x04, 0x3f, 0x00, 0x00, 0x00, 0x28, 0x00, 0x12, 0xc7, 0x0e,
  0x00, 0x00, 0x05, 0xcc, 0x0e, 0x00, 0x00, 0x2c, 0x6a, 0x06, 0x80, 0x0e,
  0x8a, 0x40, 0x11, 0x78, 0x4b, 0x0f, 0x00, 0x00, 0x0e, 0x8b, 0x00, 0x11,
  0x79, 0x4b, 0x0f, 0x00, 0x00, 0x0e, 0x8c, 0x08, 0x11, 0x67, 0x60, 0x0f,
  0x00, 0x00, 0x0e, 0x8d, 0x10, 0x11, 0x7a, 0x84, 0x0f, 0x00, 0x00, 0x0e,
  0x8e, 0x18, 0x11, 0x7b, 0xad, 0x0f, 0x00, 0x00, 0x0e, 0x90, 0x20, 0x11,
  0x7c, 0xbd, 0x0f, 0x00, 0x00, 0x0e, 0x91, 0x28, 0x11, 0x7d, 0xcd, 0x0f,
  0x00, 0x00, 0x0e, 0x92, 0x30, 0x11, 0x7e, 0xcd, 0x0f, 0x00, 0x00, 0x0e,
  0x93, 0x38, 0x11, 0x7f, 0xd9, 0x0f, 0x00, 0x00, 0x0e, 0x94, 0x40, 0x11,
  0x80, 0xea, 0x0f, 0x00, 0x00, 0x0e, 0x95, 0x48, 0x11, 0x81, 0x04, 0x10,
  0x00, 0x00, 0x0e, 0x96, 0x50, 0x14, 0x65, 0x06, 0x2b, 0x64, 0x00, 0x00,
  0x0e, 0x97, 0x58, 0x14, 0x66, 0x06, 0x40, 0x64, 0x00, 0x00, 0x0e, 0x98,
  0x60, 0x00, 0x12, 0x50, 0x0f, 0x00, 0x00, 0x1a, 0x09, 0x05, 0x00, 0x00,
  0x1b, 0x15, 0x0d, 0x00, 0x00, 0x1b, 0x3c, 0x03, 0x00, 0x00, 0x00, 0x12,
  0x65, 0x0f, 0x00, 0x00, 0x1a, 0x09, 0x05, 0x00, 0x00, 0x1b, 0x75, 0x0f,
  0x00, 0x00, 0x1b, 0x7f, 0x0f, 0x00, 0x00, 0x00, 0x12, 0x7a, 0x0f, 0x00,
  0x00, 0x05, 0x1a, 0x0d, 0x00, 0x00, 0x12, 0x44, 0x0e, 0x00, 0x00, 0x12,
  0x89, 0x0f, 0x00, 0x00, 0x1a, 0x09, 0x05, 0x00, 0x00, 0x1b, 0x75, 0x0f,
  0x00, 0x00, 0x1b, 0x3c, 0x03, 0x00, 0x00, 0x1b, 0x25, 0x04, 0x00, 0x00,
  0x1b, 0xa3, 0x0f, 0x00, 0x00, 0x00, 0x12, 0xa8, 0x0f, 0x00, 0x00, 0x05,
  0x44, 0x0e, 0x00, 0x00, 0x12, 0xb2, 0x0f, 0x00, 0x00, 0x1a, 0x09, 0x05,
  0x00, 0x00, 0x1b, 0x75, 0x0f, 0x00, 0x00, 0x00, 0x12, 0xc2, 0x0f, 0x00,
  0x00, 0x1a, 0x09, 0x05, 0x00, 0x00, 0x1b, 0x15, 0x0d, 0x00, 0x00, 0x00,
  0x12, 0xd2, 0x0f, 0x00, 0x00, 0x1f, 0x1b, 0x15, 0x0d, 0x00, 0x00, 0x00,
  0x12, 0xde, 0x0f, 0x00, 0x00, 0x1f, 0x1b, 0x15, 0x0d, 0x00, 0x00, 0x1b,
  0xbb, 0x08, 0x00, 0x00, 0x00, 0x12, 0xef, 0x0f, 0x00, 0x00, 0x1a, 0xf6,
  0x05, 0x00, 0x00, 0x1b, 0x15, 0x0d, 0x00, 0x00, 0x1b, 0xf6, 0x05, 0x00,
  0x00, 0x1b, 0x09, 0x05, 0x00, 0x00, 0x00, 0x12, 0x09, 0x10, 0x00, 0x00,
  0x1a, 0x14, 0x10, 0x00, 0x00, 0x1b, 0x26, 0x64, 0x00, 0x00, 0x00, 0x12,
  0x19, 0x10, 0x00, 0x00, 0x13, 0x64, 0x06, 0x20, 0x11, 0x45, 0x11, 0x82,
  0x15, 0x0d, 0x00, 0x00, 0x11, 0x46, 0x00, 0x11, 0x83, 0x46, 0x10, 0x00,
  0x00, 0x11, 0x47, 0x08, 0x14, 0x62, 0x06, 0x09, 0x05, 0x00, 0x00, 0x11,
  0x48, 0x10, 0x14, 0x63, 0x06, 0x1e, 0x64, 0x00, 0x00, 0x11, 0x49, 0x18,
  0x00, 0x12, 0x4b, 0x10, 0x00, 0x00, 0x25, 0x61, 0x06, 0x00, 0x05, 0x0c,
  0xe7, 0x04, 0x0a, 0x84, 0x40, 0x03, 0x00, 0x00, 0x0c, 0xe8, 0x04, 0x00,
  0x0a, 0x85, 0x03, 0x13, 0x00, 0x00, 0x0c, 0xe9, 0x04, 0x10, 0x0a, 0x88,
  0x1d, 0x05, 0x00, 0x00, 0x0c, 0xea, 0x04, 0x14, 0x0a, 0x89, 0x21, 0x07,
  0x00, 0x00, 0x0c, 0xeb, 0x04, 0x18, 0x0a, 0x8a, 0x13, 0x13, 0x00, 0x00,
  0x0c, 0xec, 0x04, 0x20, 0x0a, 0x8e, 0x27, 0x13, 0x00, 0x00, 0x0c, 0xed,
  0x04, 0x28, 0x0a, 0xa5, 0x73, 0x14, 0x00, 0x00, 0x0c, 0xee, 0x04, 0x30,
  0x0a, 0xfe, 0x01, 0x19, 0x00, 0x00, 0x0c, 0xef, 0x04, 0x38, 0x0b, 0x0b,
  0x01, 0x1a, 0x1a, 0x00, 0x00, 0x0c, 0xf0, 0x04, 0x40, 0x0b, 0x43, 0x01,
  0x30, 0x1d, 0x00, 0x00, 0x0c, 0xf1, 0x04, 0x48, 0x0b, 0x45, 0x01, 0x21,
  0x07, 0x00, 0x00, 0x0c, 0xf2, 0x04, 0x50, 0x0b, 0x46, 0x01, 0x21, 0x07,
  0x00, 0x00, 0x0c, 0xf3, 0x04, 0x58, 0x0b, 0x47, 0x01, 0x21, 0x07, 0x00,
  0x00, 0x0c, 0xf4, 0x04, 0x60, 0x0b, 0x48, 0x01, 0x15, 0x0d, 0x00, 0x00,
  0x0c, 0xf5, 0x04, 0x68, 0x0b, 0x49, 0x01, 0x3d, 0x1d, 0x00, 0x00, 0x0c,
  0xf6, 0x04, 0x70, 0x0b, 0x4c, 0x01, 0x09, 0x05, 0x00, 0x00, 0x0c, 0xf7,
  0x04, 0x98, 0x0b, 0x4d, 0x01, 0xf3, 0x04, 0x00, 0x00, 0x0c, 0xf8, 0x04,
  0x9c, 0x0b, 0x4e, 0x01, 0xff, 0x07, 0x00, 0x00, 0x0c, 0xfa, 0x04, 0xa0,
  0x0b, 0x4f, 0x01, 0x72, 0x1d, 0x00, 0x00, 0x0c, 0xfc, 0x04, 0xa8, 0x0b,
  0x51, 0x01, 0x89, 0x1d, 0x00, 0x00, 0x0c, 0x08, 0x05, 0xb0, 0x0b, 0x53,
  0x01, 0x40, 0x03, 0x00, 0x00, 0x0c, 0x09, 0x05, 0xb8, 0x0b, 0x54, 0x01,
  0x99, 0x1d, 0x00, 0x00, 0x0c, 0x0a, 0x05, 0xc8, 0x0b, 0x56, 0x01, 0xa1,
  0x1d, 0x00, 0x00, 0x0c, 0x0b, 0x05, 0xd0, 0x0b, 0xd4, 0x02, 0x3b, 0x35,
  0x00, 0x00, 0x0c, 0x0c, 0x05, 0xd8, 0x0b, 0xd6, 0x02, 0x43, 0x35, 0x00,
  0x00, 0x0c, 0x0d, 0x05, 0xe0, 0x0b, 0xd8, 0x02, 0x44, 0x14, 0x00, 0x00,
  0x0c, 0x0e, 0x05, 0xe8, 0x0b, 0xd9, 0x02, 0x3c, 0x03, 0x00, 0x00, 0x0c,
  0x0f, 0x05, 0xf8, 0x0c, 0xda, 0x02, 0x4b, 0x35, 0x00, 0x00, 0x0c, 0x10,
  0x05, 0x00, 0x01, 0x0c, 0xf7, 0x02, 0xb4, 0x36, 0x00, 0x00, 0x0c, 0x12,
  0x05, 0x38, 0x02, 0x0c, 0x36, 0x06, 0xff, 0x07, 0x00, 0x00, 0x0c, 0x19,
  0x05, 0x68, 0x03, 0x0c, 0x37, 0x06, 0x88, 0x0e, 0x00, 0x00, 0x0c, 0x1c,
  0x05, 0x70, 0x03, 0x0c, 0x38, 0x06, 0x9d, 0x18, 0x00, 0x00, 0x0c, 0x1e,
  0x05, 0x78, 0x03, 0x0c, 0x39, 0x06, 0x9d, 0x18, 0x00, 0x00, 0x0c, 0x1f,
  0x05, 0x80, 0x03, 0x0c, 0x3a, 0x06, 0x88, 0x0e, 0x00, 0x00, 0x0c, 0x21,
  0x05, 0x88, 0x03, 0x0c, 0x3b, 0x06, 0xe8, 0x62, 0x00, 0x00, 0x0c, 0x22,
  0x05, 0x90, 0x03, 0x0c, 0x3d, 0x06, 0xf0, 0x62, 0x00, 0x00, 0x0c, 0x2f,
  0x05, 0x98, 0x03, 0x0c, 0x3e, 0x06, 0xfc, 0x62, 0x00, 0x00, 0x0c, 0x30,
  0x05, 0xb8, 0x03, 0x0c, 0x40, 0x06, 0x0d, 0x05, 0x00, 0x00, 0x0c, 0x31,
  0x05, 0xc8, 0x03, 0x0c, 0x41, 0x06, 0x20, 0x63, 0x00, 0x00, 0x0c, 0x34,
  0x05, 0xc9, 0x03, 0x0c, 0x42, 0x06, 0x3c, 0x03, 0x00, 0x00, 0x0c, 0x36,
  0x05, 0xf0, 0x03, 0x0c, 0x43, 0x06, 0x67, 0x17, 0x00, 0x00, 0x0c, 0x3c,
  0x05, 0xf8, 0x03, 0x0c, 0x44, 0x06, 0x25, 0x04, 0x00, 0x00, 0x0c, 0x42,
  0x05, 0x18, 0x04, 0x0c, 0x45, 0x06, 0xc2, 0x0e, 0x00, 0x00, 0x0c, 0x44,
  0x05, 0x20, 0x04, 0x0c, 0x46, 0x06, 0x2c, 0x63, 0x00, 0x00, 0x0c, 0x46,
  0x05, 0x28, 0x04, 0x0c, 0x4d, 0x06, 0x91, 0x17, 0x00, 0x00, 0x0c, 0x49,
  0x05, 0x30, 0x04, 0x0c, 0x4e, 0x06, 0x09, 0x05, 0x00, 0x00, 0x0c, 0x4c,
  0x05, 0x38, 0x04, 0x0c, 0x4f, 0x06, 0xb7, 0x34, 0x00, 0x00, 0x0c, 0x4f,
  0x05, 0x3c, 0x04, 0x0c, 0x50, 0x06, 0xc0, 0x63, 0x00, 0x00, 0x0c, 0x52,
  0x05, 0x40, 0x04, 0x0c, 0x52, 0x06, 0x30, 0x14, 0x00, 0x00, 0x0c, 0x53,
  0x05, 0x48, 0x04, 0x0c, 0x53, 0x06, 0x9d, 0x2a, 0x00, 0x00, 0x0c, 0x5a,
  0x05, 0x50, 0x04, 0x0c, 0x54, 0x06, 0xc8, 0x63, 0x00, 0x00, 0x0c, 0x61,
  0x05, 0x58, 0x04, 0x0c, 0x59, 0x06, 0xc8, 0x63, 0x00, 0x00, 0x0c, 0x62,
  0x05, 0x60, 0x04, 0x0d, 0x76, 0x02, 0x0c, 0x25, 0x00, 0x00, 0x0c, 0x63,
  0x05, 0x08, 0x68, 0x04, 0x0c, 0x5a, 0x06, 0xc6, 0x2a, 0x00, 0x00, 0x0c,
  0x64, 0x05, 0x78, 0x04, 0x0c, 0x5b, 0x06, 0x67, 0x17, 0x00, 0x00, 0x0c,
  0x66, 0x05, 0x98, 0x04, 0x0c, 0x5c, 0x06, 0x09, 0x05, 0x00, 0x00, 0x0c,
  0x6b, 0x05, 0xb8, 0x04, 0x0d, 0x5d, 0x06, 0x5e, 0x04, 0x00, 0x00, 0x0c,
  0x6e, 0x05, 0x40, 0xc0, 0x04, 0x0c, 0x5e, 0x06, 0x40, 0x03, 0x00, 0x00,
  0x0c, 0x6f, 0x05, 0xc8, 0x04, 0x0c, 0x5f, 0x06, 0x5e, 0x04, 0x00, 0x00,
  0x0c, 0x71, 0x05, 0xd8, 0x04, 0x0c, 0x60, 0x06, 0x40, 0x03, 0x00, 0x00,
  0x0c, 0x72, 0x05, 0xe0, 0x04, 0x00, 0x16, 0x0b, 0x13, 0x00, 0x00, 0x87,
  0x03, 0x15, 0x16, 0x88, 0x0e, 0x00, 0x00, 0x86, 0x03, 0x12, 0x16, 0x1b,
  0x13, 0x00, 0x00, 0x8d, 0x03, 0x34, 0x16, 0x23, 0x13, 0x00, 0x00, 0x8c,
  0x0a, 0x58, 0x06, 0x8b, 0x05, 0x08, 0x12, 0x2c, 0x13, 0x00, 0x00, 0x20,
  0xa4, 0x48, 0x0c, 0xf3, 0x09, 0x0a, 0x12, 0x25, 0x04, 0x00, 0x00, 0x0c,
  0xf4, 0x09, 0x00, 0x0a, 0x8f, 0x09, 0x05, 0x00, 0x00, 0x0c, 0xf5, 0x09,
  0x08, 0x0a, 0x90, 0xdd, 0x13, 0x00, 0x00, 0x0c, 0xfe, 0x09, 0x10, 0x0a,
  0x92, 0xf4, 0x13, 0x00, 0x00, 0x0c, 0xff, 0x09, 0x18, 0x0a, 0x94, 0x00,
  0x14, 0x00, 0x00, 0x0c, 0x00, 0x0a, 0x20, 0x0a, 0x95, 0x1f, 0x14, 0x00,
  0x00, 0x0c, 0x02, 0x0a, 0x28, 0x0a, 0x96, 0x2b, 0x14, 0x00, 0x00, 0x0c,
  0x03, 0x0a, 0x30, 0x0a, 0x0f, 0x27, 0x13, 0x00, 0x00, 0x0c, 0x04, 0x0a,
  0x38, 0x0a, 0x97, 0x30, 0x14, 0x00, 0x00, 0x0c, 0x05, 0x0a, 0x40, 0x0a,
  0x9b, 0x61, 0x14, 0x00, 0x00, 0x0c, 0x07, 0x0a, 0x48, 0x0a, 0x9d, 0x61,
  0x14, 0x00, 0x00, 0x0c, 0x08, 0x0a, 0x48, 0x0a, 0x9e, 0x61, 0x14, 0x00,
  0x00, 0x0c, 0x09, 0x0a, 0x48, 0x0a, 0x9f, 0x67, 0x14, 0x00, 0x00, 0x0c,
  0x0a, 0x0a, 0x48, 0x0a, 0xa0, 0x61, 0x14, 0x00, 0x00, 0x0c, 0x0c, 0x0a,
  0x48, 0x0a, 0xa1, 0x61, 0x14, 0x00, 0x00, 0x0c, 0x0d, 0x0a, 0x48, 0x0a,
  0xa2, 0x61, 0x14, 0x00, 0x00, 0x0c, 0x0e, 0x0a, 0x48, 0x0a, 0xa3, 0x61,
  0x14, 0x00, 0x00, 0x0c, 0x0f, 0x0a, 0x48, 0x00, 0x12, 0xe2, 0x13, 0x00,
  0x00, 0x1a, 0x09, 0x05, 0x00, 0x00, 0x1b, 0xed, 0x13, 0x00, 0x00, 0x00,
  0x12, 0xf2, 0x13, 0x00, 0x00, 0x2a, 0x91, 0x12, 0xf9, 0x13, 0x00, 0x00,
  0x05, 0xfe, 0x13, 0x00, 0x00, 0x2a, 0x93, 0x12, 0x05, 0x14, 0x00, 0x00,
  0x1a, 0x15, 0x0d, 0x00, 0x00, 0x1b, 0x27, 0x13, 0x00, 0x00, 0x1b, 0x09,
  0x05, 0x00, 0x00, 0x1b, 0x25, 0x04, 0x00, 0x00, 0x1b, 0xff, 0x07, 0x00,
  0x00, 0x00, 0x12, 0x24, 0x14, 0x00, 0x00, 0x1f, 0x1b, 0x46, 0x10, 0x00,
  0x00, 0x00, 0x12, 0x4e, 0x00, 0x00, 0x00, 0x10, 0x9a, 0x08, 0x03, 0xc5,
  0x11, 0x98, 0x3f, 0x14, 0x00, 0x00, 0x03, 0xc6, 0x00, 0x00, 0x12, 0x44,
  0x14, 0x00, 0x00, 0x10, 0x99, 0x10, 0x03, 0xc9, 0x11, 0x0f, 0x3f, 0x14,
  0x00, 0x00, 0x03, 0xca, 0x00, 0x11, 0x68, 0x5c, 0x14, 0x00, 0x00, 0x03,
  0xca, 0x08, 0x00, 0x12, 0x3f, 0x14, 0x00, 0x00, 0x2d, 0x9c, 0x00, 0x12,
  0x08, 0x01, 0x03, 0x61, 0x14, 0x00, 0x00, 0x04, 0x3f, 0x00, 0x00, 0x00,
  0x03, 0x00, 0x12, 0x78, 0x14, 0x00, 0x00, 0x05, 0x7d, 0x14, 0x00, 0x00,
  0x20, 0xfd, 0xd0, 0x0c, 0xb3, 0x08, 0x0a, 0xa6, 0x88, 0x15, 0x00, 0x00,
  0x0c, 0xb4, 0x08, 0x00, 0x0a, 0xa7, 0x98, 0x15, 0x00, 0x00, 0x0c, 0xb5,
  0x08, 0x08, 0x0a, 0xa8, 0x98, 0x15, 0x00, 0x00, 0x0c, 0xb6, 0x08, 0x10,
  0x0a, 0xa9, 0xa4, 0x15, 0x00, 0x00, 0x0c, 0xb8, 0x08, 0x18, 0x0a, 0xaa,
  0xb5, 0x15, 0x00, 0x00, 0x0c, 0xb9, 0x08, 0x20, 0x0a, 0xac, 0xd1, 0x15,
  0x00, 0x00, 0x0c, 0xba, 0x08, 0x28, 0x0a, 0xad, 0x98, 0x15, 0x00, 0x00,
  0x0c, 0xbb, 0x08, 0x30, 0x0a, 0xae, 0x1f, 0x14, 0x00, 0x00, 0x0c, 0xbc,
  0x08, 0x38, 0x0a, 0xaf, 0xe1, 0x15, 0x00, 0x00, 0x0c, 0xbd, 0x08, 0x40,
  0x0a, 0xb0, 0xf6, 0x15, 0x00, 0x00, 0x0c, 0xbe, 0x08, 0x48, 0x0a, 0xb5,
  0x1f, 0x16, 0x00, 0x00, 0x0c, 0xbf, 0x08, 0x50, 0x0a, 0xb6, 0xf6, 0x15,
  0x00, 0x00, 0x0c, 0xc0, 0x08, 0x58, 0x0a, 0xb7, 0x1f, 0x16, 0x00, 0x00,
  0x0c, 0xc1, 0x08, 0x60, 0x0a, 0xb8, 0x2f, 0x16, 0x00, 0x00, 0x0c, 0xc2,
  0x08, 0x68, 0x0a, 0xba, 0x4b, 0x16, 0x00, 0x00, 0x0c, 0xc3, 0x08, 0x70,
  0x0a, 0xbb, 0x1f, 0x14, 0x00, 0x00, 0x0c, 0xc4, 0x08, 0x78, 0x0a, 0xbc,
  0x6a, 0x16, 0x00, 0x00, 0x0c, 0xc6, 0x08, 0x80, 0x0a, 0xbe, 0x6a, 0x16,
  0x00, 0x00, 0x0c, 0xc7, 0x08, 0x88, 0x0a, 0xbf, 0x6a, 0x16, 0x00, 0x00,
  0x0c, 0xc8, 0x08, 0x90, 0x0a, 0xc0, 0x6a, 0x16, 0x00, 0x00, 0x0c, 0xc9,
  0x08, 0x98, 0x0a, 0xc1, 0x86, 0x16, 0x00, 0x00, 0x0c, 0xcb, 0x08, 0xa0,
  0x0a, 0xc2, 0xaa, 0x16, 0x00, 0x00, 0x0c, 0xcc, 0x08, 0xa8, 0x0a, 0xc3,
  0xce, 0x16, 0x00, 0x00, 0x0c, 0xcd, 0x08, 0xb0, 0x0a, 0xf2, 0xa5, 0x18,
  0x00, 0x00, 0x0c, 0xcf, 0x08, 0xb8, 0x0a, 0xfb, 0xa5, 0x18, 0x00, 0x00,
  0x0c, 0xd1, 0x08, 0xc0, 0x0a, 0xfc, 0x1f, 0x14, 0x00, 0x00, 0x0c, 0xd3,
  0x08, 0xc8, 0x00, 0x12, 0x8d, 0x15, 0x00, 0x00, 0x1a, 0xbb, 0x08, 0x00,
  0x00, 0x1b, 0x46, 0x10, 0x00, 0x00, 0x00, 0x12, 0x9d, 0x15, 0x00, 0x00,
  0x1f, 0x1b, 0xbb, 0x08, 0x00, 0x00, 0x00, 0x12, 0xa9, 0x15, 0x00, 0x00,
  0x1f, 0x1b, 0xbb, 0x08, 0x00, 0x00, 0x1b, 0x09, 0x05, 0x00, 0x00, 0x00,
  0x12, 0xba, 0x15, 0x00, 0x00, 0x1a, 0x09, 0x05, 0x00, 0x00, 0x1b, 0xbb,
  0x08, 0x00, 0x00, 0x1b, 0xca, 0x15, 0x00, 0x00, 0x00, 0x12, 0xcf, 0x15,
  0x00, 0x00, 0x2a, 0xab, 0x12, 0xd6, 0x15, 0x00, 0x00, 0x1a, 0x09, 0x05,
  0x00, 0x00, 0x1b, 0xbb, 0x08, 0x00, 0x00, 0x00, 0x12, 0xe6, 0x15, 0x00,
  0x00, 0x1a, 0x09, 0x05, 0x00, 0x00, 0x1b, 0x46, 0x10, 0x00, 0x00, 0x1b,
  0x09, 0x05, 0x00, 0x00, 0x00, 0x12, 0xfb, 0x15, 0x00, 0x00, 0x1a, 0x09,
  0x05, 0x00, 0x00, 0x1b, 0x46, 0x10, 0x00, 0x00, 0x1b, 0x0b, 0x16, 0x00,
  0x00, 0x00, 0x0e, 0x3c, 0x03, 0x00, 0x00, 0xb4, 0x04, 0x0c, 0xad, 0x08,
  0x0f, 0xb1, 0x01, 0x0f, 0xb2, 0x02, 0x0f, 0xb3, 0x04, 0x00, 0x12, 0x24,
  0x16, 0x00, 0x00, 0x1a, 0x09, 0x05, 0x00, 0x00, 0x1b, 0x46, 0x10, 0x00,
  0x00, 0x00, 0x12, 0x34, 0x16, 0x00, 0x00, 0x1a, 0x09, 0x05, 0x00, 0x00,
  0x1b, 0x15, 0x0d, 0x00, 0x00, 0x1b, 0x44, 0x16, 0x00, 0x00, 0x00, 0x12,
  0x49, 0x16, 0x00, 0x00, 0x2a, 0xb9, 0x12, 0x50, 0x16, 0x00, 0x00, 0x1a,
  0x09, 0x05, 0x00, 0x00, 0x1b, 0x46, 0x10, 0x00, 0x00, 0x1b, 0x65, 0x16,
  0x00, 0x00, 0x1b, 0xf6, 0x05, 0x00, 0x00, 0x00, 0x12, 0x09, 0x05, 0x00,
  0x00, 0x12, 0x6f, 0x16, 0x00, 0x00, 0x1a, 0x09, 0x05, 0x00, 0x00, 0x1b,
  0x7f, 0x16, 0x00, 0x00, 0x1b, 0x15, 0x0d, 0x00, 0x00, 0x00, 0x12, 0x84,
  0x16, 0x00, 0x00, 0x2a, 0xbd, 0x12, 0x8b, 0x16, 0x00, 0x00, 0x1a, 0xa9,
  0x06, 0x00, 0x00, 0x1b, 0x46, 0x10, 0x00, 0x00, 0x1b, 0x09, 0x05, 0x00,
  0x00, 0x1b, 0xf6, 0x05, 0x00, 0x00, 0x1b, 0x09, 0x07, 0x00, 0x00, 0x1b,
  0x13, 0x13, 0x00, 0x00, 0x00, 0x12, 0xaf, 0x16, 0x00, 0x00, 0x1a, 0xa9,
  0x06, 0x00, 0x00, 0x1b, 0x46, 0x10, 0x00, 0x00, 0x1b, 0x09, 0x05, 0x00,
  0x00, 0x1b, 0x25, 0x04, 0x00, 0x00, 0x1b, 0x09, 0x07, 0x00, 0x00, 0x1b,
  0x13, 0x13, 0x00, 0x00, 0x00, 0x12, 0xd3, 0x16, 0x00, 0x00, 0x1a, 0xde,
  0x16, 0x00, 0x00, 0x1b, 0xbb, 0x08, 0x00, 0x00, 0x00, 0x12, 0xe3, 0x16,
  0x00, 0x00, 0x12, 0xe8, 0x16, 0x00, 0x00, 0x20, 0xf1, 0xd0, 0x13, 0x28,
  0x01, 0x0a, 0xc4, 0x44, 0x14, 0x00, 0x00, 0x13, 0x29, 0x01, 0x00, 0x0a,
  0xc5, 0x40, 0x03, 0x00, 0x00, 0x13, 0x2a, 0x01, 0x10, 0x0a, 0xc6, 0x40,
  0x03, 0x00, 0x00, 0x13, 0x2b, 0x01, 0x20, 0x0a, 0xc7, 0x40, 0x03, 0x00,
  0x00, 0x13, 0x2c, 0x01, 0x30, 0x0a, 0xc8, 0x67, 0x17, 0x00, 0x00, 0x13,
  0x2d, 0x01, 0x40, 0x0a, 0xd3, 0x5e, 0x04, 0x00, 0x00, 0x13, 0x2e, 0x01,
  0x60, 0x0a, 0xd4, 0xf3, 0x04, 0x00, 0x00, 0x13, 0x2f, 0x01, 0x64, 0x0a,
  0xd5, 0x46, 0x10, 0x00, 0x00, 0x13, 0x30, 0x01, 0x68, 0x0a, 0xd6, 0xd6,
  0x17, 0x00, 0x00, 0x13, 0x31, 0x01, 0x70, 0x0a, 0xe2, 0x13, 0x13, 0x00,
  0x00, 0x13, 0x32, 0x01, 0x78, 0x0a, 0xe3, 0x21, 0x07, 0x00, 0x00, 0x13,
  0x33, 0x01, 0x80, 0x0a, 0xe4, 0x3e, 0x18, 0x00, 0x00, 0x13, 0x34, 0x01,
  0x88, 0x00, 0x10, 0xd2, 0x20, 0x15, 0x29, 0x11, 0x96, 0x91, 0x17, 0x00,
  0x00, 0x15, 0x2a, 0x00, 0x11, 0xcd, 0xbf, 0x17, 0x00, 0x00, 0x15, 0x2b,
  0x08, 0x11, 0xcf, 0xc7, 0x17, 0x00, 0x00, 0x15, 0x2d, 0x0c, 0x11, 0xd1,
  0x40, 0x03, 0x00, 0x00, 0x15, 0x2f, 0x10, 0x00, 0x16, 0x99, 0x17, 0x00,
  0x00, 0xcc, 0x14, 0x0d, 0x16, 0xa1, 0x17, 0x00, 0x00, 0xcb, 0x03, 0xb8,
  0x19, 0x08, 0x03, 0xb6, 0x11, 0x1c, 0xaf, 0x17, 0x00, 0x00, 0x03, 0xb7,
  0x00, 0x00, 0x16, 0xb7, 0x17, 0x00, 0x00, 0xca, 0x07, 0x16, 0x16, 0x23,
  0x13, 0x00, 0x00, 0xc9, 0x06, 0x1e, 0x16, 0x82, 0x04, 0x00, 0x00, 0xce,
  0x08, 0x17, 0x10, 0xd0, 0x04, 0x16, 0x0a, 0x11, 0x28, 0xf3, 0x04, 0x00,
  0x00, 0x16, 0x0f, 0x00, 0x00, 0x10, 0xe1, 0x08, 0x13, 0x44, 0x17, 0xe3,
  0x17, 0x00, 0x00, 0x13, 0x45, 0x00, 0x18, 0x04, 0x13, 0x45, 0x11, 0xd7,
  0x82, 0x0b, 0x00, 0x00, 0x13, 0x46, 0x00, 0x11, 0xd8, 0xa8, 0x0b, 0x00,
  0x00, 0x13, 0x47, 0x00, 0x11, 0xd9, 0x0d, 0x18, 0x00, 0x00, 0x13, 0x48,
  0x00, 0x00, 0x11, 0xdc, 0x2b, 0x18, 0x00, 0x00, 0x13, 0x4a, 0x04, 0x00,
  0x16, 0x15, 0x18, 0x00, 0x00, 0xdb, 0x17, 0x18, 0x19, 0x04, 0x17, 0x16,
  0x11, 0x1b, 0x23, 0x18, 0x00, 0x00, 0x17, 0x17, 0x00, 0x00, 0x16, 0xa0,
  0x0b, 0x00, 0x00, 0xda, 0x17, 0x14, 0x2e, 0x3c, 0x03, 0x00, 0x00, 0xe0,
  0x04, 0x13, 0x36, 0x0f, 0xdd, 0x00, 0x0f, 0xde, 0x01, 0x0f, 0xdf, 0x02,
  0x00, 0x10, 0xf0, 0x48, 0x13, 0xcd, 0x11, 0xe5, 0x95, 0x18, 0x00, 0x00,
  0x13, 0xce, 0x00, 0x11, 0xe7, 0x95, 0x18, 0x00, 0x00, 0x13, 0xcf, 0x08,
  0x11, 0xe8, 0x95, 0x18, 0x00, 0x00, 0x13, 0xd0, 0x10, 0x11, 0xe9, 0x95,
  0x18, 0x00, 0x00, 0x13, 0xd1, 0x18, 0x11, 0xea, 0x95, 0x18, 0x00, 0x00,
  0x13, 0xd2, 0x20, 0x11, 0xeb, 0x95, 0x18, 0x00, 0x00, 0x13, 0xd3, 0x28,
  0x11, 0xec, 0x95, 0x18, 0x00, 0x00, 0x13, 0xd4, 0x30, 0x11, 0xed, 0x9d,
  0x18, 0x00, 0x00, 0x13, 0xd5, 0x38, 0x11, 0xef, 0x9d, 0x18, 0x00, 0x00,
  0x13, 0xd6, 0x40, 0x00, 0x16, 0x23, 0x13, 0x00, 0x00, 0xe6, 0x13, 0x42,
  0x16, 0xb7, 0x17, 0x00, 0x00, 0xee, 0x18, 0x08, 0x12, 0xaa, 0x18, 0x00,
  0x00, 0x1a, 0xc1, 0x06, 0x00, 0x00, 0x1b, 0x46, 0x10, 0x00, 0x00, 0x1b,
  0xba, 0x18, 0x00, 0x00, 0x00, 0x12, 0xbf, 0x18, 0x00, 0x00, 0x10, 0xfa,
  0x20, 0x19, 0x22, 0x11, 0xf3, 0xf2, 0x18, 0x00, 0x00, 0x19, 0x23, 0x00,
  0x11, 0xf5, 0x09, 0x05, 0x00, 0x00, 0x19, 0x26, 0x04, 0x11, 0xf6, 0x21,
  0x07, 0x00, 0x00, 0x19, 0x2d, 0x08, 0x11, 0xf7, 0x21, 0x07, 0x00, 0x00,
  0x19, 0x34, 0x10, 0x11, 0xf8, 0xfa, 0x18, 0x00, 0x00, 0x19, 0x37, 0x18,
  0x00, 0x16, 0x3c, 0x03, 0x00, 0x00, 0xf4, 0x03, 0x9d, 0x12, 0xff, 0x18,
  0x00, 0x00, 0x2a, 0xf9, 0x12, 0x06, 0x19, 0x00, 0x00, 0x05, 0x0b, 0x19,
  0x00, 0x00, 0x21, 0x0a, 0x01, 0x58, 0x13, 0x44, 0x01, 0x0a, 0xff, 0x8b,
  0x19, 0x00, 0x00, 0x13, 0x45, 0x01, 0x00, 0x0b, 0x00, 0x01, 0x9b, 0x19,
  0x00, 0x00, 0x13, 0x46, 0x01, 0x08, 0x0b, 0x01, 0x01, 0xb0, 0x19, 0x00,
  0x00, 0x13, 0x47, 0x01, 0x10, 0x0b, 0x02, 0x01, 0x8b, 0x19, 0x00, 0x00,
  0x13, 0x48, 0x01, 0x18, 0x0b, 0x03, 0x01, 0x8b, 0x19, 0x00, 0x00, 0x13,
  0x49, 0x01, 0x20, 0x0b, 0x04, 0x01, 0x8b, 0x19, 0x00, 0x00, 0x13, 0x4a,
  0x01, 0x28, 0x0b, 0x05, 0x01, 0xe1, 0x15, 0x00, 0x00, 0x13, 0x4b, 0x01,
  0x30, 0x0b, 0x06, 0x01, 0xbc, 0x19, 0x00, 0x00, 0x13, 0x4e, 0x01, 0x38,
  0x0b, 0x07, 0x01, 0xd1, 0x19, 0x00, 0x00, 0x13, 0x4f, 0x01, 0x40, 0x0b,
  0x08, 0x01, 0xeb, 0x19, 0x00, 0x00, 0x13, 0x51, 0x01, 0x48, 0x0b, 0x09,
  0x01, 0x00, 0x1a, 0x00, 0x00, 0x13, 0x53, 0x01, 0x50, 0x00, 0x12, 0x90,
  0x19, 0x00, 0x00, 0x1a, 0x09, 0x05, 0x00, 0x00, 0x1b, 0xe3, 0x16, 0x00,
  0x00, 0x00, 0x12, 0xa0, 0x19, 0x00, 0x00, 0x1a, 0xe3, 0x16, 0x00, 0x00,
  0x1b, 0x46, 0x10, 0x00, 0x00, 0x1b, 0x09, 0x05, 0x00, 0x00, 0x00, 0x12,
  0xb5, 0x19, 0x00, 0x00, 0x1f, 0x1b, 0xe3, 0x16, 0x00, 0x00, 0x00, 0x12,
  0xc1, 0x19, 0x00, 0x00, 0x1a, 0xcc, 0x19, 0x00, 0x00, 0x1b, 0xbb, 0x08,
  0x00, 0x00, 0x00, 0x12, 0x95, 0x18, 0x00, 0x00, 0x12, 0xd6, 0x19, 0x00,
  0x00, 0x1a, 0x09, 0x05, 0x00, 0x00, 0x1b, 0xbb, 0x08, 0x00, 0x00, 0x1b,
  0xe6, 0x19, 0x00, 0x00, 0x00, 0x12, 0x0d, 0x18, 0x00, 0x00, 0x12, 0xf0,
  0x19, 0x00, 0x00, 0x1a, 0x09, 0x05, 0x00, 0x00, 0x1b, 0xbb, 0x08, 0x00,
  0x00, 0x1b, 0xcc, 0x19, 0x00, 0x00, 0x00, 0x12, 0x05, 0x1a, 0x00, 0x00,
  0x1a, 0x09, 0x05, 0x00, 0x00, 0x1b, 0x46, 0x10, 0x00, 0x00, 0x1b, 0x15,
  0x1a, 0x00, 0x00, 0x00, 0x12, 0xd6, 0x17, 0x00, 0x00, 0x12, 0x1f, 0x1a,
  0x00, 0x00, 0x05, 0x24, 0x1a, 0x00, 0x00, 0x21, 0x42, 0x01, 0x58, 0x13,
  0xae, 0x01, 0x0b, 0x0c, 0x01, 0xa5, 0x1a, 0x00, 0x00, 0x13, 0xaf, 0x01,
  0x00, 0x0b, 0x10, 0x01, 0xe1, 0x15, 0x00, 0x00, 0x13, 0xb0, 0x01, 0x08,
  0x0b, 0x11, 0x01, 0xe9, 0x1a, 0x00, 0x00, 0x13, 0xb1, 0x01, 0x10, 0x0b,
  0x12, 0x01, 0xe9, 0x1a, 0x00, 0x00, 0x13, 0xb2, 0x01, 0x18, 0x0b, 0x13,
  0x01, 0xe1, 0x15, 0x00, 0x00, 0x13, 0xb3, 0x01, 0x20, 0x0b, 0x14, 0x01,
  0xfe, 0x1a, 0x00, 0x00, 0x13, 0xb4, 0x01, 0x28, 0x0b, 0x1d, 0x01, 0x7c,
  0x1b, 0x00, 0x00, 0x13, 0xb5, 0x01, 0x30, 0x0b, 0x2f, 0x01, 0x53, 0x1c,
  0x00, 0x00, 0x13, 0xb6, 0x01, 0x38, 0x0b, 0x30, 0x01, 0x7c, 0x1b, 0x00,
  0x00, 0x13, 0xb8, 0x01, 0x40, 0x0b, 0x31, 0x01, 0x6d, 0x1c, 0x00, 0x00,
  0x13, 0xb9, 0x01, 0x48, 0x0b, 0x41, 0x01, 0xe9, 0x1a, 0x00, 0x00, 0x13,
  0xba, 0x01, 0x50, 0x00, 0x12, 0xaa, 0x1a, 0x00, 0x00, 0x1a, 0x09, 0x05,
  0x00, 0x00, 0x1b, 0x46, 0x10, 0x00, 0x00, 0x1b, 0x09, 0x05, 0x00, 0x00,
  0x1b, 0x09, 0x05, 0x00, 0x00, 0x1b, 0xc4, 0x1a, 0x00, 0x00, 0x00, 0x12,
  0xc9, 0x1a, 0x00, 0x00, 0x05, 0xce, 0x1a, 0x00, 0x00, 0x13, 0x0f, 0x01,
  0x10, 0x1a, 0x08, 0x14, 0x0d, 0x01, 0x14, 0x10, 0x00, 0x00, 0x1a, 0x09,
  0x00, 0x14, 0x0e, 0x01, 0x15, 0x0d, 0x00, 0x00, 0x1a, 0x0a, 0x08, 0x00,
  0x12, 0xee, 0x1a, 0x00, 0x00, 0x1a, 0x09, 0x05, 0x00, 0x00, 0x1b, 0x46,
  0x10, 0x00, 0x00, 0x1b, 0x3c, 0x03, 0x00, 0x00, 0x00, 0x12, 0x03, 0x1b,
  0x00, 0x00, 0x1a, 0x09, 0x05, 0x00, 0x00, 0x1b, 0x46, 0x10, 0x00, 0x00,
  0x1b, 0x09, 0x05, 0x00, 0x00, 0x1b, 0x18, 0x1b, 0x00, 0x00, 0x00, 0x12,
  0x1d, 0x1b, 0x00, 0x00, 0x21, 0x1c, 0x01, 0x20, 0x13, 0xa1, 0x01, 0x0b,
  0x15, 0x01, 0x09, 0x05, 0x00, 0x00, 0x13, 0xa2, 0x01, 0x00, 0x0a, 0x5a,
  0x3c, 0x03, 0x00, 0x00, 0x13, 0xa3, 0x01, 0x04, 0x0b, 0x16, 0x01, 0x3c,
  0x03, 0x00, 0x00, 0x13, 0xa4, 0x01, 0x08, 0x0b, 0x17, 0x01, 0x3c, 0x03,
  0x00, 0x00, 0x13, 0xa6, 0x01, 0x0c, 0x0b, 0x18, 0x01, 0x3c, 0x03, 0x00,
  0x00, 0x13, 0xa7, 0x01, 0x10, 0x0b, 0x19, 0x01, 0x3c, 0x03, 0x00, 0x00,
  0x13, 0xa8, 0x01, 0x14, 0x0b, 0x1a, 0x01, 0x3c, 0x03, 0x00, 0x00, 0x13,
  0xa9, 0x01, 0x18, 0x0b, 0x1b, 0x01, 0x3c, 0x03, 0x00, 0x00, 0x13, 0xaa,
  0x01, 0x1c, 0x00, 0x12, 0x81, 0x1b, 0x00, 0x00, 0x1a, 0x09, 0x05, 0x00,
  0x00, 0x1b, 0x46, 0x10, 0x00, 0x00, 0x1b, 0xd6, 0x17, 0x00, 0x00, 0x1b,
  0x96, 0x1b, 0x00, 0x00, 0x00, 0x12, 0x9b, 0x1b, 0x00, 0x00, 0x21, 0x2e,
  0x01, 0x78, 0x13, 0x59, 0x01, 0x0b, 0x1e, 0x01, 0x09, 0x05, 0x00, 0x00,
  0x13, 0x5a, 0x01, 0x00, 0x0b, 0x1f, 0x01, 0x98, 0x0e, 0x00, 0x00, 0x13,
  0x5b, 0x01, 0x08, 0x0b, 0x20, 0x01, 0x98, 0x0e, 0x00, 0x00, 0x13, 0x5c,
  0x01, 0x10, 0x0b, 0x21, 0x01, 0x98, 0x0e, 0x00, 0x00, 0x13, 0x5d, 0x01,
  0x18, 0x0b, 0x22, 0x01, 0x98, 0x0e, 0x00, 0x00, 0x13, 0x5e, 0x01, 0x20,
  0x0b, 0x23, 0x01, 0x98, 0x0e, 0x00, 0x00, 0x13, 0x5f, 0x01, 0x28, 0x0b,
  0x24, 0x01, 0x98, 0x0e, 0x00, 0x00, 0x13, 0x60, 0x01, 0x30, 0x0b, 0x25,
  0x01, 0xaf, 0x17, 0x00, 0x00, 0x13, 0x61, 0x01, 0x38, 0x0b, 0x26, 0x01,
  0xaf, 0x17, 0x00, 0x00, 0x13, 0x63, 0x01, 0x40, 0x0b, 0x27, 0x01, 0x09,
  0x05, 0x00, 0x00, 0x13, 0x64, 0x01, 0x48, 0x0b, 0x28, 0x01, 0x09, 0x05,
  0x00, 0x00, 0x13, 0x65, 0x01, 0x4c, 0x0b, 0x29, 0x01, 0x98, 0x0e, 0x00,
  0x00, 0x13, 0x66, 0x01, 0x50, 0x0b, 0x2a, 0x01, 0x98, 0x0e, 0x00, 0x00,
  0x13, 0x67, 0x01, 0x58, 0x0b, 0x2b, 0x01, 0x98, 0x0e, 0x00, 0x00, 0x13,
  0x68, 0x01, 0x60, 0x0b, 0x2c, 0x01, 0xaf, 0x17, 0x00, 0x00, 0x13, 0x69,
  0x01, 0x68, 0x0b, 0x2d, 0x01, 0x09, 0x05, 0x00, 0x00, 0x13, 0x6a, 0x01,
  0x70, 0x00, 0x12, 0x58, 0x1c, 0x00, 0x00, 0x1a, 0x09, 0x05, 0x00, 0x00,
  0x1b, 0x46, 0x10, 0x00, 0x00, 0x1b, 0x15, 0x1a, 0x00, 0x00, 0x1b, 0x96,
  0x1b, 0x00, 0x00, 0x00, 0x12, 0x72, 0x1c, 0x00, 0x00, 0x1a, 0x09, 0x05,
  0x00, 0x00, 0x1b, 0x46, 0x10, 0x00, 0x00, 0x1b, 0x82, 0x1c, 0x00, 0x00,
  0x00, 0x12, 0x87, 0x1c, 0x00, 0x00, 0x21, 0x40, 0x01, 0xb0, 0x13, 0x9b,
  0x01, 0x0b, 0x32, 0x01, 0x3c, 0x03, 0x00, 0x00, 0x13, 0x9c, 0x01, 0x00,
  0x0b, 0x33, 0x01, 0xa5, 0x1c, 0x00, 0x00, 0x13, 0x9d, 0x01, 0x08, 0x00,
  0x03, 0xb1, 0x1c, 0x00, 0x00, 0x04, 0x3f, 0x00, 0x00, 0x00, 0x03, 0x00,
  0x21, 0x3f, 0x01, 0x38, 0x13, 0x8d, 0x01, 0x0b, 0x34, 0x01, 0x3c, 0x03,
  0x00, 0x00, 0x13, 0x8e, 0x01, 0x00, 0x0b, 0x35, 0x01, 0x3c, 0x03, 0x00,
  0x00, 0x13, 0x8f, 0x01, 0x04, 0x0b, 0x36, 0x01, 0x3c, 0x03, 0x00, 0x00,
  0x13, 0x91, 0x01, 0x08, 0x0b, 0x37, 0x01, 0x3c, 0x03, 0x00, 0x00, 0x13,
  0x92, 0x01, 0x0c, 0x0b, 0x38, 0x01, 0x3c, 0x03, 0x00, 0x00, 0x13, 0x93,
  0x01, 0x10, 0x0b, 0x39, 0x01, 0x3c, 0x03, 0x00, 0x00, 0x13, 0x94, 0x01,
  0x14, 0x0b, 0x3a, 0x01, 0x3c, 0x03, 0x00, 0x00, 0x13, 0x95, 0x01, 0x18,
  0x0b, 0x3b, 0x01, 0xa8, 0x0e, 0x00, 0x00, 0x13, 0x96, 0x01, 0x20, 0x0b,
  0x3c, 0x01, 0x27, 0x1d, 0x00, 0x00, 0x13, 0x97, 0x01, 0x28, 0x0b, 0x3e,
  0x01, 0x27, 0x1d, 0x00, 0x00, 0x13, 0x98, 0x01, 0x30, 0x00, 0x2f, 0x98,
  0x0e, 0x00, 0x00, 0x3d, 0x01, 0x03, 0x87, 0x12, 0x35, 0x1d, 0x00, 0x00,
  0x05, 0x3a, 0x1d, 0x00, 0x00, 0x30, 0x44, 0x01, 0x13, 0x4b, 0x01, 0x28,
  0x1b, 0x30, 0x14, 0x4a, 0x01, 0x91, 0x17, 0x00, 0x00, 0x1b, 0x31, 0x00,
  0x11, 0x96, 0x91, 0x17, 0x00, 0x00, 0x1b, 0x37, 0x08, 0x11, 0xcf, 0xc7,
  0x17, 0x00, 0x00, 0x1b, 0x39, 0x10, 0x11, 0xcd, 0xbf, 0x17, 0x00, 0x00,
  0x1b, 0x3b, 0x14, 0x11, 0xd1, 0x40, 0x03, 0x00, 0x00, 0x1b, 0x3c, 0x18,
  0x00, 0x12, 0x77, 0x1d, 0x00, 0x00, 0x05, 0x7c, 0x1d, 0x00, 0x00, 0x12,
  0x81, 0x1d, 0x00, 0x00, 0x05, 0x86, 0x1d, 0x00, 0x00, 0x30, 0x50, 0x01,
  0x13, 0x52, 0x01, 0x08, 0x10, 0x22, 0x11, 0x98, 0x3a, 0x0e, 0x00, 0x00,
  0x10, 0x23, 0x00, 0x00, 0x12, 0x9e, 0x1d, 0x00, 0x00, 0x30, 0x55, 0x01,
  0x12, 0xa6, 0x1d, 0x00, 0x00, 0x24, 0xa6, 0x02, 0xb8, 0x0c, 0x0b, 0x04,
  0x08, 0x0b, 0x57, 0x01, 0xca, 0x1e, 0x00, 0x00, 0x0c, 0x0c, 0x04, 0x00,
  0x0b, 0x5a, 0x01, 0x5e, 0x04, 0x00, 0x00, 0x0c, 0x0d, 0x04, 0x08, 0x0b,
  0x5b, 0x01, 0xe2, 0x1e, 0x00, 0x00, 0x0c, 0x0e, 0x04, 0x0c, 0x0b, 0x5d,
  0x01, 0xeb, 0x1e, 0x00, 0x00, 0x0c, 0x0f, 0x04, 0x10, 0x0a, 0x4e, 0x0a,
  0x08, 0x00, 0x00, 0x0c, 0x10, 0x04, 0x18, 0x0b, 0x47, 0x02, 0xff, 0x07,
  0x00, 0x00, 0x0c, 0x11, 0x04, 0x20, 0x0b, 0x48, 0x02, 0xbb, 0x08, 0x00,
  0x00, 0x0c, 0x12, 0x04, 0x28, 0x0b, 0x49, 0x02, 0x3c, 0x03, 0x00, 0x00,
  0x0c, 0x13, 0x04, 0x30, 0x0b, 0x4a, 0x02, 0x3c, 0x03, 0x00, 0x00, 0x0c,
  0x14, 0x04, 0x34, 0x0b, 0x4b, 0x02, 0xd0, 0x2d, 0x00, 0x00, 0x0c, 0x15,
  0x04, 0x38, 0x0b, 0xa0, 0x02, 0xce, 0x1a, 0x00, 0x00, 0x0c, 0x17, 0x04,
  0x40, 0x26, 0x2f, 0x1e, 0x00, 0x00, 0x0c, 0x18, 0x04, 0x50, 0x27, 0x20,
  0x0c, 0x18, 0x04, 0x0b, 0xa1, 0x02, 0x67, 0x17, 0x00, 0x00, 0x0c, 0x1a,
  0x04, 0x00, 0x0b, 0xa2, 0x02, 0x98, 0x0e, 0x00, 0x00, 0x0c, 0x1c, 0x04,
  0x00, 0x00, 0x0b, 0xa3, 0x02, 0x13, 0x13, 0x00, 0x00, 0x0c, 0x1e, 0x04,
  0x70, 0x0b, 0xa4, 0x02, 0xff, 0x07, 0x00, 0x00, 0x0c, 0x20, 0x04, 0x78,
  0x0b, 0xa5, 0x02, 0xfc, 0x32, 0x00, 0x00, 0x0c, 0x23, 0x04, 0x80, 0x0b,
  0xc3, 0x02, 0xb7, 0x34, 0x00, 0x00, 0x0c, 0x24, 0x04, 0x88, 0x0b, 0xc5,
  0x02, 0xb7, 0x34, 0x00, 0x00, 0x0c, 0x25, 0x04, 0x8c, 0x0b, 0xc6, 0x02,
  0xc0, 0x34, 0x00, 0x00, 0x0c, 0x27, 0x04, 0x90, 0x26, 0x96, 0x1e, 0x00,
  0x00, 0x0c, 0x29, 0x04, 0x98, 0x27, 0x20, 0x0c, 0x29, 0x04, 0x29, 0xc7,
  0x02, 0x0c, 0x25, 0x00, 0x00, 0x0c, 0x2a, 0x04, 0x08, 0x00, 0x0b, 0xc8,
  0x02, 0xc5, 0x34, 0x00, 0x00, 0x0c, 0x2b, 0x04, 0x00, 0x0b, 0xca, 0x02,
  0xda, 0x34, 0x00, 0x00, 0x0c, 0x2c, 0x04, 0x00, 0x0b, 0xd1, 0x02, 0x23,
  0x35, 0x00, 0x00, 0x0c, 0x2d, 0x04, 0x00, 0x00, 0x00, 0x2f, 0xd3, 0x1e,
  0x00, 0x00, 0x59, 0x01, 0x1c, 0x34, 0x19, 0x08, 0x1c, 0x2e, 0x14, 0x58,
  0x01, 0x99, 0x17, 0x00, 0x00, 0x1c, 0x30, 0x00, 0x00, 0x2f, 0x3c, 0x03,
  0x00, 0x00, 0x5c, 0x01, 0x03, 0x9f, 0x12, 0xf0, 0x1e, 0x00, 0x00, 0x05,
  0xf5, 0x1e, 0x00, 0x00, 0x25, 0x46, 0x02, 0x08, 0x01, 0x0c, 0x17, 0x08,
  0x0a, 0x96, 0x2b, 0x14, 0x00, 0x00, 0x0c, 0x18, 0x08, 0x00, 0x0b, 0x5e,
  0x01, 0x68, 0x20, 0x00, 0x00, 0x0c, 0x19, 0x08, 0x08, 0x0b, 0x60, 0x01,
  0x72, 0x20, 0x00, 0x00, 0x0c, 0x1a, 0x08, 0x10, 0x0b, 0x61, 0x01, 0x8c,
  0x20, 0x00, 0x00, 0x0c, 0x1b, 0x08, 0x18, 0x0b, 0x62, 0x01, 0xb0, 0x20,
  0x00, 0x00, 0x0c, 0x1c, 0x08, 0x20, 0x0b, 0x63, 0x01, 0xcf, 0x20, 0x00,
  0x00, 0x0c, 0x1d, 0x08, 0x28, 0x0b, 0x86, 0x01, 0xcf, 0x20, 0x00, 0x00,
  0x0c, 0x1e, 0x08, 0x30, 0x0b, 0x87, 0x01, 0xf6, 0x22, 0x00, 0x00, 0x0c,
  0x1f, 0x08, 0x38, 0x0b, 0x89, 0x01, 0x18, 0x23, 0x00, 0x00, 0x0c, 0x21,
  0x08, 0x40, 0x0b, 0x8e, 0x01, 0x83, 0x23, 0x00, 0x00, 0x0c, 0x22, 0x08,
  0x48, 0x0b, 0x91, 0x01, 0xa9, 0x23, 0x00, 0x00, 0x0c, 0x23, 0x08, 0x50,
  0x0b, 0x92, 0x01, 0xa9, 0x23, 0x00, 0x00, 0x0c, 0x24, 0x08, 0x58, 0x0b,
  0x93, 0x01, 0xc3, 0x23, 0x00, 0x00, 0x0c, 0x25, 0x08, 0x60, 0x0b, 0x2f,
  0x02, 0xc7, 0x2b, 0x00, 0x00, 0x0c, 0x26, 0x08, 0x68, 0x0b, 0x30, 0x02,
  0xdc, 0x2b, 0x00, 0x00, 0x0c, 0x27, 0x08, 0x70, 0x0a, 0x39, 0xc7, 0x2b,
  0x00, 0x00, 0x0c, 0x28, 0x08, 0x78, 0x0b, 0x32, 0x02, 0xfb, 0x2b, 0x00,
  0x00, 0x0c, 0x29, 0x08, 0x80, 0x0b, 0x33, 0x02, 0x1a, 0x2c, 0x00, 0x00,
  0x0c, 0x2a, 0x08, 0x88, 0x0b, 0xd3, 0x01, 0x34, 0x2c, 0x00, 0x00, 0x0c,
  0x2b, 0x08, 0x90, 0x0b, 0x35, 0x02, 0x56, 0x2c, 0x00, 0x00, 0x0c, 0x2c,
  0x08, 0x98, 0x0b, 0x36, 0x02, 0x7a, 0x2c, 0x00, 0x00, 0x0c, 0x2d, 0x08,
  0xa0, 0x0b, 0x37, 0x02, 0x34, 0x2c, 0x00, 0x00, 0x0c, 0x2e, 0x08, 0xa8,
  0x0b, 0x38, 0x02, 0x8a, 0x2c, 0x00, 0x00, 0x0c, 0x2f, 0x08, 0xb0, 0x0b,
  0x3a, 0x02, 0xb6, 0x2c, 0x00, 0x00, 0x0c, 0x30, 0x08, 0xb8, 0x0b, 0x3b,
  0x02, 0xda, 0x2c, 0x00, 0x00, 0x0c, 0x31, 0x08, 0xc0, 0x0b, 0x3c, 0x02,
  0xe6, 0x2c, 0x00, 0x00, 0x0c, 0x32, 0x08, 0xc8, 0x0b, 0x3e, 0x02, 0x17,
  0x2d, 0x00, 0x00, 0x0c, 0x33, 0x08, 0xd0, 0x0b, 0x3f, 0x02, 0x36, 0x2d,
  0x00, 0x00, 0x0c, 0x35, 0x08, 0xd8, 0x0b, 0x40, 0x02, 0x47, 0x2d, 0x00,
  0x00, 0x0c, 0x39, 0x08, 0xe0, 0x0b, 0x41, 0x02, 0x70, 0x2d, 0x00, 0x00,
  0x0c, 0x3b, 0x08, 0xe8, 0x0b, 0x42, 0x02, 0xfb, 0x2b, 0x00, 0x00, 0x0c,
  0x3e, 0x08, 0xf0, 0x0b, 0x43, 0x02, 0x99, 0x2d, 0x00, 0x00, 0x0c, 0x3f,
  0x08, 0xf8, 0x0c, 0x45, 0x02, 0xb6, 0x2d, 0x00, 0x00, 0x0c, 0x40, 0x08,
  0x00, 0x01, 0x00, 0x31, 0x3c, 0x03, 0x00, 0x00, 0x5f, 0x01, 0x0c, 0x15,
  0x08, 0x12, 0x77, 0x20, 0x00, 0x00, 0x1a, 0x13, 0x13, 0x00, 0x00, 0x1b,
  0xa1, 0x1d, 0x00, 0x00, 0x1b, 0x13, 0x13, 0x00, 0x00, 0x1b, 0x09, 0x05,
  0x00, 0x00, 0x00, 0x12, 0x91, 0x20, 0x00, 0x00, 0x1a, 0xa9, 0x06, 0x00,
  0x00, 0x1b, 0xa1, 0x1d, 0x00, 0x00, 0x1b, 0xf6, 0x05, 0x00, 0x00, 0x1b,
  0x09, 0x07, 0x00, 0x00, 0x1b, 0xab, 0x20, 0x00, 0x00, 0x00, 0x12, 0x13,
  0x13, 0x00, 0x00, 0x12, 0xb5, 0x20, 0x00, 0x00, 0x1a, 0xa9, 0x06, 0x00,
  0x00, 0x1b, 0xa1, 0x1d, 0x00, 0x00, 0x1b, 0x25, 0x04, 0x00, 0x00, 0x1b,
  0x09, 0x07, 0x00, 0x00, 0x1b, 0xab, 0x20, 0x00, 0x00, 0x00, 0x12, 0xd4,
  0x20, 0x00, 0x00, 0x1a, 0xa9, 0x06, 0x00, 0x00, 0x1b, 0xe4, 0x20, 0x00,
  0x00, 0x1b, 0x80, 0x21, 0x00, 0x00, 0x00, 0x12, 0xe9, 0x20, 0x00, 0x00,
  0x21, 0x6c, 0x01, 0x30, 0x0c, 0x70, 0x01, 0x0b, 0x64, 0x01, 0xa1, 0x1d,
  0x00, 0x00, 0x0c, 0x71, 0x01, 0x00, 0x0b, 0x65, 0x01, 0x13, 0x13, 0x00,
  0x00, 0x0c, 0x72, 0x01, 0x08, 0x0b, 0x66, 0x01, 0x57, 0x21, 0x00, 0x00,
  0x0c, 0x73, 0x01, 0x10, 0x0a, 0x4d, 0xff, 0x07, 0x00, 0x00, 0x0c, 0x74,
  0x01, 0x18, 0x0b, 0x67, 0x01, 0x09, 0x05, 0x00, 0x00, 0x0c, 0x75, 0x01,
  0x20, 0x0b, 0x68, 0x01, 0x21, 0x05, 0x00, 0x00, 0x0c, 0x76, 0x01, 0x24,
  0x26, 0x3a, 0x21, 0x00, 0x00, 0x0c, 0x77, 0x01, 0x28, 0x27, 0x08, 0x0c,
  0x77, 0x01, 0x0b, 0x69, 0x01, 0x68, 0x21, 0x00, 0x00, 0x0c, 0x7d, 0x01,
  0x00, 0x0b, 0x6b, 0x01, 0x70, 0x21, 0x00, 0x00, 0x0c, 0x86, 0x01, 0x00,
  0x00, 0x00, 0x12, 0x5c, 0x21, 0x00, 0x00, 0x1f, 0x1b, 0xe4, 0x20, 0x00,
  0x00, 0x1b, 0xc1, 0x06, 0x00, 0x00, 0x00, 0x12, 0x6d, 0x21, 0x00, 0x00,
  0x30, 0x6a, 0x01, 0x12, 0x75, 0x21, 0x00, 0x00, 0x1a, 0xa9, 0x06, 0x00,
  0x00, 0x1b, 0xff, 0x07, 0x00, 0x00, 0x00, 0x12, 0x85, 0x21, 0x00, 0x00,
  0x13, 0x85, 0x01, 0x28, 0x1d, 0x2b, 0x14, 0x6d, 0x01, 0x0d, 0x05, 0x00,
  0x00, 0x1d, 0x2c, 0x00, 0x14, 0x6e, 0x01, 0x56, 0x22, 0x00, 0x00, 0x1d,
  0x2d, 0x01, 0x14, 0x71, 0x01, 0x56, 0x22, 0x00, 0x00, 0x1d, 0x2e, 0x02,
  0x14, 0x72, 0x01, 0x09, 0x07, 0x00, 0x00, 0x1d, 0x2f, 0x08, 0x17, 0xbb,
  0x21, 0x00, 0x00, 0x1d, 0x3a, 0x10, 0x18, 0x10, 0x1d, 0x3a, 0x14, 0x73,
  0x01, 0x64, 0x22, 0x00, 0x00, 0x1d, 0x40, 0x00, 0x17, 0xd1, 0x21, 0x00,
  0x00, 0x1d, 0x41, 0x00, 0x19, 0x10, 0x1d, 0x41, 0x17, 0xdd, 0x21, 0x00,
  0x00, 0x1d, 0x42, 0x00, 0x18, 0x08, 0x1d, 0x42, 0x14, 0x77, 0x01, 0x7f,
  0x22, 0x00, 0x00, 0x1d, 0x44, 0x00, 0x14, 0x78, 0x01, 0x89, 0x22, 0x00,
  0x00, 0x1d, 0x45, 0x00, 0x14, 0x79, 0x01, 0xae, 0x22, 0x00, 0x00, 0x1d,
  0x46, 0x00, 0x14, 0x7b, 0x01, 0xbb, 0x22, 0x00, 0x00, 0x1d, 0x47, 0x00,
  0x14, 0x7d, 0x01, 0xc8, 0x22, 0x00, 0x00, 0x1d, 0x48, 0x00, 0x14, 0x81,
  0x01, 0xff, 0x07, 0x00, 0x00, 0x1d, 0x49, 0x00, 0x00, 0x14, 0x4a, 0x01,
  0x09, 0x07, 0x00, 0x00, 0x1d, 0x4b, 0x08, 0x00, 0x00, 0x17, 0x32, 0x22,
  0x00, 0x00, 0x1d, 0x4e, 0x20, 0x18, 0x08, 0x1d, 0x4e, 0x14, 0x82, 0x01,
  0x21, 0x07, 0x00, 0x00, 0x1d, 0x4f, 0x00, 0x14, 0x83, 0x01, 0x0d, 0x05,
  0x00, 0x00, 0x1d, 0x50, 0x00, 0x14, 0x84, 0x01, 0x13, 0x13, 0x00, 0x00,
  0x1d, 0x51, 0x00, 0x00, 0x00, 0x2f, 0x5f, 0x22, 0x00, 0x00, 0x70, 0x01,
  0x03, 0x23, 0x32, 0x6f, 0x01, 0x02, 0x01, 0x13, 0x76, 0x01, 0x10, 0x1e,
  0x11, 0x14, 0x74, 0x01, 0xff, 0x07, 0x00, 0x00, 0x1e, 0x13, 0x00, 0x14,
  0x75, 0x01, 0x11, 0x07, 0x00, 0x00, 0x1e, 0x14, 0x08, 0x00, 0x12, 0x84,
  0x22, 0x00, 0x00, 0x05, 0x64, 0x22, 0x00, 0x00, 0x12, 0x8e, 0x22, 0x00,
  0x00, 0x05, 0x93, 0x22, 0x00, 0x00, 0x13, 0x78, 0x01, 0x10, 0x1d, 0x12,
  0x14, 0x74, 0x01, 0xff, 0x07, 0x00, 0x00, 0x1d, 0x13, 0x00, 0x14, 0x75,
  0x01, 0x09, 0x07, 0x00, 0x00, 0x1d, 0x14, 0x08, 0x00, 0x12, 0xb3, 0x22,
  0x00, 0x00, 0x05, 0xb8, 0x22, 0x00, 0x00, 0x30, 0x7a, 0x01, 0x12, 0xc0,
  0x22, 0x00, 0x00, 0x05, 0xc5, 0x22, 0x00, 0x00, 0x30, 0x7c, 0x01, 0x12,
  0xcd, 0x22, 0x00, 0x00, 0x21, 0x7d, 0x01, 0x10, 0x1f, 0x2c, 0x01, 0x0b,
  0x7e, 0x01, 0x5e, 0x04, 0x00, 0x00, 0x1f, 0x2d, 0x01, 0x00, 0x0b, 0x7f,
  0x01, 0xf2, 0x18, 0x00, 0x00, 0x1f, 0x2f, 0x01, 0x04, 0x0b, 0x80, 0x01,
  0xff, 0x07, 0x00, 0x00, 0x1f, 0x30, 0x01, 0x08, 0x00, 0x12, 0xfb, 0x22,
  0x00, 0x00, 0x1a, 0x09, 0x05, 0x00, 0x00, 0x1b, 0xe4, 0x20, 0x00, 0x00,
  0x1b, 0x10, 0x23, 0x00, 0x00, 0x1b, 0x3c, 0x03, 0x00, 0x00, 0x00, 0x12,
  0x15, 0x23, 0x00, 0x00, 0x30, 0x88, 0x01, 0x12, 0x1d, 0x23, 0x00, 0x00,
  0x1a, 0x09, 0x05, 0x00, 0x00, 0x1b, 0xa1, 0x1d, 0x00, 0x00, 0x1b, 0x2d,
  0x23, 0x00, 0x00, 0x00, 0x12, 0x32, 0x23, 0x00, 0x00, 0x21, 0x8d, 0x01,
  0x10, 0x0c, 0xdd, 0x07, 0x0b, 0x8a, 0x01, 0x50, 0x23, 0x00, 0x00, 0x0c,
  0xde, 0x07, 0x00, 0x0b, 0x8c, 0x01, 0x13, 0x13, 0x00, 0x00, 0x0c, 0xdf,
  0x07, 0x08, 0x00, 0x31, 0x5a, 0x23, 0x00, 0x00, 0x8b, 0x01, 0x0c, 0xda,
  0x07, 0x12, 0x5f, 0x23, 0x00, 0x00, 0x1a, 0x56, 0x22, 0x00, 0x00, 0x1b,
  0x2d, 0x23, 0x00, 0x00, 0x1b, 0x25, 0x04, 0x00, 0x00, 0x1b, 0x09, 0x05,
  0x00, 0x00, 0x1b, 0x13, 0x13, 0x00, 0x00, 0x1b, 0x98, 0x0e, 0x00, 0x00,
  0x1b, 0x3c, 0x03, 0x00, 0x00, 0x00, 0x12, 0x88, 0x23, 0x00, 0x00, 0x1a,
  0x98, 0x23, 0x00, 0x00, 0x1b, 0xa1, 0x1d, 0x00, 0x00, 0x1b, 0xa1, 0x23,
  0x00, 0x00, 0x00, 0x2f, 0x3c, 0x03, 0x00, 0x00, 0x8f, 0x01, 0x20, 0x3b,
  0x12, 0xa6, 0x23, 0x00, 0x00, 0x30, 0x90, 0x01, 0x12, 0xae, 0x23, 0x00,
  0x00, 0x1a, 0xc1, 0x06, 0x00, 0x00, 0x1b, 0xa1, 0x1d, 0x00, 0x00, 0x1b,
  0x3c, 0x03, 0x00, 0x00, 0x1b, 0x21, 0x07, 0x00, 0x00, 0x00, 0x12, 0xc8,
  0x23, 0x00, 0x00, 0x1a, 0x09, 0x05, 0x00, 0x00, 0x1b, 0xa1, 0x1d, 0x00,
  0x00, 0x1b, 0xd8, 0x23, 0x00, 0x00, 0x00, 0x12, 0xdd, 0x23, 0x00, 0x00,
  0x21, 0x2e, 0x02, 0xa8, 0x21, 0x89, 0x02, 0x26, 0xed, 0x23, 0x00, 0x00,
  0x21, 0x8c, 0x02, 0x00, 0x27, 0x10, 0x21, 0x8c, 0x02, 0x26, 0xfb, 0x23,
  0x00, 0x00, 0x21, 0x8d, 0x02, 0x00, 0x33, 0x10, 0x21, 0x8d, 0x02, 0x0b,
  0x94, 0x01, 0x21, 0x07, 0x00, 0x00, 0x21, 0x8f, 0x02, 0x00, 0x0b, 0x95,
  0x01, 0x21, 0x07, 0x00, 0x00, 0x21, 0x90, 0x02, 0x08, 0x00, 0x29, 0x96,
  0x01, 0x0c, 0x25, 0x00, 0x00, 0x21, 0x93, 0x02, 0x08, 0x00, 0x00, 0x0b,
  0x99, 0x01, 0x38, 0x25, 0x00, 0x00, 0x21, 0x9b, 0x02, 0x10, 0x0b, 0x0f,
  0x02, 0x17, 0x2b, 0x00, 0x00, 0x21, 0x9c, 0x02, 0x18, 0x26, 0x43, 0x24,
  0x00, 0x00, 0x21, 0xa2, 0x02, 0x20, 0x27, 0x08, 0x21, 0xa2, 0x02, 0x0b,
  0x13, 0x02, 0x3d, 0x2b, 0x00, 0x00, 0x21, 0xa3, 0x02, 0x00, 0x0b, 0x15,
  0x02, 0x42, 0x2b, 0x00, 0x00, 0x21, 0xa4, 0x02, 0x00, 0x00, 0x0b, 0x16,
  0x02, 0x56, 0x22, 0x00, 0x00, 0x21, 0xac, 0x02, 0x28, 0x0b, 0x17, 0x02,
  0x09, 0x05, 0x00, 0x00, 0x21, 0xbc, 0x02, 0x2c, 0x0b, 0x18, 0x02, 0x4c,
  0x2b, 0x00, 0x00, 0x21, 0xbe, 0x02, 0x30, 0x0b, 0x1a, 0x02, 0x8b, 0x24,
  0x00, 0x00, 0x21, 0xc9, 0x02, 0x38, 0x33, 0x20, 0x21, 0xc6, 0x02, 0x29,
  0x1b, 0x02, 0x64, 0x2b, 0x00, 0x00, 0x21, 0xc7, 0x02, 0x08, 0x00, 0x0b,
  0x20, 0x02, 0x21, 0x07, 0x00, 0x00, 0x21, 0xc8, 0x02, 0x18, 0x00, 0x0b,
  0x21, 0x02, 0x40, 0x03, 0x00, 0x00, 0x21, 0xd1, 0x02, 0x58, 0x0b, 0x22,
  0x02, 0x8f, 0x2b, 0x00, 0x00, 0x21, 0xd3, 0x02, 0x68, 0x0b, 0x23, 0x02,
  0x97, 0x2b, 0x00, 0x00, 0x21, 0xd6, 0x02, 0x70, 0x0b, 0x25, 0x02, 0x21,
  0x07, 0x00, 0x00, 0x21, 0xd9, 0x02, 0x78, 0x0b, 0x26, 0x02, 0xa1, 0x1d,
  0x00, 0x00, 0x21, 0xdb, 0x02, 0x80, 0x0b, 0x27, 0x02, 0xff, 0x07, 0x00,
  0x00, 0x21, 0xdc, 0x02, 0x88, 0x0b, 0x28, 0x02, 0x91, 0x17, 0x00, 0x00,
  0x21, 0xe7, 0x02, 0x90, 0x0b, 0x29, 0x02, 0xa4, 0x2b, 0x00, 0x00, 0x21,
  0xed, 0x02, 0x98, 0x0b, 0x2b, 0x02, 0xac, 0x2b, 0x00, 0x00, 0x21, 0xf2,
  0x02, 0xa0, 0x00, 0x2c, 0x98, 0x01, 0x10, 0x03, 0xeb, 0x08, 0x11, 0x0f,
  0x27, 0x25, 0x00, 0x00, 0x03, 0xec, 0x00, 0x14, 0x97, 0x01, 0x2c, 0x25,
  0x00, 0x00, 0x03, 0xed, 0x08, 0x00, 0x12, 0x0c, 0x25, 0x00, 0x00, 0x12,
  0x31, 0x25, 0x00, 0x00, 0x1f, 0x1b, 0x27, 0x25, 0x00, 0x00, 0x00, 0x12,
  0x3d, 0x25, 0x00, 0x00, 0x25, 0x0e, 0x02, 0x00, 0x05, 0x21, 0x05, 0x03,
  0x26, 0x4e, 0x25, 0x00, 0x00, 0x21, 0x06, 0x03, 0x00, 0x34, 0x00, 0x05,
  0x21, 0x06, 0x03, 0x35, 0x5e, 0x25, 0x00, 0x00, 0x21, 0x0b, 0x03, 0x40,
  0x00, 0x36, 0x40, 0x21, 0x0b, 0x03, 0x40, 0x0b, 0x9a, 0x01, 0xf3, 0x04,
  0x00, 0x00, 0x21, 0x13, 0x03, 0x00, 0x00, 0x0b, 0x9b, 0x01, 0x21, 0x28,
  0x00, 0x00, 0x21, 0x16, 0x03, 0x40, 0x0b, 0xa2, 0x01, 0x21, 0x07, 0x00,
  0x00, 0x21, 0x18, 0x03, 0x50, 0x0b, 0xa3, 0x01, 0x21, 0x07, 0x00, 0x00,
  0x21, 0x19, 0x03, 0x58, 0x0b, 0xa4, 0x01, 0x21, 0x07, 0x00, 0x00, 0x21,
  0x1c, 0x03, 0x60, 0x0b, 0xa5, 0x01, 0x21, 0x07, 0x00, 0x00, 0x21, 0x1d,
  0x03, 0x68, 0x0b, 0xa6, 0x01, 0x21, 0x07, 0x00, 0x00, 0x21, 0x1f, 0x03,
  0x70, 0x0b, 0xa7, 0x01, 0x6a, 0x28, 0x00, 0x00, 0x21, 0x20, 0x03, 0x78,
  0x0b, 0xaa, 0x01, 0xf3, 0x04, 0x00, 0x00, 0x21, 0x29, 0x03, 0x80, 0x0b,
  0xab, 0x01, 0xf3, 0x04, 0x00, 0x00, 0x21, 0x35, 0x03, 0x84, 0x0b, 0xac,
  0x01, 0x93, 0x28, 0x00, 0x00, 0x21, 0x3f, 0x03, 0x88, 0x0b, 0xb1, 0x01,
  0x21, 0x07, 0x00, 0x00, 0x21, 0x45, 0x03, 0x90, 0x0b, 0xb2, 0x01, 0x3c,
  0x03, 0x00, 0x00, 0x21, 0x4c, 0x03, 0x98, 0x0b, 0xb3, 0x01, 0xf3, 0x04,
  0x00, 0x00, 0x21, 0x53, 0x03, 0x9c, 0x0b, 0xb4, 0x01, 0xbf, 0x17, 0x00,
  0x00, 0x21, 0x5a, 0x03, 0xa0, 0x0b, 0xb5, 0x01, 0x91, 0x17, 0x00, 0x00,
  0x21, 0x5d, 0x03, 0xa8, 0x0b, 0xb6, 0x01, 0x09, 0x05, 0x00, 0x00, 0x21,
  0x5f, 0x03, 0xb0, 0x0b, 0xb7, 0x01, 0x5e, 0x04, 0x00, 0x00, 0x21, 0x61,
  0x03, 0xb4, 0x0b, 0xb8, 0x01, 0x3d, 0x1d, 0x00, 0x00, 0x21, 0x70, 0x03,
  0xb8, 0x0b, 0xb9, 0x01, 0x40, 0x03, 0x00, 0x00, 0x21, 0x72, 0x03, 0xe0,
  0x0b, 0xba, 0x01, 0x09, 0x05, 0x00, 0x00, 0x21, 0x86, 0x03, 0xf0, 0x0b,
  0xbb, 0x01, 0x21, 0x07, 0x00, 0x00, 0x21, 0x8a, 0x03, 0xf8, 0x0c, 0xbc,
  0x01, 0x21, 0x07, 0x00, 0x00, 0x21, 0x8b, 0x03, 0x00, 0x01, 0x0c, 0xbd,
  0x01, 0x21, 0x07, 0x00, 0x00, 0x21, 0x8d, 0x03, 0x08, 0x01, 0x0c, 0xbe,
  0x01, 0x21, 0x07, 0x00, 0x00, 0x21, 0x8e, 0x03, 0x10, 0x01, 0x0c, 0xbf,
  0x01, 0x99, 0x17, 0x00, 0x00, 0x21, 0x8f, 0x03, 0x18, 0x01, 0x0c, 0xc0,
  0x01, 0x21, 0x07, 0x00, 0x00, 0x21, 0x90, 0x03, 0x20, 0x01, 0x0c, 0xc1,
  0x01, 0x21, 0x07, 0x00, 0x00, 0x21, 0x91, 0x03, 0x28, 0x01, 0x0c, 0xc2,
  0x01, 0x21, 0x07, 0x00, 0x00, 0x21, 0x92, 0x03, 0x30, 0x01, 0x0c, 0xc3,
  0x01, 0x21, 0x07, 0x00, 0x00, 0x21, 0x93, 0x03, 0x38, 0x01, 0x0c, 0xc4,
  0x01, 0x0b, 0x0e, 0x00, 0x00, 0x21, 0x9a, 0x03, 0x40, 0x01, 0x0c, 0xc5,
  0x01, 0x5e, 0x04, 0x00, 0x00, 0x21, 0x9c, 0x03, 0x44, 0x01, 0x0c, 0xc6,
  0x01, 0x21, 0x07, 0x00, 0x00, 0x21, 0x9e, 0x03, 0x48, 0x01, 0x0c, 0xc7,
  0x01, 0x21, 0x07, 0x00, 0x00, 0x21, 0x9e, 0x03, 0x50, 0x01, 0x0c, 0xc8,
  0x01, 0x21, 0x07, 0x00, 0x00, 0x21, 0x9e, 0x03, 0x58, 0x01, 0x0c, 0xc9,
  0x01, 0x21, 0x07, 0x00, 0x00, 0x21, 0x9e, 0x03, 0x60, 0x01, 0x0c, 0xca,
  0x01, 0x21, 0x07, 0x00, 0x00, 0x21, 0x9f, 0x03, 0x68, 0x01, 0x0c, 0xcb,
  0x01, 0x21, 0x07, 0x00, 0x00, 0x21, 0x9f, 0x03, 0x70, 0x01, 0x0c, 0xcc,
  0x01, 0x21, 0x07, 0x00, 0x00, 0x21, 0x9f, 0x03, 0x78, 0x01, 0x0c, 0xcd,
  0x01, 0x21, 0x07, 0x00, 0x00, 0x21, 0xa0, 0x03, 0x80, 0x01, 0x0c, 0xce,
  0x01, 0x21, 0x07, 0x00, 0x00, 0x21, 0xa0, 0x03, 0x88, 0x01, 0x0c, 0xcf,
  0x01, 0x21, 0x07, 0x00, 0x00, 0x21, 0xa0, 0x03, 0x90, 0x01, 0x0c, 0xd0,
  0x01, 0x21, 0x07, 0x00, 0x00, 0x21, 0xa0, 0x03, 0x98, 0x01, 0x0c, 0xd1,
  0x01, 0xc1, 0x28, 0x00, 0x00, 0x21, 0xa2, 0x03, 0xa0, 0x01, 0x0c, 0xd2,
  0x01, 0xcd, 0x28, 0x00, 0x00, 0x21, 0xa4, 0x03, 0x40, 0x03, 0x0c, 0xd8,
  0x01, 0x1e, 0x29, 0x00, 0x00, 0x21, 0xa6, 0x03, 0xe0, 0x03, 0x0c, 0xda,
  0x01, 0x26, 0x29, 0x00, 0x00, 0x21, 0xa9, 0x03, 0xe8, 0x03, 0x0c, 0x34,
  0x01, 0x21, 0x07, 0x00, 0x00, 0x21, 0xab, 0x03, 0x68, 0x04, 0x0c, 0xfb,
  0x01, 0x5e, 0x04, 0x00, 0x00, 0x21, 0xae, 0x03, 0x70, 0x04, 0x0c, 0xfc,
  0x01, 0x95, 0x2a, 0x00, 0x00, 0x21, 0xaf, 0x03, 0x78, 0x04, 0x0c, 0xfe,
  0x01, 0x9d, 0x2a, 0x00, 0x00, 0x21, 0xbe, 0x03, 0x80, 0x04, 0x0c, 0x00,
  0x02, 0xa1, 0x1d, 0x00, 0x00, 0x21, 0xc1, 0x03, 0x88, 0x04, 0x0c, 0x01,
  0x02, 0xa5, 0x2a, 0x00, 0x00, 0x21, 0xc3, 0x03, 0x90, 0x04, 0x0c, 0x03,
  0x02, 0xf3, 0x04, 0x00, 0x00, 0x21, 0xdb, 0x03, 0x98, 0x04, 0x0c, 0x04,
  0x02, 0xf3, 0x04, 0x00, 0x00, 0x21, 0xde, 0x03, 0x9c, 0x04, 0x0c, 0x05,
  0x02, 0xad, 0x2a, 0x00, 0x00, 0x21, 0xe0, 0x03, 0xa0, 0x04, 0x0c, 0x07,
  0x02, 0x91, 0x17, 0x00, 0x00, 0x21, 0xe5, 0x03, 0xa8, 0x04, 0x0c, 0x08,
  0x02, 0xc6, 0x2a, 0x00, 0x00, 0x21, 0xe7, 0x03, 0xb0, 0x04, 0x0c, 0x0b,
  0x02, 0x04, 0x2b, 0x00, 0x00, 0x21, 0xea, 0x03, 0xd0, 0x04, 0x00, 0x0c,
  0x0d, 0x02, 0x0c, 0x2b, 0x00, 0x00, 0x21, 0x13, 0x04, 0x00, 0x05, 0x00,
  0x13, 0xa1, 0x01, 0x10, 0x22, 0xe7, 0x17, 0x2f, 0x28, 0x00, 0x00, 0x22,
  0xe8, 0x00, 0x18, 0x04, 0x22, 0xe8, 0x14, 0x9c, 0x01, 0x5e, 0x04, 0x00,
  0x00, 0x22, 0xe9, 0x00, 0x14, 0x9d, 0x01, 0x5d, 0x28, 0x00, 0x00, 0x22,
  0xea, 0x00, 0x00, 0x14, 0x9f, 0x01, 0x3c, 0x03, 0x00, 0x00, 0x22, 0xec,
  0x04, 0x14, 0xa0, 0x01, 0xff, 0x07, 0x00, 0x00, 0x22, 0xed, 0x08, 0x00,
  0x2f, 0x66, 0x28, 0x00, 0x00, 0x9e, 0x01, 0x22, 0xd2, 0x37, 0x00, 0x22,
  0xd2, 0x12, 0x6f, 0x28, 0x00, 0x00, 0x31, 0x79, 0x28, 0x00, 0x00, 0xa9,
  0x01, 0x24, 0x27, 0x01, 0x33, 0x08, 0x24, 0x27, 0x01, 0x0b, 0xa7, 0x01,
  0x8a, 0x28, 0x00, 0x00, 0x24, 0x27, 0x01, 0x00, 0x00, 0x2f, 0x21, 0x07,
  0x00, 0x00, 0xa8, 0x01, 0x23, 0x12, 0x12, 0x98, 0x28, 0x00, 0x00, 0x21,
  0xb0, 0x01, 0x10, 0x21, 0xfc, 0x02, 0x0b, 0xad, 0x01, 0x98, 0x0e, 0x00,
  0x00, 0x21, 0xfd, 0x02, 0x00, 0x0b, 0xae, 0x01, 0x09, 0x05, 0x00, 0x00,
  0x21, 0xfe, 0x02, 0x08, 0x0b, 0xaf, 0x01, 0x09, 0x05, 0x00, 0x00, 0x21,
  0xff, 0x02, 0x0c, 0x00, 0x03, 0x21, 0x07, 0x00, 0x00, 0x04, 0x3f, 0x00,
  0x00, 0x00, 0x34, 0x00, 0x03, 0xd9, 0x28, 0x00, 0x00, 0x04, 0x3f, 0x00,
  0x00, 0x00, 0x04, 0x00, 0x13, 0xd7, 0x01, 0x28, 0x25, 0x16, 0x14, 0xd3,
  0x01, 0xbf, 0x17, 0x00, 0x00, 0x25, 0x17, 0x00, 0x14, 0x4a, 0x01, 0xaf,
  0x17, 0x00, 0x00, 0x25, 0x18, 0x08, 0x11, 0x0e, 0x40, 0x03, 0x00, 0x00,
  0x25, 0x1a, 0x10, 0x14, 0xd4, 0x01, 0x07, 0x29, 0x00, 0x00, 0x25, 0x1c,
  0x20, 0x00, 0x12, 0x0c, 0x29, 0x00, 0x00, 0x2f, 0x15, 0x29, 0x00, 0x00,
  0xd6, 0x01, 0x07, 0x14, 0x2f, 0x09, 0x05, 0x00, 0x00, 0xd5, 0x01, 0x06,
  0x1a, 0x12, 0x23, 0x29, 0x00, 0x00, 0x30, 0xd9, 0x01, 0x2f, 0x2f, 0x29,
  0x00, 0x00, 0xfa, 0x01, 0x26, 0x46, 0x19, 0x80, 0x26, 0x17, 0x14, 0xdb,
  0x01, 0x98, 0x0e, 0x00, 0x00, 0x26, 0x1c, 0x00, 0x14, 0xdc, 0x01, 0x99,
  0x17, 0x00, 0x00, 0x26, 0x26, 0x08, 0x14, 0xdd, 0x01, 0x3d, 0x1d, 0x00,
  0x00, 0x26, 0x29, 0x10, 0x14, 0xde, 0x01, 0xa2, 0x29, 0x00, 0x00, 0x26,
  0x2a, 0x38, 0x14, 0x34, 0x01, 0x21, 0x07, 0x00, 0x00, 0x26, 0x2e, 0x40,
  0x14, 0xd3, 0x01, 0x67, 0x17, 0x00, 0x00, 0x26, 0x39, 0x48, 0x14, 0xe0,
  0x01, 0xff, 0x07, 0x00, 0x00, 0x26, 0x3a, 0x68, 0x14, 0xe1, 0x01, 0xaa,
  0x29, 0x00, 0x00, 0x26, 0x3b, 0x70, 0x14, 0xf4, 0x01, 0xf3, 0x04, 0x00,
  0x00, 0x26, 0x3d, 0x78, 0x14, 0xf5, 0x01, 0x21, 0x05, 0x00, 0x00, 0x26,
  0x43, 0x7c, 0x14, 0xf6, 0x01, 0x7e, 0x2a, 0x00, 0x00, 0x26, 0x44, 0x7e,
  0x00, 0x12, 0xa7, 0x29, 0x00, 0x00, 0x30, 0xdf, 0x01, 0x12, 0xaf, 0x29,
  0x00, 0x00, 0x05, 0xb4, 0x29, 0x00, 0x00, 0x13, 0xe1, 0x01, 0x98, 0x27,
  0x0d, 0x14, 0xe2, 0x01, 0xff, 0x07, 0x00, 0x00, 0x27, 0x0e, 0x00, 0x11,
  0x4c, 0x21, 0x07, 0x00, 0x00, 0x27, 0x0f, 0x08, 0x14, 0xe3, 0x01, 0x21,
  0x07, 0x00, 0x00, 0x27, 0x11, 0x10, 0x14, 0xe4, 0x01, 0x21, 0x07, 0x00,
  0x00, 0x27, 0x11, 0x18, 0x14, 0xe5, 0x01, 0x21, 0x07, 0x00, 0x00, 0x27,
  0x12, 0x20, 0x14, 0xe6, 0x01, 0x21, 0x07, 0x00, 0x00, 0x27, 0x12, 0x28,
  0x14, 0xe7, 0x01, 0x78, 0x2a, 0x00, 0x00, 0x27, 0x13, 0x30, 0x14, 0xe8,
  0x01, 0xc1, 0x06, 0x00, 0x00, 0x27, 0x15, 0x38, 0x14, 0xe9, 0x01, 0xc1,
  0x06, 0x00, 0x00, 0x27, 0x17, 0x40, 0x14, 0xea, 0x01, 0xc1, 0x06, 0x00,
  0x00, 0x27, 0x18, 0x48, 0x14, 0xeb, 0x01, 0xc1, 0x06, 0x00, 0x00, 0x27,
  0x19, 0x50, 0x14, 0xec, 0x01, 0xc1, 0x06, 0x00, 0x00, 0x27, 0x1a, 0x58,
  0x14, 0xed, 0x01, 0xc1, 0x06, 0x00, 0x00, 0x27, 0x1b, 0x60, 0x14, 0xee,
  0x01, 0xc1, 0x06, 0x00, 0x00, 0x27, 0x1c, 0x68, 0x14, 0xef, 0x01, 0xc1,
  0x06, 0x00, 0x00, 0x27, 0x1d, 0x70, 0x14, 0xf0, 0x01, 0xc1, 0x06, 0x00,
  0x00, 0x27, 0x1e, 0x78, 0x14, 0xf1, 0x01, 0xc1, 0x06, 0x00, 0x00, 0x27,
  0x1f, 0x80, 0x14, 0xf2, 0x01, 0xc1, 0x06, 0x00, 0x00, 0x27, 0x20, 0x88,
  0x14, 0xf3, 0x01, 0xc1, 0x06, 0x00, 0x00, 0x27, 0x21, 0x90, 0x00, 0x12,
  0x7d, 0x2a, 0x00, 0x00, 0x38, 0x2f, 0x87, 0x2a, 0x00, 0x00, 0xf9, 0x01,
  0x07, 0x12, 0x2f, 0x90, 0x2a, 0x00, 0x00, 0xf8, 0x01, 0x06, 0x17, 0x32,
  0xf7, 0x01, 0x05, 0x02, 0x12, 0x9a, 0x2a, 0x00, 0x00, 0x30, 0xfd, 0x01,
  0x12, 0xa2, 0x2a, 0x00, 0x00, 0x30, 0xff, 0x01, 0x12, 0xaa, 0x2a, 0x00,
  0x00, 0x30, 0x02, 0x02, 0x13, 0x05, 0x02, 0x08, 0x28, 0xad, 0x14, 0x06,
  0x02, 0xbe, 0x2a, 0x00, 0x00, 0x28, 0xae, 0x00, 0x00, 0x12, 0xc3, 0x2a,
  0x00, 0x00, 0x30, 0x06, 0x02, 0x13, 0x0a, 0x02, 0x20, 0x29, 0x10, 0x14,
  0xe2, 0x01, 0x91, 0x17, 0x00, 0x00, 0x29, 0x11, 0x00, 0x11, 0x15, 0x40,
  0x03, 0x00, 0x00, 0x29, 0x12, 0x08, 0x14, 0x97, 0x01, 0xea, 0x2a, 0x00,
  0x00, 0x29, 0x13, 0x18, 0x00, 0x2f, 0xf3, 0x2a, 0x00, 0x00, 0x09, 0x02,
  0x29, 0x0d, 0x12, 0xf8, 0x2a, 0x00, 0x00, 0x1f, 0x1b, 0xff, 0x2a, 0x00,
  0x00, 0x00, 0x12, 0xc6, 0x2a, 0x00, 0x00, 0x12, 0x09, 0x2b, 0x00, 0x00,
  0x30, 0x0c, 0x02, 0x03, 0x21, 0x07, 0x00, 0x00, 0x39, 0x3f, 0x00, 0x00,
  0x00, 0x00, 0x31, 0x21, 0x2b, 0x00, 0x00, 0x12, 0x02, 0x24, 0x25, 0x01,
  0x21, 0x10, 0x02, 0x08, 0x24, 0x25, 0x01, 0x0b, 0x10, 0x02, 0x34, 0x2b,
  0x00, 0x00, 0x24, 0x25, 0x01, 0x00, 0x00, 0x2f, 0x21, 0x07, 0x00, 0x00,
  0x11, 0x02, 0x23, 0x13, 0x05, 0x42, 0x2b, 0x00, 0x00, 0x31, 0x21, 0x07,
  0x00, 0x00, 0x14, 0x02, 0x21, 0x1e, 0x02, 0x12, 0x51, 0x2b, 0x00, 0x00,
  0x21, 0x19, 0x02, 0x28, 0x21, 0x58, 0x02, 0x0b, 0xd3, 0x01, 0x3d, 0x1d,
  0x00, 0x00, 0x21, 0x59, 0x02, 0x00, 0x00, 0x2c, 0x1f, 0x02, 0x18, 0x2a,
  0x05, 0x08, 0x14, 0x1c, 0x02, 0x21, 0x07, 0x00, 0x00, 0x2a, 0x06, 0x00,
  0x14, 0x1d, 0x02, 0x8a, 0x2b, 0x00, 0x00, 0x2a, 0x07, 0x08, 0x14, 0x1e,
  0x02, 0x8a, 0x2b, 0x00, 0x00, 0x2a, 0x08, 0x10, 0x00, 0x12, 0x64, 0x2b,
  0x00, 0x00, 0x12, 0x94, 0x2b, 0x00, 0x00, 0x30, 0x22, 0x02, 0x12, 0x9c,
  0x2b, 0x00, 0x00, 0x05, 0xa1, 0x2b, 0x00, 0x00, 0x30, 0x24, 0x02, 0x12,
  0xa9, 0x2b, 0x00, 0x00, 0x30, 0x2a, 0x02, 0x21, 0x2b, 0x02, 0x08, 0x21,
  0x35, 0x02, 0x0b, 0x2c, 0x02, 0xbf, 0x2b, 0x00, 0x00, 0x21, 0x36, 0x02,
  0x00, 0x00, 0x12, 0xc4, 0x2b, 0x00, 0x00, 0x30, 0x2d, 0x02, 0x12, 0xcc,
  0x2b, 0x00, 0x00, 0x1a, 0x09, 0x05, 0x00, 0x00, 0x1b, 0xbb, 0x08, 0x00,
  0x00, 0x1b, 0xa1, 0x1d, 0x00, 0x00, 0x00, 0x12, 0xe1, 0x2b, 0x00, 0x00,
  0x1a, 0x09, 0x05, 0x00, 0x00, 0x1b, 0xa1, 0x1d, 0x00, 0x00, 0x1b, 0xf1,
  0x2b, 0x00, 0x00, 0x00, 0x31, 0xff, 0x07, 0x00, 0x00, 0x31, 0x02, 0x0c,
  0x50, 0x04, 0x12, 0x00, 0x2c, 0x00, 0x00, 0x1a, 0x09, 0x05, 0x00, 0x00,
  0x1b, 0xa1, 0x1d, 0x00, 0x00, 0x1b, 0x13, 0x13, 0x00, 0x00, 0x1b, 0x13,
  0x13, 0x00, 0x00, 0x1b, 0x09, 0x05, 0x00, 0x00, 0x00, 0x12, 0x1f, 0x2c,
  0x00, 0x00, 0x1a, 0x09, 0x05, 0x00, 0x00, 0x1b, 0x09, 0x05, 0x00, 0x00,
  0x1b, 0xa1, 0x1d, 0x00, 0x00, 0x1b, 0x09, 0x05, 0x00, 0x00, 0x00, 0x12,
  0x39, 0x2c, 0x00, 0x00, 0x1a, 0x09, 0x05, 0x00, 0x00, 0x1b, 0xa1, 0x1d,
  0x00, 0x00, 0x1b, 0x09, 0x05, 0x00, 0x00, 0x1b, 0x4e, 0x2c, 0x00, 0x00,
  0x00, 0x12, 0x53, 0x2c, 0x00, 0x00, 0x30, 0x34, 0x02, 0x12, 0x5b, 0x2c,
  0x00, 0x00, 0x1a, 0x21, 0x07, 0x00, 0x00, 0x1b, 0xa1, 0x1d, 0x00, 0x00,
  0x1b, 0x21, 0x07, 0x00, 0x00, 0x1b, 0x21, 0x07, 0x00, 0x00, 0x1b, 0x21,
  0x07, 0x00, 0x00, 0x1b, 0x21, 0x07, 0x00, 0x00, 0x00, 0x12, 0x7f, 0x2c,
  0x00, 0x00, 0x1a, 0x09, 0x05, 0x00, 0x00, 0x1b, 0x09, 0x05, 0x00, 0x00,
  0x00, 0x12, 0x8f, 0x2c, 0x00, 0x00, 0x1a, 0xa9, 0x06, 0x00, 0x00, 0x1b,
  0xae, 0x2c, 0x00, 0x00, 0x1b, 0xa1, 0x1d, 0x00, 0x00, 0x1b, 0xab, 0x20,
  0x00, 0x00, 0x1b, 0x09, 0x07, 0x00, 0x00, 0x1b, 0x3c, 0x03, 0x00, 0x00,
  0x00, 0x12, 0xb3, 0x2c, 0x00, 0x00, 0x30, 0x39, 0x02, 0x12, 0xbb, 0x2c,
  0x00, 0x00, 0x1a, 0xa9, 0x06, 0x00, 0x00, 0x1b, 0xa1, 0x1d, 0x00, 0x00,
  0x1b, 0xab, 0x20, 0x00, 0x00, 0x1b, 0xae, 0x2c, 0x00, 0x00, 0x1b, 0x09,
  0x07, 0x00, 0x00, 0x1b, 0x3c, 0x03, 0x00, 0x00, 0x00, 0x12, 0xdf, 0x2c,
  0x00, 0x00, 0x1f, 0x1b, 0xa1, 0x1d, 0x00, 0x00, 0x00, 0x12, 0xeb, 0x2c,
  0x00, 0x00, 0x1a, 0x09, 0x05, 0x00, 0x00, 0x1b, 0xa1, 0x1d, 0x00, 0x00,
  0x1b, 0x09, 0x05, 0x00, 0x00, 0x1b, 0x05, 0x2d, 0x00, 0x00, 0x1b, 0x12,
  0x2d, 0x00, 0x00, 0x00, 0x12, 0x0a, 0x2d, 0x00, 0x00, 0x12, 0x0f, 0x2d,
  0x00, 0x00, 0x30, 0x3d, 0x02, 0x12, 0xff, 0x07, 0x00, 0x00, 0x12, 0x1c,
  0x2d, 0x00, 0x00, 0x1a, 0xc1, 0x06, 0x00, 0x00, 0x1b, 0xa1, 0x1d, 0x00,
  0x00, 0x1b, 0x09, 0x05, 0x00, 0x00, 0x1b, 0x13, 0x13, 0x00, 0x00, 0x1b,
  0x13, 0x13, 0x00, 0x00, 0x00, 0x12, 0x3b, 0x2d, 0x00, 0x00, 0x1f, 0x1b,
  0x7f, 0x16, 0x00, 0x00, 0x1b, 0xa1, 0x1d, 0x00, 0x00, 0x00, 0x12, 0x4c,
  0x2d, 0x00, 0x00, 0x1a, 0xa9, 0x06, 0x00, 0x00, 0x1b, 0xa1, 0x1d, 0x00,
  0x00, 0x1b, 0x13, 0x13, 0x00, 0x00, 0x1b, 0xa1, 0x1d, 0x00, 0x00, 0x1b,
  0x13, 0x13, 0x00, 0x00, 0x1b, 0x09, 0x07, 0x00, 0x00, 0x1b, 0x3c, 0x03,
  0x00, 0x00, 0x00, 0x12, 0x75, 0x2d, 0x00, 0x00, 0x1a, 0x13, 0x13, 0x00,
  0x00, 0x1b, 0xa1, 0x1d, 0x00, 0x00, 0x1b, 0x13, 0x13, 0x00, 0x00, 0x1b,
  0xa1, 0x1d, 0x00, 0x00, 0x1b, 0x13, 0x13, 0x00, 0x00, 0x1b, 0x13, 0x13,
  0x00, 0x00, 0x1b, 0x3c, 0x03, 0x00, 0x00, 0x00, 0x12, 0x9e, 0x2d, 0x00,
  0x00, 0x1a, 0x09, 0x05, 0x00, 0x00, 0x1b, 0xae, 0x2d, 0x00, 0x00, 0x1b,
  0x3c, 0x03, 0x00, 0x00, 0x00, 0x12, 0xb3, 0x2d, 0x00, 0x00, 0x30, 0x44,
  0x02, 0x12, 0xbb, 0x2d, 0x00, 0x00, 0x1a, 0x09, 0x05, 0x00, 0x00, 0x1b,
  0xae, 0x2d, 0x00, 0x00, 0x1b, 0x10, 0x23, 0x00, 0x00, 0x1b, 0x3c, 0x03,
  0x00, 0x00, 0x00, 0x12, 0xd5, 0x2d, 0x00, 0x00, 0x05, 0xda, 0x2d, 0x00,
  0x00, 0x13, 0x9f, 0x02, 0xb8, 0x2b, 0x6f, 0x14, 0x4c, 0x02, 0x91, 0x17,
  0x00, 0x00, 0x2b, 0x70, 0x00, 0x11, 0xd7, 0x82, 0x0b, 0x00, 0x00, 0x2b,
  0x71, 0x08, 0x11, 0xd8, 0xa8, 0x0b, 0x00, 0x00, 0x2b, 0x72, 0x0c, 0x14,
  0x4d, 0x02, 0x82, 0x0b, 0x00, 0x00, 0x2b, 0x73, 0x10, 0x14, 0x4e, 0x02,
  0xa8, 0x0b, 0x00, 0x00, 0x2b, 0x74, 0x14, 0x14, 0x4f, 0x02, 0x82, 0x0b,
  0x00, 0x00, 0x2b, 0x75, 0x18, 0x14, 0x50, 0x02, 0xa8, 0x0b, 0x00, 0x00,
  0x2b, 0x76, 0x1c, 0x14, 0x51, 0x02, 0x82, 0x0b, 0x00, 0x00, 0x2b, 0x77,
  0x20, 0x14, 0x52, 0x02, 0xa8, 0x0b, 0x00, 0x00, 0x2b, 0x78, 0x24, 0x14,
  0x53, 0x02, 0x3c, 0x03, 0x00, 0x00, 0x2b, 0x79, 0x28, 0x14, 0x54, 0x02,
  0xfb, 0x2e, 0x00, 0x00, 0x2b, 0x7a, 0x30, 0x14, 0x56, 0x02, 0xfb, 0x2e,
  0x00, 0x00, 0x2b, 0x7b, 0x38, 0x14, 0x57, 0x02, 0xfb, 0x2e, 0x00, 0x00,
  0x2b, 0x7c, 0x40, 0x14, 0x58, 0x02, 0xfb, 0x2e, 0x00, 0x00, 0x2b, 0x7d,
  0x48, 0x14, 0x59, 0x02, 0xfb, 0x2e, 0x00, 0x00, 0x2b, 0x7e, 0x50, 0x14,
  0x5a, 0x02, 0x1d, 0x05, 0x00, 0x00, 0x2b, 0x80, 0x58, 0x14, 0x5b, 0x02,
  0x12, 0x2f, 0x00, 0x00, 0x2b, 0x82, 0x60, 0x14, 0x8b, 0x02, 0x12, 0x2f,
  0x00, 0x00, 0x2b, 0x83, 0x68, 0x14, 0x8c, 0x02, 0x12, 0x2f, 0x00, 0x00,
  0x2b, 0x84, 0x70, 0x14, 0x8d, 0x02, 0x12, 0x2f, 0x00, 0x00, 0x2b, 0x85,
  0x78, 0x14, 0x67, 0x02, 0xff, 0x07, 0x00, 0x00, 0x2b, 0x88, 0x80, 0x14,
  0x65, 0x02, 0x18, 0x32, 0x00, 0x00, 0x2b, 0x8a, 0x88, 0x14, 0xfe, 0x01,
  0x9d, 0x2a, 0x00, 0x00, 0x2b, 0x8b, 0x90, 0x14, 0x9b, 0x02, 0xc0, 0x32,
  0x00, 0x00, 0x2b, 0x8c, 0x98, 0x14, 0x9c, 0x02, 0xc8, 0x32, 0x00, 0x00,
  0x2b, 0x8d, 0xa0, 0x17, 0xe0, 0x2e, 0x00, 0x00, 0x2b, 0x8f, 0xa8, 0x18,
  0x10, 0x2b, 0x8f, 0x14, 0x9e, 0x02, 0x09, 0x05, 0x00, 0x00, 0x2b, 0x90,
  0x00, 0x2b, 0x76, 0x02, 0x0c, 0x25, 0x00, 0x00, 0x2b, 0x91, 0x08, 0x00,
  0x00, 0x00, 0x2f, 0x04, 0x2f, 0x00, 0x00, 0x55, 0x02, 0x2c, 0x18, 0x19,
  0x08, 0x2c, 0x18, 0x11, 0x1b, 0x98, 0x0e, 0x00, 0x00, 0x2c, 0x18, 0x00,
  0x00, 0x12, 0x17, 0x2f, 0x00, 0x00, 0x13, 0x88, 0x02, 0xd8, 0x2e, 0xc3,
  0x14, 0x4c, 0x02, 0x7e, 0x30, 0x00, 0x00, 0x2e, 0xc4, 0x00, 0x14, 0x5f,
  0x02, 0x98, 0x30, 0x00, 0x00, 0x2e, 0xc5, 0x04, 0x17, 0x39, 0x2f, 0x00,
  0x00, 0x2e, 0xc6, 0x08, 0x18, 0x18, 0x2e, 0xc6, 0x14, 0x62, 0x02, 0x40,
  0x03, 0x00, 0x00, 0x2e, 0xc7, 0x00, 0x2b, 0x63, 0x02, 0x64, 0x2b, 0x00,
  0x00, 0x2e, 0xc8, 0x08, 0x00, 0x00, 0x14, 0x64, 0x02, 0x3d, 0x1d, 0x00,
  0x00, 0x2e, 0xcd, 0x20, 0x14, 0x65, 0x02, 0xaa, 0x30, 0x00, 0x00, 0x2e,
  0xce, 0x48, 0x14, 0x67, 0x02, 0xff, 0x07, 0x00, 0x00, 0x2e, 0xcf, 0x50,
  0x17, 0x79, 0x2f, 0x00, 0x00, 0x2e, 0xd0, 0x58, 0x18, 0x08, 0x2e, 0xd0,
  0x14, 0x68, 0x02, 0x9d, 0x18, 0x00, 0x00, 0x2e, 0xd1, 0x00, 0x14, 0x69,
  0x02, 0x9d, 0x18, 0x00, 0x00, 0x2e, 0xd2, 0x00, 0x00, 0x14, 0x6a, 0x02,
  0x9d, 0x18, 0x00, 0x00, 0x2e, 0xd4, 0x60, 0x11, 0xd7, 0x82, 0x0b, 0x00,
  0x00, 0x2e, 0xd5, 0x68, 0x11, 0xd8, 0xa8, 0x0b, 0x00, 0x00, 0x2e, 0xd6,
  0x6c, 0x14, 0x6b, 0x02, 0xb2, 0x30, 0x00, 0x00, 0x2e, 0xd7, 0x70, 0x14,
  0x6e, 0x02, 0x31, 0x05, 0x00, 0x00, 0x2e, 0xd8, 0x74, 0x14, 0x6f, 0x02,
  0x31, 0x05, 0x00, 0x00, 0x2e, 0xd9, 0x76, 0x11, 0x07, 0x90, 0x2a, 0x00,
  0x00, 0x2e, 0xdd, 0x78, 0x14, 0x34, 0x01, 0x21, 0x07, 0x00, 0x00, 0x2e,
  0xe4, 0x80, 0x17, 0xe7, 0x2f, 0x00, 0x00, 0x2e, 0xf5, 0x88, 0x18, 0x28,
  0x2e, 0xf5, 0x14, 0x70, 0x02, 0xc4, 0x30, 0x00, 0x00, 0x2e, 0xf6, 0x00,
  0x17, 0xfd, 0x2f, 0x00, 0x00, 0x2e, 0xf7, 0x00, 0x19, 0x28, 0x2e, 0xf7,
  0x11, 0x6c, 0x21, 0x07, 0x00, 0x00, 0x2e, 0xf8, 0x00, 0x14, 0x7b, 0x02,
  0x21, 0x07, 0x00, 0x00, 0x2e, 0xf9, 0x08, 0x11, 0xdc, 0x35, 0x31, 0x00,
  0x00, 0x2e, 0xfa, 0x10, 0x14, 0x75, 0x02, 0x3d, 0x31, 0x00, 0x00, 0x2e,
  0xfb, 0x18, 0x14, 0x79, 0x02, 0xf6, 0x05, 0x00, 0x00, 0x2e, 0xfc, 0x20,
  0x00, 0x00, 0x26, 0x3c, 0x30, 0x00, 0x00, 0x2e, 0x04, 0x01, 0xb0, 0x27,
  0x20, 0x2e, 0x04, 0x01, 0x0b, 0x7c, 0x02, 0x68, 0x31, 0x00, 0x00, 0x2e,
  0x05, 0x01, 0x00, 0x26, 0x55, 0x30, 0x00, 0x00, 0x2e, 0x06, 0x01, 0x00,
  0x33, 0x20, 0x2e, 0x06, 0x01, 0x0b, 0x7f, 0x02, 0x40, 0x03, 0x00, 0x00,
  0x2e, 0x08, 0x01, 0x00, 0x0b, 0x80, 0x02, 0x8f, 0x31, 0x00, 0x00, 0x2e,
  0x09, 0x01, 0x10, 0x00, 0x00, 0x0b, 0x85, 0x02, 0xb2, 0x31, 0x00, 0x00,
  0x2e, 0x18, 0x01, 0xd0, 0x00, 0x2f, 0x87, 0x30, 0x00, 0x00, 0x5e, 0x02,
  0x2d, 0x11, 0x13, 0x5d, 0x02, 0x04, 0x2d, 0x0f, 0x14, 0x5c, 0x02, 0xf3,
  0x04, 0x00, 0x00, 0x2d, 0x10, 0x00, 0x00, 0x2f, 0xa1, 0x30, 0x00, 0x00,
  0x61, 0x02, 0x2e, 0x1c, 0x2f, 0x0c, 0x29, 0x00, 0x00, 0x60, 0x02, 0x03,
  0x68, 0x12, 0xaf, 0x30, 0x00, 0x00, 0x30, 0x66, 0x02, 0x2f, 0xbb, 0x30,
  0x00, 0x00, 0x6d, 0x02, 0x2e, 0x1f, 0x2f, 0x88, 0x0e, 0x00, 0x00, 0x6c,
  0x02, 0x03, 0x6e, 0x13, 0x7a, 0x02, 0x28, 0x2e, 0x72, 0x11, 0x6c, 0x21,
  0x07, 0x00, 0x00, 0x2e, 0x74, 0x00, 0x17, 0xdb, 0x30, 0x00, 0x00, 0x2e,
  0x75, 0x08, 0x18, 0x08, 0x2e, 0x75, 0x17, 0xe7, 0x30, 0x00, 0x00, 0x2e,
  0x76, 0x00, 0x19, 0x08, 0x2e, 0x76, 0x14, 0x71, 0x02, 0x21, 0x05, 0x00,
  0x00, 0x2e, 0x78, 0x00, 0x14, 0x72, 0x02, 0x29, 0x31, 0x00, 0x00, 0x2e,
  0x79, 0x02, 0x00, 0x14, 0x73, 0x02, 0x21, 0x07, 0x00, 0x00, 0x2e, 0x7f,
  0x00, 0x00, 0x11, 0xdc, 0x35, 0x31, 0x00, 0x00, 0x2e, 0x81, 0x10, 0x14,
  0x75, 0x02, 0x3d, 0x31, 0x00, 0x00, 0x2e, 0x82, 0x18, 0x14, 0x79, 0x02,
  0x25, 0x04, 0x00, 0x00, 0x2e, 0x83, 0x20, 0x00, 0x03, 0x3b, 0x00, 0x00,
  0x00, 0x04, 0x3f, 0x00, 0x00, 0x00, 0x06, 0x00, 0x12, 0x3a, 0x31, 0x00,
  0x00, 0x30, 0x74, 0x02, 0x12, 0x42, 0x31, 0x00, 0x00, 0x13, 0x78, 0x02,
  0x18, 0x2e, 0x6c, 0x2b, 0x76, 0x02, 0x0c, 0x25, 0x00, 0x00, 0x2e, 0x6d,
  0x08, 0x00, 0x14, 0x4c, 0x02, 0x7e, 0x30, 0x00, 0x00, 0x2e, 0x6e, 0x10,
  0x14, 0x77, 0x02, 0x56, 0x22, 0x00, 0x00, 0x2e, 0x6f, 0x14, 0x00, 0x3a,
  0x7e, 0x02, 0x20, 0x2e, 0x86, 0x14, 0x7d, 0x02, 0xff, 0x07, 0x00, 0x00,
  0x2e, 0x87, 0x00, 0x14, 0xe2, 0x01, 0x83, 0x31, 0x00, 0x00, 0x2e, 0x88,
  0x00, 0x00, 0x03, 0xff, 0x07, 0x00, 0x00, 0x04, 0x3f, 0x00, 0x00, 0x00,
  0x04, 0x00, 0x13, 0x84, 0x02, 0x10, 0x2f, 0x16, 0x14, 0x81, 0x02, 0xaa,
  0x31, 0x00, 0x00, 0x2f, 0x17, 0x00, 0x14, 0x83, 0x02, 0x21, 0x07, 0x00,
  0x00, 0x2f, 0x18, 0x08, 0x00, 0x12, 0xaf, 0x31, 0x00, 0x00, 0x30, 0x82,
  0x02, 0x12, 0xb7, 0x31, 0x00, 0x00, 0x13, 0x8a, 0x02, 0x18, 0x2e, 0xb0,
  0x14, 0x86, 0x02, 0xdc, 0x31, 0x00, 0x00, 0x2e, 0xb1, 0x00, 0x14, 0x88,
  0x02, 0x12, 0x2f, 0x00, 0x00, 0x2e, 0xb2, 0x08, 0x14, 0x89, 0x02, 0x35,
  0x31, 0x00, 0x00, 0x2e, 0xb3, 0x10, 0x00, 0x2f, 0xe5, 0x31, 0x00, 0x00,
  0x87, 0x02, 0x2e, 0xab, 0x12, 0xea, 0x31, 0x00, 0x00, 0x1a, 0x09, 0x05,
  0x00, 0x00, 0x1b, 0x12, 0x2f, 0x00, 0x00, 0x1b, 0x04, 0x32, 0x00, 0x00,
  0x1b, 0x0e, 0x32, 0x00, 0x00, 0x1b, 0x12, 0x2f, 0x00, 0x00, 0x00, 0x12,
  0x09, 0x32, 0x00, 0x00, 0x05, 0x3a, 0x31, 0x00, 0x00, 0x12, 0x13, 0x32,
  0x00, 0x00, 0x05, 0x68, 0x31, 0x00, 0x00, 0x12, 0x1d, 0x32, 0x00, 0x00,
  0x13, 0x9a, 0x02, 0x80, 0x30, 0x0e, 0x14, 0x8e, 0x02, 0x7e, 0x30, 0x00,
  0x00, 0x30, 0x0f, 0x00, 0x14, 0x8f, 0x02, 0xd9, 0x28, 0x00, 0x00, 0x30,
  0x11, 0x08, 0x14, 0x90, 0x02, 0x21, 0x07, 0x00, 0x00, 0x30, 0x13, 0x30,
  0x14, 0x91, 0x02, 0x91, 0x17, 0x00, 0x00, 0x30, 0x14, 0x38, 0x14, 0x92,
  0x02, 0x44, 0x14, 0x00, 0x00, 0x30, 0x17, 0x40, 0x11, 0xd7, 0x82, 0x0b,
  0x00, 0x00, 0x30, 0x18, 0x50, 0x14, 0xbe, 0x01, 0x91, 0x17, 0x00, 0x00,
  0x30, 0x1d, 0x58, 0x14, 0x93, 0x02, 0x73, 0x32, 0x00, 0x00, 0x30, 0x24,
  0x60, 0x00, 0x13, 0x99, 0x02, 0x20, 0x31, 0x0f, 0x14, 0xd3, 0x01, 0xbf,
  0x17, 0x00, 0x00, 0x31, 0x10, 0x00, 0x14, 0x94, 0x02, 0x09, 0x05, 0x00,
  0x00, 0x31, 0x12, 0x04, 0x14, 0x95, 0x02, 0x09, 0x05, 0x00, 0x00, 0x31,
  0x13, 0x08, 0x14, 0x96, 0x02, 0x09, 0x05, 0x00, 0x00, 0x31, 0x14, 0x0c,
  0x14, 0x97, 0x02, 0x09, 0x05, 0x00, 0x00, 0x31, 0x15, 0x10, 0x14, 0x34,
  0x01, 0x3c, 0x03, 0x00, 0x00, 0x31, 0x16, 0x14, 0x14, 0x98, 0x02, 0x21,
  0x07, 0x00, 0x00, 0x31, 0x17, 0x18, 0x00, 0x12, 0xc5, 0x32, 0x00, 0x00,
  0x30, 0x9b, 0x02, 0x12, 0xcd, 0x32, 0x00, 0x00, 0x13, 0x9c, 0x02, 0x08,
  0x2b, 0x1a, 0x14, 0x4c, 0x02, 0x7e, 0x30, 0x00, 0x00, 0x2b, 0x1b, 0x00,
  0x14, 0x9d, 0x02, 0x09, 0x05, 0x00, 0x00, 0x2b, 0x1c, 0x04, 0x11, 0xd8,
  0xf1, 0x32, 0x00, 0x00, 0x2b, 0x1d, 0x08, 0x00, 0x03, 0xa8, 0x0b, 0x00,
  0x00, 0x39, 0x3f, 0x00, 0x00, 0x00, 0x00, 0x12, 0x01, 0x33, 0x00, 0x00,
  0x21, 0xc2, 0x02, 0x28, 0x0c, 0xc8, 0x03, 0x0b, 0xa6, 0x02, 0xa1, 0x1d,
  0x00, 0x00, 0x0c, 0xc9, 0x03, 0x00, 0x0b, 0xd3, 0x01, 0x55, 0x33, 0x00,
  0x00, 0x0c, 0xca, 0x03, 0x08, 0x0b, 0xad, 0x02, 0xc9, 0x33, 0x00, 0x00,
  0x0c, 0xcb, 0x03, 0x10, 0x0b, 0xbb, 0x02, 0x98, 0x34, 0x00, 0x00, 0x0c,
  0xcc, 0x03, 0x18, 0x0a, 0xd7, 0x82, 0x0b, 0x00, 0x00, 0x0c, 0xcd, 0x03,
  0x1c, 0x0b, 0x4f, 0x02, 0x82, 0x0b, 0x00, 0x00, 0x0c, 0xcd, 0x03, 0x20,
  0x0b, 0xc1, 0x02, 0x09, 0x05, 0x00, 0x00, 0x0c, 0xce, 0x03, 0x24, 0x00,
  0x2f, 0x5e, 0x33, 0x00, 0x00, 0xac, 0x02, 0x33, 0x22, 0x19, 0x08, 0x33,
  0x19, 0x11, 0x1a, 0x6c, 0x33, 0x00, 0x00, 0x33, 0x1a, 0x00, 0x00, 0x2f,
  0x75, 0x33, 0x00, 0x00, 0xab, 0x02, 0x32, 0x1b, 0x13, 0xaa, 0x02, 0x08,
  0x32, 0x0d, 0x17, 0x83, 0x33, 0x00, 0x00, 0x32, 0x0e, 0x00, 0x18, 0x04,
  0x32, 0x0e, 0x14, 0xa7, 0x02, 0xf3, 0x04, 0x00, 0x00, 0x32, 0x0f, 0x00,
  0x17, 0x99, 0x33, 0x00, 0x00, 0x32, 0x10, 0x00, 0x19, 0x04, 0x32, 0x10,
  0x14, 0xa8, 0x02, 0x0d, 0x05, 0x00, 0x00, 0x32, 0x12, 0x00, 0x14, 0xa9,
  0x02, 0xbd, 0x33, 0x00, 0x00, 0x32, 0x13, 0x01, 0x00, 0x00, 0x11, 0xcd,
  0x91, 0x04, 0x00, 0x00, 0x32, 0x1a, 0x04, 0x00, 0x03, 0x0d, 0x05, 0x00,
  0x00, 0x04, 0x3f, 0x00, 0x00, 0x00, 0x03, 0x00, 0x12, 0xce, 0x33, 0x00,
  0x00, 0x13, 0xad, 0x02, 0x70, 0x34, 0x37, 0x14, 0x4a, 0x01, 0x7e, 0x30,
  0x00, 0x00, 0x34, 0x39, 0x00, 0x14, 0xae, 0x02, 0x3c, 0x03, 0x00, 0x00,
  0x34, 0x3a, 0x04, 0x14, 0xd3, 0x01, 0x5e, 0x04, 0x00, 0x00, 0x34, 0x3b,
  0x08, 0x14, 0xaf, 0x02, 0x15, 0x0d, 0x00, 0x00, 0x34, 0x3c, 0x10, 0x14,
  0x3b, 0x01, 0x98, 0x0e, 0x00, 0x00, 0x34, 0x3d, 0x18, 0x14, 0xb0, 0x02,
  0x3a, 0x34, 0x00, 0x00, 0x34, 0x3f, 0x20, 0x14, 0xb1, 0x02, 0x30, 0x14,
  0x00, 0x00, 0x34, 0x40, 0x40, 0x14, 0xb2, 0x02, 0x46, 0x34, 0x00, 0x00,
  0x34, 0x42, 0x48, 0x2b, 0x76, 0x02, 0x0c, 0x25, 0x00, 0x00, 0x34, 0x43,
  0x08, 0x60, 0x14, 0xb6, 0x02, 0x6a, 0x34, 0x00, 0x00, 0x34, 0x44, 0x70,
  0x00, 0x03, 0x30, 0x14, 0x00, 0x00, 0x04, 0x3f, 0x00, 0x00, 0x00, 0x04,
  0x00, 0x2f, 0x4f, 0x34, 0x00, 0x00, 0xb5, 0x02, 0x35, 0x27, 0x13, 0xb4,
  0x02, 0x18, 0x35, 0x23, 0x14, 0xd3, 0x01, 0x5e, 0x04, 0x00, 0x00, 0x35,
  0x24, 0x00, 0x14, 0xb3, 0x02, 0x40, 0x03, 0x00, 0x00, 0x35, 0x25, 0x08,
  0x00, 0x03, 0x75, 0x34, 0x00, 0x00, 0x39, 0x3f, 0x00, 0x00, 0x00, 0x00,
  0x13, 0xba, 0x02, 0x10, 0x34, 0x32, 0x14, 0xb7, 0x02, 0x09, 0x05, 0x00,
  0x00, 0x34, 0x33, 0x00, 0x14, 0xb8, 0x02, 0x90, 0x34, 0x00, 0x00, 0x34,
  0x34, 0x08, 0x00, 0x12, 0x95, 0x34, 0x00, 0x00, 0x30, 0xb9, 0x02, 0x3b,
  0x3c, 0x03, 0x00, 0x00, 0xbb, 0x02, 0x04, 0x36, 0x05, 0x3c, 0xbc, 0x02,
  0x00, 0x3c, 0xbd, 0x02, 0x01, 0x3c, 0xbe, 0x02, 0x02, 0x3c, 0xbf, 0x02,
  0x03, 0x3c, 0xc0, 0x02, 0x04, 0x00, 0x2f, 0x88, 0x0e, 0x00, 0x00, 0xc4,
  0x02, 0x37, 0x08, 0x12, 0x30, 0x14, 0x00, 0x00, 0x13, 0xc9, 0x02, 0x08,
  0x38, 0x3c, 0x11, 0x0f, 0xd5, 0x34, 0x00, 0x00, 0x38, 0x3d, 0x00, 0x00,
  0x12, 0xc5, 0x34, 0x00, 0x00, 0x21, 0xd0, 0x02, 0x20, 0x0c, 0xdf, 0x03,
  0x0b, 0xcb, 0x02, 0x21, 0x07, 0x00, 0x00, 0x0c, 0xe0, 0x03, 0x00, 0x0a,
  0x4c, 0x3c, 0x03, 0x00, 0x00, 0x0c, 0xe1, 0x03, 0x08, 0x0b, 0xcc, 0x02,
  0x3c, 0x03, 0x00, 0x00, 0x0c, 0xe2, 0x03, 0x0c, 0x0b, 0xcd, 0x02, 0x3c,
  0x03, 0x00, 0x00, 0x0c, 0xe3, 0x03, 0x10, 0x0b, 0xce, 0x02, 0x3c, 0x03,
  0x00, 0x00, 0x0c, 0xe4, 0x03, 0x14, 0x0b, 0xcf, 0x02, 0x13, 0x13, 0x00,
  0x00, 0x0c, 0xe5, 0x03, 0x18, 0x00, 0x2f, 0x2c, 0x35, 0x00, 0x00, 0xd3,
  0x02, 0x39, 0xf1, 0x19, 0x08, 0x39, 0xf1, 0x14, 0xd2, 0x02, 0x21, 0x07,
  0x00, 0x00, 0x39, 0xf1, 0x00, 0x00, 0x12, 0x40, 0x35, 0x00, 0x00, 0x30,
  0xd5, 0x02, 0x12, 0x48, 0x35, 0x00, 0x00, 0x30, 0xd7, 0x02, 0x25, 0xf6,
  0x02, 0x38, 0x01, 0x13, 0x09, 0x02, 0x0b, 0x34, 0x01, 0x3c, 0x03, 0x00,
  0x00, 0x13, 0x0a, 0x02, 0x00, 0x0b, 0xdb, 0x02, 0x3d, 0x1d, 0x00, 0x00,
  0x13, 0x0b, 0x02, 0x08, 0x0b, 0xdc, 0x02, 0x8c, 0x35, 0x00, 0x00, 0x13,
  0x0c, 0x02, 0x30, 0x0b, 0xdd, 0x02, 0x98, 0x35, 0x00, 0x00, 0x13, 0x0d,
  0x02, 0x48, 0x0c, 0xf5, 0x02, 0xa8, 0x36, 0x00, 0x00, 0x13, 0x0e, 0x02,
  0x20, 0x01, 0x00, 0x03, 0xbb, 0x08, 0x00, 0x00, 0x04, 0x3f, 0x00, 0x00,
  0x00, 0x03, 0x00, 0x03, 0xa4, 0x35, 0x00, 0x00, 0x04, 0x3f, 0x00, 0x00,
  0x00, 0x03, 0x00, 0x13, 0xf4, 0x02, 0x48, 0x13, 0xde, 0x14, 0xde, 0x02,
  0x05, 0x36, 0x00, 0x00, 0x13, 0xdf, 0x00, 0x14, 0xec, 0x02, 0x09, 0x05,
  0x00, 0x00, 0x13, 0xe0, 0x08, 0x14, 0xed, 0x02, 0x40, 0x03, 0x00, 0x00,
  0x13, 0xe2, 0x10, 0x14, 0xee, 0x02, 0x21, 0x07, 0x00, 0x00, 0x13, 0xe3,
  0x20, 0x14, 0xef, 0x02, 0x3c, 0x03, 0x00, 0x00, 0x13, 0xe4, 0x28, 0x14,
  0xf0, 0x02, 0x3c, 0x03, 0x00, 0x00, 0x13, 0xe5, 0x2c, 0x14, 0xf1, 0x02,
  0x95, 0x18, 0x00, 0x00, 0x13, 0xe6, 0x30, 0x14, 0xf2, 0x02, 0x95, 0x18,
  0x00, 0x00, 0x13, 0xe7, 0x38, 0x14, 0xf3, 0x02, 0xff, 0x07, 0x00, 0x00,
  0x13, 0xe8, 0x40, 0x00, 0x12, 0x0a, 0x36, 0x00, 0x00, 0x21, 0xeb, 0x02,
  0x20, 0x13, 0xbd, 0x01, 0x0b, 0xdf, 0x02, 0x09, 0x05, 0x00, 0x00, 0x13,
  0xbe, 0x01, 0x00, 0x0b, 0xe0, 0x02, 0x3e, 0x36, 0x00, 0x00, 0x13, 0xbf,
  0x01, 0x08, 0x0b, 0xe9, 0x02, 0x2b, 0x14, 0x00, 0x00, 0x13, 0xc0, 0x01,
  0x10, 0x0b, 0xea, 0x02, 0x05, 0x36, 0x00, 0x00, 0x13, 0xc1, 0x01, 0x18,
  0x00, 0x12, 0x43, 0x36, 0x00, 0x00, 0x05, 0x48, 0x36, 0x00, 0x00, 0x21,
  0xe8, 0x02, 0x40, 0x13, 0x38, 0x01, 0x0b, 0xe1, 0x02, 0xe1, 0x15, 0x00,
  0x00, 0x13, 0x39, 0x01, 0x00, 0x0b, 0xe2, 0x02, 0xe1, 0x15, 0x00, 0x00,
  0x13, 0x3a, 0x01, 0x08, 0x0b, 0xe3, 0x02, 0xe1, 0x15, 0x00, 0x00, 0x13,
  0x3b, 0x01, 0x10, 0x0b, 0xe4, 0x02, 0xe1, 0x15, 0x00, 0x00, 0x13, 0x3c,
  0x01, 0x18, 0x0b, 0xe5, 0x02, 0x8b, 0x19, 0x00, 0x00, 0x13, 0x3d, 0x01,
  0x20, 0x0b, 0xe6, 0x02, 0x8b, 0x19, 0x00, 0x00, 0x13, 0x3e, 0x01, 0x28,
  0x0b, 0xe7, 0x02, 0x8b, 0x19, 0x00, 0x00, 0x13, 0x3f, 0x01, 0x30, 0x0b,
  0x09, 0x01, 0x00, 0x1a, 0x00, 0x00, 0x13, 0x40, 0x01, 0x38, 0x00, 0x03,
  0x3e, 0x36, 0x00, 0x00, 0x04, 0x3f, 0x00, 0x00, 0x00, 0x03, 0x00, 0x25,
  0x35, 0x06, 0x30, 0x01, 0x0c, 0xe0, 0x04, 0x0b, 0xf8, 0x02, 0x31, 0x05,
  0x00, 0x00, 0x0c, 0xe1, 0x04, 0x00, 0x0b, 0xf9, 0x02, 0x09, 0x05, 0x00,
  0x00, 0x0c, 0xe2, 0x04, 0x04, 0x0b, 0xfa, 0x02, 0x09, 0x05, 0x00, 0x00,
  0x0c, 0xe3, 0x04, 0x08, 0x0b, 0xfb, 0x02, 0xe9, 0x36, 0x00, 0x00, 0x0c,
  0xe4, 0x04, 0x10, 0x00, 0x03, 0xf5, 0x36, 0x00, 0x00, 0x04, 0x3f, 0x00,
  0x00, 0x00, 0x03, 0x00, 0x13, 0x34, 0x06, 0x60, 0x3b, 0x0c, 0x14, 0xfc,
  0x02, 0x2e, 0x37, 0x00, 0x00, 0x3b, 0x0d, 0x00, 0x14, 0x02, 0x03, 0x5e,
  0x37, 0x00, 0x00, 0x3b, 0x0e, 0x30, 0x14, 0x03, 0x03, 0x63, 0x37, 0x00,
  0x00, 0x3b, 0x0f, 0x38, 0x14, 0x32, 0x06, 0x46, 0x34, 0x00, 0x00, 0x3b,
  0x10, 0x40, 0x14, 0x33, 0x06, 0xf3, 0x04, 0x00, 0x00, 0x3b, 0x11, 0x58,
  0x00, 0x13, 0x01, 0x03, 0x30, 0x3a, 0x11, 0x14, 0xfd, 0x02, 0x09, 0x05,
  0x00, 0x00, 0x3a, 0x12, 0x00, 0x14, 0xfe, 0x02, 0x09, 0x05, 0x00, 0x00,
  0x3a, 0x13, 0x04, 0x14, 0xff, 0x02, 0x46, 0x34, 0x00, 0x00, 0x3a, 0x14,
  0x08, 0x2b, 0x00, 0x03, 0x0c, 0x25, 0x00, 0x00, 0x3a, 0x16, 0x08, 0x20,
  0x00, 0x12, 0x3c, 0x03, 0x00, 0x00, 0x13, 0x31, 0x06, 0x08, 0x64, 0x10,
  0x14, 0x04, 0x03, 0x74, 0x37, 0x00, 0x00, 0x64, 0x11, 0x00, 0x00, 0x12,
  0x79, 0x37, 0x00, 0x00, 0x25, 0x30, 0x06, 0xc0, 0x1c, 0x3d, 0x0a, 0x03,
  0x0b, 0x05, 0x03, 0xf8, 0x41, 0x00, 0x00, 0x3d, 0x10, 0x03, 0x00, 0x0b,
  0x09, 0x03, 0x3c, 0x03, 0x00, 0x00, 0x3d, 0x12, 0x03, 0x18, 0x0b, 0x0a,
  0x03, 0x3c, 0x03, 0x00, 0x00, 0x3d, 0x15, 0x03, 0x1c, 0x0b, 0x0b, 0x03,
  0xff, 0x07, 0x00, 0x00, 0x3d, 0x1d, 0x03, 0x20, 0x0b, 0x4c, 0x02, 0x7e,
  0x30, 0x00, 0x00, 0x3d, 0x1e, 0x03, 0x28, 0x0b, 0x34, 0x01, 0x3c, 0x03,
  0x00, 0x00, 0x3d, 0x20, 0x03, 0x2c, 0x0b, 0x0c, 0x03, 0x3c, 0x03, 0x00,
  0x00, 0x3d, 0x21, 0x03, 0x30, 0x0b, 0x0d, 0x03, 0x09, 0x05, 0x00, 0x00,
  0x3d, 0x28, 0x03, 0x34, 0x0b, 0x0e, 0x03, 0x27, 0x42, 0x00, 0x00, 0x3d,
  0x29, 0x03, 0x38, 0x0b, 0x15, 0x03, 0x3c, 0x03, 0x00, 0x00, 0x3d, 0x2a,
  0x03, 0x48, 0x0b, 0x16, 0x03, 0x21, 0x07, 0x00, 0x00, 0x3d, 0x2b, 0x03,
  0x50, 0x0b, 0x17, 0x03, 0x74, 0x37, 0x00, 0x00, 0x3d, 0x2c, 0x03, 0x58,
  0x0b, 0x18, 0x03, 0x09, 0x05, 0x00, 0x00, 0x3d, 0x35, 0x03, 0x60, 0x0b,
  0x19, 0x03, 0x09, 0x05, 0x00, 0x00, 0x3d, 0x36, 0x03, 0x64, 0x0b, 0x1a,
  0x03, 0x09, 0x05, 0x00, 0x00, 0x3d, 0x38, 0x03, 0x68, 0x0b, 0x1b, 0x03,
  0x09, 0x05, 0x00, 0x00, 0x3d, 0x3a, 0x03, 0x6c, 0x0b, 0x1c, 0x03, 0x09,
  0x05, 0x00, 0x00, 0x3d, 0x3b, 0x03, 0x70, 0x0b, 0x1d, 0x03, 0x09, 0x05,
  0x00, 0x00, 0x3d, 0x3c, 0x03, 0x74, 0x0b, 0x1e, 0x03, 0x3c, 0x03, 0x00,
  0x00, 0x3d, 0x3d, 0x03, 0x78, 0x0b, 0x1f, 0x03, 0x6d, 0x42, 0x00, 0x00,
  0x3d, 0x3f, 0x03, 0x80, 0x0c, 0x43, 0x03, 0x0b, 0x44, 0x00, 0x00, 0x3d,
  0x40, 0x03, 0x80, 0x01, 0x0c, 0x4b, 0x03, 0x65, 0x44, 0x00, 0x00, 0x3d,
  0x41, 0x03, 0xb0, 0x01, 0x0c, 0x56, 0x03, 0xe3, 0x47, 0x00, 0x00, 0x3d,
  0x42, 0x03, 0xa8, 0x02, 0x0c, 0x93, 0x03, 0x02, 0x48, 0x00, 0x00, 0x3d,
  0x46, 0x03, 0xb0, 0x02, 0x0c, 0x94, 0x03, 0x0f, 0x48, 0x00, 0x00, 0x3d,
  0x4f, 0x03, 0xb8, 0x02, 0x0d, 0x96, 0x03, 0x17, 0x48, 0x00, 0x00, 0x3d,
  0x60, 0x03, 0x40, 0xc0, 0x02, 0x0c, 0xb4, 0x03, 0x3c, 0x03, 0x00, 0x00,
  0x3d, 0x68, 0x03, 0xc0, 0x03, 0x0c, 0xb5, 0x03, 0x3c, 0x03, 0x00, 0x00,
  0x3d, 0x6b, 0x03, 0xc4, 0x03, 0x0c, 0xb6, 0x03, 0x21, 0x07, 0x00, 0x00,
  0x3d, 0x6c, 0x03, 0xc8, 0x03, 0x0c, 0xb2, 0x01, 0x09, 0x05, 0x00, 0x00,
  0x3d, 0x6d, 0x03, 0xd0, 0x03, 0x0c, 0xb7, 0x03, 0x55, 0x49, 0x00, 0x00,
  0x3d, 0x6e, 0x03, 0xd8, 0x03, 0x0c, 0xbb, 0x03, 0x85, 0x49, 0x00, 0x00,
  0x3d, 0x6f, 0x03, 0xe0, 0x03, 0x0c, 0xbc, 0x03, 0x5f, 0x49, 0x00, 0x00,
  0x3d, 0x70, 0x03, 0xe8, 0x03, 0x0c, 0xbd, 0x03, 0xff, 0x07, 0x00, 0x00,
  0x3d, 0x71, 0x03, 0xf0, 0x03, 0x0c, 0xbe, 0x03, 0x31, 0x05, 0x00, 0x00,
  0x3d, 0x73, 0x03, 0xf8, 0x03, 0x0c, 0xbf, 0x03, 0x31, 0x05, 0x00, 0x00,
  0x3d, 0x75, 0x03, 0xfa, 0x03, 0x0c, 0xc0, 0x03, 0x09, 0x05, 0x00, 0x00,
  0x3d, 0x78, 0x03, 0xfc, 0x03, 0x0c, 0xc1, 0x03, 0x8a, 0x49, 0x00, 0x00,
  0x3d, 0x79, 0x03, 0x00, 0x04, 0x0c, 0xc9, 0x03, 0x40, 0x03, 0x00, 0x00,
  0x3d, 0x7a, 0x03, 0x08, 0x04, 0x0c, 0xca, 0x03, 0xda, 0x49, 0x00, 0x00,
  0x3d, 0x7b, 0x03, 0x18, 0x04, 0x0c, 0xcc, 0x03, 0x21, 0x07, 0x00, 0x00,
  0x3d, 0x7f, 0x03, 0x20, 0x04, 0x0c, 0xcd, 0x03, 0x0d, 0x05, 0x00, 0x00,
  0x3d, 0x80, 0x03, 0x28, 0x04, 0x0c, 0xce, 0x03, 0x0d, 0x05, 0x00, 0x00,
  0x3d, 0x81, 0x03, 0x29, 0x04, 0x0c, 0xcf, 0x03, 0x09, 0x05, 0x00, 0x00,
  0x3d, 0x82, 0x03, 0x2c, 0x04, 0x0c, 0xd0, 0x03, 0x40, 0x03, 0x00, 0x00,
  0x3d, 0x83, 0x03, 0x30, 0x04, 0x0c, 0xd1, 0x03, 0x09, 0x05, 0x00, 0x00,
  0x3d, 0x84, 0x03, 0x40, 0x04, 0x0c, 0xd2, 0x03, 0x40, 0x03, 0x00, 0x00,
  0x3d, 0x85, 0x03, 0x48, 0x04, 0x0c, 0xd3, 0x03, 0x09, 0x05, 0x00, 0x00,
  0x3d, 0x89, 0x03, 0x58, 0x04, 0x0c, 0xd4, 0x03, 0x09, 0x05, 0x00, 0x00,
  0x3d, 0x8a, 0x03, 0x5c, 0x04, 0x0c, 0xd5, 0x03, 0x8a, 0x49, 0x00, 0x00,
  0x3d, 0x8b, 0x03, 0x60, 0x04, 0x0c, 0xd6, 0x03, 0x40, 0x03, 0x00, 0x00,
  0x3d, 0x8c, 0x03, 0x68, 0x04, 0x0c, 0xd7, 0x03, 0x40, 0x03, 0x00, 0x00,
  0x3d, 0x8d, 0x03, 0x78, 0x04, 0x0c, 0xd8, 0x03, 0x09, 0x05, 0x00, 0x00,
  0x3d, 0x8e, 0x03, 0x88, 0x04, 0x0c, 0xd9, 0x03, 0xe2, 0x49, 0x00, 0x00,
  0x3d, 0x91, 0x03, 0x90, 0x04, 0x0c, 0xb0, 0x02, 0x40, 0x03, 0x00, 0x00,
  0x3d, 0x93, 0x03, 0xb0, 0x04, 0x0c, 0xde, 0x03, 0x16, 0x4a, 0x00, 0x00,
  0x3d, 0x95, 0x03, 0xc0, 0x04, 0x0d, 0xe2, 0x03, 0x64, 0x2b, 0x00, 0x00,
  0x3d, 0x96, 0x03, 0x08, 0xe8, 0x04, 0x0c, 0xe3, 0x03, 0x38, 0x25, 0x00,
  0x00, 0x3d, 0x99, 0x03, 0x00, 0x05, 0x0c, 0xe4, 0x03, 0x38, 0x25, 0x00,
  0x00, 0x3d, 0x9a, 0x03, 0x08, 0x05, 0x0c, 0xe5, 0x03, 0x0a, 0x08, 0x00,
  0x00, 0x3d, 0x9b, 0x03, 0x10, 0x05, 0x0c, 0xe6, 0x03, 0x09, 0x05, 0x00,
  0x00, 0x3d, 0x9d, 0x03, 0x18, 0x05, 0x0c, 0xe7, 0x03, 0x09, 0x05, 0x00,
  0x00, 0x3d, 0x9e, 0x03, 0x1c, 0x05, 0x0c, 0xe8, 0x03, 0x09, 0x05, 0x00,
  0x00, 0x3d, 0x9f, 0x03, 0x20, 0x05, 0x0c, 0xe9, 0x03, 0x09, 0x05, 0x00,
  0x00, 0x3d, 0xa1, 0x03, 0x24, 0x05, 0x0c, 0xea, 0x03, 0x21, 0x07, 0x00,
  0x00, 0x3d, 0xa3, 0x03, 0x28, 0x05, 0x0c, 0xeb, 0x03, 0x3c, 0x03, 0x00,
  0x00, 0x3d, 0xa6, 0x03, 0x30, 0x05, 0x3d, 0xec, 0x03, 0x3c, 0x03, 0x00,
  0x00, 0x3d, 0xa9, 0x03, 0x01, 0xa0, 0x29, 0x3d, 0xed, 0x03, 0x3c, 0x03,
  0x00, 0x00, 0x3d, 0xaa, 0x03, 0x01, 0xa1, 0x29, 0x3d, 0xee, 0x03, 0x3c,
  0x03, 0x00, 0x00, 0x3d, 0xab, 0x03, 0x01, 0xa2, 0x29, 0x3d, 0xef, 0x03,
  0x3c, 0x03, 0x00, 0x00, 0x3d, 0xbf, 0x03, 0x01, 0xc0, 0x29, 0x3d, 0xf0,
  0x03, 0x3c, 0x03, 0x00, 0x00, 0x3d, 0xc1, 0x03, 0x01, 0xc1, 0x29, 0x3d,
  0xf1, 0x03, 0x3c, 0x03, 0x00, 0x00, 0x3d, 0xc5, 0x03, 0x01, 0xc2, 0x29,
  0x3d, 0xf2, 0x03, 0x3c, 0x03, 0x00, 0x00, 0x3d, 0xc6, 0x03, 0x01, 0xc3,
  0x29, 0x3d, 0xf3, 0x03, 0x3c, 0x03, 0x00, 0x00, 0x3d, 0xc8, 0x03, 0x01,
  0xc4, 0x29, 0x3d, 0xf4, 0x03, 0x3c, 0x03, 0x00, 0x00, 0x3d, 0xd6, 0x03,
  0x01, 0xc5, 0x29, 0x3d, 0xf8, 0x02, 0x3c, 0x03, 0x00, 0x00, 0x3d, 0xd8,
  0x03, 0x01, 0xc6, 0x29, 0x3d, 0xf5, 0x03, 0x3c, 0x03, 0x00, 0x00, 0x3d,
  0xdb, 0x03, 0x01, 0xc7, 0x29, 0x3d, 0xf6, 0x03, 0x3c, 0x03, 0x00, 0x00,
  0x3d, 0xe7, 0x03, 0x01, 0xc8, 0x29, 0x3d, 0xf7, 0x03, 0x3c, 0x03, 0x00,
  0x00, 0x3d, 0xea, 0x03, 0x01, 0xc9, 0x29, 0x3d, 0xf8, 0x03, 0x3c, 0x03,
  0x00, 0x00, 0x3d, 0xed, 0x03, 0x01, 0xca, 0x29, 0x3d, 0xf9, 0x03, 0x3c,
  0x03, 0x00, 0x00, 0x3d, 0xf1, 0x03, 0x01, 0xcb, 0x29, 0x0c, 0xfa, 0x03,
  0x21, 0x07, 0x00, 0x00, 0x3d, 0xf6, 0x03, 0x40, 0x05, 0x0c, 0xfb, 0x03,
  0x3b, 0x4a, 0x00, 0x00, 0x3d, 0xf8, 0x03, 0x48, 0x05, 0x0c, 0xad, 0x02,
  0xc6, 0x4b, 0x00, 0x00, 0x3d, 0xfa, 0x03, 0x80, 0x05, 0x0c, 0x15, 0x04,
  0xc6, 0x4b, 0x00, 0x00, 0x3d, 0xfb, 0x03, 0x84, 0x05, 0x0c, 0x16, 0x04,
  0x21, 0x07, 0x00, 0x00, 0x3d, 0xff, 0x03, 0x88, 0x05, 0x0c, 0x17, 0x04,
  0x74, 0x37, 0x00, 0x00, 0x3d, 0x08, 0x04, 0x90, 0x05, 0x3e, 0x16, 0x74,
  0x37, 0x00, 0x00, 0x3d, 0x0b, 0x04, 0x98, 0x05, 0x0c, 0x18, 0x04, 0x40,
  0x03, 0x00, 0x00, 0x3d, 0x10, 0x04, 0xa0, 0x05, 0x0c, 0x19, 0x04, 0x40,
  0x03, 0x00, 0x00, 0x3d, 0x11, 0x04, 0xb0, 0x05, 0x0c, 0x1a, 0x04, 0x74,
  0x37, 0x00, 0x00, 0x3d, 0x12, 0x04, 0xc0, 0x05, 0x0c, 0x1b, 0x04, 0x40,
  0x03, 0x00, 0x00, 0x3d, 0x1a, 0x04, 0xc8, 0x05, 0x0c, 0x1c, 0x04, 0x40,
  0x03, 0x00, 0x00, 0x3d, 0x1b, 0x04, 0xd8, 0x05, 0x0c, 0x1d, 0x04, 0xc9,
  0x33, 0x00, 0x00, 0x3d, 0x1e, 0x04, 0xe8, 0x05, 0x0c, 0x1e, 0x04, 0xd8,
  0x4b, 0x00, 0x00, 0x3d, 0x1f, 0x04, 0xf0, 0x05, 0x0c, 0x1f, 0x04, 0x40,
  0x03, 0x00, 0x00, 0x3d, 0x20, 0x04, 0x30, 0x06, 0x0c, 0x20, 0x04, 0xe4,
  0x4b, 0x00, 0x00, 0x3d, 0x22, 0x04, 0x40, 0x06, 0x0c, 0x26, 0x04, 0x65,
  0x16, 0x00, 0x00, 0x3d, 0x25, 0x04, 0x48, 0x06, 0x0c, 0x27, 0x04, 0x65,
  0x16, 0x00, 0x00, 0x3d, 0x28, 0x04, 0x50, 0x06, 0x0c, 0x28, 0x04, 0xff,
  0x07, 0x00, 0x00, 0x3d, 0x2b, 0x04, 0x58, 0x06, 0x0c, 0x29, 0x04, 0x98,
  0x0e, 0x00, 0x00, 0x3d, 0x2d, 0x04, 0x60, 0x06, 0x0c, 0x2a, 0x04, 0x98,
  0x0e, 0x00, 0x00, 0x3d, 0x2e, 0x04, 0x68, 0x06, 0x0c, 0x2b, 0x04, 0x98,
  0x0e, 0x00, 0x00, 0x3d, 0x33, 0x04, 0x70, 0x06, 0x0c, 0x2c, 0x04, 0x1f,
  0x4c, 0x00, 0x00, 0x3d, 0x34, 0x04, 0x78, 0x06, 0x0c, 0x2d, 0x04, 0x21,
  0x07, 0x00, 0x00, 0x3d, 0x3d, 0x04, 0x90, 0x06, 0x0c, 0x2e, 0x04, 0x21,
  0x07, 0x00, 0x00, 0x3d, 0x3e, 0x04, 0x98, 0x06, 0x0c, 0x2f, 0x04, 0x98,
  0x0e, 0x00, 0x00, 0x3d, 0x41, 0x04, 0xa0, 0x06, 0x0c, 0x30, 0x04, 0x98,
  0x0e, 0x00, 0x00, 0x3d, 0x44, 0x04, 0xa8, 0x06, 0x0c, 0x31, 0x04, 0x21,
  0x07, 0x00, 0x00, 0x3d, 0x47, 0x04, 0xb0, 0x06, 0x0c, 0x32, 0x04, 0x21,
  0x07, 0x00, 0x00, 0x3d, 0x48, 0x04, 0xb8, 0x06, 0x0c, 0x33, 0x04, 0x48,
  0x4c, 0x00, 0x00, 0x3d, 0x4b, 0x04, 0xc0, 0x06, 0x0c, 0x3a, 0x04, 0x94,
  0x4c, 0x00, 0x00, 0x3d, 0x4e, 0x04, 0x10, 0x07, 0x0c, 0x3d, 0x04, 0xd0,
  0x2d, 0x00, 0x00, 0x3d, 0x54, 0x04, 0x48, 0x07, 0x0c, 0x3e, 0x04, 0xd0,
  0x2d, 0x00, 0x00, 0x3d, 0x57, 0x04, 0x50, 0x07, 0x0c, 0x9f, 0x02, 0xd0,
  0x2d, 0x00, 0x00, 0x3d, 0x5a, 0x04, 0x58, 0x07, 0x0c, 0x3f, 0x04, 0x12,
  0x2f, 0x00, 0x00, 0x3d, 0x5e, 0x04, 0x60, 0x07, 0x0c, 0x40, 0x04, 0xb9,
  0x4c, 0x00, 0x00, 0x3d, 0x6b, 0x04, 0x68, 0x07, 0x0c, 0x41, 0x04, 0xc5,
  0x4c, 0x00, 0x00, 0x3d, 0x6d, 0x04, 0x78, 0x07, 0x0c, 0x42, 0x04, 0xcd,
  0x4c, 0x00, 0x00, 0x3d, 0x70, 0x04, 0x80, 0x07, 0x0c, 0x46, 0x04, 0xe6,
  0x4c, 0x00, 0x00, 0x3d, 0x71, 0x04, 0x88, 0x07, 0x0c, 0x49, 0x04, 0xf7,
  0x4c, 0x00, 0x00, 0x3d, 0x78, 0x04, 0x98, 0x07, 0x0c, 0xdc, 0x02, 0xff,
  0x4c, 0x00, 0x00, 0x3d, 0x7b, 0x04, 0xa0, 0x07, 0x0c, 0x4c, 0x04, 0x07,
  0x4d, 0x00, 0x00, 0x3d, 0x7e, 0x04, 0xa8, 0x07, 0x0c, 0x4e, 0x04, 0x0f,
  0x4d, 0x00, 0x00, 0x3d, 0x82, 0x04, 0xb0, 0x07, 0x0c, 0x4f, 0x04, 0x17,
  0x4d, 0x00, 0x00, 0x3d, 0x85, 0x04, 0xb8, 0x07, 0x0c, 0xa7, 0x04, 0xaf,
  0x51, 0x00, 0x00, 0x3d, 0x86, 0x04, 0xc0, 0x07, 0x0c, 0xc3, 0x03, 0xeb,
  0x4f, 0x00, 0x00, 0x3d, 0x87, 0x04, 0xc8, 0x07, 0x0c, 0xb7, 0x04, 0xeb,
  0x4f, 0x00, 0x00, 0x3d, 0x88, 0x04, 0xd0, 0x07, 0x0c, 0xb8, 0x04, 0xeb,
  0x4f, 0x00, 0x00, 0x3d, 0x8a, 0x04, 0xd8, 0x07, 0x3e, 0x23, 0xd1, 0x4f,
  0x00, 0x00, 0x3d, 0x8b, 0x04, 0xe0, 0x07, 0x0c, 0xb9, 0x04, 0x21, 0x07,
  0x00, 0x00, 0x3d, 0x8c, 0x04, 0xf8, 0x07, 0x0c, 0xba, 0x04, 0x09, 0x07,
  0x00, 0x00, 0x3d, 0x8d, 0x04, 0x00, 0x08, 0x0c, 0xbb, 0x04, 0x3c, 0x03,
  0x00, 0x00, 0x3d, 0x8e, 0x04, 0x08, 0x08, 0x0c, 0xbc, 0x04, 0x27, 0x25,
  0x00, 0x00, 0x3d, 0x90, 0x04, 0x10, 0x08, 0x0c, 0xbd, 0x04, 0x66, 0x52,
  0x00, 0x00, 0x3d, 0x94, 0x04, 0x18, 0x08, 0x0c, 0xbe, 0x04, 0x82, 0x0b,
  0x00, 0x00, 0x3d, 0x96, 0x04, 0x20, 0x08, 0x0c, 0xbf, 0x04, 0x3c, 0x03,
  0x00, 0x00, 0x3d, 0x97, 0x04, 0x24, 0x08, 0x0c, 0xc0, 0x04, 0x6e, 0x52,
  0x00, 0x00, 0x3d, 0x99, 0x04, 0x28, 0x08, 0x0c, 0xc3, 0x04, 0x99, 0x52,
  0x00, 0x00, 0x3d, 0x9a, 0x04, 0x38, 0x08, 0x0c, 0xc7, 0x04, 0x98, 0x0e,
  0x00, 0x00, 0x3d, 0x9d, 0x04, 0x58, 0x08, 0x0c, 0xc8, 0x04, 0x98, 0x0e,
  0x00, 0x00, 0x3d, 0x9e, 0x04, 0x60, 0x08, 0x0c, 0xc9, 0x04, 0x5e, 0x04,
  0x00, 0x00, 0x3d, 0xa1, 0x04, 0x68, 0x08, 0x0c, 0xca, 0x04, 0xbf, 0x17,
  0x00, 0x00, 0x3d, 0xa4, 0x04, 0x6c, 0x08, 0x0c, 0xcb, 0x04, 0xc7, 0x52,
  0x00, 0x00, 0x3d, 0xa6, 0x04, 0x70, 0x08, 0x0c, 0xcd, 0x04, 0x8b, 0x47,
  0x00, 0x00, 0x3d, 0xaa, 0x04, 0x78, 0x08, 0x0c, 0xce, 0x04, 0x74, 0x37,
  0x00, 0x00, 0x3d, 0xac, 0x04, 0x88, 0x08, 0x0c, 0xcf, 0x04, 0xde, 0x52,
  0x00, 0x00, 0x3d, 0xae, 0x04, 0x90, 0x08, 0x0c, 0xd1, 0x04, 0xff, 0x07,
  0x00, 0x00, 0x3d, 0xd3, 0x04, 0x98, 0x08, 0x0c, 0xd2, 0x04, 0xe6, 0x52,
  0x00, 0x00, 0x3d, 0xd6, 0x04, 0xa0, 0x08, 0x0c, 0xd3, 0x04, 0xee, 0x52,
  0x00, 0x00, 0x3d, 0xd9, 0x04, 0xa8, 0x08, 0x0c, 0xd5, 0x04, 0xf6, 0x52,
  0x00, 0x00, 0x3d, 0xdc, 0x04, 0xb0, 0x08, 0x0c, 0xd6, 0x04, 0xfe, 0x52,
  0x00, 0x00, 0x3d, 0xde, 0x04, 0xb8, 0x08, 0x0c, 0xda, 0x04, 0x28, 0x53,
  0x00, 0x00, 0x3d, 0xe1, 0x04, 0xc0, 0x08, 0x0c, 0xdb, 0x04, 0x21, 0x07,
  0x00, 0x00, 0x3d, 0xe4, 0x04, 0xc8, 0x08, 0x0c, 0xdc, 0x04, 0x30, 0x53,
  0x00, 0x00, 0x3d, 0xe5, 0x04, 0xd0, 0x08, 0x0c, 0x86, 0x04, 0xde, 0x50,
  0x00, 0x00, 0x3d, 0xe7, 0x04, 0xd8, 0x08, 0x0c, 0x0d, 0x05, 0x98, 0x0e,
  0x00, 0x00, 0x3d, 0xee, 0x04, 0x10, 0x09, 0x0c, 0x0e, 0x05, 0x98, 0x0e,
  0x00, 0x00, 0x3d, 0xf0, 0x04, 0x18, 0x09, 0x0c, 0x0f, 0x05, 0x98, 0x0e,
  0x00, 0x00, 0x3d, 0xf2, 0x04, 0x20, 0x09, 0x0c, 0x10, 0x05, 0x92, 0x55,
  0x00, 0x00, 0x3d, 0xf6, 0x04, 0x28, 0x09, 0x0c, 0x12, 0x05, 0xf4, 0x0d,
  0x00, 0x00, 0x3d, 0xf8, 0x04, 0x30, 0x09, 0x0c, 0x13, 0x05, 0x09, 0x05,
  0x00, 0x00, 0x3d, 0xf9, 0x04, 0x34, 0x09, 0x0c, 0x14, 0x05, 0xaa, 0x55,
  0x00, 0x00, 0x3d, 0xfd, 0x04, 0x38, 0x09, 0x0c, 0x16, 0x05, 0x40, 0x03,
  0x00, 0x00, 0x3d, 0xff, 0x04, 0x40, 0x09, 0x0c, 0x17, 0x05, 0xb2, 0x55,
  0x00, 0x00, 0x3d, 0x06, 0x05, 0x50, 0x09, 0x0c, 0x19, 0x05, 0xba, 0x55,
  0x00, 0x00, 0x3d, 0x08, 0x05, 0x58, 0x09, 0x0c, 0x1f, 0x05, 0x40, 0x03,
  0x00, 0x00, 0x3d, 0x0a, 0x05, 0x60, 0x09, 0x0c, 0x20, 0x05, 0x0b, 0x56,
  0x00, 0x00, 0x3d, 0x0b, 0x05, 0x70, 0x09, 0x0c, 0x22, 0x05, 0x67, 0x17,
  0x00, 0x00, 0x3d, 0x0c, 0x05, 0x78, 0x09, 0x0c, 0x23, 0x05, 0x3c, 0x03,
  0x00, 0x00, 0x3d, 0x0d, 0x05, 0x98, 0x09, 0x0c, 0x24, 0x05, 0x13, 0x56,
  0x00, 0x00, 0x3d, 0x10, 0x05, 0x9c, 0x09, 0x0c, 0x25, 0x05, 0x1f, 0x56,
  0x00, 0x00, 0x3d, 0x11, 0x05, 0xa0, 0x09, 0x0c, 0x27, 0x05, 0x67, 0x17,
  0x00, 0x00, 0x3d, 0x12, 0x05, 0xa8, 0x09, 0x0c, 0x28, 0x05, 0x40, 0x03,
  0x00, 0x00, 0x3d, 0x13, 0x05, 0xc8, 0x09, 0x0c, 0x2a, 0x02, 0xa4, 0x2b,
  0x00, 0x00, 0x3d, 0x1a, 0x05, 0xd8, 0x09, 0x0c, 0x29, 0x05, 0x90, 0x2a,
  0x00, 0x00, 0x3d, 0x1b, 0x05, 0xe0, 0x09, 0x0c, 0x2a, 0x05, 0x0d, 0x05,
  0x00, 0x00, 0x3d, 0x1c, 0x05, 0xe2, 0x09, 0x0c, 0x2b, 0x05, 0x90, 0x2a,
  0x00, 0x00, 0x3d, 0x1d, 0x05, 0xe4, 0x09, 0x0c, 0x2c, 0x05, 0x27, 0x56,
  0x00, 0x00, 0x3d, 0x52, 0x05, 0xe8, 0x09, 0x0c, 0x32, 0x05, 0x88, 0x0e,
  0x00, 0x00, 0x3d, 0x53, 0x05, 0xf0, 0x09, 0x0c, 0x33, 0x05, 0x88, 0x0e,
  0x00, 0x00, 0x3d, 0x54, 0x05, 0xf4, 0x09, 0x0c, 0x34, 0x05, 0x21, 0x07,
  0x00, 0x00, 0x3d, 0x59, 0x05, 0xf8, 0x09, 0x0c, 0xb0, 0x01, 0x09, 0x05,
  0x00, 0x00, 0x3d, 0x5d, 0x05, 0x00, 0x0a, 0x0c, 0x35, 0x05, 0x09, 0x05,
  0x00, 0x00, 0x3d, 0x5e, 0x05, 0x04, 0x0a, 0x0c, 0x36, 0x05, 0x09, 0x05,
  0x00, 0x00, 0x3d, 0x5f, 0x05, 0x08, 0x0a, 0x0c, 0x37, 0x05, 0x09, 0x05,
  0x00, 0x00, 0x3d, 0x60, 0x05, 0x0c, 0x0a, 0x0d, 0x38, 0x05, 0x0c, 0x25,
  0x00, 0x00, 0x3d, 0x61, 0x05, 0x08, 0x10, 0x0a, 0x0c, 0x39, 0x05, 0x85,
  0x56, 0x00, 0x00, 0x3d, 0x64, 0x05, 0x20, 0x0a, 0x0c, 0x3f, 0x05, 0xae,
  0x2c, 0x00, 0x00, 0x3d, 0x67, 0x05, 0x30, 0x0a, 0x0c, 0x40, 0x05, 0xbb,
  0x56, 0x00, 0x00, 0x3d, 0x69, 0x05, 0x38, 0x0a, 0x0c, 0x57, 0x05, 0x4d,
  0x58, 0x00, 0x00, 0x3d, 0x6c, 0x05, 0x48, 0x0a, 0x0c, 0x59, 0x05, 0x09,
  0x05, 0x00, 0x00, 0x3d, 0x77, 0x05, 0x50, 0x0a, 0x0c, 0x5a, 0x05, 0x09,
  0x05, 0x00, 0x00, 0x3d, 0x78, 0x05, 0x54, 0x0a, 0x0c, 0x5b, 0x05, 0x21,
  0x07, 0x00, 0x00, 0x3d, 0x7a, 0x05, 0x58, 0x0a, 0x0c, 0x5c, 0x05, 0x98,
  0x0e, 0x00, 0x00, 0x3d, 0x84, 0x05, 0x60, 0x0a, 0x0c, 0x5d, 0x05, 0x98,
  0x0e, 0x00, 0x00, 0x3d, 0x85, 0x05, 0x68, 0x0a, 0x0c, 0x5e, 0x05, 0x21,
  0x07, 0x00, 0x00, 0x3d, 0xb5, 0x05, 0x70, 0x0a, 0x0c, 0x5f, 0x05, 0x55,
  0x58, 0x00, 0x00, 0x3d, 0xe1, 0x05, 0x78, 0x0a, 0x0c, 0x61, 0x05, 0x5d,
  0x58, 0x00, 0x00, 0x3d, 0xe5, 0x05, 0x80, 0x0a, 0x0c, 0x92, 0x05, 0x21,
  0x5b, 0x00, 0x00, 0x3d, 0xeb, 0x05, 0x88, 0x0a, 0x0d, 0x76, 0x02, 0x0c,
  0x25, 0x00, 0x00, 0x3d, 0xf2, 0x05, 0x08, 0x88, 0x0a, 0x0c, 0x93, 0x05,
  0x7e, 0x30, 0x00, 0x00, 0x3d, 0xf3, 0x05, 0x98, 0x0a, 0x0c, 0x94, 0x05,
  0x09, 0x05, 0x00, 0x00, 0x3d, 0xf4, 0x05, 0x9c, 0x0a, 0x0c, 0x95, 0x05,
  0x74, 0x37, 0x00, 0x00, 0x3d, 0xf6, 0x05, 0xa0, 0x0a, 0x0c, 0x96, 0x05,
  0x12, 0x5a, 0x00, 0x00, 0x3d, 0xf7, 0x05, 0xa8, 0x0a, 0x0c, 0x97, 0x05,
  0x28, 0x5b, 0x00, 0x00, 0x3d, 0xfa, 0x05, 0xd0, 0x0a, 0x0c, 0x99, 0x05,
  0x7e, 0x30, 0x00, 0x00, 0x3d, 0xfe, 0x05, 0xd8, 0x0a, 0x0c, 0x67, 0x02,
  0xff, 0x07, 0x00, 0x00, 0x3d, 0x05, 0x06, 0xe0, 0x0a, 0x0c, 0x9a, 0x05,
  0x30, 0x5b, 0x00, 0x00, 0x3d, 0x09, 0x06, 0xe8, 0x0a, 0x0c, 0x9c, 0x05,
  0x38, 0x5b, 0x00, 0x00, 0x3d, 0x0b, 0x06, 0xf0, 0x0a, 0x0c, 0x9e, 0x05,
  0x40, 0x5b, 0x00, 0x00, 0x3d, 0x0e, 0x06, 0xf8, 0x0a, 0x0c, 0x9f, 0x05,
  0xff, 0x07, 0x00, 0x00, 0x3d, 0x16, 0x06, 0x00, 0x0b, 0x0c, 0xa0, 0x05,
  0xa0, 0x0e, 0x00, 0x00, 0x3d, 0x17, 0x06, 0x08, 0x0b, 0x0c, 0xa1, 0x05,
  0x98, 0x0e, 0x00, 0x00, 0x3d, 0x18, 0x06, 0x10, 0x0b, 0x3d, 0xa2, 0x05,
  0xa0, 0x0e, 0x00, 0x00, 0x3d, 0x19, 0x06, 0x01, 0xc0, 0x58, 0x3d, 0xa3,
  0x05, 0xa0, 0x0e, 0x00, 0x00, 0x3d, 0x1a, 0x06, 0x01, 0xc1, 0x58, 0x3d,
  0xa4, 0x05, 0xa0, 0x0e, 0x00, 0x00, 0x3d, 0x1b, 0x06, 0x3e, 0xc2, 0x58,
  0x0d, 0xa5, 0x05, 0x0c, 0x25, 0x00, 0x00, 0x3d, 0x1c, 0x06, 0x08, 0x20,
  0x0b, 0x0c, 0xa6, 0x05, 0x09, 0x05, 0x00, 0x00, 0x3d, 0x1d, 0x06, 0x30,
  0x0b, 0x0c, 0xa7, 0x05, 0x48, 0x5b, 0x00, 0x00, 0x3d, 0x21, 0x06, 0x38,
  0x0b, 0x0c, 0xa9, 0x05, 0x48, 0x5b, 0x00, 0x00, 0x3d, 0x24, 0x06, 0x40,
  0x0b, 0x0d, 0xaa, 0x05, 0x0c, 0x25, 0x00, 0x00, 0x3d, 0x2e, 0x06, 0x08,
  0x48, 0x0b, 0x0c, 0xab, 0x05, 0x58, 0x5b, 0x00, 0x00, 0x3d, 0x46, 0x06,
  0x80, 0x0b, 0x00, 0x13, 0x05, 0x03, 0x18, 0x3c, 0x3e, 0x14, 0x34, 0x01,
  0x21, 0x07, 0x00, 0x00, 0x3c, 0x3f, 0x00, 0x14, 0x06, 0x03, 0x21, 0x07,
  0x00, 0x00, 0x3c, 0x40, 0x08, 0x14, 0x07, 0x03, 0x88, 0x0e, 0x00, 0x00,
  0x3c, 0x41, 0x10, 0x14, 0x08, 0x03, 0x88, 0x0e, 0x00, 0x00, 0x3c, 0x43,
  0x14, 0x00, 0x13, 0x14, 0x03, 0x10, 0x3e, 0x3a, 0x14, 0x0f, 0x03, 0xc5,
  0x34, 0x00, 0x00, 0x3e, 0x3b, 0x00, 0x17, 0x3f, 0x42, 0x00, 0x00, 0x3e,
  0x3c, 0x08, 0x18, 0x04, 0x3e, 0x3c, 0x14, 0x10, 0x03, 0x3c, 0x03, 0x00,
  0x00, 0x3e, 0x3d, 0x00, 0x14, 0x11, 0x03, 0xf3, 0x04, 0x00, 0x00, 0x3e,
  0x3e, 0x00, 0x00, 0x14, 0x12, 0x03, 0x21, 0x05, 0x00, 0x00, 0x3e, 0x41,
  0x0c, 0x14, 0x13, 0x03, 0x21, 0x05, 0x00, 0x00, 0x3e, 0x41, 0x0e, 0x00,
  0x25, 0x42, 0x03, 0x00, 0x01, 0x3d, 0x1d, 0x02, 0x0b, 0x20, 0x03, 0x74,
  0x43, 0x00, 0x00, 0x3d, 0x1f, 0x02, 0x00, 0x29, 0x24, 0x03, 0x64, 0x2b,
  0x00, 0x00, 0x3d, 0x20, 0x02, 0x08, 0x10, 0x0b, 0x25, 0x03, 0x98, 0x0e,
  0x00, 0x00, 0x3d, 0x21, 0x02, 0x28, 0x0b, 0x26, 0x03, 0x98, 0x0e, 0x00,
  0x00, 0x3d, 0x22, 0x02, 0x30, 0x0b, 0x27, 0x03, 0x98, 0x0e, 0x00, 0x00,
  0x3d, 0x23, 0x02, 0x38, 0x0b, 0x28, 0x03, 0x40, 0x03, 0x00, 0x00, 0x3d,
  0x25, 0x02, 0x40, 0x0b, 0x1a, 0x03, 0x1d, 0x05, 0x00, 0x00, 0x3d, 0x26,
  0x02, 0x50, 0x0b, 0x29, 0x03, 0x1d, 0x05, 0x00, 0x00, 0x3d, 0x27, 0x02,
  0x51, 0x0b, 0x2a, 0x03, 0x1d, 0x05, 0x00, 0x00, 0x3d, 0x28, 0x02, 0x52,
  0x0b, 0x2b, 0x03, 0x1d, 0x05, 0x00, 0x00, 0x3d, 0x29, 0x02, 0x53, 0x0b,
  0x2c, 0x03, 0x98, 0x0e, 0x00, 0x00, 0x3d, 0x2c, 0x02, 0x58, 0x0b, 0x2d,
  0x03, 0x98, 0x0e, 0x00, 0x00, 0x3d, 0x2d, 0x02, 0x60, 0x0b, 0x2e, 0x03,
  0x98, 0x0e, 0x00, 0x00, 0x3d, 0x2e, 0x02, 0x68, 0x0b, 0x2f, 0x03, 0x98,
  0x0e, 0x00, 0x00, 0x3d, 0x2f, 0x02, 0x70, 0x0b, 0x30, 0x03, 0xaf, 0x17,
  0x00, 0x00, 0x3d, 0x30, 0x02, 0x78, 0x0b, 0x31, 0x03, 0x98, 0x0e, 0x00,
  0x00, 0x3d, 0x31, 0x02, 0x80, 0x0b, 0x32, 0x03, 0x98, 0x0e, 0x00, 0x00,
  0x3d, 0x33, 0x02, 0x88, 0x0b, 0x33, 0x03, 0x09, 0x05, 0x00, 0x00, 0x3d,
  0x36, 0x02, 0x90, 0x0a, 0x16, 0x92, 0x43, 0x00, 0x00, 0x3d, 0x37, 0x02,
  0x98, 0x0b, 0x34, 0x03, 0x97, 0x43, 0x00, 0x00, 0x3d, 0x39, 0x02, 0xa0,
  0x0b, 0x35, 0x03, 0x97, 0x43, 0x00, 0x00, 0x3d, 0x3b, 0x02, 0xa8, 0x0b,
  0x36, 0x03, 0x21, 0x07, 0x00, 0x00, 0x3d, 0x3d, 0x02, 0xb0, 0x29, 0x37,
  0x03, 0x9f, 0x43, 0x00, 0x00, 0x3d, 0x47, 0x02, 0x40, 0xc0, 0x00, 0x21,
  0x23, 0x03, 0x10, 0x3d, 0xaa, 0x01, 0x0b, 0x21, 0x03, 0x21, 0x07, 0x00,
  0x00, 0x3d, 0xab, 0x01, 0x00, 0x0b, 0x22, 0x03, 0x88, 0x0e, 0x00, 0x00,
  0x3d, 0xac, 0x01, 0x08, 0x00, 0x12, 0x6d, 0x42, 0x00, 0x00, 0x12, 0x9c,
  0x43, 0x00, 0x00, 0x30, 0x34, 0x03, 0x24, 0x41, 0x03, 0x40, 0x3d, 0xdc,
  0x01, 0x40, 0x0b, 0x38, 0x03, 0x98, 0x0e, 0x00, 0x00, 0x3d, 0xdd, 0x01,
  0x00, 0x0b, 0x39, 0x03, 0x98, 0x0e, 0x00, 0x00, 0x3d, 0xde, 0x01, 0x08,
  0x0b, 0x3a, 0x03, 0x98, 0x0e, 0x00, 0x00, 0x3d, 0xdf, 0x01, 0x10, 0x0b,
  0x3b, 0x03, 0x88, 0x0e, 0x00, 0x00, 0x3d, 0xe0, 0x01, 0x18, 0x0b, 0x3c,
  0x03, 0x88, 0x0e, 0x00, 0x00, 0x3d, 0xe1, 0x01, 0x1c, 0x0b, 0x3d, 0x03,
  0x21, 0x07, 0x00, 0x00, 0x3d, 0xe2, 0x01, 0x20, 0x0b, 0x3e, 0x03, 0x21,
  0x07, 0x00, 0x00, 0x3d, 0xe3, 0x01, 0x28, 0x0b, 0x3f, 0x03, 0x21, 0x07,
  0x00, 0x00, 0x3d, 0xe4, 0x01, 0x30, 0x0b, 0x40, 0x03, 0x3c, 0x03, 0x00,
  0x00, 0x3d, 0xe5, 0x01, 0x38, 0x00, 0x21, 0x4a, 0x03, 0x30, 0x3d, 0x4b,
  0x02, 0x0b, 0x44, 0x03, 0x40, 0x03, 0x00, 0x00, 0x3d, 0x4c, 0x02, 0x00,
  0x0b, 0x45, 0x03, 0x21, 0x07, 0x00, 0x00, 0x3d, 0x4d, 0x02, 0x10, 0x0b,
  0x46, 0x03, 0x21, 0x07, 0x00, 0x00, 0x3d, 0x4e, 0x02, 0x18, 0x0b, 0x47,
  0x03, 0x3c, 0x03, 0x00, 0x00, 0x3d, 0x4f, 0x02, 0x20, 0x0b, 0x1a, 0x03,
  0x31, 0x05, 0x00, 0x00, 0x3d, 0x50, 0x02, 0x24, 0x0b, 0x48, 0x03, 0x31,
  0x05, 0x00, 0x00, 0x3d, 0x51, 0x02, 0x26, 0x0b, 0x49, 0x03, 0x60, 0x44,
  0x00, 0x00, 0x3d, 0x53, 0x02, 0x28, 0x00, 0x12, 0x0b, 0x44, 0x00, 0x00,
  0x21, 0x92, 0x03, 0xf8, 0x3d, 0x60, 0x02, 0x29, 0x1f, 0x02, 0x64, 0x2b,
  0x00, 0x00, 0x3d, 0x61, 0x02, 0x08, 0x00, 0x0b, 0x4c, 0x03, 0x98, 0x0e,
  0x00, 0x00, 0x3d, 0x68, 0x02, 0x18, 0x0b, 0x4d, 0x03, 0x98, 0x0e, 0x00,
  0x00, 0x3d, 0x69, 0x02, 0x20, 0x0b, 0x4e, 0x03, 0x98, 0x0e, 0x00, 0x00,
  0x3d, 0x6a, 0x02, 0x28, 0x0b, 0x4f, 0x03, 0x98, 0x0e, 0x00, 0x00, 0x3d,
  0x6b, 0x02, 0x30, 0x0b, 0x50, 0x03, 0x98, 0x0e, 0x00, 0x00, 0x3d, 0x6c,
  0x02, 0x38, 0x0b, 0x51, 0x03, 0xaf, 0x17, 0x00, 0x00, 0x3d, 0x73, 0x02,
  0x40, 0x0b, 0x25, 0x03, 0x98, 0x0e, 0x00, 0x00, 0x3d, 0x74, 0x02, 0x48,
  0x0b, 0x34, 0x01, 0x3c, 0x03, 0x00, 0x00, 0x3d, 0x75, 0x02, 0x50, 0x3d,
  0x52, 0x03, 0x3c, 0x03, 0x00, 0x00, 0x3d, 0x96, 0x02, 0x01, 0xa0, 0x02,
  0x3d, 0x53, 0x03, 0x3c, 0x03, 0x00, 0x00, 0x3d, 0x97, 0x02, 0x01, 0xa1,
  0x02, 0x3d, 0x54, 0x03, 0x3c, 0x03, 0x00, 0x00, 0x3d, 0x98, 0x02, 0x01,
  0xa2, 0x02, 0x3d, 0x55, 0x03, 0x3c, 0x03, 0x00, 0x00, 0x3d, 0x99, 0x02,
  0x01, 0xa3, 0x02, 0x3d, 0x56, 0x03, 0x3c, 0x03, 0x00, 0x00, 0x3d, 0x9a,
  0x02, 0x01, 0xa4, 0x02, 0x3d, 0x57, 0x03, 0x3c, 0x03, 0x00, 0x00, 0x3d,
  0x9b, 0x02, 0x01, 0xa5, 0x02, 0x3d, 0x58, 0x03, 0x3c, 0x03, 0x00, 0x00,
  0x3d, 0x9c, 0x02, 0x01, 0xa6, 0x02, 0x3d, 0x59, 0x03, 0x3c, 0x03, 0x00,
  0x00, 0x3d, 0x9d, 0x02, 0x01, 0xa7, 0x02, 0x0b, 0x5a, 0x03, 0x7b, 0x45,
  0x00, 0x00, 0x3d, 0xa3, 0x02, 0x58, 0x0b, 0x8b, 0x03, 0x7b, 0x45, 0x00,
  0x00, 0x3d, 0xac, 0x02, 0x98, 0x0b, 0x8c, 0x03, 0xc1, 0x47, 0x00, 0x00,
  0x3d, 0xb7, 0x02, 0xd8, 0x0b, 0x8d, 0x03, 0xc9, 0x47, 0x00, 0x00, 0x3d,
  0xb8, 0x02, 0xe0, 0x0b, 0x8f, 0x03, 0xe8, 0x47, 0x00, 0x00, 0x3d, 0xb9,
  0x02, 0xe8, 0x0b, 0x91, 0x03, 0xe3, 0x47, 0x00, 0x00, 0x3d, 0xc1, 0x02,
  0xf0, 0x00, 0x13, 0x8a, 0x03, 0x40, 0x40, 0x27, 0x14, 0x5b, 0x03, 0xd1,
  0x45, 0x00, 0x00, 0x40, 0x28, 0x00, 0x14, 0x5f, 0x03, 0xed, 0x45, 0x00,
  0x00, 0x40, 0x29, 0x20, 0x14, 0x60, 0x03, 0xf6, 0x45, 0x00, 0x00, 0x40,
  0x2a, 0x28, 0x14, 0x64, 0x03, 0x1e, 0x46, 0x00, 0x00, 0x40, 0x2b, 0x30,
  0x11, 0x07, 0x0d, 0x05, 0x00, 0x00, 0x40, 0x2c, 0x38, 0x14, 0x87, 0x03,
  0x0d, 0x05, 0x00, 0x00, 0x40, 0x2d, 0x39, 0x14, 0x88, 0x03, 0x0d, 0x05,
  0x00, 0x00, 0x40, 0x2e, 0x3a, 0x14, 0x89, 0x03, 0x0d, 0x05, 0x00, 0x00,
  0x40, 0x2f, 0x3b, 0x00, 0x13, 0x5e, 0x03, 0x20, 0x3f, 0x08, 0x2b, 0x5b,
  0x03, 0x64, 0x2b, 0x00, 0x00, 0x3f, 0x09, 0x08, 0x00, 0x14, 0x5c, 0x03,
  0xed, 0x45, 0x00, 0x00, 0x3f, 0x0a, 0x18, 0x00, 0x2f, 0xaf, 0x17, 0x00,
  0x00, 0x5d, 0x03, 0x03, 0x7c, 0x12, 0xfb, 0x45, 0x00, 0x00, 0x1a, 0x06,
  0x46, 0x00, 0x00, 0x1b, 0x19, 0x46, 0x00, 0x00, 0x00, 0x3b, 0x3c, 0x03,
  0x00, 0x00, 0x63, 0x03, 0x04, 0x40, 0x0d, 0x3c, 0x61, 0x03, 0x00, 0x3c,
  0x62, 0x03, 0x01, 0x00, 0x12, 0x7b, 0x45, 0x00, 0x00, 0x12, 0x23, 0x46,
  0x00, 0x00, 0x2c, 0x86, 0x03, 0x40, 0x41, 0x2f, 0x40, 0x14, 0x65, 0x03,
  0x7b, 0x46, 0x00, 0x00, 0x41, 0x30, 0x00, 0x14, 0x77, 0x03, 0x3c, 0x03,
  0x00, 0x00, 0x41, 0x31, 0x08, 0x14, 0x78, 0x03, 0x4f, 0x47, 0x00, 0x00,
  0x41, 0x32, 0x0c, 0x14, 0x7b, 0x03, 0x61, 0x47, 0x00, 0x00, 0x41, 0x33,
  0x10, 0x14, 0x7e, 0x03, 0x19, 0x46, 0x00, 0x00, 0x41, 0x34, 0x18, 0x14,
  0x7f, 0x03, 0x7a, 0x47, 0x00, 0x00, 0x41, 0x35, 0x20, 0x14, 0x84, 0x03,
  0xb7, 0x47, 0x00, 0x00, 0x41, 0x36, 0x30, 0x14, 0x85, 0x03, 0xed, 0x45,
  0x00, 0x00, 0x41, 0x37, 0x38, 0x00, 0x12, 0x80, 0x46, 0x00, 0x00, 0x3f,
  0x76, 0x03, 0x40, 0x02, 0x41, 0x67, 0x40, 0x14, 0xd3, 0x01, 0xbf, 0x17,
  0x00, 0x00, 0x41, 0x68, 0x00, 0x14, 0x08, 0x03, 0x3c, 0x03, 0x00, 0x00,
  0x41, 0x69, 0x04, 0x14, 0x66, 0x03, 0x3c, 0x03, 0x00, 0x00, 0x41, 0x6a,
  0x08, 0x14, 0x67, 0x03, 0x3c, 0x03, 0x00, 0x00, 0x41, 0x6b, 0x0c, 0x40,
  0x68, 0x03, 0x3c, 0x03, 0x00, 0x00, 0x41, 0x6c, 0x01, 0x80, 0x40, 0x69,
  0x03, 0x3c, 0x03, 0x00, 0x00, 0x41, 0x6d, 0x01, 0x81, 0x40, 0x6a, 0x03,
  0x3c, 0x03, 0x00, 0x00, 0x41, 0x6e, 0x01, 0x82, 0x40, 0x6b, 0x03, 0x3c,
  0x03, 0x00, 0x00, 0x41, 0x6f, 0x01, 0x83, 0x40, 0x6c, 0x03, 0x3c, 0x03,
  0x00, 0x00, 0x41, 0x70, 0x01, 0x84, 0x14, 0x6d, 0x03, 0x3c, 0x03, 0x00,
  0x00, 0x41, 0x72, 0x14, 0x14, 0x6e, 0x03, 0x31, 0x05, 0x00, 0x00, 0x41,
  0x73, 0x18, 0x14, 0x6f, 0x03, 0x31, 0x05, 0x00, 0x00, 0x41, 0x74, 0x1a,
  0x14, 0x70, 0x03, 0x3c, 0x03, 0x00, 0x00, 0x41, 0x75, 0x1c, 0x14, 0x71,
  0x03, 0xed, 0x45, 0x00, 0x00, 0x41, 0x7b, 0x20, 0x14, 0x72, 0x03, 0x19,
  0x46, 0x00, 0x00, 0x41, 0x7c, 0x28, 0x14, 0x73, 0x03, 0xed, 0x45, 0x00,
  0x00, 0x41, 0x7d, 0x30, 0x14, 0x74, 0x03, 0x19, 0x46, 0x00, 0x00, 0x41,
  0x7e, 0x38, 0x2b, 0x75, 0x03, 0x43, 0x47, 0x00, 0x00, 0x41, 0x7f, 0x40,
  0x40, 0x00, 0x03, 0x23, 0x46, 0x00, 0x00, 0x04, 0x3f, 0x00, 0x00, 0x00,
  0x08, 0x00, 0x2f, 0x58, 0x47, 0x00, 0x00, 0x7a, 0x03, 0x03, 0x20, 0x2f,
  0x09, 0x05, 0x00, 0x00, 0x79, 0x03, 0x0a, 0x60, 0x2f, 0x6a, 0x47, 0x00,
  0x00, 0x7d, 0x03, 0x0f, 0x44, 0x13, 0x7c, 0x03, 0x04, 0x0f, 0x44, 0x11,
  0x62, 0x0b, 0x0e, 0x00, 0x00, 0x0f, 0x44, 0x00, 0x00, 0x13, 0x83, 0x03,
  0x10, 0x3f, 0x0d, 0x14, 0x80, 0x03, 0x8b, 0x47, 0x00, 0x00, 0x3f, 0x0e,
  0x00, 0x00, 0x13, 0x82, 0x03, 0x10, 0x2a, 0x1a, 0x14, 0x80, 0x03, 0xa6,
  0x47, 0x00, 0x00, 0x2a, 0x1b, 0x00, 0x14, 0x81, 0x03, 0x8a, 0x2b, 0x00,
  0x00, 0x2a, 0x1c, 0x08, 0x00, 0x13, 0x80, 0x03, 0x08, 0x2a, 0x0c, 0x14,
  0x1f, 0x02, 0x8a, 0x2b, 0x00, 0x00, 0x2a, 0x0d, 0x00, 0x00, 0x12, 0xbc,
  0x47, 0x00, 0x00, 0x23, 0xed, 0x45, 0x00, 0x00, 0x12, 0xc6, 0x47, 0x00,
  0x00, 0x30, 0x8c, 0x03, 0x31, 0xd3, 0x47, 0x00, 0x00, 0x8e, 0x03, 0x3d,
  0x5d, 0x02, 0x12, 0xd8, 0x47, 0x00, 0x00, 0x1a, 0x56, 0x22, 0x00, 0x00,
  0x1b, 0xe3, 0x47, 0x00, 0x00, 0x00, 0x12, 0x65, 0x44, 0x00, 0x00, 0x31,
  0xf2, 0x47, 0x00, 0x00, 0x90, 0x03, 0x3d, 0x5e, 0x02, 0x12, 0xf7, 0x47,
  0x00, 0x00, 0x1a, 0x74, 0x37, 0x00, 0x00, 0x1b, 0xe3, 0x47, 0x00, 0x00,
  0x00, 0x12, 0x07, 0x48, 0x00, 0x00, 0x05, 0x0c, 0x48, 0x00, 0x00, 0x30,
  0x93, 0x03, 0x12, 0x14, 0x48, 0x00, 0x00, 0x30, 0x95, 0x03, 0x09, 0xb3,
  0x03, 0x00, 0x01, 0x3d, 0xf3, 0x01, 0x40, 0x0b, 0x97, 0x03, 0x98, 0x0e,
  0x00, 0x00, 0x3d, 0xf5, 0x01, 0x00, 0x0b, 0x98, 0x03, 0x98, 0x0e, 0x00,
  0x00, 0x3d, 0xf6, 0x01, 0x08, 0x0b, 0x99, 0x03, 0x98, 0x0e, 0x00, 0x00,
  0x3d, 0xf7, 0x01, 0x10, 0x0b, 0x9a, 0x03, 0x98, 0x0e, 0x00, 0x00, 0x3d,
  0xf8, 0x01, 0x18, 0x0b, 0x9b, 0x03, 0x98, 0x0e, 0x00, 0x00, 0x3d, 0xf9,
  0x01, 0x20, 0x0b, 0x9c, 0x03, 0x98, 0x0e, 0x00, 0x00, 0x3d, 0xfa, 0x01,
  0x28, 0x0b, 0x9d, 0x03, 0x98, 0x0e, 0x00, 0x00, 0x3d, 0xfc, 0x01, 0x30,
  0x0b, 0x9e, 0x03, 0x98, 0x0e, 0x00, 0x00, 0x3d, 0xfd, 0x01, 0x38, 0x0b,
  0x9f, 0x03, 0xaf, 0x17, 0x00, 0x00, 0x3d, 0xfe, 0x01, 0x40, 0x0b, 0xa0,
  0x03, 0x98, 0x0e, 0x00, 0x00, 0x3d, 0x00, 0x02, 0x48, 0x0b, 0xa1, 0x03,
  0x98, 0x0e, 0x00, 0x00, 0x3d, 0x01, 0x02, 0x50, 0x0b, 0xa2, 0x03, 0xaf,
  0x17, 0x00, 0x00, 0x3d, 0x02, 0x02, 0x58, 0x0b, 0xa3, 0x03, 0xaf, 0x17,
  0x00, 0x00, 0x3d, 0x04, 0x02, 0x60, 0x0b, 0xa4, 0x03, 0x98, 0x0e, 0x00,
  0x00, 0x3d, 0x05, 0x02, 0x68, 0x0b, 0xa5, 0x03, 0x98, 0x0e, 0x00, 0x00,
  0x3d, 0x07, 0x02, 0x70, 0x0b, 0xa6, 0x03, 0x98, 0x0e, 0x00, 0x00, 0x3d,
  0x08, 0x02, 0x78, 0x0b, 0xa7, 0x03, 0x98, 0x0e, 0x00, 0x00, 0x3d, 0x09,
  0x02, 0x80, 0x0b, 0xa8, 0x03, 0x98, 0x0e, 0x00, 0x00, 0x3d, 0x0a, 0x02,
  0x88, 0x0b, 0xa9, 0x03, 0x98, 0x0e, 0x00, 0x00, 0x3d, 0x0b, 0x02, 0x90,
  0x0b, 0xaa, 0x03, 0x98, 0x0e, 0x00, 0x00, 0x3d, 0x0d, 0x02, 0x98, 0x0b,
  0xab, 0x03, 0x98, 0x0e, 0x00, 0x00, 0x3d, 0x0e, 0x02, 0xa0, 0x0b, 0xac,
  0x03, 0x98, 0x0e, 0x00, 0x00, 0x3d, 0x0f, 0x02, 0xa8, 0x0b, 0xad, 0x03,
  0x98, 0x0e, 0x00, 0x00, 0x3d, 0x10, 0x02, 0xb0, 0x0b, 0xae, 0x03, 0x98,
  0x0e, 0x00, 0x00, 0x3d, 0x11, 0x02, 0xb8, 0x0b, 0xaf, 0x03, 0x98, 0x0e,
  0x00, 0x00, 0x3d, 0x12, 0x02, 0xc0, 0x0b, 0xb0, 0x03, 0x98, 0x0e, 0x00,
  0x00, 0x3d, 0x13, 0x02, 0xc8, 0x0b, 0xb1, 0x03, 0x98, 0x0e, 0x00, 0x00,
  0x3d, 0x14, 0x02, 0xd0, 0x0b, 0xb2, 0x03, 0x98, 0x0e, 0x00, 0x00, 0x3d,
  0x15, 0x02, 0xd8, 0x00, 0x12, 0x5a, 0x49, 0x00, 0x00, 0x05, 0x5f, 0x49,
  0x00, 0x00, 0x2f, 0x68, 0x49, 0x00, 0x00, 0xba, 0x03, 0x42, 0x09, 0x13,
  0xb9, 0x03, 0x08, 0x42, 0x09, 0x14, 0xb8, 0x03, 0x79, 0x49, 0x00, 0x00,
  0x42, 0x09, 0x00, 0x00, 0x03, 0x21, 0x07, 0x00, 0x00, 0x04, 0x3f, 0x00,
  0x00, 0x00, 0x01, 0x00, 0x12, 0x5f, 0x49, 0x00, 0x00, 0x41, 0xc8, 0x03,
  0x04, 0x3d, 0xe8, 0x02, 0x0b, 0xc2, 0x03, 0x9c, 0x49, 0x00, 0x00, 0x3d,
  0xee, 0x02, 0x00, 0x33, 0x04, 0x3d, 0xe9, 0x02, 0x0b, 0xc3, 0x03, 0x0d,
  0x05, 0x00, 0x00, 0x3d, 0xea, 0x02, 0x00, 0x0b, 0xc4, 0x03, 0x0d, 0x05,
  0x00, 0x00, 0x3d, 0xeb, 0x02, 0x01, 0x0b, 0xc5, 0x03, 0x0d, 0x05, 0x00,
  0x00, 0x3d, 0xec, 0x02, 0x02, 0x0b, 0xc6, 0x03, 0x0d, 0x05, 0x00, 0x00,
  0x3d, 0xed, 0x02, 0x03, 0x00, 0x0b, 0xc7, 0x03, 0x88, 0x0e, 0x00, 0x00,
  0x3d, 0xef, 0x02, 0x00, 0x00, 0x12, 0xdf, 0x49, 0x00, 0x00, 0x30, 0xcb,
  0x03, 0x21, 0xd9, 0x03, 0x20, 0x3d, 0x87, 0x01, 0x0b, 0xda, 0x03, 0x21,
  0x07, 0x00, 0x00, 0x3d, 0x8c, 0x01, 0x00, 0x0b, 0xdb, 0x03, 0xa8, 0x0e,
  0x00, 0x00, 0x3d, 0x8f, 0x01, 0x08, 0x0b, 0xdc, 0x03, 0xa8, 0x0e, 0x00,
  0x00, 0x3d, 0x94, 0x01, 0x10, 0x0b, 0xdd, 0x03, 0xa8, 0x0e, 0x00, 0x00,
  0x3d, 0x97, 0x01, 0x18, 0x00, 0x13, 0xe1, 0x03, 0x28, 0x43, 0x0b, 0x14,
  0x1b, 0x03, 0x09, 0x05, 0x00, 0x00, 0x43, 0x0c, 0x00, 0x14, 0xdf, 0x03,
  0x40, 0x03, 0x00, 0x00, 0x43, 0x0d, 0x08, 0x14, 0xe0, 0x03, 0x40, 0x03,
  0x00, 0x00, 0x43, 0x0e, 0x18, 0x00, 0x13, 0xfb, 0x03, 0x38, 0x44, 0x19,
  0x14, 0xfc, 0x03, 0x21, 0x07, 0x00, 0x00, 0x44, 0x1a, 0x00, 0x14, 0xfd,
  0x03, 0x3b, 0x4b, 0x00, 0x00, 0x44, 0x1b, 0x08, 0x17, 0x5d, 0x4a, 0x00,
  0x00, 0x44, 0x1c, 0x10, 0x18, 0x28, 0x44, 0x1c, 0x14, 0xfe, 0x03, 0x6b,
  0x4a, 0x00, 0x00, 0x44, 0x25, 0x00, 0x19, 0x28, 0x44, 0x1e, 0x14, 0xff,
  0x03, 0x50, 0x4b, 0x00, 0x00, 0x44, 0x1f, 0x00, 0x11, 0x1b, 0x88, 0x0e,
  0x00, 0x00, 0x44, 0x20, 0x08, 0x14, 0x34, 0x01, 0x88, 0x0e, 0x00, 0x00,
  0x44, 0x21, 0x0c, 0x14, 0x00, 0x04, 0x88, 0x0e, 0x00, 0x00, 0x44, 0x22,
  0x10, 0x14, 0xad, 0x01, 0x98, 0x0e, 0x00, 0x00, 0x44, 0x23, 0x18, 0x14,
  0x01, 0x04, 0x50, 0x4b, 0x00, 0x00, 0x44, 0x24, 0x20, 0x00, 0x14, 0x02,
  0x04, 0xb5, 0x4a, 0x00, 0x00, 0x44, 0x2f, 0x00, 0x19, 0x18, 0x44, 0x27,
  0x14, 0x78, 0x03, 0x4f, 0x47, 0x00, 0x00, 0x44, 0x28, 0x00, 0x11, 0xdc,
  0x55, 0x4b, 0x00, 0x00, 0x44, 0x29, 0x04, 0x17, 0xd4, 0x4a, 0x00, 0x00,
  0x44, 0x2a, 0x08, 0x18, 0x08, 0x44, 0x2a, 0x14, 0x07, 0x04, 0x6c, 0x4b,
  0x00, 0x00, 0x44, 0x2b, 0x00, 0x14, 0x0c, 0x04, 0x95, 0x4b, 0x00, 0x00,
  0x44, 0x2c, 0x00, 0x00, 0x14, 0x5c, 0x03, 0x98, 0x0e, 0x00, 0x00, 0x44,
  0x2e, 0x10, 0x00, 0x14, 0x8e, 0x01, 0x02, 0x4b, 0x00, 0x00, 0x44, 0x37,
  0x00, 0x19, 0x20, 0x44, 0x31, 0x14, 0x0f, 0x04, 0xbe, 0x4b, 0x00, 0x00,
  0x44, 0x32, 0x00, 0x14, 0x11, 0x04, 0x09, 0x05, 0x00, 0x00, 0x44, 0x33,
  0x08, 0x14, 0x12, 0x04, 0x09, 0x05, 0x00, 0x00, 0x44, 0x34, 0x0c, 0x14,
  0x08, 0x04, 0x21, 0x07, 0x00, 0x00, 0x44, 0x35, 0x10, 0x14, 0x0a, 0x04,
  0x21, 0x07, 0x00, 0x00, 0x44, 0x36, 0x18, 0x00, 0x00, 0x00, 0x12, 0x40,
  0x4b, 0x00, 0x00, 0x1a, 0xc1, 0x06, 0x00, 0x00, 0x1b, 0x4b, 0x4b, 0x00,
  0x00, 0x00, 0x12, 0x3b, 0x4a, 0x00, 0x00, 0x12, 0x88, 0x0e, 0x00, 0x00,
  0x3b, 0x3c, 0x03, 0x00, 0x00, 0x06, 0x04, 0x04, 0x44, 0x10, 0x3c, 0x03,
  0x04, 0x00, 0x3c, 0x04, 0x04, 0x01, 0x3c, 0x05, 0x04, 0x02, 0x00, 0x12,
  0x71, 0x4b, 0x00, 0x00, 0x13, 0x0b, 0x04, 0x10, 0x45, 0x07, 0x14, 0x08,
  0x04, 0x8c, 0x4b, 0x00, 0x00, 0x45, 0x08, 0x00, 0x14, 0x0a, 0x04, 0x23,
  0x13, 0x00, 0x00, 0x45, 0x09, 0x08, 0x00, 0x2f, 0x23, 0x13, 0x00, 0x00,
  0x09, 0x04, 0x0a, 0x5d, 0x12, 0x9a, 0x4b, 0x00, 0x00, 0x13, 0x0e, 0x04,
  0x08, 0x46, 0x07, 0x14, 0x08, 0x04, 0xb5, 0x4b, 0x00, 0x00, 0x46, 0x08,
  0x00, 0x14, 0x0a, 0x04, 0x0c, 0x29, 0x00, 0x00, 0x46, 0x09, 0x04, 0x00,
  0x2f, 0x0c, 0x29, 0x00, 0x00, 0x0d, 0x04, 0x46, 0x05, 0x12, 0xc3, 0x4b,
  0x00, 0x00, 0x30, 0x10, 0x04, 0x2f, 0xcf, 0x4b, 0x00, 0x00, 0x14, 0x04,
  0x03, 0x1b, 0x2f, 0x09, 0x05, 0x00, 0x00, 0x13, 0x04, 0x0a, 0x1c, 0x03,
  0x44, 0x14, 0x00, 0x00, 0x04, 0x3f, 0x00, 0x00, 0x00, 0x04, 0x00, 0x12,
  0xe9, 0x4b, 0x00, 0x00, 0x13, 0x25, 0x04, 0x20, 0x47, 0x1a, 0x14, 0x21,
  0x04, 0x3c, 0x03, 0x00, 0x00, 0x47, 0x1b, 0x00, 0x14, 0x22, 0x04, 0x04,
  0x4c, 0x00, 0x00, 0x47, 0x1c, 0x08, 0x00, 0x13, 0x24, 0x04, 0x18, 0x48,
  0x2b, 0x14, 0xd3, 0x01, 0xbf, 0x17, 0x00, 0x00, 0x48, 0x2c, 0x00, 0x14,
  0x23, 0x04, 0x40, 0x03, 0x00, 0x00, 0x48, 0x2d, 0x08, 0x00, 0x21, 0x2c,
  0x04, 0x18, 0x3d, 0x53, 0x01, 0x0b, 0x29, 0x04, 0x98, 0x0e, 0x00, 0x00,
  0x3d, 0x55, 0x01, 0x00, 0x0b, 0x2a, 0x04, 0x98, 0x0e, 0x00, 0x00, 0x3d,
  0x56, 0x01, 0x08, 0x0b, 0xd3, 0x01, 0xbf, 0x17, 0x00, 0x00, 0x3d, 0x57,
  0x01, 0x10, 0x00, 0x13, 0x33, 0x04, 0x50, 0x49, 0x38, 0x14, 0x34, 0x04,
  0x6d, 0x4c, 0x00, 0x00, 0x49, 0x39, 0x00, 0x14, 0x38, 0x04, 0x3c, 0x03,
  0x00, 0x00, 0x49, 0x3a, 0x48, 0x14, 0x39, 0x04, 0x3c, 0x03, 0x00, 0x00,
  0x49, 0x3b, 0x4c, 0x00, 0x03, 0x79, 0x4c, 0x00, 0x00, 0x04, 0x3f, 0x00,
  0x00, 0x00, 0x03, 0x00, 0x13, 0x37, 0x04, 0x18, 0x49, 0x29, 0x14, 0x35,
  0x04, 0x98, 0x0e, 0x00, 0x00, 0x49, 0x2a, 0x00, 0x14, 0x36, 0x04, 0x7a,
  0x47, 0x00, 0x00, 0x49, 0x2b, 0x08, 0x00, 0x13, 0x3a, 0x04, 0x38, 0x49,
  0x44, 0x2b, 0x3b, 0x04, 0x0c, 0x25, 0x00, 0x00, 0x49, 0x45, 0x08, 0x00,
  0x11, 0xd2, 0x67, 0x17, 0x00, 0x00, 0x49, 0x46, 0x10, 0x14, 0x3c, 0x04,
  0x3c, 0x03, 0x00, 0x00, 0x49, 0x47, 0x30, 0x00, 0x03, 0x3b, 0x00, 0x00,
  0x00, 0x04, 0x3f, 0x00, 0x00, 0x00, 0x10, 0x00, 0x12, 0xca, 0x4c, 0x00,
  0x00, 0x30, 0x41, 0x04, 0x13, 0x45, 0x04, 0x08, 0x4a, 0x07, 0x14, 0x43,
  0x04, 0xde, 0x4c, 0x00, 0x00, 0x4a, 0x09, 0x00, 0x00, 0x12, 0xe3, 0x4c,
  0x00, 0x00, 0x30, 0x44, 0x04, 0x13, 0x48, 0x04, 0x10, 0x4b, 0x0d, 0x14,
  0x47, 0x04, 0x40, 0x03, 0x00, 0x00, 0x4b, 0x0e, 0x00, 0x00, 0x12, 0xfc,
  0x4c, 0x00, 0x00, 0x30, 0x4a, 0x04, 0x12, 0x04, 0x4d, 0x00, 0x00, 0x30,
  0x4b, 0x04, 0x12, 0x0c, 0x4d, 0x00, 0x00, 0x30, 0x4d, 0x04, 0x12, 0x14,
  0x4d, 0x00, 0x00, 0x30, 0x4e, 0x04, 0x12, 0x1c, 0x4d, 0x00, 0x00, 0x42,
  0xa6, 0x04, 0x48, 0x04, 0x4c, 0x5e, 0x14, 0x50, 0x04, 0x7e, 0x30, 0x00,
  0x00, 0x4c, 0x5f, 0x00, 0x14, 0x51, 0x04, 0xf3, 0x04, 0x00, 0x00, 0x4c,
  0x60, 0x04, 0x14, 0x52, 0x04, 0x09, 0x05, 0x00, 0x00, 0x4c, 0x61, 0x08,
  0x14, 0x53, 0x04, 0x09, 0x05, 0x00, 0x00, 0x4c, 0x62, 0x0c, 0x14, 0x54,
  0x04, 0x40, 0x03, 0x00, 0x00, 0x4c, 0x63, 0x10, 0x14, 0x55, 0x04, 0x46,
  0x34, 0x00, 0x00, 0x4c, 0x65, 0x20, 0x14, 0x56, 0x04, 0x74, 0x37, 0x00,
  0x00, 0x4c, 0x68, 0x38, 0x14, 0x57, 0x04, 0xd1, 0x4f, 0x00, 0x00, 0x4c,
  0x6b, 0x40, 0x14, 0x5b, 0x04, 0x30, 0x14, 0x00, 0x00, 0x4c, 0x6e, 0x58,
  0x14, 0x5c, 0x04, 0x09, 0x05, 0x00, 0x00, 0x4c, 0x71, 0x60, 0x14, 0x5d,
  0x04, 0x09, 0x05, 0x00, 0x00, 0x4c, 0x73, 0x64, 0x14, 0x5e, 0x04, 0x74,
  0x37, 0x00, 0x00, 0x4c, 0x74, 0x68, 0x14, 0x5f, 0x04, 0x09, 0x05, 0x00,
  0x00, 0x4c, 0x77, 0x70, 0x14, 0x34, 0x01, 0x3c, 0x03, 0x00, 0x00, 0x4c,
  0x78, 0x74, 0x14, 0x60, 0x04, 0x03, 0x50, 0x00, 0x00, 0x4c, 0x7a, 0x78,
  0x15, 0x64, 0x04, 0x3c, 0x03, 0x00, 0x00, 0x4c, 0x85, 0x01, 0x00, 0x04,
  0x15, 0x65, 0x04, 0x3c, 0x03, 0x00, 0x00, 0x4c, 0x86, 0x01, 0x01, 0x04,
  0x14, 0x66, 0x04, 0x3c, 0x03, 0x00, 0x00, 0x4c, 0x8b, 0x84, 0x14, 0x67,
  0x04, 0x30, 0x14, 0x00, 0x00, 0x4c, 0x8c, 0x88, 0x14, 0x68, 0x04, 0x30,
  0x14, 0x00, 0x00, 0x4c, 0x8d, 0x90, 0x14, 0x69, 0x04, 0x7b, 0x45, 0x00,
  0x00, 0x4c, 0x90, 0x98, 0x14, 0x6a, 0x04, 0xed, 0x45, 0x00, 0x00, 0x4c,
  0x91, 0xd8, 0x14, 0x6b, 0x04, 0x4c, 0x50, 0x00, 0x00, 0x4c, 0x98, 0xe0,
  0x43, 0x6e, 0x04, 0x73, 0x50, 0x00, 0x00, 0x4c, 0x9e, 0x00, 0x01, 0x43,
  0x33, 0x04, 0x48, 0x4c, 0x00, 0x00, 0x4c, 0xa2, 0x18, 0x01, 0x43, 0x72,
  0x04, 0xa9, 0x50, 0x00, 0x00, 0x4c, 0xa5, 0x68, 0x01, 0x43, 0x73, 0x04,
  0xc9, 0x33, 0x00, 0x00, 0x4c, 0xab, 0x88, 0x01, 0x43, 0x74, 0x04, 0x09,
  0x05, 0x00, 0x00, 0x4c, 0xae, 0x90, 0x01, 0x43, 0x75, 0x04, 0xb5, 0x50,
  0x00, 0x00, 0x4c, 0xb0, 0x98, 0x01, 0x43, 0x77, 0x04, 0xbd, 0x50, 0x00,
  0x00, 0x4c, 0xbb, 0xa0, 0x01, 0x43, 0x29, 0x04, 0x98, 0x0e, 0x00, 0x00,
  0x4c, 0xbc, 0xa8, 0x01, 0x43, 0x2a, 0x04, 0x98, 0x0e, 0x00, 0x00, 0x4c,
  0xbc, 0xb0, 0x01, 0x43, 0x79, 0x04, 0x98, 0x0e, 0x00, 0x00, 0x4c, 0xbc,
  0xb8, 0x01, 0x43, 0x7a, 0x04, 0x98, 0x0e, 0x00, 0x00, 0x4c, 0xbc, 0xc0,
  0x01, 0x43, 0x2b, 0x04, 0x98, 0x0e, 0x00, 0x00, 0x4c, 0xbd, 0xc8, 0x01,
  0x43, 0x7b, 0x04, 0x98, 0x0e, 0x00, 0x00, 0x4c, 0xbe, 0xd0, 0x01, 0x43,
  0x2c, 0x04, 0x1f, 0x4c, 0x00, 0x00, 0x4c, 0xbf, 0xd8, 0x01, 0x43, 0x2d,
  0x04, 0x21, 0x07, 0x00, 0x00, 0x4c, 0xc0, 0xf0, 0x01, 0x43, 0x2e, 0x04,
  0x21, 0x07, 0x00, 0x00, 0x4c, 0xc0, 0xf8, 0x01, 0x43, 0x7c, 0x04, 0x21,
  0x07, 0x00, 0x00, 0x4c, 0xc0, 0x00, 0x02, 0x43, 0x7d, 0x04, 0x21, 0x07,
  0x00, 0x00, 0x4c, 0xc0, 0x08, 0x02, 0x43, 0x31, 0x04, 0x21, 0x07, 0x00,
  0x00, 0x4c, 0xc1, 0x10, 0x02, 0x43, 0x32, 0x04, 0x21, 0x07, 0x00, 0x00,
  0x4c, 0xc1, 0x18, 0x02, 0x43, 0x7e, 0x04, 0x21, 0x07, 0x00, 0x00, 0x4c,
  0xc1, 0x20, 0x02, 0x43, 0x7f, 0x04, 0x21, 0x07, 0x00, 0x00, 0x4c, 0xc1,
  0x28, 0x02, 0x43, 0x80, 0x04, 0x21, 0x07, 0x00, 0x00, 0x4c, 0xc2, 0x30,
  0x02, 0x43, 0x81, 0x04, 0x21, 0x07, 0x00, 0x00, 0x4c, 0xc2, 0x38, 0x02,
  0x43, 0x82, 0x04, 0x21, 0x07, 0x00, 0x00, 0x4c, 0xc2, 0x40, 0x02, 0x43,
  0x83, 0x04, 0x21, 0x07, 0x00, 0x00, 0x4c, 0xc2, 0x48, 0x02, 0x43, 0x84,
  0x04, 0x21, 0x07, 0x00, 0x00, 0x4c, 0xc3, 0x50, 0x02, 0x43, 0x85, 0x04,
  0x21, 0x07, 0x00, 0x00, 0x4c, 0xc3, 0x58, 0x02, 0x43, 0x86, 0x04, 0xde,
  0x50, 0x00, 0x00, 0x4c, 0xc4, 0x60, 0x02, 0x43, 0x8f, 0x04, 0xa8, 0x0e,
  0x00, 0x00, 0x4c, 0xcc, 0x98, 0x02, 0x43, 0x90, 0x04, 0x2b, 0x51, 0x00,
  0x00, 0x4c, 0xd7, 0xa0, 0x02, 0x43, 0x94, 0x04, 0x52, 0x51, 0x00, 0x00,
  0x4c, 0xda, 0xa0, 0x03, 0x43, 0x96, 0x03, 0x9f, 0x51, 0x00, 0x00, 0x4c,
  0xdd, 0xd8, 0x03, 0x43, 0x9e, 0x04, 0x3c, 0x03, 0x00, 0x00, 0x4c, 0xe0,
  0xe0, 0x03, 0x43, 0x9f, 0x04, 0xa7, 0x51, 0x00, 0x00, 0x4c, 0xe1, 0xe8,
  0x03, 0x43, 0xa0, 0x04, 0x56, 0x22, 0x00, 0x00, 0x4c, 0xe8, 0xf0, 0x03,
  0x43, 0xa1, 0x04, 0x90, 0x2a, 0x00, 0x00, 0x4c, 0xe9, 0xf2, 0x03, 0x43,
  0xa2, 0x04, 0x90, 0x2a, 0x00, 0x00, 0x4c, 0xea, 0xf4, 0x03, 0x43, 0xa3,
  0x04, 0x38, 0x25, 0x00, 0x00, 0x4c, 0xec, 0xf8, 0x03, 0x43, 0xa4, 0x04,
  0x67, 0x17, 0x00, 0x00, 0x4c, 0xef, 0x00, 0x04, 0x43, 0xa5, 0x04, 0x3d,
  0x1d, 0x00, 0x00, 0x4c, 0xf5, 0x20, 0x04, 0x00, 0x13, 0x5a, 0x04, 0x18,
  0x4d, 0x20, 0x11, 0x0e, 0x40, 0x03, 0x00, 0x00, 0x4d, 0x21, 0x00, 0x14,
  0x4f, 0x04, 0xeb, 0x4f, 0x00, 0x00, 0x4d, 0x22, 0x10, 0x00, 0x2f, 0xf4,
  0x4f, 0x00, 0x00, 0x59, 0x04, 0x4e, 0x19, 0x19, 0x08, 0x4e, 0x17, 0x14,
  0x58, 0x04, 0x79, 0x49, 0x00, 0x00, 0x4e, 0x18, 0x00, 0x00, 0x12, 0x08,
  0x50, 0x00, 0x00, 0x13, 0x60, 0x04, 0x38, 0x4c, 0x51, 0x14, 0x52, 0x04,
  0xf3, 0x04, 0x00, 0x00, 0x4c, 0x52, 0x00, 0x14, 0x61, 0x04, 0x2d, 0x50,
  0x00, 0x00, 0x4c, 0x53, 0x08, 0x14, 0x63, 0x04, 0xe9, 0x4b, 0x00, 0x00,
  0x4c, 0x54, 0x18, 0x00, 0x13, 0x62, 0x04, 0x10, 0x4c, 0x4c, 0x14, 0x04,
  0x03, 0x74, 0x37, 0x00, 0x00, 0x4c, 0x4d, 0x00, 0x11, 0x0f, 0x47, 0x50,
  0x00, 0x00, 0x4c, 0x4e, 0x08, 0x00, 0x12, 0x2d, 0x50, 0x00, 0x00, 0x03,
  0x58, 0x50, 0x00, 0x00, 0x04, 0x3f, 0x00, 0x00, 0x00, 0x02, 0x00, 0x13,
  0x6d, 0x04, 0x10, 0x4c, 0x27, 0x14, 0x5c, 0x03, 0x98, 0x0e, 0x00, 0x00,
  0x4c, 0x28, 0x00, 0x14, 0x6c, 0x04, 0x98, 0x0e, 0x00, 0x00, 0x4c, 0x29,
  0x08, 0x00, 0x13, 0x71, 0x04, 0x18, 0x4c, 0x43, 0x14, 0x6f, 0x04, 0x84,
  0x50, 0x00, 0x00, 0x4c, 0x44, 0x00, 0x00, 0x13, 0x70, 0x04, 0x18, 0x4c,
  0x30, 0x14, 0x29, 0x04, 0x99, 0x17, 0x00, 0x00, 0x4c, 0x31, 0x00, 0x14,
  0x2a, 0x04, 0x99, 0x17, 0x00, 0x00, 0x4c, 0x32, 0x08, 0x14, 0x2d, 0x03,
  0x99, 0x17, 0x00, 0x00, 0x4c, 0x33, 0x10, 0x00, 0x03, 0xc9, 0x33, 0x00,
  0x00, 0x04, 0x3f, 0x00, 0x00, 0x00, 0x04, 0x00, 0x12, 0xba, 0x50, 0x00,
  0x00, 0x30, 0x76, 0x04, 0x2f, 0xc6, 0x50, 0x00, 0x00, 0x78, 0x04, 0x0f,
  0x5b, 0x19, 0x08, 0x0f, 0x54, 0x11, 0x62, 0xf4, 0x0d, 0x00, 0x00, 0x0f,
  0x59, 0x00, 0x14, 0xd3, 0x01, 0x5e, 0x04, 0x00, 0x00, 0x0f, 0x5a, 0x04,
  0x00, 0x13, 0x8e, 0x04, 0x38, 0x4f, 0x0c, 0x14, 0x87, 0x04, 0x98, 0x0e,
  0x00, 0x00, 0x4f, 0x0f, 0x00, 0x14, 0x88, 0x04, 0x98, 0x0e, 0x00, 0x00,
  0x4f, 0x11, 0x08, 0x14, 0x89, 0x04, 0x98, 0x0e, 0x00, 0x00, 0x4f, 0x13,
  0x10, 0x14, 0x8a, 0x04, 0x98, 0x0e, 0x00, 0x00, 0x4f, 0x15, 0x18, 0x14,
  0x8b, 0x04, 0x98, 0x0e, 0x00, 0x00, 0x4f, 0x1d, 0x20, 0x14, 0x8c, 0x04,
  0x98, 0x0e, 0x00, 0x00, 0x4f, 0x23, 0x28, 0x14, 0x8d, 0x04, 0x98, 0x0e,
  0x00, 0x00, 0x4f, 0x2c, 0x30, 0x00, 0x03, 0x37, 0x51, 0x00, 0x00, 0x04,
  0x3f, 0x00, 0x00, 0x00, 0x10, 0x00, 0x13, 0x93, 0x04, 0x10, 0x50, 0x2b,
  0x14, 0x91, 0x04, 0x19, 0x07, 0x00, 0x00, 0x50, 0x2c, 0x00, 0x14, 0x92,
  0x04, 0x19, 0x07, 0x00, 0x00, 0x50, 0x2d, 0x08, 0x00, 0x13, 0x9c, 0x04,
  0x38, 0x4c, 0x1f, 0x14, 0x95, 0x04, 0x09, 0x05, 0x00, 0x00, 0x4c, 0x20,
  0x00, 0x14, 0x96, 0x04, 0xc1, 0x06, 0x00, 0x00, 0x4c, 0x21, 0x08, 0x14,
  0x97, 0x04, 0x21, 0x07, 0x00, 0x00, 0x4c, 0x22, 0x10, 0x14, 0x98, 0x04,
  0x98, 0x0e, 0x00, 0x00, 0x4c, 0x23, 0x18, 0x14, 0x99, 0x04, 0x98, 0x0e,
  0x00, 0x00, 0x4c, 0x23, 0x20, 0x14, 0x9a, 0x04, 0x21, 0x07, 0x00, 0x00,
  0x4c, 0x24, 0x28, 0x14, 0x9b, 0x04, 0x21, 0x07, 0x00, 0x00, 0x4c, 0x24,
  0x30, 0x00, 0x12, 0xa4, 0x51, 0x00, 0x00, 0x30, 0x9d, 0x04, 0x12, 0xac,
  0x51, 0x00, 0x00, 0x30, 0x9f, 0x04, 0x12, 0xb4, 0x51, 0x00, 0x00, 0x42,
  0xb6, 0x04, 0x20, 0x08, 0x4c, 0x15, 0x14, 0xa8, 0x04, 0x5e, 0x04, 0x00,
  0x00, 0x4c, 0x16, 0x00, 0x14, 0x4a, 0x01, 0x7e, 0x30, 0x00, 0x00, 0x4c,
  0x17, 0x04, 0x14, 0xa9, 0x04, 0x46, 0x34, 0x00, 0x00, 0x4c, 0x18, 0x08,
  0x14, 0xaa, 0x04, 0xe4, 0x51, 0x00, 0x00, 0x4c, 0x19, 0x20, 0x00, 0x03,
  0xf0, 0x51, 0x00, 0x00, 0x04, 0x3f, 0x00, 0x00, 0x00, 0x40, 0x00, 0x13,
  0xb5, 0x04, 0x20, 0x4d, 0x33, 0x14, 0xab, 0x04, 0x01, 0x52, 0x00, 0x00,
  0x4d, 0x34, 0x00, 0x00, 0x13, 0xb4, 0x04, 0x20, 0x4d, 0x25, 0x14, 0xac,
  0x04, 0x30, 0x52, 0x00, 0x00, 0x4d, 0x27, 0x00, 0x14, 0xaf, 0x04, 0x21,
  0x07, 0x00, 0x00, 0x4d, 0x28, 0x08, 0x14, 0xb0, 0x04, 0x4e, 0x52, 0x00,
  0x00, 0x4d, 0x2e, 0x10, 0x14, 0xb3, 0x04, 0xeb, 0x4f, 0x00, 0x00, 0x4d,
  0x30, 0x18, 0x00, 0x2f, 0x39, 0x52, 0x00, 0x00, 0xae, 0x04, 0x51, 0x53,
  0x12, 0x3e, 0x52, 0x00, 0x00, 0x2f, 0x47, 0x52, 0x00, 0x00, 0xad, 0x04,
  0x51, 0x52, 0x1f, 0x1b, 0x09, 0x05, 0x00, 0x00, 0x00, 0x2f, 0x57, 0x52,
  0x00, 0x00, 0xb2, 0x04, 0x51, 0x56, 0x12, 0x5c, 0x52, 0x00, 0x00, 0x2f,
  0x65, 0x52, 0x00, 0x00, 0xb1, 0x04, 0x51, 0x55, 0x44, 0x12, 0x6b, 0x52,
  0x00, 0x00, 0x30, 0xbd, 0x04, 0x13, 0xc0, 0x04, 0x10, 0x52, 0x16, 0x11,
  0x40, 0x09, 0x05, 0x00, 0x00, 0x52, 0x17, 0x00, 0x14, 0xc1, 0x04, 0xf3,
  0x04, 0x00, 0x00, 0x52, 0x18, 0x04, 0x11, 0x2f, 0x91, 0x52, 0x00, 0x00,
  0x52, 0x19, 0x08, 0x00, 0x12, 0x96, 0x52, 0x00, 0x00, 0x30, 0xc2, 0x04,
  0x13, 0xc6, 0x04, 0x20, 0x53, 0x09, 0x14, 0xc4, 0x04, 0xf6, 0x05, 0x00,
  0x00, 0x53, 0x0a, 0x00, 0x14, 0x85, 0x03, 0x21, 0x07, 0x00, 0x00, 0x53,
  0x0b, 0x08, 0x11, 0x6f, 0x21, 0x07, 0x00, 0x00, 0x53, 0x0c, 0x10, 0x14,
  0xc5, 0x04, 0x56, 0x22, 0x00, 0x00, 0x53, 0x0d, 0x18, 0x00, 0x21, 0xcc,
  0x04, 0x08, 0x3d, 0xff, 0x02, 0x0a, 0x0f, 0xd9, 0x52, 0x00, 0x00, 0x3d,
  0x00, 0x03, 0x00, 0x00, 0x12, 0xc7, 0x52, 0x00, 0x00, 0x12, 0xe3, 0x52,
  0x00, 0x00, 0x30, 0xd0, 0x04, 0x12, 0xeb, 0x52, 0x00, 0x00, 0x30, 0xd2,
  0x04, 0x12, 0xf3, 0x52, 0x00, 0x00, 0x30, 0xd4, 0x04, 0x12, 0xfb, 0x52,
  0x00, 0x00, 0x30, 0xd5, 0x04, 0x12, 0x03, 0x53, 0x00, 0x00, 0x13, 0xd6,
  0x04, 0x10, 0x54, 0x63, 0x14, 0xd7, 0x04, 0x91, 0x17, 0x00, 0x00, 0x54,
  0x64, 0x00, 0x14, 0xd8, 0x04, 0xf3, 0x04, 0x00, 0x00, 0x54, 0x65, 0x08,
  0x14, 0xd9, 0x04, 0x31, 0x05, 0x00, 0x00, 0x54, 0x67, 0x0c, 0x00, 0x12,
  0x2d, 0x53, 0x00, 0x00, 0x30, 0xda, 0x04, 0x12, 0x35, 0x53, 0x00, 0x00,
  0x2f, 0x3e, 0x53, 0x00, 0x00, 0x0c, 0x05, 0x4d, 0x0e, 0x13, 0x0b, 0x05,
  0x30, 0x4d, 0x0c, 0x17, 0x4c, 0x53, 0x00, 0x00, 0x4d, 0x0d, 0x00, 0x19,
  0x30, 0x4d, 0x0d, 0x14, 0xdd, 0x04, 0x09, 0x05, 0x00, 0x00, 0x4d, 0x0d,
  0x00, 0x14, 0xde, 0x04, 0x09, 0x05, 0x00, 0x00, 0x4d, 0x0d, 0x04, 0x14,
  0xdf, 0x04, 0x09, 0x05, 0x00, 0x00, 0x4d, 0x0d, 0x08, 0x14, 0xe0, 0x04,
  0x7a, 0x53, 0x00, 0x00, 0x4d, 0x0d, 0x10, 0x00, 0x00, 0x3a, 0x0a, 0x05,
  0x20, 0x55, 0x25, 0x14, 0xe1, 0x04, 0x8a, 0x53, 0x00, 0x00, 0x55, 0x2a,
  0x00, 0x19, 0x08, 0x55, 0x27, 0x14, 0xe2, 0x04, 0xcf, 0x4b, 0x00, 0x00,
  0x55, 0x28, 0x00, 0x14, 0xe3, 0x04, 0xa0, 0x0b, 0x00, 0x00, 0x55, 0x29,
  0x04, 0x00, 0x14, 0xe4, 0x04, 0xad, 0x53, 0x00, 0x00, 0x55, 0x32, 0x00,
  0x19, 0x18, 0x55, 0x2d, 0x14, 0xe5, 0x04, 0x50, 0x55, 0x00, 0x00, 0x55,
  0x2e, 0x00, 0x14, 0xe7, 0x04, 0x09, 0x05, 0x00, 0x00, 0x55, 0x2f, 0x04,
  0x14, 0xe8, 0x04, 0x59, 0x55, 0x00, 0x00, 0x55, 0x30, 0x08, 0x14, 0xed,
  0x04, 0x09, 0x05, 0x00, 0x00, 0x55, 0x31, 0x10, 0x00, 0x14, 0xee, 0x04,
  0xe4, 0x53, 0x00, 0x00, 0x55, 0x39, 0x00, 0x19, 0x10, 0x55, 0x35, 0x14,
  0xe2, 0x04, 0xcf, 0x4b, 0x00, 0x00, 0x55, 0x36, 0x00, 0x14, 0xe3, 0x04,
  0xa0, 0x0b, 0x00, 0x00, 0x55, 0x37, 0x04, 0x14, 0xe8, 0x04, 0x59, 0x55,
  0x00, 0x00, 0x55, 0x38, 0x08, 0x00, 0x14, 0xef, 0x04, 0x11, 0x54, 0x00,
  0x00, 0x55, 0x42, 0x00, 0x19, 0x20, 0x55, 0x3c, 0x14, 0xe2, 0x04, 0xcf,
  0x4b, 0x00, 0x00, 0x55, 0x3d, 0x00, 0x14, 0xe3, 0x04, 0xa0, 0x0b, 0x00,
  0x00, 0x55, 0x3e, 0x04, 0x14, 0xf0, 0x04, 0x09, 0x05, 0x00, 0x00, 0x55,
  0x3f, 0x08, 0x14, 0xf1, 0x04, 0x7d, 0x55, 0x00, 0x00, 0x55, 0x40, 0x10,
  0x14, 0xf3, 0x04, 0x7d, 0x55, 0x00, 0x00, 0x55, 0x41, 0x18, 0x00, 0x14,
  0xf4, 0x04, 0x52, 0x54, 0x00, 0x00, 0x55, 0x64, 0x00, 0x19, 0x20, 0x55,
  0x45, 0x14, 0xf5, 0x04, 0xff, 0x07, 0x00, 0x00, 0x55, 0x46, 0x00, 0x17,
  0x68, 0x54, 0x00, 0x00, 0x55, 0x4a, 0x08, 0x18, 0x18, 0x55, 0x4a, 0x14,
  0xf6, 0x04, 0x09, 0x05, 0x00, 0x00, 0x55, 0x4c, 0x00, 0x14, 0xf7, 0x04,
  0x90, 0x2a, 0x00, 0x00, 0x55, 0x51, 0x00, 0x14, 0xf8, 0x04, 0x8a, 0x54,
  0x00, 0x00, 0x55, 0x57, 0x00, 0x19, 0x18, 0x55, 0x53, 0x14, 0xf9, 0x04,
  0x86, 0x55, 0x00, 0x00, 0x55, 0x54, 0x00, 0x14, 0xfa, 0x04, 0xff, 0x07,
  0x00, 0x00, 0x55, 0x55, 0x08, 0x14, 0xfb, 0x04, 0xff, 0x07, 0x00, 0x00,
  0x55, 0x56, 0x10, 0x00, 0x14, 0xfc, 0x04, 0xb7, 0x54, 0x00, 0x00, 0x55,
  0x5c, 0x00, 0x19, 0x0c, 0x55, 0x59, 0x14, 0xfd, 0x04, 0x86, 0x55, 0x00,
  0x00, 0x55, 0x5a, 0x00, 0x14, 0xfe, 0x04, 0x90, 0x0e, 0x00, 0x00, 0x55,
  0x5b, 0x08, 0x00, 0x14, 0xff, 0x04, 0xda, 0x54, 0x00, 0x00, 0x55, 0x62,
  0x00, 0x19, 0x10, 0x55, 0x5e, 0x14, 0x00, 0x05, 0x21, 0x07, 0x00, 0x00,
  0x55, 0x5f, 0x00, 0x14, 0x01, 0x05, 0x90, 0x0e, 0x00, 0x00, 0x55, 0x60,
  0x08, 0x14, 0x02, 0x05, 0x90, 0x0e, 0x00, 0x00, 0x55, 0x61, 0x0c, 0x00,
  0x00, 0x00, 0x14, 0x03, 0x05, 0x09, 0x55, 0x00, 0x00, 0x55, 0x6a, 0x00,
  0x19, 0x10, 0x55, 0x67, 0x14, 0x04, 0x05, 0xc1, 0x06, 0x00, 0x00, 0x55,
  0x68, 0x00, 0x14, 0x05, 0x05, 0x09, 0x05, 0x00, 0x00, 0x55, 0x69, 0x08,
  0x00, 0x14, 0x06, 0x05, 0x2c, 0x55, 0x00, 0x00, 0x55, 0x71, 0x00, 0x19,
  0x10, 0x55, 0x6d, 0x14, 0x07, 0x05, 0xff, 0x07, 0x00, 0x00, 0x55, 0x6e,
  0x00, 0x14, 0x08, 0x05, 0x09, 0x05, 0x00, 0x00, 0x55, 0x6f, 0x08, 0x14,
  0x09, 0x05, 0x3c, 0x03, 0x00, 0x00, 0x55, 0x70, 0x0c, 0x00, 0x00, 0x2f,
  0x09, 0x05, 0x00, 0x00, 0xe6, 0x04, 0x0a, 0x5f, 0x2f, 0x62, 0x55, 0x00,
  0x00, 0xec, 0x04, 0x55, 0x0b, 0x3a, 0xeb, 0x04, 0x08, 0x55, 0x08, 0x14,
  0xe9, 0x04, 0x09, 0x05, 0x00, 0x00, 0x55, 0x09, 0x00, 0x14, 0xea, 0x04,
  0xff, 0x07, 0x00, 0x00, 0x55, 0x0a, 0x00, 0x00, 0x2f, 0xb9, 0x06, 0x00,
  0x00, 0xf2, 0x04, 0x0a, 0x5e, 0x03, 0x3b, 0x00, 0x00, 0x00, 0x04, 0x3f,
  0x00, 0x00, 0x00, 0x08, 0x00, 0x2f, 0x9b, 0x55, 0x00, 0x00, 0x11, 0x05,
  0x56, 0x08, 0x19, 0x08, 0x56, 0x08, 0x14, 0xb8, 0x03, 0x79, 0x49, 0x00,
  0x00, 0x56, 0x08, 0x00, 0x00, 0x12, 0xaf, 0x55, 0x00, 0x00, 0x30, 0x15,
  0x05, 0x12, 0xb7, 0x55, 0x00, 0x00, 0x30, 0x18, 0x05, 0x12, 0xbf, 0x55,
  0x00, 0x00, 0x21, 0x1e, 0x05, 0x0c, 0x58, 0x88, 0x01, 0x0a, 0x0e, 0xe7,
  0x55, 0x00, 0x00, 0x58, 0x89, 0x01, 0x00, 0x0b, 0x1b, 0x05, 0x02, 0x56,
  0x00, 0x00, 0x58, 0x8a, 0x01, 0x04, 0x0b, 0x1d, 0x05, 0xf9, 0x55, 0x00,
  0x00, 0x58, 0x8b, 0x01, 0x08, 0x00, 0x21, 0x19, 0x05, 0x04, 0x58, 0x84,
  0x01, 0x0a, 0x0f, 0xf9, 0x55, 0x00, 0x00, 0x58, 0x85, 0x01, 0x00, 0x00,
  0x2f, 0x88, 0x0e, 0x00, 0x00, 0x1a, 0x05, 0x57, 0x2e, 0x2f, 0x0c, 0x29,
  0x00, 0x00, 0x1c, 0x05, 0x57, 0x2a, 0x12, 0x10, 0x56, 0x00, 0x00, 0x30,
  0x21, 0x05, 0x03, 0x0d, 0x05, 0x00, 0x00, 0x04, 0x3f, 0x00, 0x00, 0x00,
  0x04, 0x00, 0x12, 0x24, 0x56, 0x00, 0x00, 0x30, 0x26, 0x05, 0x12, 0x2c,
  0x56, 0x00, 0x00, 0x2c, 0x2c, 0x05, 0x20, 0x59, 0x3e, 0x20, 0x14, 0x2d,
  0x05, 0x90, 0x0e, 0x00, 0x00, 0x59, 0x4b, 0x00, 0x14, 0x2e, 0x05, 0x90,
  0x0e, 0x00, 0x00, 0x59, 0x5a, 0x04, 0x14, 0x2f, 0x05, 0xa0, 0x0e, 0x00,
  0x00, 0x59, 0x70, 0x08, 0x14, 0x34, 0x01, 0x90, 0x0e, 0x00, 0x00, 0x59,
  0x84, 0x10, 0x14, 0x30, 0x05, 0x90, 0x0e, 0x00, 0x00, 0x59, 0x8c, 0x14,
  0x14, 0xb0, 0x01, 0x90, 0x0e, 0x00, 0x00, 0x59, 0x95, 0x18, 0x14, 0x31,
  0x05, 0x7a, 0x56, 0x00, 0x00, 0x59, 0x9a, 0x1c, 0x00, 0x03, 0x3b, 0x00,
  0x00, 0x00, 0x39, 0x3f, 0x00, 0x00, 0x00, 0x00, 0x13, 0x3e, 0x05, 0x10,
  0x5b, 0x44, 0x14, 0x3a, 0x05, 0xaa, 0x56, 0x00, 0x00, 0x5b, 0x4d, 0x00,
  0x14, 0x3c, 0x05, 0x56, 0x22, 0x00, 0x00, 0x5b, 0x50, 0x08, 0x14, 0x3d,
  0x05, 0x56, 0x22, 0x00, 0x00, 0x5b, 0x57, 0x09, 0x00, 0x13, 0x3b, 0x05,
  0x08, 0x5a, 0x07, 0x14, 0xb9, 0x03, 0x68, 0x49, 0x00, 0x00, 0x5a, 0x0c,
  0x00, 0x00, 0x13, 0x56, 0x05, 0x10, 0x5b, 0x24, 0x14, 0x41, 0x05, 0xdf,
  0x56, 0x00, 0x00, 0x5b, 0x25, 0x00, 0x14, 0x85, 0x03, 0x90, 0x0e, 0x00,
  0x00, 0x5b, 0x27, 0x08, 0x11, 0x4c, 0x90, 0x0e, 0x00, 0x00, 0x5b, 0x28,
  0x0c, 0x00, 0x12, 0xe4, 0x56, 0x00, 0x00, 0x2c, 0x41, 0x05, 0x40, 0x21,
  0x48, 0x10, 0x14, 0x34, 0x01, 0x21, 0x07, 0x00, 0x00, 0x21, 0x49, 0x00,
  0x17, 0xfd, 0x56, 0x00, 0x00, 0x21, 0x51, 0x08, 0x18, 0x28, 0x21, 0x51,
  0x17, 0x09, 0x57, 0x00, 0x00, 0x21, 0x52, 0x00, 0x19, 0x28, 0x21, 0x52,
  0x17, 0x15, 0x57, 0x00, 0x00, 0x21, 0x58, 0x00, 0x18, 0x10, 0x21, 0x58,
  0x14, 0x42, 0x05, 0x40, 0x03, 0x00, 0x00, 0x21, 0x59, 0x00, 0x17, 0x2b,
  0x57, 0x00, 0x00, 0x21, 0x5c, 0x00, 0x19, 0x10, 0x21, 0x5c, 0x14, 0x43,
  0x05, 0xff, 0x07, 0x00, 0x00, 0x21, 0x5e, 0x00, 0x14, 0x44, 0x05, 0x3c,
  0x03, 0x00, 0x00, 0x21, 0x60, 0x08, 0x00, 0x14, 0x45, 0x05, 0x40, 0x03,
  0x00, 0x00, 0x21, 0x64, 0x00, 0x14, 0x46, 0x05, 0x40, 0x03, 0x00, 0x00,
  0x21, 0x65, 0x00, 0x00, 0x14, 0x47, 0x05, 0x0a, 0x08, 0x00, 0x00, 0x21,
  0x68, 0x10, 0x17, 0x6b, 0x57, 0x00, 0x00, 0x21, 0x69, 0x18, 0x18, 0x08,
  0x21, 0x69, 0x14, 0x77, 0x03, 0x21, 0x07, 0x00, 0x00, 0x21, 0x6a, 0x00,
  0x14, 0x48, 0x05, 0x21, 0x07, 0x00, 0x00, 0x21, 0x6b, 0x00, 0x00, 0x11,
  0x4d, 0x21, 0x07, 0x00, 0x00, 0x21, 0x73, 0x20, 0x00, 0x17, 0x96, 0x57,
  0x00, 0x00, 0x21, 0x75, 0x00, 0x19, 0x28, 0x21, 0x75, 0x14, 0x49, 0x05,
  0x21, 0x07, 0x00, 0x00, 0x21, 0x7a, 0x00, 0x14, 0x4a, 0x05, 0x3d, 0x58,
  0x00, 0x00, 0x21, 0x7b, 0x08, 0x14, 0x4c, 0x05, 0x21, 0x07, 0x00, 0x00,
  0x21, 0x7c, 0x10, 0x14, 0x4d, 0x05, 0x21, 0x07, 0x00, 0x00, 0x21, 0x7d,
  0x18, 0x14, 0x4e, 0x05, 0x91, 0x17, 0x00, 0x00, 0x21, 0x7e, 0x20, 0x00,
  0x17, 0xd5, 0x57, 0x00, 0x00, 0x21, 0x80, 0x00, 0x19, 0x08, 0x21, 0x80,
  0x14, 0x4f, 0x05, 0x21, 0x07, 0x00, 0x00, 0x21, 0x81, 0x00, 0x00, 0x17,
  0xec, 0x57, 0x00, 0x00, 0x21, 0x83, 0x00, 0x19, 0x10, 0x21, 0x83, 0x14,
  0x50, 0x05, 0x45, 0x58, 0x00, 0x00, 0x21, 0x85, 0x00, 0x14, 0x52, 0x05,
  0xff, 0x07, 0x00, 0x00, 0x21, 0x86, 0x08, 0x00, 0x2b, 0x98, 0x01, 0x0c,
  0x25, 0x00, 0x00, 0x21, 0x94, 0x08, 0x00, 0x00, 0x17, 0x19, 0x58, 0x00,
  0x00, 0x21, 0x97, 0x30, 0x18, 0x04, 0x21, 0x97, 0x14, 0x53, 0x05, 0x3c,
  0x03, 0x00, 0x00, 0x21, 0xa6, 0x00, 0x14, 0x54, 0x05, 0xf3, 0x04, 0x00,
  0x00, 0x21, 0xb1, 0x00, 0x00, 0x14, 0x55, 0x05, 0xf3, 0x04, 0x00, 0x00,
  0x21, 0xb5, 0x34, 0x00, 0x12, 0x42, 0x58, 0x00, 0x00, 0x30, 0x4b, 0x05,
  0x12, 0x4a, 0x58, 0x00, 0x00, 0x30, 0x51, 0x05, 0x12, 0x52, 0x58, 0x00,
  0x00, 0x30, 0x58, 0x05, 0x12, 0x5a, 0x58, 0x00, 0x00, 0x30, 0x60, 0x05,
  0x12, 0x62, 0x58, 0x00, 0x00, 0x13, 0x91, 0x05, 0x68, 0x28, 0x79, 0x11,
  0x07, 0xfe, 0x58, 0x00, 0x00, 0x28, 0x7a, 0x00, 0x14, 0x33, 0x03, 0x3c,
  0x03, 0x00, 0x00, 0x28, 0x7c, 0x04, 0x14, 0x67, 0x05, 0x19, 0x59, 0x00,
  0x00, 0x28, 0x7d, 0x08, 0x17, 0x8d, 0x58, 0x00, 0x00, 0x28, 0x7f, 0x10,
  0x18, 0x18, 0x28, 0x7f, 0x17, 0x99, 0x58, 0x00, 0x00, 0x28, 0x80, 0x00,
  0x19, 0x18, 0x28, 0x80, 0x14, 0x78, 0x05, 0xed, 0x59, 0x00, 0x00, 0x28,
  0x81, 0x00, 0x14, 0x7d, 0x05, 0x21, 0x07, 0x00, 0x00, 0x28, 0x82, 0x10,
  0x00, 0x17, 0xba, 0x58, 0x00, 0x00, 0x28, 0x85, 0x00, 0x19, 0x18, 0x28,
  0x85, 0x2b, 0x7e, 0x05, 0x0c, 0x25, 0x00, 0x00, 0x28, 0x86, 0x08, 0x00,
  0x14, 0x7f, 0x05, 0x21, 0x07, 0x00, 0x00, 0x28, 0x87, 0x10, 0x00, 0x00,
  0x14, 0x80, 0x05, 0xbf, 0x59, 0x00, 0x00, 0x28, 0x8b, 0x28, 0x14, 0x81,
  0x05, 0x12, 0x5a, 0x00, 0x00, 0x28, 0x8c, 0x30, 0x14, 0x83, 0x05, 0x21,
  0x07, 0x00, 0x00, 0x28, 0x8d, 0x58, 0x14, 0x84, 0x05, 0x51, 0x5a, 0x00,
  0x00, 0x28, 0x8f, 0x60, 0x00, 0x3b, 0x3c, 0x03, 0x00, 0x00, 0x66, 0x05,
  0x04, 0x28, 0x40, 0x3c, 0x62, 0x05, 0x00, 0x3c, 0x63, 0x05, 0x01, 0x3c,
  0x64, 0x05, 0x02, 0x3c, 0x65, 0x05, 0x03, 0x00, 0x12, 0x1e, 0x59, 0x00,
  0x00, 0x2c, 0x77, 0x05, 0x80, 0x28, 0x97, 0x40, 0x14, 0x68, 0x05, 0x80,
  0x59, 0x00, 0x00, 0x28, 0x98, 0x00, 0x14, 0x97, 0x01, 0x21, 0x07, 0x00,
  0x00, 0x28, 0x99, 0x10, 0x14, 0x0b, 0x03, 0x21, 0x07, 0x00, 0x00, 0x28,
  0x9a, 0x18, 0x14, 0x70, 0x05, 0x21, 0x07, 0x00, 0x00, 0x28, 0x9b, 0x20,
  0x14, 0x71, 0x05, 0x56, 0x22, 0x00, 0x00, 0x28, 0x9c, 0x28, 0x14, 0x72,
  0x05, 0x09, 0x05, 0x00, 0x00, 0x28, 0x9d, 0x2c, 0x11, 0x0f, 0x19, 0x59,
  0x00, 0x00, 0x28, 0x9f, 0x30, 0x2b, 0x76, 0x02, 0x0c, 0x25, 0x00, 0x00,
  0x28, 0xa0, 0x08, 0x38, 0x14, 0x73, 0x05, 0xc7, 0x59, 0x00, 0x00, 0x28,
  0xa2, 0x48, 0x00, 0x13, 0x68, 0x05, 0x10, 0x28, 0x70, 0x11, 0x07, 0xa4,
  0x59, 0x00, 0x00, 0x28, 0x71, 0x00, 0x14, 0x6e, 0x05, 0x09, 0x05, 0x00,
  0x00, 0x28, 0x72, 0x04, 0x14, 0x6f, 0x05, 0xbf, 0x59, 0x00, 0x00, 0x28,
  0x73, 0x08, 0x00, 0x3b, 0x3c, 0x03, 0x00, 0x00, 0x6d, 0x05, 0x04, 0x28,
  0x48, 0x3c, 0x69, 0x05, 0x00, 0x3c, 0x6a, 0x05, 0x01, 0x3c, 0x6b, 0x05,
  0x02, 0x3c, 0x6c, 0x05, 0x03, 0x00, 0x12, 0xc4, 0x59, 0x00, 0x00, 0x30,
  0x6f, 0x05, 0x03, 0xd2, 0x59, 0x00, 0x00, 0x39, 0x3f, 0x00, 0x00, 0x00,
  0x00, 0x13, 0x76, 0x05, 0x10, 0x28, 0x92, 0x14, 0x74, 0x05, 0xa0, 0x0e,
  0x00, 0x00, 0x28, 0x93, 0x00, 0x14, 0x75, 0x05, 0xa0, 0x0e, 0x00, 0x00,
  0x28, 0x94, 0x08, 0x00, 0x13, 0x7c, 0x05, 0x10, 0x5c, 0x32, 0x14, 0x79,
  0x05, 0x21, 0x07, 0x00, 0x00, 0x5c, 0x34, 0x00, 0x14, 0x7a, 0x05, 0x3c,
  0x03, 0x00, 0x00, 0x5c, 0x36, 0x08, 0x14, 0x7b, 0x05, 0x3c, 0x03, 0x00,
  0x00, 0x5c, 0x37, 0x0c, 0x00, 0x13, 0x82, 0x05, 0x28, 0x5d, 0x08, 0x11,
  0x15, 0x44, 0x14, 0x00, 0x00, 0x5d, 0x0d, 0x00, 0x14, 0x5c, 0x03, 0x21,
  0x07, 0x00, 0x00, 0x5d, 0x0e, 0x10, 0x14, 0x60, 0x03, 0x40, 0x5a, 0x00,
  0x00, 0x5d, 0x0f, 0x18, 0x14, 0x34, 0x01, 0x88, 0x0e, 0x00, 0x00, 0x5d,
  0x10, 0x20, 0x00, 0x12, 0x45, 0x5a, 0x00, 0x00, 0x1f, 0x1b, 0x4c, 0x5a,
  0x00, 0x00, 0x00, 0x12, 0x12, 0x5a, 0x00, 0x00, 0x12, 0x56, 0x5a, 0x00,
  0x00, 0x13, 0x90, 0x05, 0x20, 0x5c, 0x19, 0x17, 0x64, 0x5a, 0x00, 0x00,
  0x5c, 0x1a, 0x00, 0x18, 0x10, 0x5c, 0x1a, 0x14, 0x85, 0x05, 0x08, 0x5b,
  0x00, 0x00, 0x5c, 0x1b, 0x00, 0x14, 0x86, 0x05, 0x08, 0x5b, 0x00, 0x00,
  0x5c, 0x1c, 0x00, 0x00, 0x14, 0xf5, 0x02, 0x14, 0x5b, 0x00, 0x00, 0x5c,
  0x1f, 0x10, 0x17, 0x8f, 0x5a, 0x00, 0x00, 0x5c, 0x21, 0x18, 0x18, 0x08,
  0x5c, 0x21, 0x14, 0x88, 0x05, 0x9d, 0x5a, 0x00, 0x00, 0x5c, 0x26, 0x00,
  0x19, 0x08, 0x5c, 0x22, 0x14, 0x89, 0x05, 0x0c, 0x29, 0x00, 0x00, 0x5c,
  0x23, 0x00, 0x14, 0x8a, 0x05, 0x0d, 0x05, 0x00, 0x00, 0x5c, 0x24, 0x04,
  0x14, 0x8b, 0x05, 0x0d, 0x05, 0x00, 0x00, 0x5c, 0x25, 0x05, 0x00, 0x14,
  0x8c, 0x05, 0xca, 0x5a, 0x00, 0x00, 0x5c, 0x2a, 0x00, 0x19, 0x02, 0x5c,
  0x27, 0x14, 0x8d, 0x05, 0x0d, 0x05, 0x00, 0x00, 0x5c, 0x28, 0x00, 0x14,
  0x8a, 0x05, 0x0d, 0x05, 0x00, 0x00, 0x5c, 0x29, 0x01, 0x00, 0x14, 0x8e,
  0x05, 0xed, 0x5a, 0x00, 0x00, 0x5c, 0x2e, 0x00, 0x19, 0x02, 0x5c, 0x2b,
  0x14, 0x8f, 0x05, 0x0d, 0x05, 0x00, 0x00, 0x5c, 0x2c, 0x00, 0x14, 0x8a,
  0x05, 0x0d, 0x05, 0x00, 0x00, 0x5c, 0x2d, 0x01, 0x00, 0x00, 0x00, 0x03,
  0x0d, 0x05, 0x00, 0x00, 0x04, 0x3f, 0x00, 0x00, 0x00, 0x10, 0x00, 0x12,
  0x19, 0x5b, 0x00, 0x00, 0x05, 0x1e, 0x5b, 0x00, 0x00, 0x30, 0x87, 0x05,
  0x45, 0x92, 0x05, 0x00, 0x3d, 0x03, 0x03, 0x12, 0x2d, 0x5b, 0x00, 0x00,
  0x30, 0x98, 0x05, 0x12, 0x35, 0x5b, 0x00, 0x00, 0x30, 0x9b, 0x05, 0x12,
  0x3d, 0x5b, 0x00, 0x00, 0x30, 0x9d, 0x05, 0x12, 0x45, 0x5b, 0x00, 0x00,
  0x30, 0x9e, 0x05, 0x13, 0xa8, 0x05, 0x08, 0x38, 0x38, 0x11, 0x98, 0xd5,
  0x34, 0x00, 0x00, 0x38, 0x39, 0x00, 0x00, 0x25, 0x2f, 0x06, 0x40, 0x11,
  0x5f, 0xc6, 0x01, 0x0b, 0xac, 0x05, 0x55, 0x5c, 0x00, 0x00, 0x5f, 0xc8,
  0x01, 0x00, 0x0b, 0xb9, 0x05, 0x21, 0x07, 0x00, 0x00, 0x5f, 0xcc, 0x01,
  0x18, 0x0b, 0xba, 0x05, 0x31, 0x05, 0x00, 0x00, 0x5f, 0xd0, 0x01, 0x20,
  0x0b, 0xbb, 0x05, 0x31, 0x05, 0x00, 0x00, 0x5f, 0xd1, 0x01, 0x22, 0x0b,
  0xbc, 0x05, 0x31, 0x05, 0x00, 0x00, 0x5f, 0xd2, 0x01, 0x24, 0x0b, 0xbd,
  0x05, 0x31, 0x05, 0x00, 0x00, 0x5f, 0xd3, 0x01, 0x26, 0x0b, 0xbe, 0x05,
  0x21, 0x07, 0x00, 0x00, 0x5f, 0xd7, 0x01, 0x28, 0x0b, 0xbf, 0x05, 0x21,
  0x07, 0x00, 0x00, 0x5f, 0xd8, 0x01, 0x30, 0x0b, 0xc0, 0x05, 0xf4, 0x5c,
  0x00, 0x00, 0x5f, 0xe3, 0x01, 0x38, 0x0b, 0xc2, 0x05, 0x21, 0x07, 0x00,
  0x00, 0x5f, 0xe5, 0x01, 0x58, 0x0b, 0xc3, 0x05, 0x21, 0x07, 0x00, 0x00,
  0x5f, 0xe7, 0x01, 0x60, 0x0b, 0xc4, 0x05, 0x21, 0x07, 0x00, 0x00, 0x5f,
  0xe9, 0x01, 0x68, 0x0b, 0xc5, 0x05, 0x21, 0x07, 0x00, 0x00, 0x5f, 0xea,
  0x01, 0x70, 0x0b, 0xc6, 0x05, 0x21, 0x07, 0x00, 0x00, 0x5f, 0xeb, 0x01,
  0x78, 0x0b, 0xc7, 0x05, 0x08, 0x5d, 0x00, 0x00, 0x5f, 0xf1, 0x01, 0x80,
  0x0b, 0xc8, 0x05, 0x21, 0x07, 0x00, 0x00, 0x5f, 0xf8, 0x01, 0x88, 0x3d,
  0xc9, 0x05, 0x3c, 0x03, 0x00, 0x00, 0x5f, 0xfa, 0x01, 0x01, 0x80, 0x04,
  0x0b, 0xca, 0x05, 0x88, 0x0e, 0x00, 0x00, 0x5f, 0x03, 0x02, 0x94, 0x0b,
  0xcb, 0x05, 0x21, 0x07, 0x00, 0x00, 0x5f, 0x06, 0x02, 0x98, 0x0b, 0xcc,
  0x05, 0x21, 0x07, 0x00, 0x00, 0x5f, 0x07, 0x02, 0xa0, 0x0b, 0xcd, 0x05,
  0x10, 0x5d, 0x00, 0x00, 0x5f, 0x09, 0x02, 0xa8, 0x0b, 0xcf, 0x05, 0x2a,
  0x5d, 0x00, 0x00, 0x5f, 0x0d, 0x02, 0xc0, 0x00, 0x03, 0x61, 0x5c, 0x00,
  0x00, 0x04, 0x3f, 0x00, 0x00, 0x00, 0x03, 0x00, 0x13, 0xb8, 0x05, 0x08,
  0x5e, 0x42, 0x14, 0xad, 0x05, 0x21, 0x05, 0x00, 0x00, 0x5e, 0x43, 0x00,
  0x14, 0xae, 0x05, 0x21, 0x05, 0x00, 0x00, 0x5e, 0x44, 0x02, 0x40, 0xaf,
  0x05, 0x21, 0x05, 0x00, 0x00, 0x5e, 0x45, 0x08, 0x20, 0x46, 0xdc, 0x21,
  0x05, 0x00, 0x00, 0x5e, 0x45, 0x04, 0x28, 0x40, 0xc7, 0x03, 0x21, 0x05,
  0x00, 0x00, 0x5e, 0x45, 0x01, 0x2c, 0x40, 0xb0, 0x05, 0x21, 0x05, 0x00,
  0x00, 0x5e, 0x45, 0x02, 0x2d, 0x40, 0xb1, 0x05, 0x21, 0x05, 0x00, 0x00,
  0x5e, 0x45, 0x01, 0x2f, 0x40, 0xb2, 0x05, 0x21, 0x05, 0x00, 0x00, 0x5e,
  0x46, 0x04, 0x30, 0x40, 0xb3, 0x05, 0x21, 0x05, 0x00, 0x00, 0x5e, 0x46,
  0x01, 0x34, 0x40, 0xb4, 0x05, 0x21, 0x05, 0x00, 0x00, 0x5e, 0x46, 0x01,
  0x35, 0x40, 0xb5, 0x05, 0x21, 0x05, 0x00, 0x00, 0x5e, 0x46, 0x01, 0x36,
  0x40, 0xb6, 0x05, 0x21, 0x05, 0x00, 0x00, 0x5e, 0x46, 0x01, 0x37, 0x40,
  0xb7, 0x05, 0x21, 0x05, 0x00, 0x00, 0x5e, 0x46, 0x08, 0x38, 0x00, 0x03,
  0x00, 0x5d, 0x00, 0x00, 0x04, 0x3f, 0x00, 0x00, 0x00, 0x04, 0x00, 0x12,
  0x05, 0x5d, 0x00, 0x00, 0x30, 0xc1, 0x05, 0x12, 0x0d, 0x5d, 0x00, 0x00,
  0x30, 0xc7, 0x05, 0x13, 0xce, 0x05, 0x10, 0x60, 0x0c, 0x14, 0x64, 0x03,
  0x98, 0x0e, 0x00, 0x00, 0x60, 0x0d, 0x00, 0x11, 0x4c, 0x98, 0x0e, 0x00,
  0x00, 0x60, 0x0e, 0x08, 0x00, 0x25, 0xcf, 0x05, 0x80, 0x10, 0x61, 0xc2,
  0x01, 0x0b, 0xd0, 0x05, 0x3c, 0x03, 0x00, 0x00, 0x61, 0xcf, 0x01, 0x00,
  0x0b, 0xd1, 0x05, 0x21, 0x07, 0x00, 0x00, 0x61, 0xd6, 0x01, 0x08, 0x0b,
  0xd2, 0x05, 0x81, 0x5d, 0x00, 0x00, 0x61, 0xde, 0x01, 0x10, 0x0b, 0x28,
  0x06, 0x81, 0x5d, 0x00, 0x00, 0x61, 0xe6, 0x01, 0x18, 0x0b, 0x6b, 0x02,
  0xbf, 0x62, 0x00, 0x00, 0x61, 0xed, 0x01, 0x20, 0x0b, 0x2d, 0x06, 0xbf,
  0x62, 0x00, 0x00, 0x61, 0xf4, 0x01, 0x30, 0x29, 0x2e, 0x06, 0x86, 0x5d,
  0x00, 0x00, 0x61, 0xfe, 0x01, 0x40, 0x40, 0x00, 0x12, 0x86, 0x5d, 0x00,
  0x00, 0x09, 0xd2, 0x05, 0x40, 0x10, 0x61, 0x66, 0x01, 0x40, 0x0a, 0x4c,
  0x3c, 0x03, 0x00, 0x00, 0x61, 0x68, 0x01, 0x00, 0x0b, 0xd3, 0x05, 0x3c,
  0x03, 0x00, 0x00, 0x61, 0x6b, 0x01, 0x04, 0x0b, 0xd4, 0x05, 0x98, 0x0e,
  0x00, 0x00, 0x61, 0x6e, 0x01, 0x08, 0x0b, 0xd5, 0x05, 0x98, 0x0e, 0x00,
  0x00, 0x61, 0x71, 0x01, 0x10, 0x0b, 0xd6, 0x05, 0x98, 0x0e, 0x00, 0x00,
  0x61, 0x74, 0x01, 0x18, 0x3d, 0xd7, 0x05, 0x3c, 0x03, 0x00, 0x00, 0x61,
  0x77, 0x01, 0x01, 0x00, 0x01, 0x3d, 0xd8, 0x05, 0x3c, 0x03, 0x00, 0x00,
  0x61, 0x7a, 0x01, 0x01, 0x01, 0x01, 0x3d, 0xd9, 0x05, 0x3c, 0x03, 0x00,
  0x00, 0x61, 0x89, 0x01, 0x01, 0x02, 0x01, 0x3d, 0xda, 0x05, 0x3c, 0x03,
  0x00, 0x00, 0x61, 0x8c, 0x01, 0x01, 0x03, 0x01, 0x0b, 0xdb, 0x05, 0x05,
  0x5e, 0x00, 0x00, 0x61, 0x8f, 0x01, 0x40, 0x00, 0x47, 0x27, 0x06, 0x00,
  0x10, 0x61, 0x5e, 0x01, 0x0b, 0xdc, 0x05, 0x47, 0x5e, 0x00, 0x00, 0x61,
  0x5f, 0x01, 0x00, 0x29, 0xe6, 0x05, 0xb4, 0x5e, 0x00, 0x00, 0x61, 0x60,
  0x01, 0x10, 0x00, 0x0b, 0xf1, 0x05, 0xc1, 0x5f, 0x00, 0x00, 0x61, 0x61,
  0x01, 0x00, 0x29, 0x1e, 0x06, 0x44, 0x62, 0x00, 0x00, 0x61, 0x62, 0x01,
  0x40, 0x00, 0x0b, 0x26, 0x06, 0xb2, 0x62, 0x00, 0x00, 0x61, 0x63, 0x01,
  0x00, 0x00, 0x13, 0xe5, 0x05, 0x70, 0x61, 0x0e, 0x14, 0xdd, 0x05, 0x88,
  0x0e, 0x00, 0x00, 0x61, 0x0f, 0x00, 0x14, 0xde, 0x05, 0x88, 0x0e, 0x00,
  0x00, 0x61, 0x10, 0x04, 0x14, 0xdf, 0x05, 0x88, 0x0e, 0x00, 0x00, 0x61,
  0x11, 0x08, 0x14, 0xe0, 0x05, 0x88, 0x0e, 0x00, 0x00, 0x61, 0x12, 0x0c,
  0x14, 0xe1, 0x05, 0x88, 0x0e, 0x00, 0x00, 0x61, 0x13, 0x10, 0x14, 0xe2,
  0x05, 0x88, 0x0e, 0x00, 0x00, 0x61, 0x14, 0x14, 0x14, 0xe3, 0x05, 0x88,
  0x0e, 0x00, 0x00, 0x61, 0x15, 0x18, 0x14, 0xe4, 0x05, 0xa8, 0x5e, 0x00,
  0x00, 0x61, 0x18, 0x1c, 0x14, 0x07, 0x03, 0x88, 0x0e, 0x00, 0x00, 0x61,
  0x1b, 0x6c, 0x00, 0x03, 0x88, 0x0e, 0x00, 0x00, 0x04, 0x3f, 0x00, 0x00,
  0x00, 0x14, 0x00, 0x3f, 0xf0, 0x05, 0x00, 0x02, 0x61, 0x24, 0x10, 0x14,
  0xdd, 0x05, 0x21, 0x05, 0x00, 0x00, 0x61, 0x25, 0x00, 0x14, 0xde, 0x05,
  0x21, 0x05, 0x00, 0x00, 0x61, 0x26, 0x02, 0x14, 0xdf, 0x05, 0x21, 0x05,
  0x00, 0x00, 0x61, 0x27, 0x04, 0x14, 0xe7, 0x05, 0x21, 0x05, 0x00, 0x00,
  0x61, 0x28, 0x06, 0x17, 0xec, 0x5e, 0x00, 0x00, 0x61, 0x29, 0x08, 0x18,
  0x10, 0x61, 0x29, 0x17, 0xf8, 0x5e, 0x00, 0x00, 0x61, 0x2a, 0x00, 0x19,
  0x10, 0x61, 0x2a, 0x14, 0xe8, 0x05, 0x98, 0x0e, 0x00, 0x00, 0x61, 0x2b,
  0x00, 0x14, 0xe9, 0x05, 0x98, 0x0e, 0x00, 0x00, 0x61, 0x2c, 0x08, 0x00,
  0x17, 0x19, 0x5f, 0x00, 0x00, 0x61, 0x2e, 0x00, 0x19, 0x10, 0x61, 0x2e,
  0x14, 0xe0, 0x05, 0x88, 0x0e, 0x00, 0x00, 0x61, 0x2f, 0x00, 0x14, 0xe1,
  0x05, 0x88, 0x0e, 0x00, 0x00, 0x61, 0x30, 0x04, 0x14, 0xe2, 0x05, 0x88,
  0x0e, 0x00, 0x00, 0x61, 0x31, 0x08, 0x14, 0xe3, 0x05, 0x88, 0x0e, 0x00,
  0x00, 0x61, 0x32, 0x0c, 0x00, 0x00, 0x14, 0xea, 0x05, 0x88, 0x0e, 0x00,
  0x00, 0x61, 0x35, 0x18, 0x14, 0xeb, 0x05, 0x88, 0x0e, 0x00, 0x00, 0x61,
  0x36, 0x1c, 0x14, 0xe4, 0x05, 0x9d, 0x5f, 0x00, 0x00, 0x61, 0x39, 0x20,
  0x14, 0xec, 0x05, 0xa9, 0x5f, 0x00, 0x00, 0x61, 0x3c, 0xa0, 0x43, 0xed,
  0x05, 0xb5, 0x5f, 0x00, 0x00, 0x61, 0x3e, 0xa0, 0x01, 0x48, 0x83, 0x5f,
  0x00, 0x00, 0x61, 0x40, 0xd0, 0x01, 0x18, 0x30, 0x61, 0x40, 0x14, 0xee,
  0x05, 0xb5, 0x5f, 0x00, 0x00, 0x61, 0x41, 0x00, 0x14, 0xef, 0x05, 0xb5,
  0x5f, 0x00, 0x00, 0x61, 0x42, 0x00, 0x00, 0x00, 0x03, 0x88, 0x0e, 0x00,
  0x00, 0x04, 0x3f, 0x00, 0x00, 0x00, 0x20, 0x00, 0x03, 0x88, 0x0e, 0x00,
  0x00, 0x04, 0x3f, 0x00, 0x00, 0x00, 0x40, 0x00, 0x03, 0x88, 0x0e, 0x00,
  0x00, 0x04, 0x3f, 0x00, 0x00, 0x00, 0x0c, 0x00, 0x13, 0x1d, 0x06, 0x88,
  0x61, 0x51, 0x14, 0xdd, 0x05, 0x88, 0x0e, 0x00, 0x00, 0x61, 0x52, 0x00,
  0x14, 0xde, 0x05, 0x88, 0x0e, 0x00, 0x00, 0x61, 0x53, 0x04, 0x14, 0xdf,
  0x05, 0x88, 0x0e, 0x00, 0x00, 0x61, 0x54, 0x08, 0x14, 0xe0, 0x05, 0x88,
  0x0e, 0x00, 0x00, 0x61, 0x55, 0x0c, 0x14, 0xe1, 0x05, 0x88, 0x0e, 0x00,
  0x00, 0x61, 0x56, 0x10, 0x14, 0xe2, 0x05, 0x88, 0x0e, 0x00, 0x00, 0x61,
  0x57, 0x14, 0x14, 0xe3, 0x05, 0x88, 0x0e, 0x00, 0x00, 0x61, 0x58, 0x18,
  0x14, 0xe4, 0x05, 0xa8, 0x5e, 0x00, 0x00, 0x61, 0x5a, 0x1c, 0x14, 0xf2,
  0x05, 0x0d, 0x05, 0x00, 0x00, 0x61, 0x5b, 0x6c, 0x14, 0xf3, 0x05, 0x0d,
  0x05, 0x00, 0x00, 0x61, 0x5c, 0x6d, 0x14, 0xf4, 0x05, 0x0d, 0x05, 0x00,
  0x00, 0x61, 0x5d, 0x6e, 0x14, 0xf5, 0x05, 0x0d, 0x05, 0x00, 0x00, 0x61,
  0x5e, 0x6f, 0x14, 0xf6, 0x05, 0x0d, 0x05, 0x00, 0x00, 0x61, 0x5f, 0x70,
  0x14, 0xf7, 0x05, 0x0d, 0x05, 0x00, 0x00, 0x61, 0x60, 0x71, 0x14, 0xdd,
  0x02, 0x68, 0x60, 0x00, 0x00, 0x61, 0x61, 0x78, 0x14, 0x1c, 0x06, 0x88,
  0x0e, 0x00, 0x00, 0x61, 0x62, 0x80, 0x00, 0x12, 0x6d, 0x60, 0x00, 0x00,
  0x13, 0x1b, 0x06, 0x10, 0x62, 0x0b, 0x14, 0xf8, 0x05, 0xc1, 0x06, 0x00,
  0x00, 0x62, 0x0c, 0x00, 0x14, 0xdb, 0x05, 0x88, 0x60, 0x00, 0x00, 0x62,
  0x0d, 0x08, 0x00, 0x12, 0x8d, 0x60, 0x00, 0x00, 0x13, 0x1a, 0x06, 0xa8,
  0x63, 0x67, 0x14, 0xf9, 0x05, 0x21, 0x07, 0x00, 0x00, 0x63, 0x6d, 0x00,
  0x14, 0xfa, 0x05, 0x21, 0x07, 0x00, 0x00, 0x63, 0x6e, 0x08, 0x14, 0xfb,
  0x05, 0x21, 0x07, 0x00, 0x00, 0x63, 0x6f, 0x10, 0x14, 0xfc, 0x05, 0x21,
  0x07, 0x00, 0x00, 0x63, 0x70, 0x18, 0x14, 0xfd, 0x05, 0x21, 0x07, 0x00,
  0x00, 0x63, 0x71, 0x20, 0x14, 0xfe, 0x05, 0x21, 0x07, 0x00, 0x00, 0x63,
  0x72, 0x28, 0x14, 0xff, 0x05, 0x21, 0x07, 0x00, 0x00, 0x63, 0x75, 0x30,
  0x14, 0x00, 0x06, 0x21, 0x07, 0x00, 0x00, 0x63, 0x76, 0x38, 0x14, 0x01,
  0x06, 0x21, 0x07, 0x00, 0x00, 0x63, 0x77, 0x40, 0x14, 0x02, 0x06, 0x21,
  0x07, 0x00, 0x00, 0x63, 0x78, 0x48, 0x14, 0x03, 0x06, 0x21, 0x07, 0x00,
  0x00, 0x63, 0x79, 0x50, 0x14, 0x04, 0x06, 0x21, 0x07, 0x00, 0x00, 0x63,
  0x7a, 0x58, 0x14, 0x05, 0x06, 0x21, 0x07, 0x00, 0x00, 0x63, 0x7b, 0x60,
  0x14, 0x06, 0x06, 0x21, 0x07, 0x00, 0x00, 0x63, 0x7c, 0x68, 0x14, 0x07,
  0x06, 0x21, 0x07, 0x00, 0x00, 0x63, 0x7d, 0x70, 0x14, 0x08, 0x06, 0x21,
  0x07, 0x00, 0x00, 0x63, 0x8b, 0x78, 0x14, 0x09, 0x06, 0x21, 0x07, 0x00,
  0x00, 0x63, 0x8e, 0x80, 0x17, 0x45, 0x61, 0x00, 0x00, 0x63, 0x90, 0x88,
  0x18, 0x08, 0x63, 0x90, 0x14, 0x0a, 0x06, 0x21, 0x05, 0x00, 0x00, 0x63,
  0x92, 0x00, 0x14, 0x0b, 0x06, 0x98, 0x0e, 0x00, 0x00, 0x63, 0x94, 0x00,
  0x14, 0x0c, 0x06, 0xa8, 0x61, 0x00, 0x00, 0x63, 0x96, 0x00, 0x00, 0x14,
  0x34, 0x01, 0x21, 0x07, 0x00, 0x00, 0x63, 0x99, 0x90, 0x14, 0xb9, 0x05,
  0x21, 0x07, 0x00, 0x00, 0x63, 0x9a, 0x98, 0x17, 0x84, 0x61, 0x00, 0x00,
  0x63, 0x9c, 0xa0, 0x18, 0x08, 0x63, 0x9c, 0x14, 0x0f, 0x06, 0x21, 0x05,
  0x00, 0x00, 0x63, 0x9e, 0x00, 0x14, 0x10, 0x06, 0x98, 0x0e, 0x00, 0x00,
  0x63, 0xa0, 0x00, 0x14, 0x11, 0x06, 0xd0, 0x61, 0x00, 0x00, 0x63, 0xa2,
  0x00, 0x00, 0x00, 0x13, 0x0c, 0x06, 0x08, 0x63, 0x3b, 0x40, 0x0a, 0x06,
  0x98, 0x0e, 0x00, 0x00, 0x63, 0x3d, 0x10, 0x00, 0x40, 0x0d, 0x06, 0x98,
  0x0e, 0x00, 0x00, 0x63, 0x3f, 0x02, 0x10, 0x40, 0x0e, 0x06, 0x98, 0x0e,
  0x00, 0x00, 0x63, 0x41, 0x01, 0x12, 0x00, 0x13, 0x11, 0x06, 0x08, 0x63,
  0x45, 0x40, 0x0f, 0x06, 0x98, 0x0e, 0x00, 0x00, 0x63, 0x47, 0x10, 0x00,
  0x40, 0x12, 0x06, 0x98, 0x0e, 0x00, 0x00, 0x63, 0x49, 0x01, 0x10, 0x40,
  0x13, 0x06, 0x98, 0x0e, 0x00, 0x00, 0x63, 0x4b, 0x01, 0x11, 0x40, 0x14,
  0x06, 0x98, 0x0e, 0x00, 0x00, 0x63, 0x4d, 0x01, 0x12, 0x40, 0x15, 0x06,
  0x98, 0x0e, 0x00, 0x00, 0x63, 0x50, 0x08, 0x20, 0x46, 0xdc, 0x98, 0x0e,
  0x00, 0x00, 0x63, 0x53, 0x04, 0x30, 0x40, 0x16, 0x06, 0x98, 0x0e, 0x00,
  0x00, 0x63, 0x56, 0x01, 0x38, 0x40, 0x17, 0x06, 0x98, 0x0e, 0x00, 0x00,
  0x63, 0x58, 0x01, 0x39, 0x40, 0x18, 0x06, 0x98, 0x0e, 0x00, 0x00, 0x63,
  0x5d, 0x01, 0x3a, 0x40, 0x19, 0x06, 0x98, 0x0e, 0x00, 0x00, 0x63, 0x64,
  0x04, 0x3c, 0x00, 0x09, 0x25, 0x06, 0x40, 0x02, 0x61, 0x4f, 0x01, 0x40,
  0x29, 0x1f, 0x06, 0xb4, 0x5e, 0x00, 0x00, 0x61, 0x50, 0x01, 0x10, 0x00,
  0x0c, 0x20, 0x06, 0x72, 0x62, 0x00, 0x00, 0x61, 0x51, 0x01, 0x00, 0x02,
  0x0c, 0x24, 0x06, 0xa7, 0x62, 0x00, 0x00, 0x61, 0x52, 0x01, 0x40, 0x02,
  0x00, 0x21, 0x23, 0x06, 0x40, 0x61, 0x3a, 0x01, 0x0b, 0xd4, 0x05, 0x98,
  0x0e, 0x00, 0x00, 0x61, 0x3b, 0x01, 0x00, 0x0b, 0x21, 0x06, 0x98, 0x0e,
  0x00, 0x00, 0x61, 0x3c, 0x01, 0x08, 0x0b, 0x22, 0x06, 0x9b, 0x62, 0x00,
  0x00, 0x61, 0x3d, 0x01, 0x10, 0x00, 0x03, 0x98, 0x0e, 0x00, 0x00, 0x04,
  0x3f, 0x00, 0x00, 0x00, 0x06, 0x00, 0x03, 0x0d, 0x05, 0x00, 0x00, 0x39,
  0x3f, 0x00, 0x00, 0x00, 0x00, 0x03, 0x0d, 0x05, 0x00, 0x00, 0x1e, 0x3f,
  0x00, 0x00, 0x00, 0x00, 0x10, 0x00, 0x21, 0x2c, 0x06, 0x10, 0x61, 0x96,
  0x01, 0x0b, 0x29, 0x06, 0x98, 0x0e, 0x00, 0x00, 0x61, 0xaa, 0x01, 0x00,
  0x0b, 0x2a, 0x06, 0x3c, 0x03, 0x00, 0x00, 0x61, 0xb2, 0x01, 0x08, 0x0b,
  0x2b, 0x06, 0x3c, 0x03, 0x00, 0x00, 0x61, 0xba, 0x01, 0x0c, 0x00, 0x12,
  0xed, 0x62, 0x00, 0x00, 0x30, 0x3c, 0x06, 0x03, 0x3b, 0x00, 0x00, 0x00,
  0x04, 0x3f, 0x00, 0x00, 0x00, 0x20, 0x00, 0x2f, 0x05, 0x63, 0x00, 0x00,
  0x3f, 0x06, 0x65, 0x15, 0x19, 0x10, 0x65, 0x13, 0x14, 0xc2, 0x03, 0x14,
  0x63, 0x00, 0x00, 0x65, 0x14, 0x00, 0x00, 0x03, 0x15, 0x05, 0x00, 0x00,
  0x04, 0x3f, 0x00, 0x00, 0x00, 0x10, 0x00, 0x03, 0x3b, 0x00, 0x00, 0x00,
  0x04, 0x3f, 0x00, 0x00, 0x00, 0x25, 0x00, 0x12, 0x31, 0x63, 0x00, 0x00,
  0x13, 0x4c, 0x06, 0x78, 0x19, 0x52, 0x14, 0x47, 0x06, 0xa6, 0x63, 0x00,
  0x00, 0x19, 0x53, 0x00, 0x14, 0x48, 0x06, 0xa6, 0x63, 0x00, 0x00, 0x19,
  0x55, 0x08, 0x14, 0x49, 0x06, 0xc1, 0x06, 0x00, 0x00, 0x19, 0x58, 0x10,
  0x14, 0x4a, 0x06, 0x09, 0x05, 0x00, 0x00, 0x19, 0x59, 0x18, 0x14, 0x34,
  0x01, 0x3c, 0x03, 0x00, 0x00, 0x19, 0x5a, 0x1c, 0x14, 0xd7, 0x04, 0x7e,
  0x30, 0x00, 0x00, 0x19, 0x63, 0x20, 0x14, 0x21, 0x04, 0xe9, 0x4b, 0x00,
  0x00, 0x19, 0x64, 0x28, 0x2b, 0x76, 0x02, 0x0c, 0x25, 0x00, 0x00, 0x19,
  0x65, 0x08, 0x48, 0x14, 0x47, 0x02, 0xff, 0x07, 0x00, 0x00, 0x19, 0x67,
  0x58, 0x11, 0x0e, 0x40, 0x03, 0x00, 0x00, 0x19, 0x6a, 0x60, 0x14, 0x4b,
  0x06, 0xbb, 0x63, 0x00, 0x00, 0x19, 0x75, 0x70, 0x00, 0x12, 0xab, 0x63,
  0x00, 0x00, 0x1a, 0x21, 0x07, 0x00, 0x00, 0x1b, 0x2c, 0x63, 0x00, 0x00,
  0x1b, 0xba, 0x18, 0x00, 0x00, 0x00, 0x12, 0x91, 0x17, 0x00, 0x00, 0x12,
  0xc5, 0x63, 0x00, 0x00, 0x30, 0x51, 0x06, 0x13, 0x58, 0x06, 0x08, 0x66,
  0x33, 0x14, 0x5b, 0x03, 0xd9, 0x63, 0x00, 0x00, 0x66, 0x34, 0x00, 0x00,
  0x12, 0xde, 0x63, 0x00, 0x00, 0x2c, 0x57, 0x06, 0x40, 0x66, 0x2d, 0x40,
  0x14, 0x42, 0x05, 0xfa, 0x63, 0x00, 0x00, 0x66, 0x2f, 0x00, 0x14, 0x55,
  0x06, 0x91, 0x17, 0x00, 0x00, 0x66, 0x30, 0x20, 0x00, 0x13, 0x56, 0x06,
  0x20, 0x66, 0x1f, 0x11, 0x0e, 0x40, 0x03, 0x00, 0x00, 0x66, 0x20, 0x00,
  0x14, 0x55, 0x06, 0xc1, 0x06, 0x00, 0x00, 0x66, 0x22, 0x10, 0x14, 0xd3,
  0x01, 0x5e, 0x04, 0x00, 0x00, 0x66, 0x24, 0x18, 0x00, 0x12, 0x23, 0x64,
  0x00, 0x00, 0x30, 0x63, 0x06, 0x12, 0xce, 0x1a, 0x00, 0x00, 0x12, 0x30,
  0x64, 0x00, 0x00, 0x1a, 0x09, 0x05, 0x00, 0x00, 0x1b, 0xc4, 0x1a, 0x00,
  0x00, 0x1b, 0x56, 0x22, 0x00, 0x00, 0x00, 0x12, 0x45, 0x64, 0x00, 0x00,
  0x1a, 0x15, 0x0d, 0x00, 0x00, 0x1b, 0x15, 0x0d, 0x00, 0x00, 0x1b, 0x55,
  0x64, 0x00, 0x00, 0x00, 0x3b, 0x3c, 0x03, 0x00, 0x00, 0x69, 0x06, 0x04,
  0x0e, 0x85, 0x3c, 0x67, 0x06, 0x00, 0x3c, 0x68, 0x06, 0x01, 0x00, 0x13,
  0x70, 0x06, 0x08, 0x67, 0x19, 0x17, 0x76, 0x64, 0x00, 0x00, 0x67, 0x1a,
  0x00, 0x18, 0x08, 0x67, 0x1a, 0x2b, 0x6f, 0x06, 0xa0, 0x0e, 0x00, 0x00,
  0x67, 0x1c, 0x08, 0x00, 0x17, 0x8d, 0x64, 0x00, 0x00, 0x67, 0x1e, 0x00,
  0x19, 0x08, 0x67, 0x1e, 0x14, 0xd3, 0x01, 0x5e, 0x04, 0x00, 0x00, 0x67,
  0x1f, 0x00, 0x14, 0x4a, 0x01, 0x09, 0x05, 0x00, 0x00, 0x67, 0x20, 0x04,
  0x00, 0x00, 0x00, 0x12, 0x46, 0x34, 0x00, 0x00, 0x12, 0xb2, 0x64, 0x00,
  0x00, 0x1a, 0x25, 0x04, 0x00, 0x00, 0x1b, 0x15, 0x0d, 0x00, 0x00, 0x1b,
  0xbb, 0x08, 0x00, 0x00, 0x1b, 0xc7, 0x64, 0x00, 0x00, 0x00, 0x12, 0xcc,
  0x64, 0x00, 0x00, 0x13, 0x7b, 0x06, 0x10, 0x68, 0x0a, 0x14, 0xfd, 0x03,
  0xe7, 0x64, 0x00, 0x00, 0x68, 0x0b, 0x00, 0x14, 0x7a, 0x06, 0xff, 0x07,
  0x00, 0x00, 0x68, 0x0c, 0x08, 0x00, 0x12, 0xec, 0x64, 0x00, 0x00, 0x1f,
  0x1b, 0xff, 0x07, 0x00, 0x00, 0x00, 0x12, 0xf8, 0x64, 0x00, 0x00, 0x1a,
  0x09, 0x05, 0x00, 0x00, 0x1b, 0x1e, 0x64, 0x00, 0x00, 0x1b, 0xbb, 0x08,
  0x00, 0x00, 0x1b, 0x09, 0x05, 0x00, 0x00, 0x00, 0x12, 0x12, 0x65, 0x00,
  0x00, 0x1a, 0xce, 0x0b, 0x00, 0x00, 0x1b, 0xbb, 0x08, 0x00, 0x00, 0x1b,
  0x09, 0x05, 0x00, 0x00, 0x1b, 0x56, 0x22, 0x00, 0x00, 0x00, 0x12, 0x2c,
  0x65, 0x00, 0x00, 0x1a, 0x09, 0x05, 0x00, 0x00, 0x1b, 0x15, 0x0d, 0x00,
  0x00, 0x1b, 0xf6, 0x05, 0x00, 0x00, 0x1b, 0x09, 0x05, 0x00, 0x00, 0x00,
  0x12, 0x46, 0x65, 0x00, 0x00, 0x1a, 0x09, 0x05, 0x00, 0x00, 0x1b, 0x1e,
  0x64, 0x00, 0x00, 0x1b, 0xbb, 0x08, 0x00, 0x00, 0x1b, 0x15, 0x0d, 0x00,
  0x00, 0x1b, 0xe2, 0x06, 0x00, 0x00, 0x1b, 0x56, 0x22, 0x00, 0x00, 0x00,
  0x12, 0x6a, 0x65, 0x00, 0x00, 0x1a, 0x09, 0x05, 0x00, 0x00, 0x1b, 0x15,
  0x0d, 0x00, 0x00, 0x1b, 0xbb, 0x08, 0x00, 0x00, 0x1b, 0x15, 0x0d, 0x00,
  0x00, 0x00, 0x12, 0x84, 0x65, 0x00, 0x00, 0x1a, 0x09, 0x05, 0x00, 0x00,
  0x1b, 0xbb, 0x08, 0x00, 0x00, 0x1b, 0x15, 0x0d, 0x00, 0x00, 0x00, 0x12,
  0x99, 0x65, 0x00, 0x00, 0x1a, 0x09, 0x05, 0x00, 0x00, 0x1b, 0x1e, 0x64,
  0x00, 0x00, 0x1b, 0xbb, 0x08, 0x00, 0x00, 0x1b, 0x15, 0x0d, 0x00, 0x00,
  0x1b, 0x25, 0x04, 0x00, 0x00, 0x00, 0x12, 0xb8, 0x65, 0x00, 0x00, 0x1a,
  0x09, 0x05, 0x00, 0x00, 0x1b, 0x1e, 0x64, 0x00, 0x00, 0x1b, 0xbb, 0x08,
  0x00, 0x00, 0x1b, 0x15, 0x0d, 0x00, 0x00, 0x1b, 0xe2, 0x06, 0x00, 0x00,
  0x00, 0x12, 0xd7, 0x65, 0x00, 0x00, 0x1a, 0x09, 0x05, 0x00, 0x00, 0x1b,
  0x1e, 0x64, 0x00, 0x00, 0x1b, 0xbb, 0x08, 0x00, 0x00, 0x1b, 0x15, 0x0d,
  0x00, 0x00, 0x1b, 0xe2, 0x06, 0x00, 0x00, 0x1b, 0x03, 0x13, 0x00, 0x00,
  0x00, 0x12, 0xfb, 0x65, 0x00, 0x00, 0x1a, 0x09, 0x05, 0x00, 0x00, 0x1b,
  0x1e, 0x64, 0x00, 0x00, 0x1b, 0xbb, 0x08, 0x00, 0x00, 0x1b, 0x15, 0x0d,
  0x00, 0x00, 0x1b, 0xbb, 0x08, 0x00, 0x00, 0x1b, 0x15, 0x0d, 0x00, 0x00,
  0x1b, 0x3c, 0x03, 0x00, 0x00, 0x00, 0x12, 0x24, 0x66, 0x00, 0x00, 0x1a,
  0x09, 0x05, 0x00, 0x00, 0x1b, 0x1e, 0x64, 0x00, 0x00, 0x1b, 0x15, 0x0d,
  0x00, 0x00, 0x1b, 0x39, 0x66, 0x00, 0x00, 0x00, 0x12, 0x3e, 0x66, 0x00,
  0x00, 0x13, 0x96, 0x06, 0x50, 0x0c, 0xe8, 0x14, 0x88, 0x06, 0x3c, 0x03,
  0x00, 0x00, 0x0c, 0xe9, 0x00, 0x14, 0x89, 0x06, 0xe2, 0x06, 0x00, 0x00,
  0x0c, 0xea, 0x04, 0x17, 0x60, 0x66, 0x00, 0x00, 0x0c, 0xf7, 0x08, 0x18,
  0x04, 0x0c, 0xf7, 0x14, 0x8a, 0x06, 0x82, 0x0b, 0x00, 0x00, 0x0c, 0xf8,
  0x00, 0x14, 0x8b, 0x06, 0xd1, 0x66, 0x00, 0x00, 0x0c, 0xf9, 0x00, 0x00,
  0x17, 0x81, 0x66, 0x00, 0x00, 0x0c, 0xfb, 0x0c, 0x18, 0x04, 0x0c, 0xfb,
  0x14, 0x8d, 0x06, 0xa8, 0x0b, 0x00, 0x00, 0x0c, 0xfc, 0x00, 0x14, 0x8e,
  0x06, 0xe8, 0x66, 0x00, 0x00, 0x0c, 0xfd, 0x00, 0x00, 0x14, 0x90, 0x06,
  0x13, 0x13, 0x00, 0x00, 0x0c, 0xff, 0x10, 0x0b, 0x91, 0x06, 0xff, 0x66,
  0x00, 0x00, 0x0c, 0x00, 0x01, 0x18, 0x0b, 0x93, 0x06, 0xff, 0x66, 0x00,
  0x00, 0x0c, 0x01, 0x01, 0x28, 0x0b, 0x94, 0x06, 0xff, 0x66, 0x00, 0x00,
  0x0c, 0x02, 0x01, 0x38, 0x0b, 0x95, 0x06, 0xa1, 0x1d, 0x00, 0x00, 0x0c,
  0x09, 0x01, 0x48, 0x00, 0x2f, 0xda, 0x66, 0x00, 0x00, 0x8c, 0x06, 0x69,
  0x11, 0x19, 0x04, 0x69, 0x0f, 0x11, 0x1b, 0x98, 0x0b, 0x00, 0x00, 0x69,
  0x10, 0x00, 0x00, 0x2f, 0xf1, 0x66, 0x00, 0x00, 0x8f, 0x06, 0x69, 0x15,
  0x19, 0x04, 0x69, 0x13, 0x11, 0x1b, 0xbe, 0x0b, 0x00, 0x00, 0x69, 0x14,
  0x00, 0x00, 0x13, 0x92, 0x06, 0x10, 0x18, 0x0d, 0x14, 0x08, 0x04, 0x9d,
  0x18, 0x00, 0x00, 0x18, 0x0e, 0x00, 0x14, 0x0a, 0x04, 0xc1, 0x06, 0x00,
  0x00, 0x18, 0x0f, 0x08, 0x00, 0x12, 0x1f, 0x67, 0x00, 0x00, 0x1a, 0x09,
  0x05, 0x00, 0x00, 0x1b, 0x1e, 0x64, 0x00, 0x00, 0x1b, 0xc4, 0x1a, 0x00,
  0x00, 0x1b, 0x3e, 0x67, 0x00, 0x00, 0x1b, 0x88, 0x0e, 0x00, 0x00, 0x1b,
  0x3c, 0x03, 0x00, 0x00, 0x00, 0x12, 0x43, 0x67, 0x00, 0x00, 0x13, 0xab,
  0x06, 0xb8, 0x6a, 0x16, 0x14, 0x98, 0x06, 0x88, 0x0e, 0x00, 0x00, 0x6a,
  0x17, 0x00, 0x11, 0x40, 0xe2, 0x06, 0x00, 0x00, 0x6a, 0x18, 0x04, 0x14,
  0x99, 0x06, 0x3c, 0x03, 0x00, 0x00, 0x6a, 0x19, 0x08, 0x14, 0x9a, 0x06,
  0xbb, 0x30, 0x00, 0x00, 0x6a, 0x1a, 0x0c, 0x14, 0x9b, 0x06, 0x98, 0x0e,
  0x00, 0x00, 0x6a, 0x1b, 0x10, 0x14, 0x9c, 0x06, 0x98, 0x0e, 0x00, 0x00,
  0x6a, 0x1c, 0x18, 0x14, 0x3b, 0x01, 0x98, 0x0e, 0x00, 0x00, 0x6a, 0x29,
  0x20, 0x14, 0x9d, 0x06, 0x03, 0x13, 0x00, 0x00, 0x6a, 0x2a, 0x28, 0x14,
  0x9e, 0x06, 0x03, 0x13, 0x00, 0x00, 0x6a, 0x2b, 0x2c, 0x11, 0xd7, 0x82,
  0x0b, 0x00, 0x00, 0x6a, 0x2c, 0x30, 0x11, 0xd8, 0xa8, 0x0b, 0x00, 0x00,
  0x6a, 0x2d, 0x34, 0x11, 0x4c, 0x13, 0x13, 0x00, 0x00, 0x6a, 0x2e, 0x38,
  0x14, 0x9f, 0x06, 0xff, 0x66, 0x00, 0x00, 0x6a, 0x2f, 0x40, 0x14, 0xa0,
  0x06, 0xff, 0x66, 0x00, 0x00, 0x6a, 0x30, 0x50, 0x14, 0xa1, 0x06, 0xff,
  0x66, 0x00, 0x00, 0x6a, 0x31, 0x60, 0x14, 0xa2, 0x06, 0xff, 0x66, 0x00,
  0x00, 0x6a, 0x32, 0x70, 0x14, 0x3c, 0x01, 0x98, 0x0e, 0x00, 0x00, 0x6a,
  0x33, 0x80, 0x14, 0xa3, 0x06, 0x98, 0x0e, 0x00, 0x00, 0x6a, 0x34, 0x88,
  0x14, 0xa4, 0x06, 0x88, 0x0e, 0x00, 0x00, 0x6a, 0x35, 0x90, 0x14, 0xa5,
  0x06, 0x88, 0x0e, 0x00, 0x00, 0x6a, 0x36, 0x94, 0x14, 0xa6, 0x06, 0x98,
  0x0e, 0x00, 0x00, 0x6a, 0x37, 0x98, 0x14, 0xa7, 0x06, 0x98, 0x0e, 0x00,
  0x00, 0x6a, 0x38, 0xa0, 0x14, 0xa8, 0x06, 0x88, 0x0e, 0x00, 0x00, 0x6a,
  0x39, 0xa8, 0x14, 0xa9, 0x06, 0x88, 0x0e, 0x00, 0x00, 0x6a, 0x3a, 0xac,
  0x14, 0xaa, 0x06, 0x88, 0x0e, 0x00, 0x00, 0x6a, 0x3b, 0xb0, 0x00, 0x12,
  0x45, 0x68, 0x00, 0x00, 0x1a, 0xa9, 0x06, 0x00, 0x00, 0x1b, 0x15, 0x0d,
  0x00, 0x00, 0x1b, 0xf6, 0x05, 0x00, 0x00, 0x1b, 0x09, 0x07, 0x00, 0x00,
  0x00, 0x12, 0x5f, 0x68, 0x00, 0x00, 0x1a, 0x09, 0x05, 0x00, 0x00, 0x1b,
  0xbb, 0x08, 0x00, 0x00, 0x1b, 0x79, 0x68, 0x00, 0x00, 0x1b, 0x98, 0x0e,
  0x00, 0x00, 0x1b, 0x98, 0x0e, 0x00, 0x00, 0x00, 0x12, 0x7e, 0x68, 0x00,
  0x00, 0x30, 0xae, 0x06, 0x12, 0x86, 0x68, 0x00, 0x00, 0x1a, 0x09, 0x05,
  0x00, 0x00, 0x1b, 0xbb, 0x08, 0x00, 0x00, 0x1b, 0x09, 0x05, 0x00, 0x00,
  0x00, 0x12, 0x9b, 0x68, 0x00, 0x00, 0x1a, 0x09, 0x05, 0x00, 0x00, 0x1b,
  0xbb, 0x08, 0x00, 0x00, 0x1b, 0x15, 0x0d, 0x00, 0x00, 0x1b, 0xa1, 0x1d,
  0x00, 0x00, 0x1b, 0x3c, 0x03, 0x00, 0x00, 0x1b, 0xe2, 0x06, 0x00, 0x00,
  0x00, 0x12, 0xbf, 0x68, 0x00, 0x00, 0x1a, 0x09, 0x05, 0x00, 0x00, 0x1b,
  0x1e, 0x64, 0x00, 0x00, 0x1b, 0xbb, 0x08, 0x00, 0x00, 0x1b, 0xa1, 0x1d,
  0x00, 0x00, 0x1b, 0xe2, 0x06, 0x00, 0x00, 0x00, 0x12, 0xde, 0x68, 0x00,
  0x00, 0x1a, 0xce, 0x0b, 0x00, 0x00, 0x1b, 0x1e, 0x64, 0x00, 0x00, 0x1b,
  0x15, 0x0d, 0x00, 0x00, 0x1b, 0x09, 0x05, 0x00, 0x00, 0x00, 0x12, 0xf8,
  0x68, 0x00, 0x00, 0x1a, 0x09, 0x05, 0x00, 0x00, 0x1b, 0x1e, 0x64, 0x00,
  0x00, 0x1b, 0x15, 0x0d, 0x00, 0x00, 0x1b, 0xce, 0x0b, 0x00, 0x00, 0x1b,
  0x09, 0x05, 0x00, 0x00, 0x00, 0x12, 0x17, 0x69, 0x00, 0x00, 0x1a, 0x09,
  0x05, 0x00, 0x00, 0x1b, 0x1e, 0x64, 0x00, 0x00, 0x1b, 0x15, 0x0d, 0x00,
  0x00, 0x1b, 0x2c, 0x69, 0x00, 0x00, 0x00, 0x12, 0x31, 0x69, 0x00, 0x00,
  0x30, 0xb5, 0x06, 0x12, 0x39, 0x69, 0x00, 0x00, 0x1a, 0x09, 0x05, 0x00,
  0x00, 0x1b, 0x15, 0x0d, 0x00, 0x00, 0x1b, 0x2c, 0x69, 0x00, 0x00, 0x00,
  0x12, 0x4e, 0x69, 0x00, 0x00, 0x1a, 0x59, 0x69, 0x00, 0x00, 0x1b, 0xbb,
  0x08, 0x00, 0x00, 0x00, 0x12, 0x5e, 0x69, 0x00, 0x00, 0x21, 0xba, 0x06,
  0x18, 0x0c, 0x87, 0x0d, 0x0b, 0xb8, 0x06, 0x21, 0x28, 0x00, 0x00, 0x0c,
  0x88, 0x0d, 0x00, 0x0b, 0xb9, 0x06, 0x21, 0x07, 0x00, 0x00, 0x0c, 0x89,
  0x0d, 0x10, 0x00, 0x05, 0x3c, 0x03, 0x00, 0x00, 0x3b, 0x1d, 0x05, 0x00,
  0x00, 0xd5, 0x06, 0x01, 0x6b, 0x0a, 0x3c, 0xcf, 0x06, 0x00, 0x3c, 0xd0,
  0x06, 0x01, 0x3c, 0xd1, 0x06, 0x02, 0x3c, 0xd2, 0x06, 0x03, 0x3c, 0xd3,
  0x06, 0x04, 0x3c, 0xd4, 0x06, 0x05, 0x00, 0x12, 0xa9, 0x69, 0x00, 0x00,
  0x30, 0xea, 0x06, 0x12, 0xb1, 0x69, 0x00, 0x00, 0x30, 0xef, 0x06, 0x12,
  0xb9, 0x69, 0x00, 0x00, 0x30, 0xf4, 0x06, 0x12, 0xc1, 0x69, 0x00, 0x00,
  0x05, 0xc6, 0x69, 0x00, 0x00, 0x21, 0x2e, 0x07, 0xa0, 0x0c, 0x8f, 0x01,
  0x0b, 0xfe, 0x06, 0xaa, 0x6a, 0x00, 0x00, 0x0c, 0x90, 0x01, 0x00, 0x0b,
  0xff, 0x06, 0xbf, 0x6a, 0x00, 0x00, 0x0c, 0x91, 0x01, 0x08, 0x0b, 0x15,
  0x07, 0xd2, 0x6c, 0x00, 0x00, 0x0c, 0x94, 0x01, 0x10, 0x0b, 0x16, 0x07,
  0xe7, 0x6c, 0x00, 0x00, 0x0c, 0x97, 0x01, 0x18, 0x0b, 0x17, 0x07, 0xfc,
  0x6c, 0x00, 0x00, 0x0c, 0x99, 0x01, 0x20, 0x0b, 0x19, 0x07, 0x10, 0x6d,
  0x00, 0x00, 0x0c, 0x9b, 0x01, 0x28, 0x0b, 0x1a, 0x07, 0x3e, 0x6d, 0x00,
  0x00, 0x0c, 0x9e, 0x01, 0x30, 0x0b, 0x1b, 0x07, 0x6c, 0x6d, 0x00, 0x00,
  0x0c, 0xa3, 0x01, 0x38, 0x0b, 0x1d, 0x07, 0x8a, 0x6d, 0x00, 0x00, 0x0c,
  0xa4, 0x01, 0x40, 0x0b, 0x1e, 0x07, 0xa0, 0x6d, 0x00, 0x00, 0x0c, 0xa5,
  0x01, 0x48, 0x0b, 0x1f, 0x07, 0xb5, 0x6d, 0x00, 0x00, 0x0c, 0xa6, 0x01,
  0x50, 0x0b, 0x20, 0x07, 0xcf, 0x20, 0x00, 0x00, 0x0c, 0xa7, 0x01, 0x58,
  0x0b, 0x21, 0x07, 0xc1, 0x6d, 0x00, 0x00, 0x0c, 0xac, 0x01, 0x60, 0x0b,
  0x26, 0x07, 0xf7, 0x6d, 0x00, 0x00, 0x0c, 0xae, 0x01, 0x68, 0x0b, 0x27,
  0x07, 0x07, 0x6e, 0x00, 0x00, 0x0c, 0xaf, 0x01, 0x70, 0x0b, 0x28, 0x07,
  0x21, 0x6e, 0x00, 0x00, 0x0c, 0xb1, 0x01, 0x78, 0x0b, 0x29, 0x07, 0x3c,
  0x6e, 0x00, 0x00, 0x0c, 0xb2, 0x01, 0x80, 0x0b, 0x2a, 0x07, 0x51, 0x6e,
  0x00, 0x00, 0x0c, 0xb5, 0x01, 0x88, 0x0b, 0x2c, 0x07, 0xda, 0x2c, 0x00,
  0x00, 0x0c, 0xb7, 0x01, 0x90, 0x0b, 0x2d, 0x07, 0x78, 0x6e, 0x00, 0x00,
  0x0c, 0xb8, 0x01, 0x98, 0x00, 0x12, 0xaf, 0x6a, 0x00, 0x00, 0x1a, 0x09,
  0x05, 0x00, 0x00, 0x1b, 0xdf, 0x56, 0x00, 0x00, 0x1b, 0xca, 0x15, 0x00,
  0x00, 0x00, 0x12, 0xc4, 0x6a, 0x00, 0x00, 0x1a, 0x09, 0x05, 0x00, 0x00,
  0x1b, 0xa1, 0x1d, 0x00, 0x00, 0x1b, 0xd4, 0x6a, 0x00, 0x00, 0x00, 0x12,
  0xd9, 0x6a, 0x00, 0x00, 0x21, 0x14, 0x07, 0xc0, 0x21, 0x44, 0x01, 0x26,
  0xe9, 0x6a, 0x00, 0x00, 0x21, 0x46, 0x01, 0x00, 0x27, 0x40, 0x21, 0x46,
  0x01, 0x26, 0xf7, 0x6a, 0x00, 0x00, 0x21, 0x47, 0x01, 0x00, 0x33, 0x38,
  0x21, 0x47, 0x01, 0x0b, 0x34, 0x01, 0x21, 0x07, 0x00, 0x00, 0x21, 0x49,
  0x01, 0x00, 0x26, 0x10, 0x6b, 0x00, 0x00, 0x21, 0x4a, 0x01, 0x08, 0x27,
  0x10, 0x21, 0x4a, 0x01, 0x0b, 0x42, 0x05, 0x40, 0x03, 0x00, 0x00, 0x21,
  0x4b, 0x01, 0x00, 0x26, 0x29, 0x6b, 0x00, 0x00, 0x21, 0x4d, 0x01, 0x00,
  0x33, 0x10, 0x21, 0x4d, 0x01, 0x0b, 0x43, 0x05, 0xff, 0x07, 0x00, 0x00,
  0x21, 0x4e, 0x01, 0x00, 0x0b, 0x44, 0x05, 0x3c, 0x03, 0x00, 0x00, 0x21,
  0x50, 0x01, 0x08, 0x00, 0x00, 0x0b, 0x47, 0x05, 0x0a, 0x08, 0x00, 0x00,
  0x21, 0x55, 0x01, 0x18, 0x0b, 0x77, 0x03, 0x21, 0x07, 0x00, 0x00, 0x21,
  0x56, 0x01, 0x20, 0x26, 0x65, 0x6b, 0x00, 0x00, 0x21, 0x57, 0x01, 0x28,
  0x27, 0x08, 0x21, 0x57, 0x01, 0x0a, 0x4d, 0xff, 0x07, 0x00, 0x00, 0x21,
  0x58, 0x01, 0x00, 0x0b, 0x00, 0x07, 0xb8, 0x6c, 0x00, 0x00, 0x21, 0x59,
  0x01, 0x00, 0x00, 0x0b, 0x54, 0x05, 0xf3, 0x04, 0x00, 0x00, 0x21, 0x5b,
  0x01, 0x30, 0x0b, 0x55, 0x05, 0xf3, 0x04, 0x00, 0x00, 0x21, 0x5c, 0x01,
  0x34, 0x00, 0x29, 0x41, 0x05, 0xe4, 0x56, 0x00, 0x00, 0x21, 0x6a, 0x01,
  0x10, 0x00, 0x00, 0x26, 0xad, 0x6b, 0x00, 0x00, 0x21, 0x6c, 0x01, 0x40,
  0x27, 0x40, 0x21, 0x6c, 0x01, 0x26, 0xbb, 0x6b, 0x00, 0x00, 0x21, 0x6d,
  0x01, 0x00, 0x33, 0x28, 0x21, 0x6d, 0x01, 0x0b, 0x02, 0x07, 0x21, 0x07,
  0x00, 0x00, 0x21, 0x6e, 0x01, 0x00, 0x0b, 0x03, 0x07, 0x21, 0x07, 0x00,
  0x00, 0x21, 0x6f, 0x01, 0x08, 0x0b, 0x04, 0x07, 0xf3, 0x04, 0x00, 0x00,
  0x21, 0x71, 0x01, 0x10, 0x0b, 0x05, 0x07, 0xf3, 0x04, 0x00, 0x00, 0x21,
  0x72, 0x01, 0x14, 0x0b, 0x06, 0x07, 0xf3, 0x04, 0x00, 0x00, 0x21, 0x73,
  0x01, 0x18, 0x0b, 0x07, 0x07, 0xf3, 0x04, 0x00, 0x00, 0x21, 0x74, 0x01,
  0x1c, 0x0b, 0x08, 0x07, 0x3c, 0x03, 0x00, 0x00, 0x21, 0x76, 0x01, 0x20,
  0x00, 0x29, 0x09, 0x07, 0xe4, 0x56, 0x00, 0x00, 0x21, 0x7a, 0x01, 0x10,
  0x00, 0x00, 0x26, 0x24, 0x6c, 0x00, 0x00, 0x21, 0x7c, 0x01, 0x80, 0x27,
  0x40, 0x21, 0x7c, 0x01, 0x26, 0x32, 0x6c, 0x00, 0x00, 0x21, 0x7d, 0x01,
  0x00, 0x33, 0x30, 0x21, 0x7d, 0x01, 0x0b, 0x0a, 0x07, 0x21, 0x07, 0x00,
  0x00, 0x21, 0x7e, 0x01, 0x00, 0x0b, 0x0b, 0x07, 0x21, 0x07, 0x00, 0x00,
  0x21, 0x7f, 0x01, 0x08, 0x0b, 0x0c, 0x07, 0xff, 0x07, 0x00, 0x00, 0x21,
  0x81, 0x01, 0x10, 0x0b, 0x0d, 0x07, 0xff, 0x07, 0x00, 0x00, 0x21, 0x82,
  0x01, 0x18, 0x0b, 0x0e, 0x07, 0xff, 0x07, 0x00, 0x00, 0x21, 0x83, 0x01,
  0x20, 0x0b, 0x0f, 0x07, 0xff, 0x07, 0x00, 0x00, 0x21, 0x84, 0x01, 0x28,
  0x00, 0x26, 0x83, 0x6c, 0x00, 0x00, 0x21, 0x87, 0x01, 0x00, 0x33, 0x20,
  0x21, 0x87, 0x01, 0x0b, 0x10, 0x07, 0x21, 0x07, 0x00, 0x00, 0x21, 0x88,
  0x01, 0x00, 0x0b, 0x11, 0x07, 0x21, 0x07, 0x00, 0x00, 0x21, 0x89, 0x01,
  0x08, 0x0b, 0x12, 0x07, 0x40, 0x03, 0x00, 0x00, 0x21, 0x8b, 0x01, 0x10,
  0x00, 0x29, 0x13, 0x07, 0xe4, 0x56, 0x00, 0x00, 0x21, 0x8e, 0x01, 0x10,
  0x00, 0x00, 0x00, 0x31, 0xc2, 0x6c, 0x00, 0x00, 0x01, 0x07, 0x21, 0x1c,
  0x01, 0x33, 0x08, 0x21, 0x1a, 0x01, 0x0a, 0x1b, 0x21, 0x07, 0x00, 0x00,
  0x21, 0x1b, 0x01, 0x00, 0x00, 0x12, 0xd7, 0x6c, 0x00, 0x00, 0x1a, 0x09,
  0x05, 0x00, 0x00, 0x1b, 0x0a, 0x08, 0x00, 0x00, 0x1b, 0xca, 0x15, 0x00,
  0x00, 0x00, 0x12, 0xec, 0x6c, 0x00, 0x00, 0x1a, 0x56, 0x22, 0x00, 0x00,
  0x1b, 0x0a, 0x08, 0x00, 0x00, 0x1b, 0xd4, 0x6a, 0x00, 0x00, 0x00, 0x12,
  0x01, 0x6d, 0x00, 0x00, 0x1f, 0x1b, 0x08, 0x6d, 0x00, 0x00, 0x00, 0x12,
  0x0d, 0x6d, 0x00, 0x00, 0x30, 0x18, 0x07, 0x12, 0x15, 0x6d, 0x00, 0x00,
  0x1a, 0x09, 0x05, 0x00, 0x00, 0x1b, 0xa1, 0x1d, 0x00, 0x00, 0x1b, 0x0a,
  0x08, 0x00, 0x00, 0x1b, 0x13, 0x13, 0x00, 0x00, 0x1b, 0x3c, 0x03, 0x00,
  0x00, 0x1b, 0x39, 0x6d, 0x00, 0x00, 0x1b, 0x12, 0x2d, 0x00, 0x00, 0x00,
  0x12, 0xd4, 0x6a, 0x00, 0x00, 0x12, 0x43, 0x6d, 0x00, 0x00, 0x1a, 0x09,
  0x05, 0x00, 0x00, 0x1b, 0xa1, 0x1d, 0x00, 0x00, 0x1b, 0x0a, 0x08, 0x00,
  0x00, 0x1b, 0x13, 0x13, 0x00, 0x00, 0x1b, 0x3c, 0x03, 0x00, 0x00, 0x1b,
  0x3c, 0x03, 0x00, 0x00, 0x1b, 0xd4, 0x6a, 0x00, 0x00, 0x1b, 0xff, 0x07,
  0x00, 0x00, 0x00, 0x12, 0x71, 0x6d, 0x00, 0x00, 0x1a, 0x81, 0x6d, 0x00,
  0x00, 0x1b, 0x0a, 0x08, 0x00, 0x00, 0x1b, 0x81, 0x6d, 0x00, 0x00, 0x00,
  0x2f, 0x98, 0x0e, 0x00, 0x00, 0x1c, 0x07, 0x03, 0x86, 0x12, 0x8f, 0x6d,
  0x00, 0x00, 0x1f, 0x1b, 0xd4, 0x6a, 0x00, 0x00, 0x1b, 0x09, 0x07, 0x00,
  0x00, 0x1b, 0x09, 0x07, 0x00, 0x00, 0x00, 0x12, 0xa5, 0x6d, 0x00, 0x00,
  0x1a, 0x56, 0x22, 0x00, 0x00, 0x1b, 0xd4, 0x6a, 0x00, 0x00, 0x1b, 0xf2,
  0x18, 0x00, 0x00, 0x00, 0x12, 0xba, 0x6d, 0x00, 0x00, 0x1f, 0x1b, 0xd4,
  0x6a, 0x00, 0x00, 0x00, 0x12, 0xc6, 0x6d, 0x00, 0x00, 0x1a, 0x09, 0x05,
  0x00, 0x00, 0x1b, 0x0a, 0x08, 0x00, 0x00, 0x1b, 0xd4, 0x6a, 0x00, 0x00,
  0x1b, 0xd4, 0x6a, 0x00, 0x00, 0x1b, 0xe0, 0x6d, 0x00, 0x00, 0x00, 0x3b,
  0x3c, 0x03, 0x00, 0x00, 0x25, 0x07, 0x04, 0x6c, 0x0b, 0x3c, 0x22, 0x07,
  0x00, 0x3c, 0x23, 0x07, 0x01, 0x3c, 0x24, 0x07, 0x02, 0x00, 0x12, 0xfc,
  0x6d, 0x00, 0x00, 0x1a, 0x09, 0x05, 0x00, 0x00, 0x1b, 0xd4, 0x6a, 0x00,
  0x00, 0x00, 0x12, 0x0c, 0x6e, 0x00, 0x00, 0x1a, 0x56, 0x22, 0x00, 0x00,
  0x1b, 0xd4, 0x6a, 0x00, 0x00, 0x1b, 0x09, 0x07, 0x00, 0x00, 0x1b, 0x09,
  0x07, 0x00, 0x00, 0x00, 0x12, 0x26, 0x6e, 0x00, 0x00, 0x1f, 0x1b, 0xd4,
  0x6a, 0x00, 0x00, 0x1b, 0x37, 0x6e, 0x00, 0x00, 0x1b, 0x37, 0x6e, 0x00,
  0x00, 0x00, 0x12, 0x56, 0x22, 0x00, 0x00, 0x12, 0x41, 0x6e, 0x00, 0x00,
  0x1a, 0x09, 0x05, 0x00, 0x00, 0x1b, 0x0a, 0x08, 0x00, 0x00, 0x1b, 0xd4,
  0x6a, 0x00, 0x00, 0x00, 0x12, 0x56, 0x6e, 0x00, 0x00, 0x1a, 0x09, 0x05,
  0x00, 0x00, 0x1b, 0x6b, 0x6e, 0x00, 0x00, 0x1b, 0xa1, 0x1d, 0x00, 0x00,
  0x1b, 0x73, 0x6e, 0x00, 0x00, 0x00, 0x12, 0x70, 0x6e, 0x00, 0x00, 0x30,
  0x2b, 0x07, 0x12, 0x81, 0x6d, 0x00, 0x00, 0x12, 0x7d, 0x6e, 0x00, 0x00,
  0x1a, 0x09, 0x05, 0x00, 0x00, 0x1b, 0xe4, 0x20, 0x00, 0x00, 0x1b, 0x80,
  0x21, 0x00, 0x00, 0x00, 0x12, 0x92, 0x6e, 0x00, 0x00, 0x1a, 0xa9, 0x06,
  0x00, 0x00, 0x1b, 0xa1, 0x1d, 0x00, 0x00, 0x1b, 0x2a, 0x04, 0x00, 0x00,
  0x1b, 0x9e, 0x07, 0x00, 0x00, 0x1b, 0xf6, 0x05, 0x00, 0x00, 0x1b, 0x13,
  0x13, 0x00, 0x00, 0x1b, 0x09, 0x07, 0x00, 0x00, 0x00, 0x12, 0xbb, 0x6e,
  0x00, 0x00, 0x1a, 0x13, 0x13, 0x00, 0x00, 0x1b, 0xa1, 0x1d, 0x00, 0x00,
  0x1b, 0x2a, 0x04, 0x00, 0x00, 0x1b, 0x9e, 0x07, 0x00, 0x00, 0x1b, 0x13,
  0x13, 0x00, 0x00, 0x1b, 0x09, 0x05, 0x00, 0x00, 0x00, 0x12, 0xdf, 0x6e,
  0x00, 0x00, 0x1a, 0x09, 0x05, 0x00, 0x00, 0x1b, 0xa1, 0x1d, 0x00, 0x00,
  0x1b, 0x2a, 0x04, 0x00, 0x00, 0x1b, 0x9e, 0x07, 0x00, 0x00, 0x1b, 0xd8,
  0x23, 0x00, 0x00, 0x00, 0x12, 0xc5, 0x06, 0x00, 0x00, 0x12, 0x9e, 0x07,
  0x00, 0x00, 0x12, 0x08, 0x6f, 0x00, 0x00, 0x1a, 0x13, 0x6f, 0x00, 0x00,
  0x1b, 0x75, 0x05, 0x00, 0x00, 0x00, 0x12, 0x18, 0x6f, 0x00, 0x00, 0x05,
  0x1d, 0x6f, 0x00, 0x00, 0x13, 0x44, 0x07, 0x30, 0x6d, 0x27, 0x11, 0xdc,
  0x5f, 0x6f, 0x00, 0x00, 0x6d, 0x28, 0x00, 0x14, 0x3e, 0x07, 0x76, 0x6f,
  0x00, 0x00, 0x6d, 0x29, 0x08, 0x14, 0x3f, 0x07, 0x80, 0x6f, 0x00, 0x00,
  0x6d, 0x2a, 0x10, 0x14, 0x40, 0x07, 0x8a, 0x6f, 0x00, 0x00, 0x6d, 0x2b,
  0x18, 0x14, 0x42, 0x07, 0xa2, 0x6f, 0x00, 0x00, 0x6d, 0x2c, 0x20, 0x14,
  0x43, 0x07, 0xe7, 0x64, 0x00, 0x00, 0x6d, 0x2d, 0x28, 0x00, 0x3b, 0x3c,
  0x03, 0x00, 0x00, 0x3d, 0x07, 0x04, 0x6d, 0x1a, 0x3c, 0x3a, 0x07, 0x00,
  0x3c, 0x3b, 0x07, 0x01, 0x3c, 0x3c, 0x07, 0x02, 0x00, 0x12, 0x7b, 0x6f,
  0x00, 0x00, 0x23, 0x56, 0x22, 0x00, 0x00, 0x12, 0x85, 0x6f, 0x00, 0x00,
  0x23, 0xff, 0x07, 0x00, 0x00, 0x12, 0x8f, 0x6f, 0x00, 0x00, 0x1a, 0x78,
  0x2a, 0x00, 0x00, 0x1b, 0x9a, 0x6f, 0x00, 0x00, 0x00, 0x12, 0x9f, 0x6f,
  0x00, 0x00, 0x30, 0x41, 0x07, 0x12, 0xa7, 0x6f, 0x00, 0x00, 0x23, 0x78,
  0x2a, 0x00, 0x00, 0x12, 0xb1, 0x6f, 0x00, 0x00, 0x1a, 0x78, 0x2a, 0x00,
  0x00, 0x1b, 0x75, 0x05, 0x00, 0x00, 0x00, 0x12, 0xc1, 0x6f, 0x00, 0x00,
  0x1f, 0x1b, 0x75, 0x05, 0x00, 0x00, 0x1b, 0xd2, 0x6f, 0x00, 0x00, 0x1b,
  0xd7, 0x6f, 0x00, 0x00, 0x00, 0x12, 0x82, 0x0b, 0x00, 0x00, 0x12, 0xa8,
  0x0b, 0x00, 0x00, 0x12, 0xe1, 0x6f, 0x00, 0x00, 0x13, 0x63, 0x07, 0x88,
  0x6e, 0xbe, 0x14, 0x4a, 0x01, 0xf3, 0x04, 0x00, 0x00, 0x6e, 0xbf, 0x00,
  0x14, 0x7f, 0x03, 0xf3, 0x04, 0x00, 0x00, 0x6e, 0xc0, 0x04, 0x11, 0x16,
  0xdc, 0x6f, 0x00, 0x00, 0x6e, 0xca, 0x08, 0x11, 0x12, 0x25, 0x04, 0x00,
  0x00, 0x6e, 0xcb, 0x10, 0x2b, 0x1b, 0x02, 0x64, 0x2b, 0x00, 0x00, 0x6e,
  0xcd, 0x08, 0x18, 0x14, 0xb8, 0x02, 0x78, 0x2a, 0x00, 0x00, 0x6e, 0xcf,
  0x30, 0x11, 0x6c, 0x3c, 0x03, 0x00, 0x00, 0x6e, 0xd0, 0x38, 0x14, 0x34,
  0x01, 0x31, 0x05, 0x00, 0x00, 0x6e, 0xd1, 0x3c, 0x11, 0x40, 0xe2, 0x06,
  0x00, 0x00, 0x6e, 0xd2, 0x3e, 0x17, 0x46, 0x70, 0x00, 0x00, 0x6e, 0xd4,
  0x40, 0x18, 0x20, 0x6e, 0xd4, 0x14, 0x49, 0x07, 0x92, 0x70, 0x00, 0x00,
  0x6e, 0xd5, 0x00, 0x14, 0x82, 0x06, 0xc9, 0x70, 0x00, 0x00, 0x6e, 0xd6,
  0x00, 0x11, 0x4b, 0xda, 0x70, 0x00, 0x00, 0x6e, 0xd7, 0x00, 0x00, 0x14,
  0x75, 0x05, 0x98, 0x0e, 0x00, 0x00, 0x6e, 0xde, 0x60, 0x14, 0x51, 0x07,
  0xff, 0x07, 0x00, 0x00, 0x6e, 0xe0, 0x68, 0x14, 0x96, 0x06, 0x1d, 0x73,
  0x00, 0x00, 0x6e, 0xe1, 0x70, 0x2b, 0x76, 0x02, 0x0c, 0x25, 0x00, 0x00,
  0x6e, 0xe3, 0x08, 0x78, 0x00, 0x13, 0x4d, 0x07, 0x20, 0x6e, 0x99, 0x14,
  0x4a, 0x07, 0x21, 0x07, 0x00, 0x00, 0x6e, 0x9a, 0x00, 0x14, 0x18, 0x04,
  0xa6, 0x47, 0x00, 0x00, 0x6e, 0x9c, 0x08, 0x14, 0x81, 0x02, 0xc1, 0x70,
  0x00, 0x00, 0x6e, 0xa2, 0x10, 0x14, 0x4c, 0x07, 0x21, 0x07, 0x00, 0x00,
  0x6e, 0xa7, 0x18, 0x00, 0x12, 0xc6, 0x70, 0x00, 0x00, 0x30, 0x4b, 0x07,
  0x13, 0x4f, 0x07, 0x08, 0x6e, 0xaa, 0x14, 0x4e, 0x07, 0xdc, 0x6f, 0x00,
  0x00, 0x6e, 0xab, 0x00, 0x00, 0x13, 0x61, 0x07, 0x20, 0x6e, 0xae, 0x14,
  0xf5, 0x02, 0x08, 0x71, 0x00, 0x00, 0x6e, 0xaf, 0x00, 0x14, 0x2f, 0x02,
  0x15, 0x73, 0x00, 0x00, 0x6e, 0xb0, 0x08, 0x11, 0x4c, 0x13, 0x13, 0x00,
  0x00, 0x6e, 0xb1, 0x10, 0x14, 0x60, 0x07, 0xdc, 0x6f, 0x00, 0x00, 0x6e,
  0xb2, 0x18, 0x00, 0x12, 0x0d, 0x71, 0x00, 0x00, 0x05, 0x12, 0x71, 0x00,
  0x00, 0x21, 0x5e, 0x07, 0x68, 0x6e, 0x0f, 0x01, 0x0b, 0x2f, 0x02, 0xa8,
  0x71, 0x00, 0x00, 0x6e, 0x14, 0x01, 0x00, 0x0a, 0x39, 0x51, 0x72, 0x00,
  0x00, 0x6e, 0x15, 0x01, 0x08, 0x0b, 0x59, 0x07, 0x5d, 0x72, 0x00, 0x00,
  0x6e, 0x22, 0x01, 0x10, 0x0b, 0x5a, 0x07, 0x72, 0x72, 0x00, 0x00, 0x6e,
  0x24, 0x01, 0x18, 0x0b, 0x5b, 0x07, 0x87, 0x72, 0x00, 0x00, 0x6e, 0x25,
  0x01, 0x20, 0x0b, 0x5c, 0x07, 0xa1, 0x72, 0x00, 0x00, 0x6e, 0x26, 0x01,
  0x28, 0x0b, 0x61, 0x01, 0xb2, 0x72, 0x00, 0x00, 0x6e, 0x28, 0x01, 0x30,
  0x0b, 0x55, 0x07, 0x09, 0x07, 0x00, 0x00, 0x6e, 0x32, 0x01, 0x38, 0x0b,
  0x5d, 0x07, 0x56, 0x22, 0x00, 0x00, 0x6e, 0x39, 0x01, 0x40, 0x0b, 0x62,
  0x01, 0xb2, 0x72, 0x00, 0x00, 0x6e, 0x3a, 0x01, 0x48, 0x0b, 0x8e, 0x01,
  0xd1, 0x72, 0x00, 0x00, 0x6e, 0x3d, 0x01, 0x50, 0x0b, 0x93, 0x01, 0xe6,
  0x72, 0x00, 0x00, 0x6e, 0x40, 0x01, 0x58, 0x0b, 0x60, 0x01, 0xfb, 0x72,
  0x00, 0x00, 0x6e, 0x41, 0x01, 0x60, 0x00, 0x12, 0xad, 0x71, 0x00, 0x00,
  0x1a, 0x09, 0x05, 0x00, 0x00, 0x1b, 0xb8, 0x71, 0x00, 0x00, 0x00, 0x12,
  0xbd, 0x71, 0x00, 0x00, 0x13, 0x58, 0x07, 0x98, 0x6e, 0xfb, 0x14, 0x50,
  0x07, 0xdc, 0x6f, 0x00, 0x00, 0x6e, 0xfd, 0x00, 0x14, 0xa6, 0x02, 0xa1,
  0x1d, 0x00, 0x00, 0x6e, 0xfe, 0x08, 0x11, 0xbd, 0x7f, 0x16, 0x00, 0x00,
  0x6e, 0xff, 0x10, 0x0b, 0x51, 0x07, 0xff, 0x07, 0x00, 0x00, 0x6e, 0x00,
  0x01, 0x18, 0x0a, 0xd2, 0x67, 0x17, 0x00, 0x00, 0x6e, 0x03, 0x01, 0x20,
  0x0b, 0x52, 0x07, 0x67, 0x17, 0x00, 0x00, 0x6e, 0x04, 0x01, 0x40, 0x0b,
  0x53, 0x07, 0x09, 0x05, 0x00, 0x00, 0x6e, 0x05, 0x01, 0x60, 0x0a, 0x0e,
  0x40, 0x03, 0x00, 0x00, 0x6e, 0x06, 0x01, 0x68, 0x0b, 0x54, 0x07, 0xf6,
  0x05, 0x00, 0x00, 0x6e, 0x07, 0x01, 0x78, 0x0b, 0x55, 0x07, 0x09, 0x07,
  0x00, 0x00, 0x6e, 0x09, 0x01, 0x80, 0x3d, 0x56, 0x07, 0x56, 0x22, 0x00,
  0x00, 0x6e, 0x0a, 0x01, 0x01, 0x40, 0x04, 0x3d, 0x57, 0x07, 0x56, 0x22,
  0x00, 0x00, 0x6e, 0x0b, 0x01, 0x01, 0x41, 0x04, 0x0b, 0x23, 0x02, 0x97,
  0x2b, 0x00, 0x00, 0x6e, 0x0c, 0x01, 0x90, 0x00, 0x12, 0x56, 0x72, 0x00,
  0x00, 0x1f, 0x1b, 0xb8, 0x71, 0x00, 0x00, 0x00, 0x12, 0x62, 0x72, 0x00,
  0x00, 0x1a, 0x09, 0x05, 0x00, 0x00, 0x1b, 0x7f, 0x16, 0x00, 0x00, 0x1b,
  0xff, 0x07, 0x00, 0x00, 0x00, 0x12, 0x77, 0x72, 0x00, 0x00, 0x1a, 0xff,
  0x07, 0x00, 0x00, 0x1b, 0x7f, 0x16, 0x00, 0x00, 0x1b, 0xab, 0x20, 0x00,
  0x00, 0x00, 0x12, 0x8c, 0x72, 0x00, 0x00, 0x1a, 0xff, 0x07, 0x00, 0x00,
  0x1b, 0x7f, 0x16, 0x00, 0x00, 0x1b, 0xff, 0x07, 0x00, 0x00, 0x1b, 0xab,
  0x20, 0x00, 0x00, 0x00, 0x12, 0xa6, 0x72, 0x00, 0x00, 0x1f, 0x1b, 0x7f,
  0x16, 0x00, 0x00, 0x1b, 0xff, 0x07, 0x00, 0x00, 0x00, 0x12, 0xb7, 0x72,
  0x00, 0x00, 0x1a, 0xa9, 0x06, 0x00, 0x00, 0x1b, 0xb8, 0x71, 0x00, 0x00,
  0x1b, 0xf6, 0x05, 0x00, 0x00, 0x1b, 0x09, 0x07, 0x00, 0x00, 0x1b, 0x13,
  0x13, 0x00, 0x00, 0x00, 0x12, 0xd6, 0x72, 0x00, 0x00, 0x1a, 0x98, 0x23,
  0x00, 0x00, 0x1b, 0xb8, 0x71, 0x00, 0x00, 0x1b, 0xa1, 0x23, 0x00, 0x00,
  0x00, 0x12, 0xeb, 0x72, 0x00, 0x00, 0x1a, 0x09, 0x05, 0x00, 0x00, 0x1b,
  0xb8, 0x71, 0x00, 0x00, 0x1b, 0xd8, 0x23, 0x00, 0x00, 0x00, 0x12, 0x00,
  0x73, 0x00, 0x00, 0x1a, 0x13, 0x13, 0x00, 0x00, 0x1b, 0xb8, 0x71, 0x00,
  0x00, 0x1b, 0x13, 0x13, 0x00, 0x00, 0x1b, 0x09, 0x05, 0x00, 0x00, 0x00,
  0x12, 0x1a, 0x73, 0x00, 0x00, 0x30, 0x5f, 0x07, 0x12, 0x22, 0x73, 0x00,
  0x00, 0x30, 0x62, 0x07, 0x13, 0x64, 0x07, 0x04, 0x6f, 0x13, 0x14, 0xd7,
  0x04, 0x7e, 0x30, 0x00, 0x00, 0x6f, 0x14, 0x00, 0x00, 0x12, 0x3b, 0x73,
  0x00, 0x00, 0x30, 0x6e, 0x07, 0x12, 0x43, 0x73, 0x00, 0x00, 0x13, 0x75,
  0x07, 0x38, 0x02, 0x35, 0x11, 0x4b, 0xca, 0x06, 0x00, 0x00, 0x02, 0x36,
  0x00, 0x11, 0x3b, 0x83, 0x73, 0x00, 0x00, 0x02, 0x37, 0x10, 0x11, 0x43,
  0xa2, 0x73, 0x00, 0x00, 0x02, 0x39, 0x18, 0x14, 0x72, 0x07, 0xc1, 0x73,
  0x00, 0x00, 0x02, 0x3b, 0x20, 0x14, 0x73, 0x07, 0xd2, 0x73, 0x00, 0x00,
  0x02, 0x3c, 0x28, 0x14, 0x74, 0x07, 0xe2, 0x73, 0x00, 0x00, 0x02, 0x3d,
  0x30, 0x00, 0x12, 0x88, 0x73, 0x00, 0x00, 0x1a, 0xa9, 0x06, 0x00, 0x00,
  0x1b, 0x3e, 0x73, 0x00, 0x00, 0x1b, 0x9d, 0x73, 0x00, 0x00, 0x1b, 0xf6,
  0x05, 0x00, 0x00, 0x00, 0x12, 0x69, 0x03, 0x00, 0x00, 0x12, 0xa7, 0x73,
  0x00, 0x00, 0x1a, 0xa9, 0x06, 0x00, 0x00, 0x1b, 0x3e, 0x73, 0x00, 0x00,
  0x1b, 0x9d, 0x73, 0x00, 0x00, 0x1b, 0x25, 0x04, 0x00, 0x00, 0x1b, 0x09,
  0x07, 0x00, 0x00, 0x00, 0x12, 0xc6, 0x73, 0x00, 0x00, 0x1f, 0x1b, 0x2b,
  0x14, 0x00, 0x00, 0x1b, 0x25, 0x04, 0x00, 0x00, 0x00, 0x12, 0xd7, 0x73,
  0x00, 0x00, 0x1a, 0x09, 0x05, 0x00, 0x00, 0x1b, 0x2b, 0x14, 0x00, 0x00,
  0x00, 0x12, 0xe7, 0x73, 0x00, 0x00, 0x1f, 0x1b, 0x2b, 0x14, 0x00, 0x00,
  0x00, 0x12, 0xf3, 0x73, 0x00, 0x00, 0x05, 0xf8, 0x73, 0x00, 0x00, 0x30,
  0x7a, 0x07, 0x12, 0x00, 0x74, 0x00, 0x00, 0x05, 0x0c, 0x29, 0x00, 0x00,
  0x12, 0x0a, 0x74, 0x00, 0x00, 0x13, 0x8f, 0x07, 0x28, 0x70, 0x45, 0x11,
  0x12, 0x25, 0x04, 0x00, 0x00, 0x70, 0x46, 0x00, 0x14, 0x6b, 0x07, 0x2b,
  0x14, 0x00, 0x00, 0x70, 0x47, 0x08, 0x14, 0xf5, 0x02, 0x77, 0x74, 0x00,
  0x00, 0x70, 0x48, 0x10, 0x14, 0x6b, 0x02, 0xe4, 0x74, 0x00, 0x00, 0x70,
  0x49, 0x18, 0x14, 0xae, 0x02, 0xe9, 0x74, 0x00, 0x00, 0x70, 0x4a, 0x1a,
  0x14, 0x34, 0x01, 0x0d, 0x05, 0x00, 0x00, 0x70, 0x4b, 0x1b, 0x17, 0x53,
  0x74, 0x00, 0x00, 0x70, 0x4c, 0x20, 0x18, 0x08, 0x70, 0x4c, 0x14, 0x7a,
  0x06, 0xff, 0x07, 0x00, 0x00, 0x70, 0x4d, 0x00, 0x14, 0x85, 0x07, 0x00,
  0x75, 0x00, 0x00, 0x70, 0x4e, 0x00, 0x14, 0x89, 0x07, 0x25, 0x75, 0x00,
  0x00, 0x70, 0x4f, 0x00, 0x00, 0x00, 0x12, 0x7c, 0x74, 0x00, 0x00, 0x05,
  0x81, 0x74, 0x00, 0x00, 0x13, 0x81, 0x07, 0x20, 0x70, 0x2f, 0x14, 0x34,
  0x01, 0x3c, 0x03, 0x00, 0x00, 0x70, 0x31, 0x00, 0x14, 0x7f, 0x07, 0xb0,
  0x74, 0x00, 0x00, 0x70, 0x33, 0x08, 0x14, 0x80, 0x07, 0xcf, 0x74, 0x00,
  0x00, 0x70, 0x35, 0x10, 0x14, 0x74, 0x07, 0xe7, 0x64, 0x00, 0x00, 0x70,
  0x37, 0x18, 0x00, 0x12, 0xb5, 0x74, 0x00, 0x00, 0x1a, 0x09, 0x05, 0x00,
  0x00, 0x1b, 0x25, 0x04, 0x00, 0x00, 0x1b, 0xc5, 0x74, 0x00, 0x00, 0x00,
  0x12, 0xca, 0x74, 0x00, 0x00, 0x05, 0x0a, 0x74, 0x00, 0x00, 0x12, 0xd4,
  0x74, 0x00, 0x00, 0x1a, 0x09, 0x05, 0x00, 0x00, 0x1b, 0xf6, 0x05, 0x00,
  0x00, 0x1b, 0xc5, 0x74, 0x00, 0x00, 0x00, 0x05, 0x21, 0x05, 0x00, 0x00,
  0x2f, 0xf2, 0x74, 0x00, 0x00, 0x84, 0x07, 0x07, 0x10, 0x2f, 0xfb, 0x74,
  0x00, 0x00, 0x83, 0x07, 0x06, 0x14, 0x32, 0x82, 0x07, 0x06, 0x01, 0x12,
  0x05, 0x75, 0x00, 0x00, 0x05, 0x0a, 0x75, 0x00, 0x00, 0x13, 0x88, 0x07,
  0x10, 0x70, 0x56, 0x14, 0x86, 0x07, 0x3c, 0x03, 0x00, 0x00, 0x70, 0x57,
  0x00, 0x14, 0x87, 0x07, 0xf6, 0x05, 0x00, 0x00, 0x70, 0x58, 0x08, 0x00,
  0x12, 0x2a, 0x75, 0x00, 0x00, 0x05, 0x2f, 0x75, 0x00, 0x00, 0x13, 0x8e,
  0x07, 0x20, 0x70, 0x5c, 0x14, 0x8a, 0x07, 0x3c, 0x03, 0x00, 0x00, 0x70,
  0x5e, 0x00, 0x14, 0x8b, 0x07, 0x3c, 0x03, 0x00, 0x00, 0x70, 0x5f, 0x04,
  0x14, 0x8c, 0x07, 0x5e, 0x37, 0x00, 0x00, 0x70, 0x60, 0x08, 0x14, 0xf5,
  0x02, 0x77, 0x74, 0x00, 0x00, 0x70, 0x61, 0x10, 0x14, 0x8d, 0x07, 0xff,
  0x07, 0x00, 0x00, 0x70, 0x62, 0x18, 0x00, 0x12, 0x6d, 0x75, 0x00, 0x00,
  0x13, 0x98, 0x07, 0x0c, 0x71, 0x17, 0x14, 0x85, 0x05, 0x09, 0x05, 0x00,
  0x00, 0x71, 0x18, 0x00, 0x14, 0x97, 0x07, 0x09, 0x05, 0x00, 0x00, 0x71,
  0x18, 0x04, 0x14, 0xe2, 0x01, 0x09, 0x05, 0x00, 0x00, 0x71, 0x18, 0x08,
  0x00, 0x12, 0x97, 0x75, 0x00, 0x00, 0x23, 0x09, 0x05, 0x00, 0x00, 0x03,
  0xa8, 0x75, 0x00, 0x00, 0x04, 0x3f, 0x00, 0x00, 0x00, 0x07, 0x00, 0x21,
  0xa0, 0x07, 0x50, 0x02, 0x70, 0x01, 0x0b, 0x64, 0x03, 0xff, 0x07, 0x00,
  0x00, 0x02, 0x71, 0x01, 0x00, 0x0b, 0x9b, 0x07, 0xff, 0x07, 0x00, 0x00,
  0x02, 0x72, 0x01, 0x08, 0x0b, 0x9c, 0x07, 0x56, 0x22, 0x00, 0x00, 0x02,
  0x73, 0x01, 0x10, 0x0a, 0x4c, 0x3c, 0x03, 0x00, 0x00, 0x02, 0x74, 0x01,
  0x14, 0x0b, 0x9d, 0x07, 0xe6, 0x75, 0x00, 0x00, 0x02, 0x77, 0x01, 0x18,
  0x00, 0x21, 0x9f, 0x07, 0x38, 0x02, 0x45, 0x01, 0x0b, 0x6b, 0x07, 0x2b,
  0x14, 0x00, 0x00, 0x02, 0x46, 0x01, 0x00, 0x0b, 0x5b, 0x03, 0x04, 0x76,
  0x00, 0x00, 0x02, 0x47, 0x01, 0x08, 0x00, 0x13, 0x9e, 0x07, 0x30, 0x72,
  0x28, 0x2b, 0x5b, 0x03, 0x16, 0x76, 0x00, 0x00, 0x72, 0x29, 0x08, 0x00,
  0x00, 0x03, 0x64, 0x2b, 0x00, 0x00, 0x04, 0x3f, 0x00, 0x00, 0x00, 0x02,
  0x00, 0x13, 0xa9, 0x07, 0x18, 0x73, 0x08, 0x14, 0xa1, 0x07, 0x3c, 0x03,
  0x00, 0x00, 0x73, 0x0a, 0x00, 0x14, 0xa2, 0x07, 0x65, 0x16, 0x00, 0x00,
  0x73, 0x0b, 0x08, 0x14, 0xa3, 0x07, 0x47, 0x76, 0x00, 0x00, 0x73, 0x0c,
  0x10, 0x00, 0x12, 0x4c, 0x76, 0x00, 0x00, 0x13, 0xa8, 0x07, 0x06, 0x74,
  0x3b, 0x14, 0xa4, 0x07, 0x7e, 0x2a, 0x00, 0x00, 0x74, 0x3c, 0x00, 0x14,
  0xa5, 0x07, 0x7e, 0x2a, 0x00, 0x00, 0x74, 0x3d, 0x02, 0x40, 0xa6, 0x07,
  0x3c, 0x03, 0x00, 0x00, 0x74, 0x3f, 0x04, 0x20, 0x40, 0xa7, 0x07, 0x3c,
  0x03, 0x00, 0x00, 0x74, 0x40, 0x04, 0x24, 0x46, 0xdc, 0x3c, 0x03, 0x00,
  0x00, 0x74, 0x41, 0x03, 0x28, 0x40, 0x4f, 0x04, 0x3c, 0x03, 0x00, 0x00,
  0x74, 0x42, 0x01, 0x2b, 0x00, 0x12, 0x97, 0x76, 0x00, 0x00, 0x13, 0xb1,
  0x07, 0x0c, 0x75, 0x21, 0x14, 0xae, 0x07, 0x09, 0x05, 0x00, 0x00, 0x75,
  0x25, 0x00, 0x14, 0xaf, 0x07, 0x09, 0x05, 0x00, 0x00, 0x75, 0x2b, 0x04,
  0x14, 0xb0, 0x07, 0x31, 0x05, 0x00, 0x00, 0x75, 0x2d, 0x08, 0x14, 0x34,
  0x01, 0x31, 0x05, 0x00, 0x00, 0x75, 0x2f, 0x0a, 0x00, 0x12, 0xcb, 0x76,
  0x00, 0x00, 0x21, 0xc3, 0x07, 0x20, 0x02, 0x82, 0x01, 0x0b, 0xb3, 0x07,
  0xff, 0x76, 0x00, 0x00, 0x02, 0x83, 0x01, 0x00, 0x0b, 0xc0, 0x07, 0x3c,
  0x03, 0x00, 0x00, 0x02, 0x84, 0x01, 0x08, 0x0b, 0xc1, 0x07, 0xf6, 0x05,
  0x00, 0x00, 0x02, 0x85, 0x01, 0x10, 0x0b, 0xc2, 0x07, 0xf6, 0x05, 0x00,
  0x00, 0x02, 0x86, 0x01, 0x18, 0x00, 0x12, 0x04, 0x77, 0x00, 0x00, 0x2f,
  0x0d, 0x77, 0x00, 0x00, 0xbf, 0x07, 0x76, 0xcc, 0x13, 0xbe, 0x07, 0x18,
  0x76, 0xc5, 0x14, 0xb4, 0x07, 0x50, 0x77, 0x00, 0x00, 0x76, 0xc6, 0x00,
  0x14, 0xb6, 0x07, 0x1d, 0x05, 0x00, 0x00, 0x76, 0xc7, 0x04, 0x14, 0xb7,
  0x07, 0x1d, 0x05, 0x00, 0x00, 0x76, 0xc8, 0x05, 0x14, 0xb8, 0x07, 0x59,
  0x77, 0x00, 0x00, 0x76, 0xc9, 0x06, 0x14, 0xba, 0x07, 0x62, 0x77, 0x00,
  0x00, 0x76, 0xca, 0x08, 0x14, 0xbc, 0x07, 0x6b, 0x77, 0x00, 0x00, 0x76,
  0xcb, 0x10, 0x00, 0x2f, 0x90, 0x0e, 0x00, 0x00, 0xb5, 0x07, 0x76, 0x15,
  0x2f, 0x29, 0x05, 0x00, 0x00, 0xb9, 0x07, 0x76, 0x11, 0x2f, 0xa0, 0x0e,
  0x00, 0x00, 0xbb, 0x07, 0x76, 0x10, 0x2f, 0xa0, 0x0e, 0x00, 0x00, 0xbd,
  0x07, 0x76, 0x16, 0x12, 0x79, 0x77, 0x00, 0x00, 0x30, 0xc6, 0x07, 0x12,
  0x81, 0x77, 0x00, 0x00, 0x30, 0xc8, 0x07, 0x12, 0x89, 0x77, 0x00, 0x00,
  0x2f, 0x92, 0x77, 0x00, 0x00, 0xd0, 0x07, 0x77, 0x33, 0x05, 0x09, 0x05,
  0x00, 0x00, 0x12, 0x9c, 0x77, 0x00, 0x00, 0x12, 0xa1, 0x77, 0x00, 0x00,
  0x13, 0x03, 0x08, 0x18, 0x78, 0x65, 0x14, 0x6e, 0x05, 0x3c, 0x03, 0x00,
  0x00, 0x78, 0x66, 0x00, 0x14, 0xd3, 0x07, 0xd0, 0x77, 0x00, 0x00, 0x78,
  0x67, 0x08, 0x14, 0xeb, 0x07, 0x44, 0x79, 0x00, 0x00, 0x78, 0x68, 0x10,
  0x14, 0xed, 0x07, 0x4b, 0x79, 0x00, 0x00, 0x78, 0x69, 0x10, 0x00, 0x12,
  0xd5, 0x77, 0x00, 0x00, 0x42, 0xea, 0x07, 0x80, 0x01, 0x78, 0x18, 0x14,
  0xd4, 0x07, 0x7b, 0x78, 0x00, 0x00, 0x78, 0x1a, 0x00, 0x14, 0xd5, 0x07,
  0x7b, 0x78, 0x00, 0x00, 0x78, 0x1b, 0x10, 0x14, 0xd6, 0x07, 0x09, 0x05,
  0x00, 0x00, 0x78, 0x1c, 0x20, 0x2b, 0xd3, 0x01, 0x5e, 0x04, 0x00, 0x00,
  0x78, 0x1f, 0x40, 0x40, 0x14, 0xd7, 0x07, 0x87, 0x78, 0x00, 0x00, 0x78,
  0x20, 0x48, 0x14, 0xdc, 0x07, 0x21, 0x07, 0x00, 0x00, 0x78, 0x21, 0xc0,
  0x14, 0xdd, 0x07, 0x21, 0x07, 0x00, 0x00, 0x78, 0x22, 0xc8, 0x14, 0xde,
  0x07, 0x56, 0x22, 0x00, 0x00, 0x78, 0x23, 0xd0, 0x14, 0xdf, 0x07, 0x12,
  0x5a, 0x00, 0x00, 0x78, 0x24, 0xd8, 0x43, 0x3b, 0x04, 0xc6, 0x2a, 0x00,
  0x00, 0x78, 0x25, 0x00, 0x01, 0x49, 0xe0, 0x07, 0x0c, 0x25, 0x00, 0x00,
  0x78, 0x26, 0x08, 0x20, 0x01, 0x43, 0xe1, 0x07, 0xf2, 0x78, 0x00, 0x00,
  0x78, 0x27, 0x30, 0x01, 0x43, 0xe8, 0x07, 0x21, 0x07, 0x00, 0x00, 0x78,
  0x28, 0x38, 0x01, 0x43, 0x08, 0x03, 0x09, 0x05, 0x00, 0x00, 0x78, 0x2a,
  0x40, 0x01, 0x43, 0xe9, 0x07, 0x9c, 0x77, 0x00, 0x00, 0x78, 0x2b, 0x48,
  0x01, 0x00, 0x03, 0x91, 0x17, 0x00, 0x00, 0x04, 0x3f, 0x00, 0x00, 0x00,
  0x02, 0x00, 0x13, 0xdb, 0x07, 0x78, 0x79, 0xbe, 0x14, 0xb3, 0x02, 0x27,
  0x25, 0x00, 0x00, 0x79, 0xbf, 0x00, 0x14, 0xd8, 0x07, 0xc9, 0x78, 0x00,
  0x00, 0x79, 0xc0, 0x08, 0x14, 0xd9, 0x07, 0xda, 0x78, 0x00, 0x00, 0x79,
  0xc1, 0x28, 0x11, 0x6f, 0xc1, 0x06, 0x00, 0x00, 0x79, 0xc5, 0x48, 0x14,
  0xda, 0x07, 0xe6, 0x78, 0x00, 0x00, 0x79, 0xc7, 0x50, 0x14, 0x34, 0x01,
  0x0d, 0x05, 0x00, 0x00, 0x79, 0xc8, 0x70, 0x00, 0x03, 0xd5, 0x78, 0x00,
  0x00, 0x04, 0x3f, 0x00, 0x00, 0x00, 0x04, 0x00, 0x12, 0x27, 0x25, 0x00,
  0x00, 0x03, 0x21, 0x07, 0x00, 0x00, 0x04, 0x3f, 0x00, 0x00, 0x00, 0x04,
  0x00, 0x03, 0xc1, 0x06, 0x00, 0x00, 0x04, 0x3f, 0x00, 0x00, 0x00, 0x04,
  0x00, 0x12, 0xf7, 0x78, 0x00, 0x00, 0x13, 0xe7, 0x07, 0x60, 0x78, 0x36,
  0x14, 0xd3, 0x01, 0x5e, 0x04, 0x00, 0x00, 0x78, 0x37, 0x00, 0x14, 0xe2,
  0x07, 0xda, 0x78, 0x00, 0x00, 0x78, 0x38, 0x08, 0x14, 0xe3, 0x07, 0xda,
  0x78, 0x00, 0x00, 0x78, 0x3a, 0x28, 0x14, 0xdd, 0x07, 0x21, 0x07, 0x00,
  0x00, 0x78, 0x3b, 0x48, 0x14, 0xe4, 0x07, 0xf2, 0x78, 0x00, 0x00, 0x78,
  0x3c, 0x50, 0x14, 0xe5, 0x07, 0x09, 0x05, 0x00, 0x00, 0x78, 0x3d, 0x58,
  0x14, 0xe6, 0x07, 0x09, 0x05, 0x00, 0x00, 0x78, 0x3e, 0x5c, 0x00, 0x45,
  0xec, 0x07, 0x00, 0x12, 0x0d, 0x01, 0x12, 0x50, 0x79, 0x00, 0x00, 0x42,
  0x02, 0x08, 0x78, 0x01, 0x78, 0x44, 0x14, 0x5b, 0x03, 0xf2, 0x78, 0x00,
  0x00, 0x78, 0x45, 0x00, 0x14, 0xae, 0x02, 0x43, 0x7a, 0x00, 0x00, 0x78,
  0x46, 0x08, 0x14, 0xee, 0x07, 0x09, 0x05, 0x00, 0x00, 0x78, 0x48, 0x20,
  0x14, 0xef, 0x07, 0x67, 0x17, 0x00, 0x00, 0x78, 0x49, 0x28, 0x14, 0xd3,
  0x01, 0x5e, 0x04, 0x00, 0x00, 0x78, 0x4a, 0x48, 0x14, 0xf0, 0x07, 0x67,
  0x17, 0x00, 0x00, 0x78, 0x4b, 0x50, 0x14, 0xf1, 0x07, 0x21, 0x07, 0x00,
  0x00, 0x78, 0x4c, 0x70, 0x14, 0xdc, 0x07, 0x21, 0x07, 0x00, 0x00, 0x78,
  0x4d, 0x78, 0x14, 0xdd, 0x07, 0x21, 0x07, 0x00, 0x00, 0x78, 0x4e, 0x80,
  0x14, 0xf2, 0x07, 0x21, 0x07, 0x00, 0x00, 0x78, 0x4f, 0x88, 0x14, 0xf3,
  0x07, 0x21, 0x07, 0x00, 0x00, 0x78, 0x50, 0x90, 0x14, 0xf4, 0x07, 0x21,
  0x07, 0x00, 0x00, 0x78, 0x51, 0x98, 0x14, 0xf5, 0x07, 0x21, 0x07, 0x00,
  0x00, 0x78, 0x52, 0xa0, 0x14, 0xf6, 0x07, 0x21, 0x07, 0x00, 0x00, 0x78,
  0x53, 0xa8, 0x14, 0xf7, 0x07, 0x56, 0x22, 0x00, 0x00, 0x78, 0x54, 0xb0,
  0x14, 0xf8, 0x07, 0x21, 0x07, 0x00, 0x00, 0x78, 0x55, 0xb8, 0x14, 0xf9,
  0x07, 0x67, 0x17, 0x00, 0x00, 0x78, 0x56, 0xc0, 0x14, 0xfa, 0x07, 0xe9,
  0x4b, 0x00, 0x00, 0x78, 0x57, 0xe0, 0x43, 0xfb, 0x07, 0xf3, 0x04, 0x00,
  0x00, 0x78, 0x59, 0x00, 0x01, 0x43, 0xfc, 0x07, 0x21, 0x07, 0x00, 0x00,
  0x78, 0x5c, 0x08, 0x01, 0x43, 0xfd, 0x07, 0x21, 0x07, 0x00, 0x00, 0x78,
  0x5d, 0x10, 0x01, 0x43, 0x3b, 0x04, 0x4f, 0x7a, 0x00, 0x00, 0x78, 0x5e,
  0x18, 0x01, 0x43, 0x01, 0x08, 0x9c, 0x77, 0x00, 0x00, 0x78, 0x5f, 0x70,
  0x01, 0x00, 0x03, 0xf2, 0x78, 0x00, 0x00, 0x04, 0x3f, 0x00, 0x00, 0x00,
  0x03, 0x00, 0x13, 0x00, 0x08, 0x58, 0x7a, 0x71, 0x14, 0x3b, 0x04, 0xc6,
  0x2a, 0x00, 0x00, 0x7a, 0x72, 0x00, 0x14, 0xfe, 0x07, 0x12, 0x5a, 0x00,
  0x00, 0x7a, 0x73, 0x20, 0x14, 0xff, 0x07, 0xc0, 0x63, 0x00, 0x00, 0x7a,
  0x76, 0x48, 0x14, 0x08, 0x03, 0x09, 0x05, 0x00, 0x00, 0x7a, 0x77, 0x50,
  0x00, 0x12, 0x83, 0x7a, 0x00, 0x00, 0x2c, 0x23, 0x08, 0x20, 0x77, 0x38,
  0x20, 0x14, 0x06, 0x08, 0xb3, 0x7a, 0x00, 0x00, 0x77, 0x39, 0x00, 0x14,
  0x20, 0x08, 0xff, 0x07, 0x00, 0x00, 0x77, 0x3a, 0x08, 0x14, 0x21, 0x08,
  0x88, 0x0e, 0x00, 0x00, 0x77, 0x3b, 0x10, 0x14, 0x22, 0x08, 0x88, 0x0e,
  0x00, 0x00, 0x77, 0x3c, 0x14, 0x00, 0x12, 0xb8, 0x7a, 0x00, 0x00, 0x13,
  0x1f, 0x08, 0x48, 0x77, 0x27, 0x11, 0x12, 0x25, 0x04, 0x00, 0x00, 0x77,
  0x28, 0x00, 0x14, 0x88, 0x02, 0x0e, 0x7b, 0x00, 0x00, 0x77, 0x29, 0x08,
  0x14, 0x0f, 0x08, 0x8d, 0x7b, 0x00, 0x00, 0x77, 0x2a, 0x18, 0x14, 0x15,
  0x08, 0xff, 0x07, 0x00, 0x00, 0x77, 0x2b, 0x20, 0x14, 0x16, 0x08, 0xff,
  0x07, 0x00, 0x00, 0x77, 0x2c, 0x28, 0x14, 0x17, 0x08, 0xff, 0x07, 0x00,
  0x00, 0x77, 0x2d, 0x30, 0x14, 0x18, 0x08, 0xf5, 0x7b, 0x00, 0x00, 0x77,
  0x2e, 0x38, 0x14, 0x1a, 0x08, 0x1f, 0x7c, 0x00, 0x00, 0x77, 0x2f, 0x40,
  0x00, 0x21, 0x0e, 0x08, 0x10, 0x7b, 0x6e, 0x01, 0x0b, 0x88, 0x02, 0x21,
  0x7b, 0x00, 0x00, 0x7b, 0x6f, 0x01, 0x00, 0x00, 0x13, 0x0d, 0x08, 0x10,
  0x7b, 0x55, 0x14, 0x07, 0x08, 0xf3, 0x04, 0x00, 0x00, 0x7b, 0x56, 0x00,
  0x17, 0x39, 0x7b, 0x00, 0x00, 0x7b, 0x65, 0x08, 0x18, 0x08, 0x7b, 0x65,
  0x11, 0xdc, 0x21, 0x07, 0x00, 0x00, 0x7b, 0x66, 0x00, 0x14, 0x08, 0x08,
  0x5b, 0x7b, 0x00, 0x00, 0x7b, 0x67, 0x00, 0x11, 0x0f, 0x85, 0x7b, 0x00,
  0x00, 0x7b, 0x68, 0x00, 0x00, 0x00, 0x12, 0x60, 0x7b, 0x00, 0x00, 0x13,
  0x0b, 0x08, 0x10, 0x7b, 0x75, 0x14, 0x09, 0x08, 0x0c, 0x29, 0x00, 0x00,
  0x7b, 0x76, 0x00, 0x14, 0x0a, 0x08, 0x0c, 0x29, 0x00, 0x00, 0x7b, 0x77,
  0x04, 0x14, 0x88, 0x02, 0xc1, 0x06, 0x00, 0x00, 0x7b, 0x78, 0x08, 0x00,
  0x12, 0x8a, 0x7b, 0x00, 0x00, 0x30, 0x0c, 0x08, 0x12, 0x92, 0x7b, 0x00,
  0x00, 0x13, 0x0f, 0x08, 0x10, 0x7c, 0x3d, 0x14, 0x97, 0x01, 0xff, 0x07,
  0x00, 0x00, 0x7c, 0x3e, 0x00, 0x17, 0xaa, 0x7b, 0x00, 0x00, 0x7c, 0x3f,
  0x08, 0x18, 0x08, 0x7c, 0x3f, 0x11, 0xdc, 0x21, 0x07, 0x00, 0x00, 0x7c,
  0x41, 0x00, 0x14, 0x10, 0x08, 0xcd, 0x7b, 0x00, 0x00, 0x7c, 0x42, 0x00,
  0x14, 0x12, 0x08, 0xd5, 0x7b, 0x00, 0x00, 0x7c, 0x43, 0x00, 0x00, 0x00,
  0x12, 0xd2, 0x7b, 0x00, 0x00, 0x30, 0x11, 0x08, 0x12, 0xda, 0x7b, 0x00,
  0x00, 0x13, 0x14, 0x08, 0x08, 0x7c, 0x20, 0x14, 0x13, 0x08, 0x0c, 0x29,
  0x00, 0x00, 0x7c, 0x21, 0x00, 0x14, 0x88, 0x02, 0x0c, 0x29, 0x00, 0x00,
  0x7c, 0x22, 0x04, 0x00, 0x12, 0xfa, 0x7b, 0x00, 0x00, 0x13, 0x19, 0x08,
  0x18, 0x77, 0x1a, 0x14, 0x97, 0x01, 0xff, 0x07, 0x00, 0x00, 0x77, 0x1b,
  0x00, 0x14, 0xe2, 0x01, 0xff, 0x07, 0x00, 0x00, 0x77, 0x1c, 0x08, 0x14,
  0x1b, 0x03, 0x09, 0x05, 0x00, 0x00, 0x77, 0x1d, 0x10, 0x00, 0x12, 0x24,
  0x7c, 0x00, 0x00, 0x13, 0x1e, 0x08, 0x18, 0x77, 0x20, 0x14, 0x1b, 0x08,
  0x92, 0x75, 0x00, 0x00, 0x77, 0x21, 0x00, 0x14, 0x1c, 0x08, 0x4a, 0x7c,
  0x00, 0x00, 0x77, 0x22, 0x08, 0x40, 0x1d, 0x08, 0x3c, 0x03, 0x00, 0x00,
  0x77, 0x24, 0x01, 0x80, 0x00, 0x12, 0x65, 0x52, 0x00, 0x00, 0x12, 0x25,
  0x04, 0x00, 0x00, 0x12, 0x59, 0x7c, 0x00, 0x00, 0x12, 0x5e, 0x7c, 0x00,
  0x00, 0x30, 0x29, 0x08, 0x12, 0x66, 0x7c, 0x00, 0x00, 0x12, 0x6b, 0x7c,
  0x00, 0x00, 0x30, 0x2c, 0x08, 0x12, 0x21, 0x07, 0x00, 0x00, 0x4a, 0x38,
  0x08, 0x80, 0x7c, 0x00, 0x00, 0x01, 0x12, 0x01, 0x02, 0xa1, 0x02, 0x03,
  0x36, 0x00, 0x00, 0x00, 0x04, 0x3f, 0x00, 0x00, 0x00, 0x09, 0x00, 0x4a,
  0x39, 0x08, 0x99, 0x7c, 0x00, 0x00, 0x01, 0x15, 0x01, 0x02, 0xa1, 0x03,
  0x03, 0x36, 0x00, 0x00, 0x00, 0x04, 0x3f, 0x00, 0x00, 0x00, 0x23, 0x00,
  0x00, 0x44, 0x01, 0x00, 0x00, 0x05, 0x00, 0x01, 0x08, 0x00, 0x00, 0x00,
  0x00, 0x01, 0x00, 0x1d, 0x00, 0x01, 0x00, 0x00, 0x00, 0x00, 0x00, 0x00,
  0x00, 0x00, 0x02, 0x00, 0x00, 0x00, 0x00, 0x02, 0x03, 0x2a, 0x00, 0x00,
  0x00, 0x00, 0x0f, 0x04, 0x02, 0xa1, 0x00, 0x03, 0x36, 0x00, 0x00, 0x00,
  0x04, 0x4f, 0x00, 0x00, 0x00, 0x14, 0x00, 0x05, 0x3b, 0x00, 0x00, 0x00,
  0x06, 0x43, 0x00, 0x00, 0x00, 0x06, 0x02, 0x11, 0x06, 0x4b, 0x00, 0x00,
  0x00, 0x05, 0x01, 0x15, 0x07, 0x04, 0x08, 0x01, 0x08, 0x07, 0x08, 0x07,
  0x02, 0x08, 0x5f, 0x00, 0x00, 0x00, 0x00, 0x12, 0x04, 0x02, 0xa1, 0x01,
  0x05, 0x64, 0x00, 0x00, 0x00, 0x09, 0x18, 0x00, 0x12, 0x0a, 0x09, 0x86,
  0x00, 0x00, 0x00, 0x00, 0x12, 0x00, 0x0b, 0x11, 0xbf, 0x00, 0x00, 0x00,
  0x00, 0x12, 0x04, 0x0c, 0x0b, 0x12, 0xcb, 0x00, 0x00, 0x00, 0x00, 0x12,
  0x04, 0x14, 0x00, 0x0c, 0x10, 0x0c, 0x03, 0xd2, 0x01, 0x0d, 0x0a, 0xab,
  0x00, 0x00, 0x00, 0x03, 0xd3, 0x01, 0x00, 0x0d, 0x0e, 0xab, 0x00, 0x00,
  0x00, 0x03, 0xd4, 0x01, 0x04, 0x0d, 0x0f, 0xab, 0x00, 0x00, 0x00, 0x03,
  0xd5, 0x01, 0x08, 0x00, 0x06, 0xb3, 0x00, 0x00, 0x00, 0x0d, 0x03, 0x0d,
  0x06, 0xbb, 0x00, 0x00, 0x00, 0x0c, 0x01, 0x1b, 0x07, 0x0b, 0x07, 0x04,
  0x03, 0x4b, 0x00, 0x00, 0x00, 0x04, 0x4f, 0x00, 0x00, 0x00, 0x06, 0x00,
  0x03, 0xd7, 0x00, 0x00, 0x00, 0x04, 0x4f, 0x00, 0x00, 0x00, 0x01, 0x00,
  0x07, 0x13, 0x08, 0x01, 0x02, 0x14, 0xe7, 0x00, 0x00, 0x00, 0x00, 0x13,
  0x04, 0x02, 0xa1, 0x02, 0x05, 0xec, 0x00, 0x00, 0x00, 0x09, 0x18, 0x00,
  0x13, 0x0a, 0x09, 0x86, 0x00, 0x00, 0x00, 0x00, 0x13, 0x00, 0x0b, 0x11,
  0xbf, 0x00, 0x00, 0x00, 0x00, 0x13, 0x04, 0x0c, 0x0b, 0x12, 0x0e, 0x01,
  0x00, 0x00, 0x00, 0x13, 0x04, 0x14, 0x00, 0x07, 0x15, 0x05, 0x04, 0x02,
  0x16, 0x1e, 0x01, 0x00, 0x00, 0x00, 0x15, 0x01, 0x02, 0xa1, 0x03, 0x03,
  0x2a, 0x01, 0x00, 0x00, 0x04, 0x4f, 0x00, 0x00, 0x00, 0x28, 0x00, 0x05,
  0xd7, 0x00, 0x00, 0x00, 0x02, 0x17, 0x3b, 0x01, 0x00, 0x00, 0x00, 0x18,
  0x01, 0x02, 0xa1, 0x04, 0x03, 0x2a, 0x01, 0x00, 0x00, 0x04, 0x4f, 0x00,
  0x00, 0x00, 0x0c, 0x00, 0x00, 0x00, 0x00, 0x00, 0x00, 0x00, 0x00, 0x00,
  0x08, 0x00, 0x00, 0x00, 0x00, 0x00, 0x00, 0x00, 0x0a, 0x00, 0x00, 0x00,
  0x11, 0x00, 0x00, 0x00, 0x00, 0x00, 0x00, 0x00, 0x00, 0x00, 0x00, 0x00,
  0x11, 0x00, 0x00, 0x00, 0x00, 0x00, 0x00, 0x00, 0x0a, 0x00, 0x00, 0x00,
  0x14, 0x00, 0x00, 0x00, 0x08, 0x00, 0x00, 0x00, 0x00, 0x00, 0x00, 0x00,
  0x15, 0x00, 0x00, 0x00, 0x00, 0x00, 0x00, 0x00, 0x0a, 0x00, 0x00, 0x00,
  0x17, 0x00, 0x00, 0x00, 0x00, 0x00, 0x00, 0x00, 0x00, 0x00, 0x00, 0x00,
  0x23, 0x00, 0x00, 0x00, 0x00, 0x00, 0x00, 0x00, 0x0a, 0x00, 0x00, 0x00,
  0x15, 0x00, 0x00, 0x00, 0x08, 0x00, 0x00, 0x00, 0x00, 0x00, 0x00, 0x00,
  0x27, 0x00, 0x00, 0x00, 0x00, 0x00, 0x00, 0x00, 0x0a, 0x00, 0x00, 0x00,
  0x13, 0x00, 0x00, 0x00, 0x0c, 0x00, 0x00, 0x00, 0x00, 0x00, 0x00, 0x00,
  0x24, 0x01, 0x00, 0x00, 0x00, 0x00, 0x00, 0x00, 0x0a, 0x00, 0x00, 0x00,
  0x11, 0x00, 0x00, 0x00, 0xe2, 0x00, 0x00, 0x00, 0x00, 0x00, 0x00, 0x00,
  0x2d, 0x01, 0x00, 0x00, 0x00, 0x00, 0x00, 0x00, 0x0a, 0x00, 0x00, 0x00,
  0x14, 0x00, 0x00, 0x00, 0x4c, 0x00, 0x00, 0x00, 0x00, 0x00, 0x00, 0x00,
  0x31, 0x01, 0x00, 0x00, 0x00, 0x00, 0x00, 0x00, 0x0a, 0x00, 0x00, 0x00,
  0x17, 0x00, 0x00, 0x00, 0xa4, 0x00, 0x00, 0x00, 0x00, 0x00, 0x00, 0x00,
  0x36, 0x01, 0x00, 0x00, 0x00, 0x00, 0x00, 0x00, 0x0a, 0x00, 0x00, 0x00,
  0x15, 0x00, 0x00, 0x00, 0x70, 0x00, 0x00, 0x00, 0x00, 0x00, 0x00, 0x00,
  0xca, 0x7d, 0x00, 0x00, 0x00, 0x00, 0x00, 0x00, 0x0a, 0x00, 0x00, 0x00,
  0x11, 0x00, 0x00, 0x00, 0x97, 0x04, 0x00, 0x00, 0x00, 0x00, 0x00, 0x00,
  0xd3, 0x7d, 0x00, 0x00, 0x00, 0x00, 0x00, 0x00, 0x0a, 0x00, 0x00, 0x00,
  0x14, 0x00, 0x00, 0x00, 0x3c, 0x21, 0x00, 0x00, 0x00, 0x00, 0x00, 0x00,
  0xd7, 0x7d, 0x00, 0x00, 0x00, 0x00, 0x00, 0x00, 0x0a, 0x00, 0x00, 0x00,
  0x17, 0x00, 0x00, 0x00, 0x3b, 0x0b, 0x00, 0x00, 0x00, 0x00, 0x00, 0x00,
  0xdc, 0x7d, 0x00, 0x00, 0x00, 0x00, 0x00, 0x00, 0x0a, 0x00, 0x00, 0x00,
  0x15, 0x00, 0x00, 0x00, 0x98, 0x00, 0x00, 0x00, 0x00, 0x00, 0x00, 0x00,
  0x13, 0x00, 0x00, 0x00, 0x05, 0x00, 0x08, 0x00, 0x01, 0x00, 0x00, 0x00,
  0x04, 0x00, 0x00, 0x00, 0x03, 0x08, 0x18, 0x03, 0x0a, 0x10, 0x00, 0x40,
  0x00, 0x00, 0x00, 0x05, 0x00, 0x00, 0x00, 0x00, 0x00, 0x00, 0x00, 0x00,
  0x00, 0x00, 0x00, 0x00, 0x00, 0x00, 0x00, 0x00, 0x00, 0x00, 0x00, 0x00,
  0x00, 0x00, 0x00, 0x00, 0x00, 0x00, 0x00, 0x00, 0x00, 0x00, 0x00, 0x00,
  0x00, 0x00, 0x00, 0x00, 0x00, 0x00, 0x00, 0x00, 0x00, 0x00, 0x00, 0x00,
  0x00, 0x00, 0x00, 0x00, 0x00, 0x00, 0x00, 0x00, 0x00, 0x00, 0x00, 0x00,
  0x00, 0x00, 0x00, 0x00, 0x00, 0x00, 0x00, 0xec, 0x20, 0x00, 0x00, 0x05,
  0x00, 0x00, 0x00, 0x00, 0x00, 0x00, 0x00, 0x00, 0x00, 0x00, 0x00, 0x00,
  0x00, 0x00, 0x00, 0x00, 0x00, 0x00, 0x00, 0x00, 0x00, 0x00, 0x00, 0x00,
  0x00, 0x00, 0x00, 0x00, 0x00, 0x00, 0x00, 0x00, 0x00, 0x00, 0x00, 0x00,
  0x00, 0x00, 0x00, 0x00, 0x00, 0x00, 0x00, 0x00, 0x00, 0x00, 0x00, 0x00,
  0x00, 0x00, 0x00, 0x00, 0x00, 0x00, 0x00, 0x00, 0x00, 0x00, 0x00, 0x00,
  0x00, 0x00, 0x00, 0x00, 0x00, 0x00, 0x00, 0x00, 0x00, 0x00, 0x00, 0x00,
  0x00, 0x00, 0x00, 0x00, 0x00, 0x00, 0x00, 0x00, 0x00, 0x00, 0x00, 0x00,
  0x00, 0x00, 0x00, 0x00, 0x00, 0x00, 0x00, 0x00, 0x00, 0x00, 0x00, 0x00,
  0x00, 0x00, 0x00, 0x00, 0x00, 0x00, 0x00, 0x00, 0x00, 0x00, 0x00, 0x00,
  0x00, 0x00, 0x00, 0x00, 0x00, 0x00, 0x00, 0x00, 0x00, 0x00, 0x00, 0x00,
  0x00, 0x00, 0x00, 0x00, 0x00, 0x00, 0x00, 0x00, 0x00, 0x00, 0x00, 0x00,
  0x00, 0x00, 0x00, 0x00, 0x00, 0x00, 0x00, 0x00, 0x00, 0x00, 0x00, 0x00,
  0x00, 0x00, 0x00, 0x00, 0x00, 0x00, 0x00, 0x00, 0x00, 0x00, 0x00, 0x00,
  0x00, 0x00, 0x00, 0x00, 0x00, 0x00, 0x00, 0x00, 0x00, 0x00, 0x00, 0x00,
  0x00, 0x00, 0x00, 0x00, 0x00, 0x00, 0x00, 0x00, 0x00, 0x00, 0x00, 0x00,
  0x00, 0x00, 0x00, 0x00, 0x00, 0x00, 0x00, 0x00, 0x00, 0x00, 0x00, 0x00,
  0x00, 0x00, 0x00, 0x00, 0x00, 0x00, 0x00, 0x00, 0x00, 0x00, 0x00, 0x00,
  0x00, 0x00, 0x00, 0x00, 0x00, 0x00, 0x00, 0x00, 0x00, 0x00, 0x00, 0x00,
  0x00, 0x00, 0x00, 0x00, 0x00, 0x00, 0x00, 0x00, 0x00, 0x00, 0x00, 0x00,
  0x00, 0x00, 0x00, 0x00, 0x00, 0x00, 0x00, 0x00, 0x00, 0x00, 0x00, 0x00,
  0x00, 0x00, 0x00, 0x00, 0x00, 0x00, 0x00, 0x00, 0x00, 0x00, 0x00, 0x00,
  0x00, 0x00, 0x00, 0x00, 0x00, 0x00, 0x00, 0x00, 0x00, 0x00, 0x00, 0x00,
  0x00, 0x00, 0x00, 0x00, 0x00, 0x00, 0x00, 0x00, 0x00, 0x00, 0x00, 0x00,
  0x00, 0x00, 0x00, 0x00, 0x00, 0x00, 0x00, 0x00, 0x00, 0x00, 0x00, 0x00,
  0x00, 0x00, 0x00, 0x00, 0x00, 0x00, 0x00, 0x00, 0x00, 0x00, 0x00, 0x00,
  0x00, 0x00, 0x00, 0x00, 0x00, 0x00, 0x00, 0x00, 0x00, 0x00, 0x00, 0x00,
  0x00, 0x00, 0x00, 0x00, 0x00, 0x00, 0x00, 0x00, 0x00, 0x00, 0x00, 0x00,
  0x00, 0x00, 0x00, 0x00, 0x00, 0x00, 0x00, 0x00, 0x00, 0x00, 0x00, 0x00,
  0x00, 0x00, 0x00, 0x00, 0x00, 0x00, 0x00, 0x00, 0x00, 0x00, 0x00, 0x00,
  0x00, 0x00, 0x00, 0x00, 0x00, 0x00, 0x00, 0x00, 0x00, 0x00, 0x00, 0x00,
  0x00, 0x00, 0x00, 0x00, 0x00, 0x00, 0x00, 0x00, 0x00, 0x00, 0x00, 0x00,
  0x00, 0x00, 0x00, 0x00, 0x00, 0x00, 0x00, 0x00, 0x00, 0x00, 0x00, 0x00,
  0x00, 0x00, 0x00, 0x00, 0x00, 0x00, 0x00, 0x00, 0x00, 0x00, 0x00, 0x00,
  0x00, 0x00, 0x00, 0x00, 0x00, 0x00, 0x00, 0x00, 0x00, 0x00, 0x00, 0x00,
  0x00, 0x00, 0x00, 0x00, 0x00, 0x00, 0x00, 0x00, 0x00, 0x00, 0x00, 0x00,
  0x00, 0x00, 0x00, 0x00, 0x00, 0x00, 0x00, 0x00, 0x00, 0x00, 0x00, 0x00,
  0x00, 0x00, 0x00, 0x00, 0x00, 0x00, 0x00, 0x00, 0x00, 0x00, 0x00, 0x00,
  0x00, 0x00, 0x00, 0x00, 0x00, 0x00, 0x00, 0x00, 0x00, 0x00, 0x00, 0x00,
  0x00, 0x00, 0x00, 0x00, 0x00, 0x00, 0x00, 0x00, 0x00, 0x00, 0x00, 0x00,
  0x00, 0x00, 0x00, 0x00, 0x00, 0x00, 0x00, 0x00, 0x00, 0x00, 0x00, 0x00,
  0x00, 0x00, 0x00, 0x00, 0x00, 0x00, 0x00, 0x00, 0x00, 0x00, 0x00, 0x00,
  0x00, 0x00, 0x00, 0x00, 0x00, 0x00, 0x00, 0x00, 0x00, 0x00, 0x00, 0x00,
  0x00, 0x00, 0x00, 0x00, 0x00, 0x00, 0x00, 0x00, 0x00, 0x00, 0x00, 0x00,
  0x00, 0x00, 0x00, 0x00, 0x00, 0x00, 0x00, 0x00, 0x00, 0x00, 0x00, 0x00,
  0x00, 0x00, 0x00, 0x00, 0x00, 0x00, 0x00, 0x00, 0x00, 0x00, 0x00, 0x00,
  0x00, 0x00, 0x00, 0x00, 0x00, 0x00, 0x00, 0x00, 0x00, 0x00, 0x00, 0x00,
  0x00, 0x00, 0x00, 0x00, 0x00, 0x00, 0x00, 0x00, 0x00, 0x00, 0x00, 0x00,
  0x00, 0x00, 0x00, 0x00, 0x00, 0x00, 0x00, 0x00, 0x00, 0x00, 0x00, 0x00,
  0x00, 0x00, 0x00, 0x00, 0x00, 0x00, 0x00, 0x00, 0x00, 0x00, 0x00, 0x00,
  0x00, 0x00, 0x00, 0x00, 0x00, 0x00, 0x00, 0x00, 0x00, 0x00, 0x00, 0x00,
  0x00, 0x00, 0x00, 0x00, 0x00, 0x00, 0x00, 0x00, 0x00, 0x00, 0x00, 0x00,
  0x00, 0x00, 0x00, 0x00, 0x00, 0x00, 0x00, 0x00, 0x00, 0x00, 0x00, 0x00,
  0x00, 0x00, 0x00, 0x00, 0x00, 0x00, 0x00, 0x00, 0x00, 0x00, 0x00, 0x00,
  0x00, 0x00, 0x00, 0x00, 0x00, 0x00, 0x00, 0x00, 0x00, 0x00, 0x00, 0x00,
  0x00, 0x00, 0x00, 0x00, 0x00, 0x00, 0x00, 0x00, 0x00, 0x00, 0x00, 0x00,
  0x00, 0x00, 0x00, 0x00, 0x00, 0x00, 0x00, 0x00, 0x00, 0x00, 0x00, 0x00,
  0x00, 0x00, 0x00, 0x00, 0x00, 0x00, 0x00, 0x00, 0x00, 0x00, 0x00, 0x00,
  0x00, 0x00, 0x00, 0x00, 0x00, 0x00, 0x00, 0x00, 0x00, 0x00, 0x00, 0x00,
  0x00, 0x00, 0x00, 0x00, 0x00, 0x00, 0x00, 0x00, 0x00, 0x00, 0x00, 0x00,
  0x00, 0x00, 0x00, 0x00, 0x00, 0x00, 0x00, 0x00, 0x00, 0x00, 0x00, 0x00,
  0x00, 0x00, 0x00, 0x00, 0x00, 0x00, 0x00, 0x00, 0x00, 0x00, 0x00, 0x00,
  0x00, 0x00, 0x00, 0x00, 0x00, 0x00, 0x00, 0x00, 0x00, 0x00, 0x00, 0x00,
  0x00, 0x00, 0x00, 0x00, 0x00, 0x00, 0x00, 0x00, 0x00, 0x00, 0x00, 0x00,
  0x00, 0x00, 0x00, 0x00, 0x00, 0x00, 0x00, 0x00, 0x00, 0x00, 0x00, 0x00,
  0x00, 0x00, 0x00, 0x00, 0x00, 0x00, 0x00, 0x00, 0x00, 0x00, 0x00, 0x00,
  0x00, 0x00, 0x00, 0x00, 0x00, 0x00, 0x00, 0x00, 0x00, 0x00, 0x00, 0x00,
  0x00, 0x00, 0x00, 0x00, 0x00, 0x00, 0x00, 0x00, 0x00, 0x00, 0x00, 0x00,
  0x00, 0x00, 0x00, 0x00, 0x00, 0x00, 0x00, 0x00, 0x00, 0x00, 0x00, 0x00,
  0x00, 0x00, 0x00, 0x00, 0x00, 0x00, 0x00, 0x00, 0x00, 0x00, 0x00, 0x00,
  0x00, 0x00, 0x00, 0x00, 0x00, 0x00, 0x00, 0x00, 0x00, 0x00, 0x00, 0x00,
  0x00, 0x00, 0x00, 0x00, 0x00, 0x00, 0x00, 0x00, 0x00, 0x00, 0x00, 0x00,
  0x00, 0x00, 0x00, 0x00, 0x00, 0x00, 0x00, 0x00, 0x00, 0x00, 0x00, 0x00,
  0x00, 0x00, 0x00, 0x00, 0x00, 0x00, 0x00, 0x00, 0x00, 0x00, 0x00, 0x00,
  0x00, 0x00, 0x00, 0x00, 0x00, 0x00, 0x00, 0x00, 0x00, 0x00, 0x00, 0x00,
  0x00, 0x00, 0x00, 0x00, 0x00, 0x00, 0x00, 0x00, 0x00, 0x00, 0x00, 0x00,
  0x00, 0x00, 0x00, 0x00, 0x00, 0x00, 0x00, 0x00, 0x00, 0x00, 0x00, 0x00,
  0x00, 0x00, 0x00, 0x00, 0x00, 0x00, 0x00, 0x00, 0x00, 0x00, 0x00, 0x00,
  0x00, 0x00, 0x00, 0x00, 0x00, 0x00, 0x00, 0x00, 0x00, 0x00, 0x00, 0x00,
  0x00, 0x00, 0x00, 0x00, 0x00, 0x00, 0x00, 0x00, 0x00, 0x00, 0x00, 0x00,
  0x00, 0x00, 0x00, 0x00, 0x00, 0x00, 0x00, 0x00, 0x00, 0x00, 0x00, 0x00,
  0x00, 0x00, 0x00, 0x00, 0x00, 0x00, 0x00, 0x00, 0x00, 0x00, 0x00, 0x00,
  0x00, 0x00, 0x00, 0x00, 0x00, 0x00, 0x00, 0x00, 0x00, 0x00, 0x00, 0x00,
  0x00, 0x00, 0x00, 0x00, 0x00, 0x00, 0x00, 0x00, 0x00, 0x00, 0x00, 0x00,
  0x00, 0x00, 0x00, 0x00, 0x00, 0x00, 0x00, 0x00, 0x00, 0x00, 0x00, 0x00,
  0x00, 0x00, 0x00, 0x00, 0x00, 0x00, 0x00, 0x00, 0x00, 0x00, 0x00, 0x00,
  0x00, 0x00, 0x00, 0x00, 0x00, 0x00, 0x00, 0x00, 0x00, 0x00, 0x00, 0x00,
  0x00, 0x00, 0x00, 0x00, 0x00, 0x00, 0x00, 0x00, 0x00, 0x00, 0x00, 0x00,
  0x00, 0x00, 0x00, 0x00, 0x00, 0x00, 0x00, 0x00, 0x00, 0x00, 0x00, 0x00,
  0x00, 0x00, 0x00, 0x00, 0x00, 0x00, 0x00, 0x00, 0x00, 0x00, 0x00, 0x00,
  0x00, 0x00, 0x00, 0x00, 0x00, 0x00, 0x00, 0x00, 0x00, 0x00, 0x00, 0x00,
  0x00, 0x00, 0x00, 0x00, 0x00, 0x00, 0x00, 0x00, 0x00, 0x00, 0x00, 0x00,
  0x00, 0x00, 0x00, 0x00, 0x00, 0x00, 0x00, 0x00, 0x00, 0x00, 0x00, 0x00,
  0x00, 0x00, 0x00, 0x00, 0x00, 0x00, 0x00, 0x00, 0x00, 0x00, 0x00, 0x00,
  0x00, 0x00, 0x00, 0x00, 0x00, 0x00, 0x00, 0x00, 0x00, 0x00, 0x00, 0x00,
  0x00, 0x00, 0x00, 0x00, 0x00, 0x00, 0x00, 0x00, 0x00, 0x00, 0x00, 0x00,
  0x00, 0x00, 0x00, 0x00, 0x00, 0x00, 0x00, 0x00, 0x00, 0x00, 0x00, 0x00,
  0x00, 0x00, 0x00, 0x00, 0x00, 0x00, 0x00, 0x00, 0x00, 0x00, 0x00, 0x00,
  0x00, 0x00, 0x00, 0x00, 0x00, 0x00, 0x00, 0x00, 0x00, 0x00, 0x00, 0x00,
  0x00, 0x00, 0x00, 0x00, 0x00, 0x00, 0x00, 0x00, 0x00, 0x00, 0x00, 0x00,
  0x00, 0x00, 0x00, 0x00, 0x00, 0x00, 0x00, 0x00, 0x00, 0x00, 0x00, 0x00,
  0x00, 0x00, 0x00, 0x00, 0x00, 0x00, 0x00, 0x00, 0x00, 0x00, 0x00, 0x00,
  0x00, 0x00, 0x00, 0x00, 0x00, 0x00, 0x00, 0x00, 0x00, 0x00, 0x00, 0x00,
  0x00, 0x00, 0x00, 0x00, 0x00, 0x00, 0x00, 0x00, 0x00, 0x00, 0x00, 0x00,
  0x00, 0x00, 0x00, 0x00, 0x00, 0x00, 0x00, 0x00, 0x00, 0x00, 0x00, 0x00,
  0x00, 0x00, 0x00, 0x00, 0x00, 0x00, 0x00, 0x00, 0x00, 0x00, 0x00, 0x00,
  0x00, 0x00, 0x00, 0x00, 0x00, 0x00, 0x00, 0x00, 0x00, 0x00, 0x00, 0x00,
  0x00, 0x00, 0x00, 0x00, 0x00, 0x00, 0x00, 0x00, 0x00, 0x00, 0x00, 0x00,
  0x00, 0x00, 0x00, 0x00, 0x00, 0x00, 0x00, 0x00, 0x00, 0x00, 0x00, 0x00,
  0x00, 0x00, 0x00, 0x00, 0x00, 0x00, 0x00, 0x00, 0x00, 0x00, 0x00, 0x00,
  0x00, 0x00, 0x00, 0x00, 0x00, 0x00, 0x00, 0x00, 0x00, 0x00, 0x00, 0x00,
  0x00, 0x00, 0x00, 0x00, 0x00, 0x00, 0x00, 0x00, 0x00, 0x00, 0x00, 0x00,
  0x00, 0x00, 0x00, 0x00, 0x00, 0x00, 0x00, 0x00, 0x00, 0x00, 0x00, 0x00,
  0x00, 0x00, 0x00, 0x00, 0x00, 0x00, 0x00, 0x00, 0x00, 0x00, 0x00, 0x00,
  0x00, 0x00, 0x00, 0x00, 0x00, 0x00, 0x00, 0x00, 0x00, 0x00, 0x00, 0x00,
  0x00, 0x00, 0x00, 0x00, 0x00, 0x00, 0x00, 0x00, 0x00, 0x00, 0x00, 0x00,
  0x00, 0x00, 0x00, 0x00, 0x00, 0x00, 0x00, 0x00, 0x00, 0x00, 0x00, 0x00,
  0x00, 0x00, 0x00, 0x00, 0x00, 0x00, 0x00, 0x00, 0x00, 0x00, 0x00, 0x00,
  0x00, 0x00, 0x00, 0x00, 0x00, 0x00, 0x00, 0x00, 0x00, 0x00, 0x00, 0x00,
  0x00, 0x00, 0x00, 0x00, 0x00, 0x00, 0x00, 0x00, 0x00, 0x00, 0x00, 0x00,
  0x00, 0x00, 0x00, 0x00, 0x00, 0x00, 0x00, 0x00, 0x00, 0x00, 0x00, 0x00,
  0x00, 0x00, 0x00, 0x00, 0x00, 0x00, 0x00, 0x00, 0x00, 0x00, 0x00, 0x00,
  0x00, 0x00, 0x00, 0x00, 0x00, 0x00, 0x00, 0x00, 0x00, 0x00, 0x00, 0x00,
  0x00, 0x00, 0x00, 0x00, 0x00, 0x00, 0x00, 0x00, 0x00, 0x00, 0x00, 0x00,
  0x00, 0x00, 0x00, 0x00, 0x00, 0x00, 0x00, 0x00, 0x00, 0x00, 0x00, 0x00,
  0x00, 0x00, 0x00, 0x00, 0x00, 0x00, 0x00, 0x00, 0x00, 0x00, 0x00, 0x00,
  0x00, 0x00, 0x00, 0x00, 0x00, 0x00, 0x00, 0x00, 0x00, 0x00, 0x00, 0x00,
  0x00, 0x00, 0x00, 0x00, 0x00, 0x00, 0x00, 0x00, 0x00, 0x00, 0x00, 0x00,
  0x00, 0x00, 0x00, 0x00, 0x00, 0x00, 0x00, 0x00, 0x00, 0x00, 0x00, 0x00,
  0x00, 0x00, 0x00, 0x00, 0x00, 0x00, 0x00, 0x00, 0x00, 0x00, 0x00, 0x00,
  0x00, 0x00, 0x00, 0x00, 0x00, 0x00, 0x00, 0x00, 0x00, 0x00, 0x00, 0x00,
  0x00, 0x00, 0x00, 0x00, 0x00, 0x00, 0x00, 0x00, 0x00, 0x00, 0x00, 0x00,
  0x00, 0x00, 0x00, 0x00, 0x00, 0x00, 0x00, 0x00, 0x00, 0x00, 0x00, 0x00,
  0x00, 0x00, 0x00, 0x00, 0x00, 0x00, 0x00, 0x00, 0x00, 0x00, 0x00, 0x00,
  0x00, 0x00, 0x00, 0x00, 0x00, 0x00, 0x00, 0x00, 0x00, 0x00, 0x00, 0x00,
  0x00, 0x00, 0x00, 0x00, 0x00, 0x00, 0x00, 0x00, 0x00, 0x00, 0x00, 0x00,
  0x00, 0x00, 0x00, 0x00, 0x00, 0x00, 0x00, 0x00, 0x00, 0x00, 0x00, 0x00,
  0x00, 0x00, 0x00, 0x00, 0x00, 0x00, 0x00, 0x00, 0x00, 0x00, 0x00, 0x00,
  0x00, 0x00, 0x00, 0x00, 0x00, 0x00, 0x00, 0x00, 0x00, 0x00, 0x00, 0x00,
  0x00, 0x00, 0x00, 0x00, 0x00, 0x00, 0x00, 0x00, 0x00, 0x00, 0x00, 0x00,
  0x00, 0x00, 0x00, 0x00, 0x00, 0x00, 0x00, 0x00, 0x00, 0x00, 0x00, 0x00,
  0x00, 0x00, 0x00, 0x00, 0x00, 0x00, 0x00, 0x00, 0x00, 0x00, 0x00, 0x00,
  0x00, 0x00, 0x00, 0x00, 0x00, 0x00, 0x00, 0x00, 0x00, 0x00, 0x00, 0x00,
  0x00, 0x00, 0x00, 0x00, 0x00, 0x00, 0x00, 0x00, 0x00, 0x00, 0x00, 0x00,
  0x00, 0x00, 0x00, 0x00, 0x00, 0x00, 0x00, 0x00, 0x00, 0x00, 0x00, 0x00,
  0x00, 0x00, 0x00, 0x00, 0x00, 0x00, 0x00, 0x00, 0x00, 0x00, 0x00, 0x00,
  0x00, 0x00, 0x00, 0x00, 0x00, 0x00, 0x00, 0x00, 0x00, 0x00, 0x00, 0x00,
  0x00, 0x00, 0x00, 0x00, 0x00, 0x00, 0x00, 0x00, 0x00, 0x00, 0x00, 0x00,
  0x00, 0x00, 0x00, 0x00, 0x00, 0x00, 0x00, 0x00, 0x00, 0x00, 0x00, 0x00,
  0x00, 0x00, 0x00, 0x00, 0x00, 0x00, 0x00, 0x00, 0x00, 0x00, 0x00, 0x00,
  0x00, 0x00, 0x00, 0x00, 0x00, 0x00, 0x00, 0x00, 0x00, 0x00, 0x00, 0x00,
  0x00, 0x00, 0x00, 0x00, 0x00, 0x00, 0x00, 0x00, 0x00, 0x00, 0x00, 0x00,
  0x00, 0x00, 0x00, 0x00, 0x00, 0x00, 0x00, 0x00, 0x00, 0x00, 0x00, 0x00,
  0x00, 0x00, 0x00, 0x00, 0x00, 0x00, 0x00, 0x00, 0x00, 0x00, 0x00, 0x00,
  0x00, 0x00, 0x00, 0x00, 0x00, 0x00, 0x00, 0x00, 0x00, 0x00, 0x00, 0x00,
  0x00, 0x00, 0x00, 0x00, 0x00, 0x00, 0x00, 0x00, 0x00, 0x00, 0x00, 0x00,
  0x00, 0x00, 0x00, 0x00, 0x00, 0x00, 0x00, 0x00, 0x00, 0x00, 0x00, 0x00,
  0x00, 0x00, 0x00, 0x00, 0x00, 0x00, 0x00, 0x00, 0x00, 0x00, 0x00, 0x00,
  0x00, 0x00, 0x00, 0x00, 0x00, 0x00, 0x00, 0x00, 0x00, 0x00, 0x00, 0x00,
  0x00, 0x00, 0x00, 0x00, 0x00, 0x00, 0x00, 0x00, 0x00, 0x00, 0x00, 0x00,
  0x00, 0x00, 0x00, 0x00, 0x00, 0x00, 0x00, 0x00, 0x00, 0x00, 0x00, 0x00,
  0x00, 0x00, 0x00, 0x00, 0x00, 0x00, 0x00, 0x00, 0x00, 0x00, 0x00, 0x00,
  0x00, 0x00, 0x00, 0x00, 0x00, 0x00, 0x00, 0x00, 0x00, 0x00, 0x00, 0x00,
  0x00, 0x00, 0x00, 0x00, 0x00, 0x00, 0x00, 0x00, 0x00, 0x00, 0x00, 0x00,
  0x00, 0x00, 0x00, 0x00, 0x00, 0x00, 0x00, 0x00, 0x00, 0x00, 0x00, 0x00,
  0x00, 0x00, 0x00, 0x00, 0x00, 0x00, 0x00, 0x00, 0x00, 0x00, 0x00, 0x00,
  0x00, 0x00, 0x00, 0x00, 0x00, 0x00, 0x00, 0x00, 0x00, 0x00, 0x00, 0x00,
  0x00, 0x00, 0x00, 0x00, 0x00, 0x00, 0x00, 0x00, 0x00, 0x00, 0x00, 0x00,
  0x00, 0x00, 0x00, 0x00, 0x00, 0x00, 0x00, 0x00, 0x00, 0x00, 0x00, 0x00,
  0x00, 0x00, 0x00, 0x00, 0x00, 0x00, 0x00, 0x00, 0x00, 0x00, 0x00, 0x00,
  0x00, 0x00, 0x00, 0x00, 0x00, 0x00, 0x00, 0x00, 0x00, 0x00, 0x00, 0x00,
  0x00, 0x00, 0x00, 0x00, 0x00, 0x00, 0x00, 0x00, 0x00, 0x00, 0x00, 0x00,
  0x00, 0x00, 0x00, 0x00, 0x00, 0x00, 0x00, 0x00, 0x00, 0x00, 0x00, 0x00,
  0x00, 0x00, 0x00, 0x00, 0x00, 0x00, 0x00, 0x00, 0x00, 0x00, 0x00, 0x00,
  0x00, 0x00, 0x00, 0x00, 0x00, 0x00, 0x00, 0x00, 0x00, 0x00, 0x00, 0x00,
  0x00, 0x00, 0x00, 0x00, 0x00, 0x00, 0x00, 0x00, 0x00, 0x00, 0x00, 0x00,
  0x00, 0x00, 0x00, 0x00, 0x00, 0x00, 0x00, 0x00, 0x00, 0x00, 0x00, 0x00,
  0x00, 0x00, 0x00, 0x00, 0x00, 0x00, 0x00, 0x00, 0x00, 0x00, 0x00, 0x00,
  0x00, 0x00, 0x00, 0x00, 0x00, 0x00, 0x00, 0x00, 0x00, 0x00, 0x00, 0x00,
  0x00, 0x00, 0x00, 0x00, 0x00, 0x00, 0x00, 0x00, 0x00, 0x00, 0x00, 0x00,
  0x00, 0x00, 0x00, 0x00, 0x00, 0x00, 0x00, 0x00, 0x00, 0x00, 0x00, 0x00,
  0x00, 0x00, 0x00, 0x00, 0x00, 0x00, 0x00, 0x00, 0x00, 0x00, 0x00, 0x00,
  0x00, 0x00, 0x00, 0x00, 0x00, 0x00, 0x00, 0x00, 0x00, 0x00, 0x00, 0x00,
  0x00, 0x00, 0x00, 0x00, 0x00, 0x00, 0x00, 0x00, 0x00, 0x00, 0x00, 0x00,
  0x00, 0x00, 0x00, 0x00, 0x00, 0x00, 0x00, 0x00, 0x00, 0x00, 0x00, 0x00,
  0x00, 0x00, 0x00, 0x00, 0x00, 0x00, 0x00, 0x00, 0x00, 0x00, 0x00, 0x00,
  0x00, 0x00, 0x00, 0x00, 0x00, 0x00, 0x00, 0x00, 0x00, 0x00, 0x00, 0x00,
  0x00, 0x00, 0x00, 0x00, 0x00, 0x00, 0x00, 0x00, 0x00, 0x00, 0x00, 0x00,
  0x00, 0x00, 0x00, 0x00, 0x00, 0x00, 0x00, 0x00, 0x00, 0x00, 0x00, 0x00,
  0x00, 0x00, 0x00, 0x00, 0x00, 0x00, 0x00, 0x00, 0x00, 0x00, 0x00, 0x00,
  0x00, 0x00, 0x00, 0x00, 0x00, 0x00, 0x00, 0x00, 0x00, 0x00, 0x00, 0x00,
  0x00, 0x00, 0x00, 0x00, 0x00, 0x00, 0x00, 0x00, 0x00, 0x00, 0x00, 0x00,
  0x00, 0x00, 0x00, 0x00, 0x00, 0x00, 0x00, 0x00, 0x00, 0x00, 0x00, 0x00,
  0x00, 0x00, 0x00, 0x00, 0x00, 0x00, 0x00, 0x00, 0x00, 0x00, 0x00, 0x00,
  0x00, 0x00, 0x00, 0x00, 0x00, 0x00, 0x00, 0x00, 0x00, 0x00, 0x00, 0x00,
  0x00, 0x00, 0x00, 0x00, 0x00, 0x00, 0x00, 0x00, 0x00, 0x00, 0x00, 0x00,
  0x00, 0x00, 0x00, 0x00, 0x00, 0x00, 0x00, 0x00, 0x00, 0x00, 0x00, 0x00,
  0x00, 0x00, 0x00, 0x00, 0x00, 0x00, 0x00, 0x00, 0x00, 0x00, 0x00, 0x00,
  0x00, 0x00, 0x00, 0x00, 0x00, 0x00, 0x00, 0x00, 0x00, 0x00, 0x00, 0x00,
  0x00, 0x00, 0x00, 0x00, 0x00, 0x00, 0x00, 0x00, 0x00, 0x00, 0x00, 0x00,
  0x00, 0x00, 0x00, 0x00, 0x00, 0x00, 0x00, 0x00, 0x00, 0x00, 0x00, 0x00,
  0x00, 0x00, 0x00, 0x00, 0x00, 0x00, 0x00, 0x00, 0x00, 0x00, 0x00, 0x00,
  0x00, 0x00, 0x00, 0x00, 0x00, 0x00, 0x00, 0x00, 0x00, 0x00, 0x00, 0x00,
  0x00, 0x00, 0x00, 0x00, 0x00, 0x00, 0x00, 0x00, 0x00, 0x00, 0x00, 0x00,
  0x00, 0x00, 0x00, 0x00, 0x00, 0x00, 0x00, 0x00, 0x00, 0x00, 0x00, 0x00,
  0x00, 0x00, 0x00, 0x00, 0x00, 0x00, 0x00, 0x00, 0x00, 0x00, 0x00, 0x00,
  0x00, 0x00, 0x00, 0x00, 0x00, 0x00, 0x00, 0x00, 0x00, 0x00, 0x00, 0x00,
  0x00, 0x00, 0x00, 0x00, 0x00, 0x00, 0x00, 0x00, 0x00, 0x00, 0x00, 0x00,
  0x00, 0x00, 0x00, 0x00, 0x00, 0x00, 0x00, 0x00, 0x00, 0x00, 0x00, 0x00,
  0x00, 0x00, 0x00, 0x00, 0x00, 0x00, 0x00, 0x00, 0x00, 0x00, 0x00, 0x00,
  0x00, 0x00, 0x00, 0x00, 0x00, 0x00, 0x00, 0x00, 0x00, 0x00, 0x00, 0x00,
  0x00, 0x00, 0x00, 0x00, 0x00, 0x00, 0x00, 0x00, 0x00, 0x00, 0x00, 0x00,
  0x00, 0x00, 0x00, 0x00, 0x00, 0x00, 0x00, 0x00, 0x00, 0x00, 0x00, 0x00,
  0x00, 0x00, 0x00, 0x00, 0x00, 0x00, 0x00, 0x00, 0x00, 0x00, 0x00, 0x00,
  0x00, 0x00, 0x00, 0x00, 0x00, 0x00, 0x00, 0x00, 0x00, 0x00, 0x00, 0x00,
  0x00, 0x00, 0x00, 0x00, 0x00, 0x00, 0x00, 0x00, 0x00, 0x00, 0x00, 0x00,
  0x00, 0x00, 0x00, 0x00, 0x00, 0x00, 0x00, 0x00, 0x00, 0x00, 0x00, 0x00,
  0x00, 0x00, 0x00, 0x00, 0x00, 0x00, 0x00, 0x00, 0x00, 0x00, 0x00, 0x00,
  0x00, 0x00, 0x00, 0x00, 0x00, 0x00, 0x00, 0x00, 0x00, 0x00, 0x00, 0x00,
  0x00, 0x00, 0x00, 0x00, 0x00, 0x00, 0x00, 0x00, 0x00, 0x00, 0x00, 0x00,
  0x00, 0x00, 0x00, 0x00, 0x00, 0x00, 0x00, 0x00, 0x00, 0x00, 0x00, 0x00,
  0x00, 0x00, 0x00, 0x00, 0x00, 0x00, 0x00, 0x00, 0x00, 0x00, 0x00, 0x00,
  0x00, 0x00, 0x00, 0x00, 0x00, 0x00, 0x00, 0x00, 0x00, 0x00, 0x00, 0x00,
  0x00, 0x00, 0x00, 0x00, 0x00, 0x00, 0x00, 0x00, 0x00, 0x00, 0x00, 0x00,
  0x00, 0x00, 0x00, 0x00, 0x00, 0x00, 0x00, 0x00, 0x00, 0x00, 0x00, 0x00,
  0x00, 0x00, 0x00, 0x00, 0x00, 0x00, 0x00, 0x00, 0x00, 0x00, 0x00, 0x00,
  0x00, 0x00, 0x00, 0x00, 0x00, 0x00, 0x00, 0x00, 0x00, 0x00, 0x00, 0x00,
  0x00, 0x00, 0x00, 0x00, 0x00, 0x00, 0x00, 0x00, 0x00, 0x00, 0x00, 0x00,
  0x00, 0x00, 0x00, 0x00, 0x00, 0x00, 0x00, 0x00, 0x00, 0x00, 0x00, 0x00,
  0x00, 0x00, 0x00, 0x00, 0x00, 0x00, 0x00, 0x00, 0x00, 0x00, 0x00, 0x00,
  0x00, 0x00, 0x00, 0x00, 0x00, 0x00, 0x00, 0x00, 0x00, 0x00, 0x00, 0x00,
  0x00, 0x00, 0x00, 0x00, 0x00, 0x00, 0x00, 0x00, 0x00, 0x00, 0x00, 0x00,
  0x00, 0x00, 0x00, 0x00, 0x00, 0x00, 0x00, 0x00, 0x00, 0x00, 0x00, 0x00,
  0x00, 0x00, 0x00, 0x00, 0x00, 0x00, 0x00, 0x00, 0x00, 0x00, 0x00, 0x00,
  0x00, 0x00, 0x00, 0x00, 0x00, 0x00, 0x00, 0x00, 0x00, 0x00, 0x00, 0x00,
  0x00, 0x00, 0x00, 0x00, 0x00, 0x00, 0x00, 0x00, 0x00, 0x00, 0x00, 0x00,
  0x00, 0x00, 0x00, 0x00, 0x00, 0x00, 0x00, 0x00, 0x00, 0x00, 0x00, 0x00,
  0x00, 0x00, 0x00, 0x00, 0x00, 0x00, 0x00, 0x00, 0x00, 0x00, 0x00, 0x00,
  0x00, 0x00, 0x00, 0x00, 0x00, 0x00, 0x00, 0x00, 0x00, 0x00, 0x00, 0x00,
  0x00, 0x00, 0x00, 0x00, 0x00, 0x00, 0x00, 0x00, 0x00, 0x00, 0x00, 0x00,
  0x00, 0x00, 0x00, 0x00, 0x00, 0x00, 0x00, 0x00, 0x00, 0x00, 0x00, 0x00,
  0x00, 0x00, 0x00, 0x00, 0x00, 0x00, 0x00, 0x00, 0x00, 0x00, 0x00, 0x00,
  0x00, 0x00, 0x00, 0x00, 0x00, 0x00, 0x00, 0x00, 0x00, 0x00, 0x00, 0x00,
  0x00, 0x00, 0x00, 0x00, 0x00, 0x00, 0x00, 0x00, 0x00, 0x00, 0x00, 0x00,
  0x00, 0x00, 0x00, 0x00, 0x00, 0x00, 0x00, 0x00, 0x00, 0x00, 0x00, 0x00,
  0x00, 0x00, 0x00, 0x00, 0x00, 0x00, 0x00, 0x00, 0x00, 0x00, 0x00, 0x00,
  0x00, 0x00, 0x00, 0x00, 0x00, 0x00, 0x00, 0x00, 0x00, 0x00, 0x00, 0x00,
  0x00, 0x00, 0x00, 0x00, 0x00, 0x00, 0x00, 0x00, 0x00, 0x00, 0x00, 0x00,
  0x00, 0x00, 0x00, 0x00, 0x00, 0x00, 0x00, 0x00, 0x00, 0x00, 0x00, 0x00,
  0x00, 0x00, 0x00, 0x00, 0x00, 0x00, 0x00, 0x00, 0x00, 0x00, 0x00, 0x00,
  0x00, 0x00, 0x00, 0x00, 0x00, 0x00, 0x00, 0x00, 0x00, 0x00, 0x00, 0x00,
  0x00, 0x00, 0x00, 0x00, 0x00, 0x00, 0x00, 0x00, 0x00, 0x00, 0x00, 0x00,
  0x00, 0x00, 0x00, 0x00, 0x00, 0x00, 0x00, 0x00, 0x00, 0x00, 0x00, 0x00,
  0x00, 0x00, 0x00, 0x00, 0x00, 0x00, 0x00, 0x00, 0x00, 0x00, 0x00, 0x00,
  0x00, 0x00, 0x00, 0x00, 0x00, 0x00, 0x00, 0x00, 0x00, 0x00, 0x00, 0x00,
  0x00, 0x00, 0x00, 0x00, 0x00, 0x00, 0x00, 0x00, 0x00, 0x00, 0x00, 0x00,
  0x00, 0x00, 0x00, 0x00, 0x00, 0x00, 0x00, 0x00, 0x00, 0x00, 0x00, 0x00,
  0x00, 0x00, 0x00, 0x00, 0x00, 0x00, 0x00, 0x00, 0x00, 0x00, 0x00, 0x00,
  0x00, 0x00, 0x00, 0x00, 0x00, 0x00, 0x00, 0x00, 0x00, 0x00, 0x00, 0x00,
  0x00, 0x00, 0x00, 0x00, 0x00, 0x00, 0x00, 0x00, 0x00, 0x00, 0x00, 0x00,
  0x00, 0x00, 0x00, 0x00, 0x00, 0x00, 0x00, 0x00, 0x00, 0x00, 0x00, 0x00,
  0x00, 0x00, 0x00, 0x00, 0x00, 0x00, 0x00, 0x00, 0x00, 0x00, 0x00, 0x00,
  0x00, 0x00, 0x00, 0x00, 0x00, 0x00, 0x00, 0x00, 0x00, 0x00, 0x00, 0x00,
  0x00, 0x00, 0x00, 0x00, 0x00, 0x00, 0x00, 0x00, 0x00, 0x00, 0x00, 0x00,
  0x00, 0x00, 0x00, 0x00, 0x00, 0x00, 0x00, 0x00, 0x00, 0x00, 0x00, 0x00,
  0x00, 0x00, 0x00, 0x00, 0x00, 0x00, 0x00, 0x00, 0x00, 0x00, 0x00, 0x00,
  0x00, 0x00, 0x00, 0x00, 0x00, 0x00, 0x00, 0x00, 0x00, 0x00, 0x00, 0x00,
  0x00, 0x00, 0x00, 0x00, 0x00, 0x00, 0x00, 0x00, 0x00, 0x00, 0x00, 0x00,
  0x00, 0x00, 0x00, 0x00, 0x00, 0x00, 0x00, 0x00, 0x00, 0x00, 0x00, 0x00,
  0x00, 0x00, 0x00, 0x00, 0x00, 0x00, 0x00, 0x00, 0x00, 0x00, 0x00, 0x00,
  0x00, 0x00, 0x00, 0x00, 0x00, 0x00, 0x00, 0x00, 0x00, 0x00, 0x00, 0x00,
  0x00, 0x00, 0x00, 0x00, 0x00, 0x00, 0x00, 0x00, 0x00, 0x00, 0x00, 0x00,
  0x00, 0x00, 0x00, 0x00, 0x00, 0x00, 0x00, 0x00, 0x00, 0x00, 0x00, 0x00,
  0x00, 0x00, 0x00, 0x00, 0x00, 0x00, 0x00, 0x00, 0x00, 0x00, 0x00, 0x00,
  0x00, 0x00, 0x00, 0x00, 0x00, 0x00, 0x00, 0x00, 0x00, 0x00, 0x00, 0x00,
  0x00, 0x00, 0x00, 0x00, 0x00, 0x00, 0x00, 0x00, 0x00, 0x00, 0x00, 0x00,
  0x00, 0x00, 0x00, 0x00, 0x00, 0x00, 0x00, 0x00, 0x00, 0x00, 0x00, 0x00,
  0x00, 0x00, 0x00, 0x00, 0x00, 0x00, 0x00, 0x00, 0x00, 0x00, 0x00, 0x00,
  0x00, 0x00, 0x00, 0x00, 0x00, 0x00, 0x00, 0x00, 0x00, 0x00, 0x00, 0x00,
  0x00, 0x00, 0x00, 0x00, 0x00, 0x00, 0x00, 0x00, 0x00, 0x00, 0x00, 0x00,
  0x00, 0x00, 0x00, 0x00, 0x00, 0x00, 0x00, 0x00, 0x00, 0x00, 0x00, 0x00,
  0x00, 0x00, 0x00, 0x00, 0x00, 0x00, 0x00, 0x00, 0x00, 0x00, 0x00, 0x00,
  0x00, 0x00, 0x00, 0x00, 0x00, 0x00, 0x00, 0x00, 0x00, 0x00, 0x00, 0x00,
  0x00, 0x00, 0x00, 0x00, 0x00, 0x00, 0x00, 0x00, 0x00, 0x00, 0x00, 0x00,
  0x00, 0x00, 0x00, 0x00, 0x00, 0x00, 0x00, 0x00, 0x00, 0x00, 0x00, 0x00,
  0x00, 0x00, 0x00, 0x00, 0x00, 0x00, 0x00, 0x00, 0x00, 0x00, 0x00, 0x00,
  0x00, 0x00, 0x00, 0x00, 0x00, 0x00, 0x00, 0x00, 0x00, 0x00, 0x00, 0x00,
  0x00, 0x00, 0x00, 0x00, 0x00, 0x00, 0x00, 0x00, 0x00, 0x00, 0x00, 0x00,
  0x00, 0x00, 0x00, 0x00, 0x00, 0x00, 0x00, 0x00, 0x00, 0x00, 0x00, 0x00,
  0x00, 0x00, 0x00, 0x00, 0x00, 0x00, 0x00, 0x00, 0x00, 0x00, 0x00, 0x00,
  0x00, 0x00, 0x00, 0x00, 0x00, 0x00, 0x00, 0x00, 0x00, 0x00, 0x00, 0x00,
  0x00, 0x00, 0x00, 0x00, 0x00, 0x00, 0x00, 0x00, 0x00, 0x00, 0x00, 0x00,
  0x00, 0x00, 0x00, 0x00, 0x00, 0x00, 0x00, 0x00, 0x00, 0x00, 0x00, 0x00,
  0x00, 0x00, 0x00, 0x00, 0x00, 0x00, 0x00, 0x00, 0x00, 0x00, 0x00, 0x00,
  0x00, 0x00, 0x00, 0x00, 0x00, 0x00, 0x00, 0x00, 0x00, 0x00, 0x00, 0x00,
  0x00, 0x00, 0x00, 0x00, 0x00, 0x00, 0x00, 0x00, 0x00, 0x00, 0x00, 0x00,
  0x00, 0x00, 0x00, 0x00, 0x00, 0x00, 0x00, 0x00, 0x00, 0x00, 0x00, 0x00,
  0x00, 0x00, 0x00, 0x00, 0x00, 0x00, 0x00, 0x00, 0x00, 0x00, 0x00, 0x00,
  0x00, 0x00, 0x00, 0x00, 0x00, 0x00, 0x00, 0x00, 0x00, 0x00, 0x00, 0x00,
  0x00, 0x00, 0x00, 0x00, 0x00, 0x00, 0x00, 0x00, 0x00, 0x00, 0x00, 0x00,
  0x00, 0x00, 0x00, 0x00, 0x00, 0x00, 0x00, 0x00, 0x00, 0x00, 0x00, 0x00,
  0x00, 0x00, 0x00, 0x00, 0x00, 0x00, 0x00, 0x00, 0x00, 0x00, 0x00, 0x00,
  0x00, 0x00, 0x00, 0x00, 0x00, 0x00, 0x00, 0x00, 0x00, 0x00, 0x00, 0x00,
  0x00, 0x00, 0x00, 0x00, 0x00, 0x00, 0x00, 0x00, 0x00, 0x00, 0x00, 0x00,
  0x00, 0x00, 0x00, 0x00, 0x00, 0x00, 0x00, 0x00, 0x00, 0x00, 0x00, 0x00,
  0x00, 0x00, 0x00, 0x00, 0x00, 0x00, 0x00, 0x00, 0x00, 0x00, 0x00, 0x00,
  0x00, 0x00, 0x00, 0x00, 0x00, 0x00, 0x00, 0x00, 0x00, 0x00, 0x00, 0x00,
  0x00, 0x00, 0x00, 0x00, 0x00, 0x00, 0x00, 0x00, 0x00, 0x00, 0x00, 0x00,
  0x00, 0x00, 0x00, 0x00, 0x00, 0x00, 0x00, 0x00, 0x00, 0x00, 0x00, 0x00,
  0x00, 0x00, 0x00, 0x00, 0x00, 0x00, 0x00, 0x00, 0x00, 0x00, 0x00, 0x00,
  0x00, 0x00, 0x00, 0x00, 0x00, 0x00, 0x00, 0x00, 0x00, 0x00, 0x00, 0x00,
  0x00, 0x00, 0x00, 0x00, 0x00, 0x00, 0x00, 0x00, 0x00, 0x00, 0x00, 0x00,
  0x00, 0x00, 0x00, 0x00, 0x00, 0x00, 0x00, 0x00, 0x00, 0x00, 0x00, 0x00,
  0x00, 0x00, 0x00, 0x00, 0x00, 0x00, 0x00, 0x00, 0x00, 0x00, 0x00, 0x00,
  0x00, 0x00, 0x00, 0x00, 0x00, 0x00, 0x00, 0x00, 0x00, 0x00, 0x00, 0x00,
  0x00, 0x00, 0x00, 0x00, 0x00, 0x00, 0x00, 0x00, 0x00, 0x00, 0x00, 0x00,
  0x00, 0x00, 0x00, 0x00, 0x00, 0x00, 0x00, 0x00, 0x00, 0x00, 0x00, 0x00,
  0x00, 0x00, 0x00, 0x00, 0x00, 0x00, 0x00, 0x00, 0x00, 0x00, 0x00, 0x00,
  0x00, 0x00, 0x00, 0x00, 0x00, 0x00, 0x00, 0x00, 0x00, 0x00, 0x00, 0x00,
  0x00, 0x00, 0x00, 0x00, 0x00, 0x00, 0x00, 0x00, 0x00, 0x00, 0x00, 0x00,
  0x00, 0x00, 0x00, 0x00, 0x00, 0x00, 0x00, 0x00, 0x00, 0x00, 0x00, 0x00,
  0x00, 0x00, 0x00, 0x00, 0x00, 0x00, 0x00, 0x00, 0x00, 0x00, 0x00, 0x00,
  0x00, 0x00, 0x00, 0x00, 0x00, 0x00, 0x00, 0x00, 0x00, 0x00, 0x00, 0x00,
  0x00, 0x00, 0x00, 0x00, 0x00, 0x00, 0x00, 0x00, 0x00, 0x00, 0x00, 0x00,
  0x00, 0x00, 0x00, 0x00, 0x00, 0x00, 0x00, 0x00, 0x00, 0x00, 0x00, 0x00,
  0x00, 0x00, 0x00, 0x00, 0x00, 0x00, 0x00, 0x00, 0x00, 0x00, 0x00, 0x00,
  0x00, 0x00, 0x00, 0x00, 0x00, 0x00, 0x00, 0x00, 0x00, 0x00, 0x00, 0x00,
  0x00, 0x00, 0x00, 0x00, 0x00, 0x00, 0x00, 0x00, 0x00, 0x00, 0x00, 0x00,
  0x00, 0x00, 0x00, 0x00, 0x00, 0x00, 0x00, 0x00, 0x00, 0x00, 0x00, 0x00,
  0x00, 0x00, 0x00, 0x00, 0x00, 0x00, 0x00, 0x00, 0x00, 0x00, 0x00, 0x00,
  0x00, 0x00, 0x00, 0x00, 0x00, 0x00, 0x00, 0x00, 0x00, 0x00, 0x00, 0x00,
  0x00, 0x00, 0x00, 0x00, 0x00, 0x00, 0x00, 0x00, 0x00, 0x00, 0x00, 0x00,
  0x00, 0x00, 0x00, 0x00, 0x00, 0x00, 0x00, 0x00, 0x00, 0x00, 0x00, 0x00,
  0x00, 0x00, 0x00, 0x00, 0x00, 0x00, 0x00, 0x00, 0x00, 0x00, 0x00, 0x00,
  0x00, 0x00, 0x00, 0x00, 0x00, 0x00, 0x00, 0x00, 0x00, 0x00, 0x00, 0x00,
  0x00, 0x00, 0x00, 0x00, 0x00, 0x00, 0x00, 0x00, 0x00, 0x00, 0x00, 0x00,
  0x00, 0x00, 0x00, 0x00, 0x00, 0x00, 0x00, 0x00, 0x00, 0x00, 0x00, 0x00,
  0x00, 0x00, 0x00, 0x00, 0x00, 0x00, 0x00, 0x00, 0x00, 0x00, 0x00, 0x00,
  0x00, 0x00, 0x00, 0x00, 0x00, 0x00, 0x00, 0x00, 0x00, 0x00, 0x00, 0x00,
  0x00, 0x00, 0x00, 0x00, 0x00, 0x00, 0x00, 0x00, 0x00, 0x00, 0x00, 0x00,
  0x00, 0x00, 0x00, 0x00, 0x00, 0x00, 0x00, 0x00, 0x00, 0x00, 0x00, 0x00,
  0x00, 0x00, 0x00, 0x00, 0x00, 0x00, 0x00, 0x00, 0x00, 0x00, 0x00, 0x00,
  0x00, 0x00, 0x00, 0x00, 0x00, 0x00, 0x00, 0x00, 0x00, 0x00, 0x00, 0x00,
  0x00, 0x00, 0x00, 0x00, 0x00, 0x00, 0x00, 0x00, 0x00, 0x00, 0x00, 0x00,
  0x00, 0x00, 0x00, 0x00, 0x00, 0x00, 0x00, 0x00, 0x00, 0x00, 0x00, 0x00,
  0x00, 0x00, 0x00, 0x00, 0x00, 0x00, 0x00, 0x00, 0x00, 0x00, 0x00, 0x00,
  0x00, 0x00, 0x00, 0x00, 0x00, 0x00, 0x00, 0x00, 0x00, 0x00, 0x00, 0x00,
  0x00, 0x00, 0x00, 0x00, 0x00, 0x00, 0x00, 0x00, 0x00, 0x00, 0x00, 0x00,
  0x00, 0x00, 0x00, 0x00, 0x00, 0x00, 0x00, 0x00, 0x00, 0x00, 0x00, 0x00,
  0x00, 0x00, 0x00, 0x00, 0x00, 0x00, 0x00, 0x00, 0x00, 0x00, 0x00, 0x00,
  0x00, 0x00, 0x00, 0x00, 0x00, 0x00, 0x00, 0x00, 0x00, 0x00, 0x00, 0x00,
  0x00, 0x00, 0x00, 0x00, 0x00, 0x00, 0x00, 0x00, 0x00, 0x00, 0x00, 0x00,
  0x00, 0x00, 0x00, 0x00, 0x00, 0x00, 0x00, 0x00, 0x00, 0x00, 0x00, 0x00,
  0x00, 0x00, 0x00, 0x00, 0x00, 0x00, 0x00, 0x00, 0x00, 0x00, 0x00, 0x00,
  0x00, 0x00, 0x00, 0x00, 0x00, 0x00, 0x00, 0x00, 0x00, 0x00, 0x00, 0x00,
  0x00, 0x00, 0x00, 0x00, 0x00, 0x00, 0x00, 0x00, 0x00, 0x00, 0x00, 0x00,
  0x00, 0x00, 0x00, 0x00, 0x00, 0x00, 0x00, 0x00, 0x00, 0x00, 0x00, 0x00,
  0x00, 0x00, 0x00, 0x00, 0x00, 0x00, 0x00, 0x00, 0x00, 0x00, 0x00, 0x00,
  0x00, 0x00, 0x00, 0x00, 0x00, 0x00, 0x00, 0x00, 0x00, 0x00, 0x00, 0x00,
  0x00, 0x00, 0x00, 0x00, 0x00, 0x00, 0x00, 0x00, 0x00, 0x00, 0x00, 0x00,
  0x00, 0x00, 0x00, 0x00, 0x00, 0x00, 0x00, 0x00, 0x00, 0x00, 0x00, 0x00,
  0x00, 0x00, 0x00, 0x00, 0x00, 0x00, 0x00, 0x00, 0x00, 0x00, 0x00, 0x00,
  0x00, 0x00, 0x00, 0x00, 0x00, 0x00, 0x00, 0x00, 0x00, 0x00, 0x00, 0x00,
  0x00, 0x00, 0x00, 0x00, 0x00, 0x00, 0x00, 0x00, 0x00, 0x00, 0x00, 0x00,
  0x00, 0x00, 0x00, 0x00, 0x00, 0x00, 0x00, 0x00, 0x00, 0x00, 0x00, 0x00,
  0x00, 0x00, 0x00, 0x00, 0x00, 0x00, 0x00, 0x00, 0x00, 0x00, 0x00, 0x00,
  0x00, 0x00, 0x00, 0x00, 0x00, 0x00, 0x00, 0x00, 0x00, 0x00, 0x00, 0x00,
  0x00, 0x00, 0x00, 0x00, 0x00, 0x00, 0x00, 0x00, 0x00, 0x00, 0x00, 0x00,
  0x00, 0x00, 0x00, 0x00, 0x00, 0x00, 0x00, 0x00, 0x00, 0x00, 0x00, 0x00,
  0x00, 0x00, 0x00, 0x00, 0x00, 0x00, 0x00, 0x00, 0x00, 0x00, 0x00, 0x00,
  0x00, 0x00, 0x00, 0x00, 0x00, 0x00, 0x00, 0x00, 0x00, 0x00, 0x00, 0x00,
  0x00, 0x00, 0x00, 0x00, 0x00, 0x00, 0x00, 0x00, 0x00, 0x00, 0x00, 0x00,
  0x00, 0x00, 0x00, 0x00, 0x00, 0x00, 0x00, 0x00, 0x00, 0x00, 0x00, 0x00,
  0x00, 0x00, 0x00, 0x00, 0x00, 0x00, 0x00, 0x00, 0x00, 0x00, 0x00, 0x00,
  0x00, 0x00, 0x00, 0x00, 0x00, 0x00, 0x00, 0x00, 0x00, 0x00, 0x00, 0x00,
  0x00, 0x00, 0x00, 0x00, 0x00, 0x00, 0x00, 0x00, 0x00, 0x00, 0x00, 0x00,
  0x00, 0x00, 0x00, 0x00, 0x00, 0x00, 0x00, 0x00, 0x00, 0x00, 0x00, 0x00,
  0x00, 0x00, 0x00, 0x00, 0x00, 0x00, 0x00, 0x00, 0x00, 0x00, 0x00, 0x00,
  0x00, 0x00, 0x00, 0x00, 0x00, 0x00, 0x00, 0x00, 0x00, 0x00, 0x00, 0x00,
  0x00, 0x00, 0x00, 0x00, 0x00, 0x00, 0x00, 0x00, 0x00, 0x00, 0x00, 0x00,
  0x00, 0x00, 0x00, 0x00, 0x00, 0x00, 0x00, 0x00, 0x00, 0x00, 0x00, 0x00,
  0x00, 0x00, 0x00, 0x00, 0x00, 0x00, 0x00, 0x00, 0x00, 0x00, 0x00, 0x00,
  0x00, 0x00, 0x00, 0x00, 0x00, 0x00, 0x00, 0x00, 0x00, 0x00, 0x00, 0x00,
  0x00, 0x00, 0x00, 0x00, 0x00, 0x00, 0x00, 0x00, 0x00, 0x00, 0x00, 0x00,
  0x00, 0x00, 0x00, 0x00, 0x00, 0x00, 0x00, 0x00, 0x00, 0x00, 0x00, 0x00,
  0x00, 0x00, 0x00, 0x00, 0x00, 0x00, 0x00, 0x00, 0x00, 0x00, 0x00, 0x00,
  0x00, 0x00, 0x00, 0x00, 0x00, 0x00, 0x00, 0x00, 0x00, 0x00, 0x00, 0x00,
  0x00, 0x00, 0x00, 0x00, 0x00, 0x00, 0x00, 0x00, 0x00, 0x00, 0x00, 0x00,
  0x00, 0x00, 0x00, 0x00, 0x00, 0x00, 0x00, 0x00, 0x00, 0x00, 0x00, 0x00,
  0x00, 0x00, 0x00, 0x00, 0x00, 0x00, 0x00, 0x00, 0x00, 0x00, 0x00, 0x00,
  0x00, 0x00, 0x00, 0x00, 0x00, 0x00, 0x00, 0x00, 0x00, 0x00, 0x00, 0x00,
  0x00, 0x00, 0x00, 0x00, 0x00, 0x00, 0x00, 0x00, 0x00, 0x00, 0x00, 0x00,
  0x00, 0x00, 0x00, 0x00, 0x00, 0x00, 0x00, 0x00, 0x00, 0x00, 0x00, 0x00,
  0x00, 0x00, 0x00, 0x00, 0x00, 0x00, 0x00, 0x00, 0x00, 0x00, 0x00, 0x00,
  0x00, 0x00, 0x00, 0x00, 0x00, 0x00, 0x00, 0x00, 0x00, 0x00, 0x00, 0x00,
  0x00, 0x00, 0x00, 0x00, 0x00, 0x00, 0x00, 0x00, 0x00, 0x00, 0x00, 0x00,
  0x00, 0x00, 0x00, 0x00, 0x00, 0x00, 0x00, 0x00, 0x00, 0x00, 0x00, 0x00,
  0x00, 0x00, 0x00, 0x00, 0x00, 0x00, 0x00, 0x00, 0x00, 0x00, 0x00, 0x00,
  0x00, 0x00, 0x00, 0x00, 0x00, 0x00, 0x00, 0x00, 0x00, 0x00, 0x00, 0x00,
  0x00, 0x00, 0x00, 0x00, 0x00, 0x00, 0x00, 0x00, 0x00, 0x00, 0x00, 0x00,
  0x00, 0x00, 0x00, 0x00, 0x00, 0x00, 0x00, 0x00, 0x00, 0x00, 0x00, 0x00,
  0x00, 0x00, 0x00, 0x00, 0x00, 0x00, 0x00, 0x00, 0x00, 0x00, 0x00, 0x00,
  0x00, 0x00, 0x00, 0x00, 0x00, 0x00, 0x00, 0x00, 0x00, 0x00, 0x00, 0x00,
  0x00, 0x00, 0x00, 0x00, 0x00, 0x00, 0x00, 0x00, 0x00, 0x00, 0x00, 0x00,
  0x00, 0x00, 0x00, 0x00, 0x00, 0x00, 0x00, 0x00, 0x00, 0x00, 0x00, 0x00,
  0x00, 0x00, 0x00, 0x00, 0x00, 0x00, 0x00, 0x00, 0x00, 0x00, 0x00, 0x00,
  0x00, 0x00, 0x00, 0x00, 0x00, 0x00, 0x00, 0x00, 0x00, 0x00, 0x00, 0x00,
  0x00, 0x00, 0x00, 0x00, 0x00, 0x00, 0x00, 0x00, 0x00, 0x00, 0x00, 0x00,
  0x00, 0x00, 0x00, 0x00, 0x00, 0x00, 0x00, 0x00, 0x00, 0x00, 0x00, 0x00,
  0x00, 0x00, 0x00, 0x00, 0x00, 0x00, 0x00, 0x00, 0x00, 0x00, 0x00, 0x00,
  0x00, 0x00, 0x00, 0x00, 0x00, 0x00, 0x00, 0x00, 0x00, 0x00, 0x00, 0x00,
  0x00, 0x00, 0x00, 0x00, 0x00, 0x00, 0x00, 0x00, 0x00, 0x00, 0x00, 0x00,
  0x00, 0x00, 0x00, 0x00, 0x00, 0x00, 0x00, 0x00, 0x00, 0x00, 0x00, 0x00,
  0x00, 0x00, 0x00, 0x00, 0x00, 0x00, 0x00, 0x00, 0x00, 0x00, 0x00, 0x00,
  0x00, 0x00, 0x00, 0x00, 0x00, 0x00, 0x00, 0x00, 0x00, 0x00, 0x00, 0x00,
  0x00, 0x00, 0x00, 0x00, 0x00, 0x00, 0x00, 0x00, 0x00, 0x00, 0x00, 0x00,
  0x00, 0x00, 0x00, 0x00, 0x00, 0x00, 0x00, 0x00, 0x00, 0x00, 0x00, 0x00,
  0x00, 0x00, 0x00, 0x00, 0x00, 0x00, 0x00, 0x00, 0x00, 0x00, 0x00, 0x00,
  0x00, 0x00, 0x00, 0x00, 0x00, 0x00, 0x00, 0x00, 0x00, 0x00, 0x00, 0x00,
  0x00, 0x00, 0x00, 0x00, 0x00, 0x00, 0x00, 0x00, 0x00, 0x00, 0x00, 0x00,
  0x00, 0x00, 0x00, 0x00, 0x00, 0x00, 0x00, 0x00, 0x00, 0x00, 0x00, 0x00,
  0x00, 0x00, 0x00, 0x00, 0x00, 0x00, 0x00, 0x00, 0x00, 0x00, 0x00, 0x00,
  0x00, 0x00, 0x00, 0x00, 0x00, 0x00, 0x00, 0x00, 0x00, 0x00, 0x00, 0x00,
  0x00, 0x00, 0x00, 0x00, 0x00, 0x00, 0x00, 0x00, 0x00, 0x00, 0x00, 0x00,
  0x00, 0x00, 0x00, 0x00, 0x00, 0x00, 0x00, 0x00, 0x00, 0x00, 0x00, 0x00,
  0x00, 0x00, 0x00, 0x00, 0x00, 0x00, 0x00, 0x00, 0x00, 0x00, 0x00, 0x00,
  0x00, 0x00, 0x00, 0x00, 0x00, 0x00, 0x00, 0x00, 0x00, 0x00, 0x00, 0x00,
  0x00, 0x00, 0x00, 0x00, 0x00, 0x00, 0x00, 0x00, 0x00, 0x00, 0x00, 0x00,
  0x00, 0x00, 0x00, 0x00, 0x00, 0x00, 0x00, 0x00, 0x00, 0x00, 0x00, 0x00,
  0x00, 0x00, 0x00, 0x00, 0x00, 0x00, 0x00, 0x00, 0x00, 0x00, 0x00, 0x00,
  0x00, 0x00, 0x00, 0x00, 0x00, 0x00, 0x00, 0x00, 0x00, 0x00, 0x00, 0x00,
  0x00, 0x00, 0x00, 0x00, 0x00, 0x00, 0x00, 0x00, 0x00, 0x00, 0x00, 0x00,
  0x00, 0x00, 0x00, 0x00, 0x00, 0x00, 0x00, 0x00, 0x00, 0x00, 0x00, 0x00,
  0x00, 0x00, 0x00, 0x00, 0x00, 0x00, 0x00, 0x00, 0x00, 0x00, 0x00, 0x00,
  0x00, 0x00, 0x00, 0x00, 0x00, 0x00, 0x00, 0x00, 0x00, 0x00, 0x00, 0x00,
  0x00, 0x00, 0x00, 0x00, 0x00, 0x00, 0x00, 0x00, 0x00, 0x00, 0x00, 0x00,
  0x00, 0x00, 0x00, 0x00, 0x00, 0x00, 0x00, 0x00, 0x00, 0x00, 0x00, 0x00,
  0x00, 0x00, 0x00, 0x00, 0x00, 0x00, 0x00, 0x00, 0x00, 0x00, 0x00, 0x00,
  0x00, 0x00, 0x00, 0x00, 0x00, 0x00, 0x00, 0x00, 0x00, 0x00, 0x00, 0x00,
  0x00, 0x00, 0x00, 0x00, 0x00, 0x00, 0x00, 0x00, 0x00, 0x00, 0x00, 0x00,
  0x00, 0x00, 0x00, 0x00, 0x00, 0x00, 0x00, 0x00, 0x00, 0x00, 0x00, 0x00,
  0x00, 0x00, 0x00, 0x00, 0x00, 0x00, 0x00, 0x00, 0x00, 0x00, 0x00, 0x00,
  0x00, 0x00, 0x00, 0x00, 0x00, 0x00, 0x00, 0x00, 0x00, 0x00, 0x00, 0x00,
  0x00, 0x00, 0x00, 0x00, 0x00, 0x00, 0x00, 0x00, 0x00, 0x00, 0x00, 0x00,
  0x00, 0x00, 0x00, 0x00, 0x00, 0x00, 0x00, 0x00, 0x00, 0x00, 0x00, 0x00,
  0x00, 0x00, 0x00, 0x00, 0x00, 0x00, 0x00, 0x00, 0x00, 0x00, 0x00, 0x00,
  0x00, 0x00, 0x00, 0x00, 0x00, 0x00, 0x00, 0x00, 0x00, 0x00, 0x00, 0x00,
  0x00, 0x00, 0x00, 0x00, 0x00, 0x00, 0x00, 0x00, 0x00, 0x00, 0x00, 0x00,
  0x00, 0x00, 0x00, 0x00, 0x00, 0x00, 0x00, 0x00, 0x00, 0x00, 0x00, 0x00,
  0x00, 0x00, 0x00, 0x00, 0x00, 0x00, 0x00, 0x00, 0x00, 0x00, 0x00, 0x00,
  0x00, 0x00, 0x00, 0x00, 0x00, 0x00, 0x00, 0x00, 0x00, 0x00, 0x00, 0x00,
  0x00, 0x00, 0x00, 0x00, 0x00, 0x00, 0x00, 0x00, 0x00, 0x00, 0x00, 0x00,
  0x00, 0x00, 0x00, 0x00, 0x00, 0x00, 0x00, 0x00, 0x00, 0x00, 0x00, 0x00,
  0x00, 0x00, 0x00, 0x00, 0x00, 0x00, 0x00, 0x00, 0x00, 0x00, 0x00, 0x00,
  0x00, 0x00, 0x00, 0x00, 0x00, 0x00, 0x00, 0x00, 0x00, 0x00, 0x00, 0x00,
  0x00, 0x00, 0x00, 0x00, 0x00, 0x00, 0x00, 0x00, 0x00, 0x00, 0x00, 0x00,
  0x00, 0x00, 0x00, 0x00, 0x00, 0x00, 0x00, 0x00, 0x00, 0x00, 0x00, 0x00,
  0x00, 0x00, 0x00, 0x00, 0x00, 0x00, 0x00, 0x00, 0x00, 0x00, 0x00, 0x00,
  0x00, 0x00, 0x00, 0x00, 0x00, 0x00, 0x00, 0x00, 0x00, 0x00, 0x00, 0x00,
  0x00, 0x00, 0x00, 0x00, 0x00, 0x00, 0x00, 0x00, 0x00, 0x00, 0x00, 0x00,
  0x00, 0x00, 0x00, 0x00, 0x00, 0x00, 0x00, 0x00, 0x00, 0x00, 0x00, 0x00,
  0x00, 0x00, 0x00, 0x00, 0x00, 0x00, 0x00, 0x00, 0x00, 0x00, 0x00, 0x00,
  0x00, 0x00, 0x00, 0x00, 0x00, 0x00, 0x00, 0x00, 0x00, 0x00, 0x00, 0x00,
  0x00, 0x00, 0x00, 0x00, 0x00, 0x00, 0x00, 0x00, 0x00, 0x00, 0x00, 0x00,
  0x00, 0x00, 0x00, 0x00, 0x00, 0x00, 0x00, 0x00, 0x00, 0x00, 0x00, 0x00,
  0x00, 0x00, 0x00, 0x00, 0x00, 0x00, 0x00, 0x00, 0x00, 0x00, 0x00, 0x00,
  0x00, 0x00, 0x00, 0x00, 0x00, 0x00, 0x00, 0x00, 0x00, 0x00, 0x00, 0x00,
  0x00, 0x00, 0x00, 0x00, 0x00, 0x00, 0x00, 0x00, 0x00, 0x00, 0x00, 0x00,
  0x00, 0x00, 0x00, 0x00, 0x00, 0x00, 0x00, 0x00, 0x00, 0x00, 0x00, 0x00,
  0x00, 0x00, 0x00, 0x00, 0x00, 0x00, 0x00, 0x00, 0x00, 0x00, 0x00, 0x00,
  0x00, 0x00, 0x00, 0x00, 0x00, 0x00, 0x00, 0x00, 0x00, 0x00, 0x00, 0x00,
  0x00, 0x00, 0x00, 0x00, 0x00, 0x00, 0x00, 0x00, 0x00, 0x00, 0x00, 0x00,
  0x00, 0x00, 0x00, 0x00, 0x00, 0x00, 0x00, 0x00, 0x00, 0x00, 0x00, 0x00,
  0x00, 0x00, 0x00, 0x00, 0x00, 0x00, 0x00, 0x00, 0x00, 0x00, 0x00, 0x00,
  0x00, 0x00, 0x00, 0x00, 0x00, 0x00, 0x00, 0x00, 0x00, 0x00, 0x00, 0x00,
  0x00, 0x00, 0x00, 0x00, 0x00, 0x00, 0x00, 0x00, 0x00, 0x00, 0x00, 0x00,
  0x00, 0x00, 0x00, 0x00, 0x00, 0x00, 0x00, 0x00, 0x00, 0x00, 0x00, 0x00,
  0x00, 0x00, 0x00, 0x00, 0x00, 0x00, 0x00, 0x00, 0x00, 0x00, 0x00, 0x00,
  0x00, 0x00, 0x00, 0x00, 0x00, 0x00, 0x00, 0x00, 0x00, 0x00, 0x00, 0x00,
  0x00, 0x00, 0x00, 0x00, 0x00, 0x00, 0x00, 0x00, 0x00, 0x00, 0x00, 0x00,
  0x00, 0x00, 0x00, 0x00, 0x00, 0x00, 0x00, 0x00, 0x00, 0x00, 0x00, 0x00,
  0x00, 0x00, 0x00, 0x00, 0x00, 0x00, 0x00, 0x00, 0x00, 0x00, 0x00, 0x00,
  0x00, 0x00, 0x00, 0x00, 0x00, 0x00, 0x00, 0x00, 0x00, 0x00, 0x00, 0x00,
  0x00, 0x00, 0x00, 0x00, 0x00, 0x00, 0x00, 0x00, 0x00, 0x00, 0x00, 0x00,
  0x00, 0x00, 0x00, 0x00, 0x00, 0x00, 0x00, 0x00, 0x00, 0x00, 0x00, 0x00,
  0x00, 0x00, 0x00, 0x00, 0x00, 0x00, 0x00, 0x00, 0x00, 0x00, 0x00, 0x00,
  0x00, 0x00, 0x00, 0x00, 0x00, 0x00, 0x00, 0x00, 0x00, 0x00, 0x00, 0x00,
  0x00, 0x00, 0x00, 0x00, 0x00, 0x00, 0x00, 0x00, 0x00, 0x00, 0x00, 0x00,
  0x00, 0x00, 0x00, 0x00, 0x00, 0x00, 0x00, 0x00, 0x00, 0x00, 0x00, 0x00,
  0x00, 0x00, 0x00, 0x00, 0x00, 0x00, 0x00, 0x00, 0x00, 0x00, 0x00, 0x00,
  0x00, 0x00, 0x00, 0x00, 0x00, 0x00, 0x00, 0x00, 0x00, 0x00, 0x00, 0x00,
  0x00, 0x00, 0x00, 0x00, 0x00, 0x00, 0x00, 0x00, 0x00, 0x00, 0x00, 0x00,
  0x00, 0x00, 0x00, 0x00, 0x00, 0x00, 0x00, 0x00, 0x00, 0x00, 0x00, 0x00,
  0x00, 0x00, 0x00, 0x00, 0x00, 0x00, 0x00, 0x00, 0x00, 0x00, 0x00, 0x00,
  0x00, 0x00, 0x00, 0x00, 0x00, 0x00, 0x00, 0x00, 0x00, 0x00, 0x00, 0x00,
  0x00, 0x00, 0x00, 0x00, 0x00, 0x00, 0x00, 0x00, 0x00, 0x00, 0x00, 0x00,
  0x00, 0x00, 0x00, 0x00, 0x00, 0x00, 0x00, 0x00, 0x00, 0x00, 0x00, 0x00,
  0x00, 0x00, 0x00, 0x00, 0x00, 0x00, 0x00, 0x00, 0x00, 0x00, 0x00, 0x00,
  0x00, 0x00, 0x00, 0x00, 0x00, 0x00, 0x00, 0x00, 0x00, 0x00, 0x00, 0x00,
  0x00, 0x00, 0x00, 0x00, 0x00, 0x00, 0x00, 0x00, 0x00, 0x00, 0x00, 0x00,
  0x00, 0x00, 0x00, 0x00, 0x00, 0x00, 0x00, 0x00, 0x00, 0x00, 0x00, 0x00,
  0x00, 0x00, 0x00, 0x00, 0x00, 0x00, 0x00, 0x00, 0x00, 0x00, 0x00, 0x00,
  0x00, 0x00, 0x00, 0x00, 0x00, 0x00, 0x00, 0x00, 0x00, 0x00, 0x00, 0x00,
  0x00, 0x00, 0x00, 0x00, 0x00, 0x00, 0x00, 0x00, 0x00, 0x00, 0x00, 0x00,
  0x00, 0x00, 0x00, 0x00, 0x00, 0x00, 0x00, 0x00, 0x00, 0x00, 0x00, 0x00,
  0x00, 0x00, 0x00, 0x00, 0x00, 0x00, 0x00, 0x00, 0x00, 0x00, 0x00, 0x00,
  0x00, 0x00, 0x00, 0x00, 0x00, 0x00, 0x00, 0x00, 0x00, 0x00, 0x00, 0x00,
  0x00, 0x00, 0x00, 0x00, 0x00, 0x00, 0x00, 0x00, 0x00, 0x00, 0x00, 0x00,
  0x00, 0x00, 0x00, 0x00, 0x00, 0x00, 0x00, 0x00, 0x00, 0x00, 0x00, 0x00,
  0x00, 0x00, 0x00, 0x00, 0x00, 0x00, 0x00, 0x00, 0x00, 0x00, 0x00, 0x00,
  0x00, 0x00, 0x00, 0x00, 0x00, 0x00, 0x00, 0x00, 0x00, 0x00, 0x00, 0x00,
  0x00, 0x00, 0x00, 0x00, 0x00, 0x00, 0x00, 0x00, 0x00, 0x00, 0x00, 0x00,
  0x00, 0x00, 0x00, 0x00, 0x00, 0x00, 0x00, 0x00, 0x00, 0x00, 0x00, 0x00,
  0x00, 0x00, 0x00, 0x00, 0x00, 0x00, 0x00, 0x00, 0x00, 0x00, 0x00, 0x00,
  0x00, 0x00, 0x00, 0x00, 0x00, 0x00, 0x00, 0x00, 0x00, 0x00, 0x00, 0x00,
  0x00, 0x00, 0x00, 0x00, 0x00, 0x00, 0x00, 0x00, 0x00, 0x00, 0x00, 0x00,
  0x00, 0x00, 0x00, 0x00, 0x00, 0x00, 0x00, 0x00, 0x00, 0x00, 0x00, 0x00,
  0x00, 0x00, 0x00, 0x00, 0x00, 0x00, 0x00, 0x00, 0x00, 0x00, 0x00, 0x00,
  0x00, 0x00, 0x00, 0x00, 0x00, 0x00, 0x00, 0x00, 0x00, 0x00, 0x00, 0x00,
  0x00, 0x00, 0x00, 0x00, 0x00, 0x00, 0x00, 0x00, 0x00, 0x00, 0x00, 0x00,
  0x00, 0x00, 0x00, 0x00, 0x00, 0x00, 0x00, 0x00, 0x00, 0x00, 0x00, 0x00,
  0x00, 0x00, 0x00, 0x00, 0x00, 0x00, 0x00, 0x00, 0x00, 0x00, 0x00, 0x00,
  0x00, 0x00, 0x00, 0x00, 0x00, 0x00, 0x00, 0x00, 0x00, 0x00, 0x00, 0x00,
  0x00, 0x00, 0x00, 0x00, 0x00, 0x00, 0x00, 0x00, 0x00, 0x00, 0x00, 0x00,
  0x00, 0x00, 0x00, 0x00, 0x00, 0x00, 0x00, 0x00, 0x00, 0x00, 0x00, 0x00,
  0x00, 0x00, 0x00, 0x00, 0x00, 0x00, 0x00, 0x00, 0x00, 0x00, 0x00, 0x00,
  0x00, 0x00, 0x00, 0x00, 0x00, 0x00, 0x00, 0x00, 0x00, 0x00, 0x00, 0x00,
  0x00, 0x00, 0x00, 0x00, 0x00, 0x00, 0x00, 0x00, 0x00, 0x00, 0x00, 0x00,
  0x00, 0x00, 0x00, 0x00, 0x00, 0x00, 0x00, 0x00, 0x00, 0x00, 0x00, 0x00,
  0x00, 0x00, 0x00, 0x00, 0x00, 0x00, 0x00, 0x00, 0x00, 0x00, 0x00, 0x00,
  0x00, 0x00, 0x00, 0x00, 0x00, 0x00, 0x00, 0x00, 0x00, 0x00, 0x00, 0x00,
  0x00, 0x00, 0x00, 0x00, 0x00, 0x00, 0x00, 0x00, 0x00, 0x00, 0x00, 0x00,
  0x00, 0x00, 0x00, 0x00, 0x00, 0x00, 0x00, 0x00, 0x00, 0x00, 0x00, 0x00,
  0x00, 0x00, 0x00, 0x00, 0x00, 0x00, 0x00, 0x00, 0x00, 0x00, 0x00, 0x00,
  0x00, 0x00, 0x00, 0x00, 0x00, 0x00, 0x00, 0x00, 0x00, 0x00, 0x00, 0x00,
  0x00, 0x00, 0x00, 0x00, 0x00, 0x00, 0x00, 0x00, 0x00, 0x00, 0x00, 0x00,
  0x00, 0x00, 0x00, 0x00, 0x00, 0x00, 0x00, 0x00, 0x00, 0x00, 0x00, 0x00,
  0x00, 0x00, 0x00, 0x00, 0x00, 0x00, 0x00, 0x00, 0x00, 0x00, 0x00, 0x00,
  0x00, 0x00, 0x00, 0x00, 0x00, 0x00, 0x00, 0x00, 0x00, 0x00, 0x00, 0x00,
  0x00, 0x00, 0x00, 0x00, 0x00, 0x00, 0x00, 0x00, 0x00, 0x00, 0x00, 0x00,
  0x00, 0x00, 0x00, 0x00, 0x00, 0x00, 0x00, 0x00, 0x00, 0x00, 0x00, 0x00,
  0x00, 0x00, 0x00, 0x00, 0x00, 0x00, 0x00, 0x00, 0x00, 0x00, 0x00, 0x00,
  0x00, 0x00, 0x00, 0x00, 0x00, 0x00, 0x00, 0x00, 0x00, 0x00, 0x00, 0x00,
  0x00, 0x00, 0x00, 0x00, 0x00, 0x00, 0x00, 0x00, 0x00, 0x00, 0x00, 0x00,
  0x00, 0x00, 0x00, 0x00, 0x00, 0x00, 0x00, 0x00, 0x00, 0x00, 0x00, 0x00,
  0x00, 0x00, 0x00, 0x00, 0x00, 0x00, 0x00, 0x00, 0x00, 0x00, 0x00, 0x00,
  0x00, 0x00, 0x00, 0x00, 0x00, 0x00, 0x00, 0x00, 0x00, 0x00, 0x00, 0x00,
  0x00, 0x00, 0x00, 0x00, 0x00, 0x00, 0x00, 0x00, 0x00, 0x00, 0x00, 0x00,
  0x00, 0x00, 0x00, 0x00, 0x00, 0x00, 0x00, 0x00, 0x00, 0x00, 0x00, 0x00,
  0x00, 0x00, 0x00, 0x00, 0x00, 0x00, 0x00, 0x00, 0x00, 0x00, 0x00, 0x00,
  0x00, 0x00, 0x00, 0x00, 0x00, 0x00, 0x00, 0x00, 0x00, 0x00, 0x00, 0x00,
  0x00, 0x00, 0x00, 0x00, 0x00, 0x00, 0x00, 0x00, 0x00, 0x00, 0x00, 0x00,
  0x00, 0x00, 0x00, 0x00, 0x00, 0x00, 0x00, 0x00, 0x00, 0x00, 0x00, 0x00,
  0x00, 0x00, 0x00, 0x00, 0x00, 0x00, 0x00, 0x00, 0x00, 0x00, 0x00, 0x00,
  0x00, 0x00, 0x00, 0x00, 0x00, 0x00, 0x00, 0x00, 0x00, 0x00, 0x00, 0x00,
  0x00, 0x00, 0x00, 0x00, 0x00, 0x00, 0x00, 0x00, 0x00, 0x00, 0x00, 0x00,
  0x00, 0x00, 0x00, 0x00, 0x00, 0x00, 0x00, 0x00, 0x00, 0x00, 0x00, 0x00,
  0x00, 0x00, 0x00, 0x00, 0x00, 0x00, 0x00, 0x00, 0x00, 0x00, 0x00, 0x00,
  0x00, 0x00, 0x00, 0x00, 0x00, 0x00, 0x00, 0x00, 0x00, 0x00, 0x00, 0x00,
  0x00, 0x00, 0x00, 0x00, 0x00, 0x00, 0x00, 0x00, 0x00, 0x00, 0x00, 0x00,
  0x00, 0x00, 0x00, 0x00, 0x00, 0x00, 0x00, 0x00, 0x00, 0x00, 0x00, 0x00,
  0x00, 0x00, 0x00, 0x00, 0x00, 0x00, 0x00, 0x00, 0x00, 0x00, 0x00, 0x00,
  0x00, 0x00, 0x00, 0x00, 0x00, 0x00, 0x00, 0x00, 0x00, 0x00, 0x00, 0x00,
  0x00, 0x00, 0x00, 0x00, 0x00, 0x00, 0x00, 0x00, 0x00, 0x00, 0x00, 0x00,
  0x00, 0x00, 0x00, 0x00, 0x00, 0x00, 0x00, 0x00, 0x00, 0x00, 0x00, 0x00,
  0x00, 0x00, 0x00, 0x00, 0x00, 0x00, 0x00, 0x00, 0x00, 0x00, 0x00, 0x00,
  0x00, 0x00, 0x00, 0x00, 0x00, 0x00, 0x00, 0x00, 0x00, 0x00, 0x00, 0x00,
  0x00, 0x00, 0x00, 0x00, 0x00, 0x00, 0x00, 0x00, 0x00, 0x00, 0x00, 0x00,
  0x00, 0x00, 0x00, 0x00, 0x00, 0x00, 0x00, 0x00, 0x00, 0x00, 0x00, 0x00,
  0x00, 0x00, 0x00, 0x00, 0x00, 0x00, 0x00, 0x00, 0x00, 0x00, 0x00, 0x00,
  0x00, 0x00, 0x00, 0x00, 0x00, 0x00, 0x00, 0x00, 0x00, 0x00, 0x00, 0x00,
  0x00, 0x00, 0x00, 0x00, 0x00, 0x00, 0x00, 0x00, 0x00, 0x00, 0x00, 0x00,
  0x00, 0x00, 0x00, 0x00, 0x00, 0x00, 0x00, 0x00, 0x00, 0x00, 0x00, 0x00,
  0x00, 0x00, 0x00, 0x00, 0x00, 0x00, 0x00, 0x00, 0x00, 0x00, 0x00, 0x00,
  0x00, 0x00, 0x00, 0x00, 0x00, 0x00, 0x00, 0x00, 0x00, 0x00, 0x00, 0x00,
  0x00, 0x00, 0x00, 0x00, 0x00, 0x00, 0x00, 0x00, 0x00, 0x00, 0x00, 0x00,
  0x00, 0x00, 0x00, 0x00, 0x00, 0x00, 0x00, 0x00, 0x00, 0x00, 0x00, 0x00,
  0x00, 0x00, 0x00, 0x00, 0x00, 0x00, 0x00, 0x00, 0x00, 0x00, 0x00, 0x00,
  0x00, 0x00, 0x00, 0x00, 0x00, 0x00, 0x00, 0x00, 0x00, 0x00, 0x00, 0x00,
  0x00, 0x00, 0x00, 0x00, 0x00, 0x00, 0x00, 0x00, 0x00, 0x00, 0x00, 0x00,
  0x00, 0x00, 0x00, 0x00, 0x00, 0x00, 0x00, 0x00, 0x00, 0x00, 0x00, 0x00,
  0x00, 0x00, 0x00, 0x00, 0x00, 0x00, 0x00, 0x00, 0x00, 0x00, 0x00, 0x00,
  0x00, 0x00, 0x00, 0x00, 0x00, 0x00, 0x00, 0x00, 0x00, 0x00, 0x00, 0x00,
  0x00, 0x00, 0x00, 0x00, 0x00, 0x00, 0x00, 0x00, 0x00, 0x00, 0x00, 0x00,
  0x00, 0x00, 0x00, 0x00, 0x00, 0x00, 0x00, 0x00, 0x00, 0x00, 0x00, 0x00,
  0x00, 0x00, 0x00, 0x00, 0x00, 0x00, 0x00, 0x00, 0x00, 0x00, 0x00, 0x00,
  0x00, 0x00, 0x00, 0x00, 0x00, 0x00, 0x00, 0x00, 0x00, 0x00, 0x00, 0x00,
  0x00, 0x00, 0x00, 0x00, 0x00, 0x00, 0x00, 0x00, 0x00, 0x00, 0x00, 0x00,
  0x00, 0x00, 0x00, 0x00, 0x00, 0x00, 0x00, 0x00, 0x00, 0x00, 0x00, 0x00,
  0x00, 0x00, 0x00, 0x00, 0x00, 0x00, 0x00, 0x00, 0x00, 0x00, 0x00, 0x00,
  0x00, 0x00, 0x00, 0x00, 0x00, 0x00, 0x00, 0x00, 0x00, 0x00, 0x00, 0x00,
  0x00, 0x00, 0x00, 0x00, 0x00, 0x00, 0x00, 0x00, 0x00, 0x00, 0x00, 0x00,
  0x00, 0x00, 0x00, 0x00, 0x00, 0x00, 0x00, 0x00, 0x00, 0x00, 0x00, 0x00,
  0x00, 0x00, 0x00, 0x00, 0x00, 0x00, 0x00, 0x00, 0x00, 0x00, 0x00, 0x00,
  0x00, 0x00, 0x00, 0x00, 0x00, 0x00, 0x00, 0x00, 0x00, 0x00, 0x00, 0x00,
  0x00, 0x00, 0x00, 0x00, 0x00, 0x00, 0x00, 0x00, 0x00, 0x00, 0x00, 0x00,
  0x00, 0x00, 0x00, 0x00, 0x00, 0x00, 0x00, 0x00, 0x00, 0x00, 0x00, 0x00,
  0x00, 0x00, 0x00, 0x00, 0x00, 0x00, 0x00, 0x00, 0x00, 0x00, 0x00, 0x00,
  0x00, 0x00, 0x00, 0x00, 0x00, 0x00, 0x00, 0x00, 0x00, 0x00, 0x00, 0x00,
  0x00, 0x00, 0x00, 0x00, 0x00, 0x00, 0x00, 0x00, 0x00, 0x00, 0x00, 0x00,
  0x00, 0x00, 0x00, 0x00, 0x00, 0x00, 0x00, 0x00, 0x00, 0x00, 0x00, 0x00,
  0x00, 0x00, 0x00, 0x00, 0x00, 0x00, 0x00, 0x00, 0x00, 0x00, 0x00, 0x00,
  0x00, 0x00, 0x00, 0x00, 0x00, 0x00, 0x00, 0x00, 0x00, 0x00, 0x00, 0x00,
  0x00, 0x00, 0x00, 0x00, 0x00, 0x00, 0x00, 0x00, 0x00, 0x00, 0x00, 0x00,
  0x00, 0x00, 0x00, 0x00, 0x00, 0x00, 0x00, 0x00, 0x00, 0x00, 0x00, 0x00,
  0x00, 0x00, 0x00, 0x00, 0x00, 0x00, 0x00, 0x00, 0x00, 0x00, 0x00, 0x00,
  0x00, 0x00, 0x00, 0x00, 0x00, 0x00, 0x00, 0x00, 0x00, 0x00, 0x00, 0x00,
  0x00, 0x00, 0x00, 0x00, 0x00, 0x00, 0x00, 0x00, 0x00, 0x00, 0x00, 0x00,
  0x00, 0x00, 0x00, 0x00, 0x00, 0x00, 0x00, 0x00, 0x00, 0x00, 0x00, 0x00,
  0x00, 0x00, 0x00, 0x00, 0x00, 0x00, 0x00, 0x00, 0x00, 0x00, 0x00, 0x00,
  0x00, 0x00, 0x00, 0x00, 0x00, 0x00, 0x00, 0x00, 0x00, 0x00, 0x00, 0x00,
  0x00, 0x00, 0x00, 0x00, 0x00, 0x00, 0x00, 0x00, 0x00, 0x00, 0x00, 0x00,
  0x00, 0x00, 0x00, 0x00, 0x00, 0x00, 0x00, 0x00, 0x00, 0x00, 0x00, 0x00,
  0x00, 0x00, 0x00, 0x00, 0x00, 0x00, 0x00, 0x00, 0x00, 0x00, 0x00, 0x00,
  0x00, 0x00, 0x00, 0x00, 0x00, 0x00, 0x00, 0x00, 0x00, 0x00, 0x00, 0x00,
  0x00, 0x00, 0x00, 0x00, 0x00, 0x00, 0x00, 0x00, 0x00, 0x00, 0x00, 0x00,
  0x00, 0x00, 0x00, 0x00, 0x00, 0x00, 0x00, 0x00, 0x00, 0x00, 0x00, 0x00,
  0x00, 0x00, 0x00, 0x00, 0x00, 0x00, 0x00, 0x00, 0x00, 0x00, 0x00, 0x00,
  0x00, 0x00, 0x00, 0x00, 0x00, 0x00, 0x00, 0x00, 0x00, 0x00, 0x00, 0x00,
  0x00, 0x00, 0x00, 0x00, 0x00, 0x00, 0x00, 0x00, 0x00, 0x00, 0x00, 0x00,
  0x00, 0x00, 0x00, 0x00, 0x00, 0x00, 0x00, 0x00, 0x00, 0x00, 0x00, 0x00,
  0x00, 0x00, 0x00, 0x00, 0x00, 0x00, 0x00, 0x00, 0x00, 0x00, 0x00, 0x00,
  0x00, 0x00, 0x00, 0x00, 0x00, 0x00, 0x00, 0x00, 0x00, 0x00, 0x00, 0x00,
  0x00, 0x00, 0x00, 0x00, 0x00, 0x00, 0x00, 0x00, 0x00, 0x00, 0x00, 0x00,
  0x00, 0x00, 0x00, 0x00, 0x00, 0x00, 0x00, 0x00, 0x00, 0x00, 0x00, 0x00,
  0x00, 0x00, 0x00, 0x00, 0x00, 0x00, 0x00, 0x00, 0x00, 0x00, 0x00, 0x00,
  0x00, 0x00, 0x00, 0x00, 0x00, 0x00, 0x00, 0x00, 0x00, 0x00, 0x00, 0x00,
  0x00, 0x00, 0x00, 0x00, 0x00, 0x00, 0x00, 0x00, 0x00, 0x00, 0x00, 0x00,
  0x00, 0x00, 0x00, 0x00, 0x00, 0x00, 0x00, 0x00, 0x00, 0x00, 0x00, 0x00,
  0x00, 0x00, 0x00, 0x00, 0x00, 0x00, 0x00, 0x00, 0x00, 0x00, 0x00, 0x00,
  0x00, 0x00, 0x00, 0x00, 0x00, 0x00, 0x00, 0x00, 0x00, 0x00, 0x00, 0x00,
  0x00, 0x00, 0x00, 0x00, 0x00, 0x00, 0x00, 0x00, 0x00, 0x00, 0x00, 0x00,
  0x00, 0x00, 0x00, 0x00, 0x00, 0x00, 0x00, 0x00, 0x00, 0x00, 0x00, 0x00,
  0x00, 0x00, 0x00, 0x00, 0x00, 0x00, 0x00, 0x00, 0x00, 0x00, 0x00, 0x00,
  0x00, 0x00, 0x00, 0x00, 0x00, 0x00, 0x00, 0x00, 0x00, 0x00, 0x00, 0x00,
  0x00, 0x00, 0x00, 0x00, 0x00, 0x00, 0x00, 0x00, 0x00, 0x00, 0x00, 0x00,
  0x00, 0x00, 0x00, 0x00, 0x00, 0x00, 0x00, 0x00, 0x00, 0x00, 0x00, 0x00,
  0x00, 0x00, 0x00, 0x00, 0x00, 0x00, 0x00, 0x00, 0x00, 0x00, 0x00, 0x00,
  0x00, 0x00, 0x00, 0x00, 0x00, 0x00, 0x00, 0x00, 0x00, 0x00, 0x00, 0x00,
  0x00, 0x00, 0x00, 0x00, 0x00, 0x00, 0x00, 0x00, 0x00, 0x00, 0x00, 0x00,
  0x00, 0x00, 0x00, 0x00, 0x00, 0x00, 0x00, 0x00, 0x00, 0x00, 0x00, 0x00,
  0x00, 0x00, 0x00, 0x00, 0x00, 0x00, 0x00, 0x00, 0x00, 0x00, 0x00, 0x00,
  0x00, 0x00, 0x00, 0x00, 0x00, 0x00, 0x00, 0x00, 0x00, 0x00, 0x00, 0x00,
  0x00, 0x00, 0x00, 0x00, 0x00, 0x00, 0x00, 0x00, 0x00, 0x00, 0x00, 0x00,
  0x00, 0x00, 0x00, 0x00, 0x00, 0x00, 0x00, 0x00, 0x00, 0x00, 0x00, 0x00,
  0x00, 0x00, 0x00, 0x00, 0x00, 0x00, 0x00, 0x00, 0x00, 0x00, 0x00, 0x00,
  0x00, 0x00, 0x00, 0x00, 0x00, 0x00, 0x00, 0x00, 0x00, 0x00, 0x00, 0x00,
  0x00, 0x00, 0x00, 0x00, 0x00, 0x00, 0x00, 0x00, 0x00, 0x00, 0x00, 0x00,
  0x00, 0x00, 0x00, 0x00, 0x00, 0x00, 0x00, 0x00, 0x00, 0x00, 0x00, 0x00,
  0x00, 0x00, 0x00, 0x00, 0x00, 0x00, 0x00, 0x00, 0x00, 0x00, 0x00, 0x00,
  0x00, 0x00, 0x00, 0x00, 0x00, 0x00, 0x00, 0x00, 0x00, 0x00, 0x00, 0x00,
  0x00, 0x00, 0x00, 0x00, 0x00, 0x00, 0x00, 0x00, 0x00, 0x00, 0x00, 0x00,
  0x00, 0x00, 0x00, 0x00, 0x00, 0x00, 0x00, 0x00, 0x00, 0x00, 0x00, 0x00,
  0x00, 0x00, 0x00, 0x00, 0x00, 0x00, 0x00, 0x00, 0x00, 0x00, 0x00, 0x00,
  0x00, 0x00, 0x00, 0x00, 0x00, 0x00, 0x00, 0x00, 0x00, 0x00, 0x00, 0x00,
  0x00, 0x00, 0x00, 0x00, 0x00, 0x00, 0x00, 0x00, 0x00, 0x00, 0x00, 0x00,
  0x00, 0x00, 0x00, 0x00, 0x00, 0x00, 0x00, 0x00, 0x00, 0x00, 0x00, 0x00,
  0x00, 0x00, 0x00, 0x00, 0x00, 0x00, 0x00, 0x00, 0x00, 0x00, 0x00, 0x00,
  0x00, 0x00, 0x00, 0x00, 0x00, 0x00, 0x00, 0x00, 0x00, 0x00, 0x00, 0x00,
  0x00, 0x00, 0x00, 0x00, 0x00, 0x00, 0x00, 0x00, 0x00, 0x00, 0x00, 0x00,
  0x00, 0x00, 0x00, 0x00, 0x00, 0x00, 0x00, 0x00, 0x00, 0x00, 0x00, 0x00,
  0x00, 0x00, 0x00, 0x00, 0x00, 0x00, 0x00, 0x00, 0x00, 0x00, 0x00, 0x00,
  0x00, 0x00, 0x00, 0x00, 0x00, 0x00, 0x00, 0x00, 0x00, 0x00, 0x00, 0x00,
  0x00, 0x00, 0x00, 0x00, 0x00, 0x00, 0x00, 0x00, 0x00, 0x00, 0x00, 0x00,
  0x00, 0x00, 0x00, 0x00, 0x00, 0x00, 0x00, 0x00, 0x00, 0x00, 0x00, 0x00,
  0x00, 0x00, 0x00, 0x00, 0x00, 0x00, 0x00, 0x00, 0x00, 0x00, 0x00, 0x00,
  0x00, 0x00, 0x00, 0x00, 0x00, 0x00, 0x00, 0x00, 0x00, 0x00, 0x00, 0x00,
  0x00, 0x00, 0x00, 0x00, 0x00, 0x00, 0x00, 0x00, 0x00, 0x00, 0x00, 0x00,
  0x00, 0x00, 0x00, 0x00, 0x00, 0x00, 0x00, 0x00, 0x00, 0x00, 0x00, 0x00,
  0x00, 0x00, 0x00, 0x00, 0x00, 0x00, 0x00, 0x00, 0x00, 0x00, 0x00, 0x00,
  0x00, 0x00, 0x00, 0x00, 0x00, 0x00, 0x00, 0x00, 0x00, 0x00, 0x00, 0x00,
  0x00, 0x00, 0x00, 0x00, 0x00, 0x00, 0x00, 0x00, 0x00, 0x00, 0x00, 0x00,
  0x00, 0x00, 0x00, 0x00, 0x00, 0x00, 0x00, 0x00, 0x00, 0x00, 0x00, 0x00,
  0x00, 0x00, 0x00, 0x00, 0x00, 0x00, 0x00, 0x00, 0x00, 0x00, 0x00, 0x00,
  0x00, 0x00, 0x00, 0x00, 0x00, 0x00, 0x00, 0x00, 0x00, 0x00, 0x00, 0x00,
  0x00, 0x00, 0x00, 0x00, 0x00, 0x00, 0x00, 0x00, 0x00, 0x00, 0x00, 0x00,
  0x00, 0x00, 0x00, 0x00, 0x00, 0x00, 0x00, 0x00, 0x00, 0x00, 0x00, 0x00,
  0x00, 0x00, 0x00, 0x00, 0x00, 0x00, 0x00, 0x00, 0x00, 0x00, 0x00, 0x00,
  0x00, 0x00, 0x00, 0x00, 0x00, 0x00, 0x00, 0x00, 0x00, 0x00, 0x00, 0x00,
  0x00, 0x00, 0x00, 0x00, 0x00, 0x00, 0x00, 0x00, 0x00, 0x00, 0x00, 0x00,
  0x00, 0x00, 0x00, 0x00, 0x00, 0x00, 0x00, 0x00, 0x00, 0x00, 0x00, 0x00,
  0x00, 0x00, 0x00, 0x00, 0x00, 0x00, 0x00, 0x00, 0x00, 0x00, 0x00, 0x00,
  0x00, 0x00, 0x00, 0x00, 0x00, 0x00, 0x00, 0x00, 0x00, 0x00, 0x00, 0x00,
  0x00, 0x00, 0x00, 0x00, 0x00, 0x00, 0x00, 0x00, 0x00, 0x00, 0x00, 0x00,
  0x00, 0x00, 0x00, 0x00, 0x00, 0x00, 0x00, 0x00, 0x00, 0x00, 0x00, 0x00,
  0x00, 0x00, 0x00, 0x00, 0x00, 0x00, 0x00, 0x00, 0x00, 0x00, 0x00, 0x00,
  0x00, 0x00, 0x00, 0x00, 0x00, 0x00, 0x00, 0x00, 0x00, 0x00, 0x00, 0x00,
  0x00, 0x00, 0x00, 0x00, 0x00, 0x00, 0x00, 0x00, 0x00, 0x00, 0x00, 0x00,
  0x00, 0x00, 0x00, 0x00, 0x00, 0x00, 0x00, 0x00, 0x00, 0x00, 0x00, 0x00,
  0x00, 0x00, 0x00, 0x00, 0x00, 0x00, 0x00, 0x00, 0x00, 0x00, 0x00, 0x00,
  0x00, 0x00, 0x00, 0x00, 0x00, 0x00, 0x00, 0x00, 0x00, 0x00, 0x00, 0x00,
  0x00, 0x00, 0x00, 0x00, 0x00, 0x00, 0x00, 0x00, 0x00, 0x00, 0x00, 0x00,
  0x00, 0x00, 0x00, 0x00, 0x00, 0x00, 0x00, 0x00, 0x00, 0x00, 0x00, 0x00,
  0x00, 0x00, 0x00, 0x00, 0x00, 0x00, 0x00, 0x00, 0x00, 0x00, 0x00, 0x00,
  0x00, 0x00, 0x00, 0x00, 0x00, 0x00, 0x00, 0x00, 0x00, 0x00, 0x00, 0x00,
  0x00, 0x00, 0x00, 0x00, 0x00, 0x00, 0x00, 0x00, 0x00, 0x00, 0x00, 0x00,
  0x00, 0x00, 0x00, 0x00, 0x00, 0x00, 0x00, 0x00, 0x00, 0x00, 0x00, 0x00,
  0x00, 0x00, 0x00, 0x00, 0x00, 0x00, 0x00, 0x00, 0x00, 0x00, 0x00, 0x00,
  0x00, 0x00, 0x00, 0x00, 0x00, 0x00, 0x00, 0x00, 0x00, 0x00, 0x00, 0x00,
  0x00, 0x00, 0x00, 0x00, 0x00, 0x00, 0x00, 0x00, 0x00, 0x00, 0x00, 0x00,
  0x00, 0x00, 0x00, 0x00, 0x00, 0x00, 0x00, 0x00, 0x00, 0x00, 0x00, 0x00,
  0x00, 0x00, 0x00, 0x00, 0x00, 0x00, 0x00, 0x00, 0x00, 0x00, 0x00, 0x00,
  0x00, 0x00, 0x00, 0x00, 0x00, 0x00, 0x00, 0x00, 0x00, 0x00, 0x00, 0x00,
  0x00, 0x00, 0x00, 0x64, 0x00, 0x00, 0x00, 0x05, 0x00, 0x00, 0x00, 0x00,
  0x00, 0x00, 0x00, 0x00, 0x00, 0x00, 0x00, 0x00, 0x00, 0x00, 0x00, 0x00,
  0x00, 0x00, 0x00, 0x00, 0x00, 0x00, 0x00, 0x00, 0x00, 0x00, 0x00, 0x00,
  0x00, 0x00, 0x00, 0x00, 0x00, 0x00, 0x00, 0x00, 0x00, 0x00, 0x00, 0x00,
  0x00, 0x00, 0x00, 0x00, 0x00, 0x00, 0x00, 0x00, 0x00, 0x00, 0x00, 0x00,
  0x00, 0x00, 0x00, 0x00, 0x00, 0x00, 0x00, 0x00, 0x00, 0x00, 0x00, 0x00,
  0x00, 0x00, 0x00, 0x00, 0x00, 0x00, 0x00, 0x00, 0x00, 0x00, 0x00, 0x00,
  0x00, 0x00, 0x00, 0x00, 0x00, 0x00, 0x00, 0x00, 0x00, 0x00, 0x00, 0x00,
  0x00, 0x00, 0x00, 0x00, 0x00, 0x00, 0x00, 0x00, 0x00, 0x00, 0x00, 0x00,
  0x00, 0x00, 0x00, 0x00, 0x08, 0x00, 0x00, 0x00, 0x00, 0x00, 0x00, 0x00,
  0x0a, 0x00, 0x00, 0x00, 0x2b, 0x00, 0x00, 0x00, 0x3e, 0x28, 0x00, 0x00,
  0x00, 0x00, 0x00, 0x00, 0x0c, 0x00, 0x00, 0x00, 0x00, 0x00, 0x00, 0x00,
  0x0a, 0x00, 0x00, 0x00, 0x2b, 0x00, 0x00, 0x00, 0x6e, 0x0c, 0x00, 0x00,
  0x00, 0x00, 0x00, 0x00, 0x10, 0x00, 0x00, 0x00, 0x00, 0x00, 0x00, 0x00,
  0x0a, 0x00, 0x00, 0x00, 0x2b, 0x00, 0x00, 0x00, 0x3d, 0x4c, 0x00, 0x00,
  0x00, 0x00, 0x00, 0x00, 0x14, 0x00, 0x00, 0x00, 0x00, 0x00, 0x00, 0x00,
  0x0a, 0x00, 0x00, 0x00, 0x2b, 0x00, 0x00, 0x00, 0x6e, 0x12, 0x00, 0x00,
  0x00, 0x00, 0x00, 0x00, 0x18, 0x00, 0x00, 0x00, 0x00, 0x00, 0x00, 0x00,
  0x0a, 0x00, 0x00, 0x00, 0x2b, 0x00, 0x00, 0x00, 0xcb, 0x2e, 0x00, 0x00,
  0x00, 0x00, 0x00, 0x00, 0x1c, 0x00, 0x00, 0x00, 0x00, 0x00, 0x00, 0x00,
  0x0a, 0x00, 0x00, 0x00, 0x2b, 0x00, 0x00, 0x00, 0x2e, 0x46, 0x00, 0x00,
  0x00, 0x00, 0x00, 0x00, 0x20, 0x00, 0x00, 0x00, 0x00, 0x00, 0x00, 0x00,
  0x0a, 0x00, 0x00, 0x00, 0x2b, 0x00, 0x00, 0x00, 0x97, 0x42, 0x00, 0x00,
  0x00, 0x00, 0x00, 0x00, 0x24, 0x00, 0x00, 0x00, 0x00, 0x00, 0x00, 0x00,
  0x0a, 0x00, 0x00, 0x00, 0x2b, 0x00, 0x00, 0x00, 0x73, 0x37, 0x00, 0x00,
  0x00, 0x00, 0x00, 0x00, 0x28, 0x00, 0x00, 0x00, 0x00, 0x00, 0x00, 0x00,
  0x0a, 0x00, 0x00, 0x00, 0x2b, 0x00, 0x00, 0x00, 0xb6, 0x56, 0x00, 0x00,
  0x00, 0x00, 0x00, 0x00, 0x2c, 0x00, 0x00, 0x00, 0x00, 0x00, 0x00, 0x00,
  0x0a, 0x00, 0x00, 0x00, 0x2b, 0x00, 0x00, 0x00, 0xb6, 0x48, 0x00, 0x00,
  0x00, 0x00, 0x00, 0x00, 0x30, 0x00, 0x00, 0x00, 0x00, 0x00, 0x00, 0x00,
  0x0a, 0x00, 0x00, 0x00, 0x2b, 0x00, 0x00, 0x00, 0x43, 0x0f, 0x00, 0x00,
  0x00, 0x00, 0x00, 0x00, 0x34, 0x00, 0x00, 0x00, 0x00, 0x00, 0x00, 0x00,
  0x0a, 0x00, 0x00, 0x00, 0x2b, 0x00, 0x00, 0x00, 0x6f, 0x0f, 0x00, 0x00,
  0x00, 0x00, 0x00, 0x00, 0x38, 0x00, 0x00, 0x00, 0x00, 0x00, 0x00, 0x00,
  0x0a, 0x00, 0x00, 0x00, 0x2b, 0x00, 0x00, 0x00, 0xd0, 0x2e, 0x00, 0x00,
  0x00, 0x00, 0x00, 0x00, 0x3c, 0x00, 0x00, 0x00, 0x00, 0x00, 0x00, 0x00,
  0x0a, 0x00, 0x00, 0x00, 0x2b, 0x00, 0x00, 0x00, 0x4a, 0x17, 0x00, 0x00,
  0x00, 0x00, 0x00, 0x00, 0x40, 0x00, 0x00, 0x00, 0x00, 0x00, 0x00, 0x00,
  0x0a, 0x00, 0x00, 0x00, 0x2b, 0x00, 0x00, 0x00, 0xa1, 0x19, 0x00, 0x00,
  0x00, 0x00, 0x00, 0x00, 0x4c, 0x00, 0x00, 0x00, 0x00, 0x00, 0x00, 0x00,
  0x0a, 0x00, 0x00, 0x00, 0x2b, 0x00, 0x00, 0x00, 0x3e, 0x28, 0x00, 0x00,
  0x00, 0x00, 0x00, 0x00, 0x50, 0x00, 0x00, 0x00, 0x00, 0x00, 0x00, 0x00,
  0x0a, 0x00, 0x00, 0x00, 0x2b, 0x00, 0x00, 0x00, 0x46, 0x3d, 0x00, 0x00,
  0x00, 0x00, 0x00, 0x00, 0x54, 0x00, 0x00, 0x00, 0x00, 0x00, 0x00, 0x00,
  0x0a, 0x00, 0x00, 0x00, 0x2b, 0x00, 0x00, 0x00, 0x3d, 0x4c, 0x00, 0x00,
  0x00, 0x00, 0x00, 0x00, 0x58, 0x00, 0x00, 0x00, 0x00, 0x00, 0x00, 0x00,
  0x0a, 0x00, 0x00, 0x00, 0x2b, 0x00, 0x00, 0x00, 0x68, 0x3a, 0x00, 0x00,
  0x00, 0x00, 0x00, 0x00, 0x5c, 0x00, 0x00, 0x00, 0x00, 0x00, 0x00, 0x00,
  0x0a, 0x00, 0x00, 0x00, 0x2b, 0x00, 0x00, 0x00, 0xcb, 0x2e, 0x00, 0x00,
  0x00, 0x00, 0x00, 0x00, 0x60, 0x00, 0x00, 0x00, 0x00, 0x00, 0x00, 0x00,
  0x0a, 0x00, 0x00, 0x00, 0x2b, 0x00, 0x00, 0x00, 0x2e, 0x46, 0x00, 0x00,
  0x00, 0x00, 0x00, 0x00, 0x64, 0x00, 0x00, 0x00, 0x00, 0x00, 0x00, 0x00,
  0x0a, 0x00, 0x00, 0x00, 0x2b, 0x00, 0x00, 0x00, 0x80, 0x3d, 0x00, 0x00,
  0x00, 0x00, 0x00, 0x00, 0x68, 0x00, 0x00, 0x00, 0x00, 0x00, 0x00, 0x00,
  0x0a, 0x00, 0x00, 0x00, 0x2b, 0x00, 0x00, 0x00, 0x57, 0x17, 0x00, 0x00,
  0x00, 0x00, 0x00, 0x00, 0x6c, 0x00, 0x00, 0x00, 0x00, 0x00, 0x00, 0x00,
  0x0a, 0x00, 0x00, 0x00, 0x2b, 0x00, 0x00, 0x00, 0x7d, 0x3f, 0x00, 0x00,
  0x00, 0x00, 0x00, 0x00, 0x70, 0x00, 0x00, 0x00, 0x00, 0x00, 0x00, 0x00,
  0x0a, 0x00, 0x00, 0x00, 0x2b, 0x00, 0x00, 0x00, 0x53, 0x51, 0x00, 0x00,
  0x00, 0x00, 0x00, 0x00, 0x74, 0x00, 0x00, 0x00, 0x00, 0x00, 0x00, 0x00,
  0x0a, 0x00, 0x00, 0x00, 0x2b, 0x00, 0x00, 0x00, 0x42, 0x46, 0x00, 0x00,
  0x00, 0x00, 0x00, 0x00, 0x78, 0x00, 0x00, 0x00, 0x00, 0x00, 0x00, 0x00,
  0x0a, 0x00, 0x00, 0x00, 0x2b, 0x00, 0x00, 0x00, 0x8e, 0x37, 0x00, 0x00,
  0x00, 0x00, 0x00, 0x00, 0x7c, 0x00, 0x00, 0x00, 0x00, 0x00, 0x00, 0x00,
  0x0a, 0x00, 0x00, 0x00, 0x2b, 0x00, 0x00, 0x00, 0x6b, 0x1f, 0x00, 0x00,
  0x00, 0x00, 0x00, 0x00, 0x80, 0x00, 0x00, 0x00, 0x00, 0x00, 0x00, 0x00,
  0x0a, 0x00, 0x00, 0x00, 0x2b, 0x00, 0x00, 0x00, 0xba, 0x05, 0x00, 0x00,
  0x00, 0x00, 0x00, 0x00, 0x84, 0x00, 0x00, 0x00, 0x00, 0x00, 0x00, 0x00,
  0x0a, 0x00, 0x00, 0x00, 0x2b, 0x00, 0x00, 0x00, 0xe0, 0x53, 0x00, 0x00,
  0x00, 0x00, 0x00, 0x00, 0x88, 0x00, 0x00, 0x00, 0x00, 0x00, 0x00, 0x00,
  0x0a, 0x00, 0x00, 0x00, 0x2b, 0x00, 0x00, 0x00, 0xad, 0x42, 0x00, 0x00,
  0x00, 0x00, 0x00, 0x00, 0x8c, 0x00, 0x00, 0x00, 0x00, 0x00, 0x00, 0x00,
  0x0a, 0x00, 0x00, 0x00, 0x2b, 0x00, 0x00, 0x00, 0x66, 0x34, 0x00, 0x00,
  0x00, 0x00, 0x00, 0x00, 0x90, 0x00, 0x00, 0x00, 0x00, 0x00, 0x00, 0x00,
  0x0a, 0x00, 0x00, 0x00, 0x2b, 0x00, 0x00, 0x00, 0xd4, 0x2e, 0x00, 0x00,
  0x00, 0x00, 0x00, 0x00, 0x94, 0x00, 0x00, 0x00, 0x00, 0x00, 0x00, 0x00,
  0x0a, 0x00, 0x00, 0x00, 0x2b, 0x00, 0x00, 0x00, 0x56, 0x46, 0x00, 0x00,
  0x00, 0x00, 0x00, 0x00, 0x98, 0x00, 0x00, 0x00, 0x00, 0x00, 0x00, 0x00,
  0x0a, 0x00, 0x00, 0x00, 0x2b, 0x00, 0x00, 0x00, 0xc7, 0x05, 0x00, 0x00,
  0x00, 0x00, 0x00, 0x00, 0x9c, 0x00, 0x00, 0x00, 0x00, 0x00, 0x00, 0x00,
  0x0a, 0x00, 0x00, 0x00, 0x2b, 0x00, 0x00, 0x00, 0x5d, 0x17, 0x00, 0x00,
  0x00, 0x00, 0x00, 0x00, 0xa0, 0x00, 0x00, 0x00, 0x00, 0x00, 0x00, 0x00,
  0x0a, 0x00, 0x00, 0x00, 0x2b, 0x00, 0x00, 0x00, 0x54, 0x4f, 0x00, 0x00,
  0x00, 0x00, 0x00, 0x00, 0xa4, 0x00, 0x00, 0x00, 0x00, 0x00, 0x00, 0x00,
  0x0a, 0x00, 0x00, 0x00, 0x2b, 0x00, 0x00, 0x00, 0x81, 0x1f, 0x00, 0x00,
  0x00, 0x00, 0x00, 0x00, 0xa8, 0x00, 0x00, 0x00, 0x00, 0x00, 0x00, 0x00,
  0x0a, 0x00, 0x00, 0x00, 0x2b, 0x00, 0x00, 0x00, 0xe5, 0x53, 0x00, 0x00,
  0x00, 0x00, 0x00, 0x00, 0xac, 0x00, 0x00, 0x00, 0x00, 0x00, 0x00, 0x00,
  0x0a, 0x00, 0x00, 0x00, 0x2b, 0x00, 0x00, 0x00, 0xdf, 0x58, 0x00, 0x00,
  0x00, 0x00, 0x00, 0x00, 0xb0, 0x00, 0x00, 0x00, 0x00, 0x00, 0x00, 0x00,
  0x0a, 0x00, 0x00, 0x00, 0x2b, 0x00, 0x00, 0x00, 0xb2, 0x42, 0x00, 0x00,
  0x00, 0x00, 0x00, 0x00, 0xb4, 0x00, 0x00, 0x00, 0x00, 0x00, 0x00, 0x00,
  0x0a, 0x00, 0x00, 0x00, 0x2b, 0x00, 0x00, 0x00, 0x6e, 0x4c, 0x00, 0x00,
  0x00, 0x00, 0x00, 0x00, 0xb8, 0x00, 0x00, 0x00, 0x00, 0x00, 0x00, 0x00,
  0x0a, 0x00, 0x00, 0x00, 0x2b, 0x00, 0x00, 0x00, 0x7c, 0x3a, 0x00, 0x00,
  0x00, 0x00, 0x00, 0x00, 0xbc, 0x00, 0x00, 0x00, 0x00, 0x00, 0x00, 0x00,
  0x0a, 0x00, 0x00, 0x00, 0x2b, 0x00, 0x00, 0x00, 0xcd, 0x05, 0x00, 0x00,
  0x00, 0x00, 0x00, 0x00, 0xc0, 0x00, 0x00, 0x00, 0x00, 0x00, 0x00, 0x00,
  0x0a, 0x00, 0x00, 0x00, 0x2b, 0x00, 0x00, 0x00, 0xd0, 0x2e, 0x00, 0x00,
  0x00, 0x00, 0x00, 0x00, 0xc4, 0x00, 0x00, 0x00, 0x00, 0x00, 0x00, 0x00,
  0x0a, 0x00, 0x00, 0x00, 0x2b, 0x00, 0x00, 0x00, 0xa3, 0x31, 0x00, 0x00,
  0x00, 0x00, 0x00, 0x00, 0xc8, 0x00, 0x00, 0x00, 0x00, 0x00, 0x00, 0x00,
  0x0a, 0x00, 0x00, 0x00, 0x2b, 0x00, 0x00, 0x00, 0xad, 0x22, 0x00, 0x00,
  0x00, 0x00, 0x00, 0x00, 0xcc, 0x00, 0x00, 0x00, 0x00, 0x00, 0x00, 0x00,
  0x0a, 0x00, 0x00, 0x00, 0x2b, 0x00, 0x00, 0x00, 0x98, 0x2b, 0x00, 0x00,
  0x00, 0x00, 0x00, 0x00, 0xd0, 0x00, 0x00, 0x00, 0x00, 0x00, 0x00, 0x00,
  0x0a, 0x00, 0x00, 0x00, 0x2b, 0x00, 0x00, 0x00, 0xea, 0x53, 0x00, 0x00,
  0x00, 0x00, 0x00, 0x00, 0xd4, 0x00, 0x00, 0x00, 0x00, 0x00, 0x00, 0x00,
  0x0a, 0x00, 0x00, 0x00, 0x2b, 0x00, 0x00, 0x00, 0x25, 0x03, 0x00, 0x00,
  0x00, 0x00, 0x00, 0x00, 0xd8, 0x00, 0x00, 0x00, 0x00, 0x00, 0x00, 0x00,
  0x0a, 0x00, 0x00, 0x00, 0x2b, 0x00, 0x00, 0x00, 0x8e, 0x3d, 0x00, 0x00,
  0x00, 0x00, 0x00, 0x00, 0xdc, 0x00, 0x00, 0x00, 0x00, 0x00, 0x00, 0x00,
  0x0a, 0x00, 0x00, 0x00, 0x2b, 0x00, 0x00, 0x00, 0xcd, 0x56, 0x00, 0x00,
  0x00, 0x00, 0x00, 0x00, 0xe0, 0x00, 0x00, 0x00, 0x00, 0x00, 0x00, 0x00,
  0x0a, 0x00, 0x00, 0x00, 0x2b, 0x00, 0x00, 0x00, 0x00, 0x00, 0x00, 0x00,
  0x00, 0x00, 0x00, 0x00, 0xe4, 0x00, 0x00, 0x00, 0x00, 0x00, 0x00, 0x00,
  0x0a, 0x00, 0x00, 0x00, 0x2b, 0x00, 0x00, 0x00, 0x28, 0x03, 0x00, 0x00,
  0x00, 0x00, 0x00, 0x00, 0xe8, 0x00, 0x00, 0x00, 0x00, 0x00, 0x00, 0x00,
  0x0a, 0x00, 0x00, 0x00, 0x2b, 0x00, 0x00, 0x00, 0xb8, 0x42, 0x00, 0x00,
  0x00, 0x00, 0x00, 0x00, 0xec, 0x00, 0x00, 0x00, 0x00, 0x00, 0x00, 0x00,
  0x0a, 0x00, 0x00, 0x00, 0x2b, 0x00, 0x00, 0x00, 0xde, 0x2e, 0x00, 0x00,
  0x00, 0x00, 0x00, 0x00, 0xf0, 0x00, 0x00, 0x00, 0x00, 0x00, 0x00, 0x00,
  0x0a, 0x00, 0x00, 0x00, 0x2b, 0x00, 0x00, 0x00, 0x3d, 0x09, 0x00, 0x00,
  0x00, 0x00, 0x00, 0x00, 0xf4, 0x00, 0x00, 0x00, 0x00, 0x00, 0x00, 0x00,
  0x0a, 0x00, 0x00, 0x00, 0x2b, 0x00, 0x00, 0x00, 0x85, 0x12, 0x00, 0x00,
  0x00, 0x00, 0x00, 0x00, 0xf8, 0x00, 0x00, 0x00, 0x00, 0x00, 0x00, 0x00,
  0x0a, 0x00, 0x00, 0x00, 0x2b, 0x00, 0x00, 0x00, 0x77, 0x0f, 0x00, 0x00,
  0x00, 0x00, 0x00, 0x00, 0xfc, 0x00, 0x00, 0x00, 0x00, 0x00, 0x00, 0x00,
  0x0a, 0x00, 0x00, 0x00, 0x2b, 0x00, 0x00, 0x00, 0x80, 0x3a, 0x00, 0x00,
  0x00, 0x00, 0x00, 0x00, 0x00, 0x01, 0x00, 0x00, 0x00, 0x00, 0x00, 0x00,
  0x0a, 0x00, 0x00, 0x00, 0x2b, 0x00, 0x00, 0x00, 0xa6, 0x2b, 0x00, 0x00,
  0x00, 0x00, 0x00, 0x00, 0x04, 0x01, 0x00, 0x00, 0x00, 0x00, 0x00, 0x00,
  0x0a, 0x00, 0x00, 0x00, 0x2b, 0x00, 0x00, 0x00, 0xb4, 0x22, 0x00, 0x00,
  0x00, 0x00, 0x00, 0x00, 0x08, 0x01, 0x00, 0x00, 0x00, 0x00, 0x00, 0x00,
  0x0a, 0x00, 0x00, 0x00, 0x2b, 0x00, 0x00, 0x00, 0xb1, 0x2b, 0x00, 0x00,
  0x00, 0x00, 0x00, 0x00, 0x0c, 0x01, 0x00, 0x00, 0x00, 0x00, 0x00, 0x00,
  0x0a, 0x00, 0x00, 0x00, 0x2b, 0x00, 0x00, 0x00, 0xdf, 0x48, 0x00, 0x00,
  0x00, 0x00, 0x00, 0x00, 0x10, 0x01, 0x00, 0x00, 0x00, 0x00, 0x00, 0x00,
  0x0a, 0x00, 0x00, 0x00, 0x2b, 0x00, 0x00, 0x00, 0xe3, 0x2e, 0x00, 0x00,
  0x00, 0x00, 0x00, 0x00, 0x14, 0x01, 0x00, 0x00, 0x00, 0x00, 0x00, 0x00,
  0x0a, 0x00, 0x00, 0x00, 0x2b, 0x00, 0x00, 0x00, 0x62, 0x17, 0x00, 0x00,
  0x00, 0x00, 0x00, 0x00, 0x18, 0x01, 0x00, 0x00, 0x00, 0x00, 0x00, 0x00,
  0x0a, 0x00, 0x00, 0x00, 0x2b, 0x00, 0x00, 0x00, 0xd5, 0x05, 0x00, 0x00,
  0x00, 0x00, 0x00, 0x00, 0x1c, 0x01, 0x00, 0x00, 0x00, 0x00, 0x00, 0x00,
  0x0a, 0x00, 0x00, 0x00, 0x2b, 0x00, 0x00, 0x00, 0x95, 0x12, 0x00, 0x00,
  0x00, 0x00, 0x00, 0x00, 0x20, 0x01, 0x00, 0x00, 0x00, 0x00, 0x00, 0x00,
  0x0a, 0x00, 0x00, 0x00, 0x2b, 0x00, 0x00, 0x00, 0x6b, 0x34, 0x00, 0x00,
  0x00, 0x00, 0x00, 0x00, 0x24, 0x01, 0x00, 0x00, 0x00, 0x00, 0x00, 0x00,
  0x0a, 0x00, 0x00, 0x00, 0x2b, 0x00, 0x00, 0x00, 0xde, 0x05, 0x00, 0x00,
  0x00, 0x00, 0x00, 0x00, 0x28, 0x01, 0x00, 0x00, 0x00, 0x00, 0x00, 0x00,
  0x0a, 0x00, 0x00, 0x00, 0x2b, 0x00, 0x00, 0x00, 0xdc, 0x56, 0x00, 0x00,
  0x00, 0x00, 0x00, 0x00, 0x2c, 0x01, 0x00, 0x00, 0x00, 0x00, 0x00, 0x00,
  0x0a, 0x00, 0x00, 0x00, 0x2b, 0x00, 0x00, 0x00, 0xee, 0x05, 0x00, 0x00,
  0x00, 0x00, 0x00, 0x00, 0x30, 0x01, 0x00, 0x00, 0x00, 0x00, 0x00, 0x00,
  0x0a, 0x00, 0x00, 0x00, 0x2b, 0x00, 0x00, 0x00, 0x96, 0x3d, 0x00, 0x00,
  0x00, 0x00, 0x00, 0x00, 0x34, 0x01, 0x00, 0x00, 0x00, 0x00, 0x00, 0x00,
  0x0a, 0x00, 0x00, 0x00, 0x2b, 0x00, 0x00, 0x00, 0xab, 0x14, 0x00, 0x00,
  0x00, 0x00, 0x00, 0x00, 0x38, 0x01, 0x00, 0x00, 0x00, 0x00, 0x00, 0x00,
  0x0a, 0x00, 0x00, 0x00, 0x2b, 0x00, 0x00, 0x00, 0x3c, 0x25, 0x00, 0x00,
  0x00, 0x00, 0x00, 0x00, 0x3c, 0x01, 0x00, 0x00, 0x00, 0x00, 0x00, 0x00,
  0x0a, 0x00, 0x00, 0x00, 0x2b, 0x00, 0x00, 0x00, 0x2e, 0x03, 0x00, 0x00,
  0x00, 0x00, 0x00, 0x00, 0x40, 0x01, 0x00, 0x00, 0x00, 0x00, 0x00, 0x00,
  0x0a, 0x00, 0x00, 0x00, 0x2b, 0x00, 0x00, 0x00, 0x77, 0x4c, 0x00, 0x00,
  0x00, 0x00, 0x00, 0x00, 0x44, 0x01, 0x00, 0x00, 0x00, 0x00, 0x00, 0x00,
  0x0a, 0x00, 0x00, 0x00, 0x2b, 0x00, 0x00, 0x00, 0x88, 0x1f, 0x00, 0x00,
  0x00, 0x00, 0x00, 0x00, 0x48, 0x01, 0x00, 0x00, 0x00, 0x00, 0x00, 0x00,
  0x0a, 0x00, 0x00, 0x00, 0x2b, 0x00, 0x00, 0x00, 0xe6, 0x48, 0x00, 0x00,
  0x00, 0x00, 0x00, 0x00, 0x4c, 0x01, 0x00, 0x00, 0x00, 0x00, 0x00, 0x00,
  0x0a, 0x00, 0x00, 0x00, 0x2b, 0x00, 0x00, 0x00, 0xef, 0x53, 0x00, 0x00,
  0x00, 0x00, 0x00, 0x00, 0x50, 0x01, 0x00, 0x00, 0x00, 0x00, 0x00, 0x00,
  0x0a, 0x00, 0x00, 0x00, 0x2b, 0x00, 0x00, 0x00, 0x5a, 0x4f, 0x00, 0x00,
  0x00, 0x00, 0x00, 0x00, 0x54, 0x01, 0x00, 0x00, 0x00, 0x00, 0x00, 0x00,
  0x0a, 0x00, 0x00, 0x00, 0x2b, 0x00, 0x00, 0x00, 0x9e, 0x3d, 0x00, 0x00,
  0x00, 0x00, 0x00, 0x00, 0x58, 0x01, 0x00, 0x00, 0x00, 0x00, 0x00, 0x00,
  0x0a, 0x00, 0x00, 0x00, 0x2b, 0x00, 0x00, 0x00, 0x53, 0x28, 0x00, 0x00,
  0x00, 0x00, 0x00, 0x00, 0x5c, 0x01, 0x00, 0x00, 0x00, 0x00, 0x00, 0x00,
  0x0a, 0x00, 0x00, 0x00, 0x2b, 0x00, 0x00, 0x00, 0x65, 0x51, 0x00, 0x00,
  0x00, 0x00, 0x00, 0x00, 0x60, 0x01, 0x00, 0x00, 0x00, 0x00, 0x00, 0x00,
  0x0a, 0x00, 0x00, 0x00, 0x2b, 0x00, 0x00, 0x00, 0x72, 0x34, 0x00, 0x00,
  0x00, 0x00, 0x00, 0x00, 0x64, 0x01, 0x00, 0x00, 0x00, 0x00, 0x00, 0x00,
  0x0a, 0x00, 0x00, 0x00, 0x2b, 0x00, 0x00, 0x00, 0xe9, 0x58, 0x00, 0x00,
  0x00, 0x00, 0x00, 0x00, 0x68, 0x01, 0x00, 0x00, 0x00, 0x00, 0x00, 0x00,
  0x0a, 0x00, 0x00, 0x00, 0x2b, 0x00, 0x00, 0x00, 0xb5, 0x14, 0x00, 0x00,
  0x00, 0x00, 0x00, 0x00, 0x6c, 0x01, 0x00, 0x00, 0x00, 0x00, 0x00, 0x00,
  0x0a, 0x00, 0x00, 0x00, 0x2b, 0x00, 0x00, 0x00, 0xae, 0x19, 0x00, 0x00,
  0x00, 0x00, 0x00, 0x00, 0x70, 0x01, 0x00, 0x00, 0x00, 0x00, 0x00, 0x00,
  0x0a, 0x00, 0x00, 0x00, 0x2b, 0x00, 0x00, 0x00, 0x99, 0x1f, 0x00, 0x00,
  0x00, 0x00, 0x00, 0x00, 0x74, 0x01, 0x00, 0x00, 0x00, 0x00, 0x00, 0x00,
  0x0a, 0x00, 0x00, 0x00, 0x2b, 0x00, 0x00, 0x00, 0x8a, 0x3f, 0x00, 0x00,
  0x00, 0x00, 0x00, 0x00, 0x78, 0x01, 0x00, 0x00, 0x00, 0x00, 0x00, 0x00,
  0x0a, 0x00, 0x00, 0x00, 0x2b, 0x00, 0x00, 0x00, 0xf4, 0x05, 0x00, 0x00,
  0x00, 0x00, 0x00, 0x00, 0x7c, 0x01, 0x00, 0x00, 0x00, 0x00, 0x00, 0x00,
  0x0a, 0x00, 0x00, 0x00, 0x2b, 0x00, 0x00, 0x00, 0xf4, 0x53, 0x00, 0x00,
  0x00, 0x00, 0x00, 0x00, 0x80, 0x01, 0x00, 0x00, 0x00, 0x00, 0x00, 0x00,
  0x0a, 0x00, 0x00, 0x00, 0x2b, 0x00, 0x00, 0x00, 0x33, 0x03, 0x00, 0x00,
  0x00, 0x00, 0x00, 0x00, 0x84, 0x01, 0x00, 0x00, 0x00, 0x00, 0x00, 0x00,
  0x0a, 0x00, 0x00, 0x00, 0x2b, 0x00, 0x00, 0x00, 0x0f, 0x00, 0x00, 0x00,
  0x00, 0x00, 0x00, 0x00, 0x88, 0x01, 0x00, 0x00, 0x00, 0x00, 0x00, 0x00,
  0x0a, 0x00, 0x00, 0x00, 0x2b, 0x00, 0x00, 0x00, 0x5b, 0x46, 0x00, 0x00,
  0x00, 0x00, 0x00, 0x00, 0x8c, 0x01, 0x00, 0x00, 0x00, 0x00, 0x00, 0x00,
  0x0a, 0x00, 0x00, 0x00, 0x2b, 0x00, 0x00, 0x00, 0xbc, 0x42, 0x00, 0x00,
  0x00, 0x00, 0x00, 0x00, 0x90, 0x01, 0x00, 0x00, 0x00, 0x00, 0x00, 0x00,
  0x0a, 0x00, 0x00, 0x00, 0x2b, 0x00, 0x00, 0x00, 0x99, 0x12, 0x00, 0x00,
  0x00, 0x00, 0x00, 0x00, 0x94, 0x01, 0x00, 0x00, 0x00, 0x00, 0x00, 0x00,
  0x0a, 0x00, 0x00, 0x00, 0x2b, 0x00, 0x00, 0x00, 0x67, 0x17, 0x00, 0x00,
  0x00, 0x00, 0x00, 0x00, 0x98, 0x01, 0x00, 0x00, 0x00, 0x00, 0x00, 0x00,
  0x0a, 0x00, 0x00, 0x00, 0x2b, 0x00, 0x00, 0x00, 0xa8, 0x3d, 0x00, 0x00,
  0x00, 0x00, 0x00, 0x00, 0x9c, 0x01, 0x00, 0x00, 0x00, 0x00, 0x00, 0x00,
  0x0a, 0x00, 0x00, 0x00, 0x2b, 0x00, 0x00, 0x00, 0x59, 0x28, 0x00, 0x00,
  0x00, 0x00, 0x00, 0x00, 0xa0, 0x01, 0x00, 0x00, 0x00, 0x00, 0x00, 0x00,
  0x0a, 0x00, 0x00, 0x00, 0x2b, 0x00, 0x00, 0x00, 0x87, 0x4c, 0x00, 0x00,
  0x00, 0x00, 0x00, 0x00, 0xa4, 0x01, 0x00, 0x00, 0x00, 0x00, 0x00, 0x00,
  0x0a, 0x00, 0x00, 0x00, 0x2b, 0x00, 0x00, 0x00, 0x89, 0x3a, 0x00, 0x00,
  0x00, 0x00, 0x00, 0x00, 0xa8, 0x01, 0x00, 0x00, 0x00, 0x00, 0x00, 0x00,
  0x0a, 0x00, 0x00, 0x00, 0x2b, 0x00, 0x00, 0x00, 0xa3, 0x12, 0x00, 0x00,
  0x00, 0x00, 0x00, 0x00, 0xac, 0x01, 0x00, 0x00, 0x00, 0x00, 0x00, 0x00,
  0x0a, 0x00, 0x00, 0x00, 0x2b, 0x00, 0x00, 0x00, 0xb4, 0x12, 0x00, 0x00,
  0x00, 0x00, 0x00, 0x00, 0xb0, 0x01, 0x00, 0x00, 0x00, 0x00, 0x00, 0x00,
  0x0a, 0x00, 0x00, 0x00, 0x2b, 0x00, 0x00, 0x00, 0x5f, 0x28, 0x00, 0x00,
  0x00, 0x00, 0x00, 0x00, 0xb4, 0x01, 0x00, 0x00, 0x00, 0x00, 0x00, 0x00,
  0x0a, 0x00, 0x00, 0x00, 0x2b, 0x00, 0x00, 0x00, 0xa4, 0x0c, 0x00, 0x00,
  0x00, 0x00, 0x00, 0x00, 0xb8, 0x01, 0x00, 0x00, 0x00, 0x00, 0x00, 0x00,
  0x0a, 0x00, 0x00, 0x00, 0x2b, 0x00, 0x00, 0x00, 0x3b, 0x03, 0x00, 0x00,
  0x00, 0x00, 0x00, 0x00, 0xbc, 0x01, 0x00, 0x00, 0x00, 0x00, 0x00, 0x00,
  0x0a, 0x00, 0x00, 0x00, 0x2b, 0x00, 0x00, 0x00, 0xf9, 0x05, 0x00, 0x00,
  0x00, 0x00, 0x00, 0x00, 0xc0, 0x01, 0x00, 0x00, 0x00, 0x00, 0x00, 0x00,
  0x0a, 0x00, 0x00, 0x00, 0x2b, 0x00, 0x00, 0x00, 0xc3, 0x42, 0x00, 0x00,
  0x00, 0x00, 0x00, 0x00, 0xc4, 0x01, 0x00, 0x00, 0x00, 0x00, 0x00, 0x00,
  0x0a, 0x00, 0x00, 0x00, 0x2b, 0x00, 0x00, 0x00, 0xbd, 0x19, 0x00, 0x00,
  0x00, 0x00, 0x00, 0x00, 0xc8, 0x01, 0x00, 0x00, 0x00, 0x00, 0x00, 0x00,
  0x0a, 0x00, 0x00, 0x00, 0x2b, 0x00, 0x00, 0x00, 0xec, 0x56, 0x00, 0x00,
  0x00, 0x00, 0x00, 0x00, 0xcc, 0x01, 0x00, 0x00, 0x00, 0x00, 0x00, 0x00,
  0x0a, 0x00, 0x00, 0x00, 0x2b, 0x00, 0x00, 0x00, 0xa4, 0x1f, 0x00, 0x00,
  0x00, 0x00, 0x00, 0x00, 0xd0, 0x01, 0x00, 0x00, 0x00, 0x00, 0x00, 0x00,
  0x0a, 0x00, 0x00, 0x00, 0x2b, 0x00, 0x00, 0x00, 0x73, 0x51, 0x00, 0x00,
  0x00, 0x00, 0x00, 0x00, 0xd4, 0x01, 0x00, 0x00, 0x00, 0x00, 0x00, 0x00,
  0x0a, 0x00, 0x00, 0x00, 0x2b, 0x00, 0x00, 0x00, 0xc2, 0x19, 0x00, 0x00,
  0x00, 0x00, 0x00, 0x00, 0xd8, 0x01, 0x00, 0x00, 0x00, 0x00, 0x00, 0x00,
  0x0a, 0x00, 0x00, 0x00, 0x2b, 0x00, 0x00, 0x00, 0x19, 0x00, 0x00, 0x00,
  0x00, 0x00, 0x00, 0x00, 0xdc, 0x01, 0x00, 0x00, 0x00, 0x00, 0x00, 0x00,
  0x0a, 0x00, 0x00, 0x00, 0x2b, 0x00, 0x00, 0x00, 0x03, 0x06, 0x00, 0x00,
  0x00, 0x00, 0x00, 0x00, 0xe0, 0x01, 0x00, 0x00, 0x00, 0x00, 0x00, 0x00,
  0x0a, 0x00, 0x00, 0x00, 0x2b, 0x00, 0x00, 0x00, 0xe8, 0x2e, 0x00, 0x00,
  0x00, 0x00, 0x00, 0x00, 0xe4, 0x01, 0x00, 0x00, 0x00, 0x00, 0x00, 0x00,
  0x0a, 0x00, 0x00, 0x00, 0x2b, 0x00, 0x00, 0x00, 0x99, 0x3f, 0x00, 0x00,
  0x00, 0x00, 0x00, 0x00, 0xe8, 0x01, 0x00, 0x00, 0x00, 0x00, 0x00, 0x00,
  0x0a, 0x00, 0x00, 0x00, 0x2b, 0x00, 0x00, 0x00, 0x22, 0x00, 0x00, 0x00,
  0x00, 0x00, 0x00, 0x00, 0xec, 0x01, 0x00, 0x00, 0x00, 0x00, 0x00, 0x00,
  0x0a, 0x00, 0x00, 0x00, 0x2b, 0x00, 0x00, 0x00, 0x41, 0x25, 0x00, 0x00,
  0x00, 0x00, 0x00, 0x00, 0xf0, 0x01, 0x00, 0x00, 0x00, 0x00, 0x00, 0x00,
  0x0a, 0x00, 0x00, 0x00, 0x2b, 0x00, 0x00, 0x00, 0xac, 0x1f, 0x00, 0x00,
  0x00, 0x00, 0x00, 0x00, 0xf4, 0x01, 0x00, 0x00, 0x00, 0x00, 0x00, 0x00,
  0x0a, 0x00, 0x00, 0x00, 0x2b, 0x00, 0x00, 0x00, 0xb8, 0x2b, 0x00, 0x00,
  0x00, 0x00, 0x00, 0x00, 0xf8, 0x01, 0x00, 0x00, 0x00, 0x00, 0x00, 0x00,
  0x0a, 0x00, 0x00, 0x00, 0x2b, 0x00, 0x00, 0x00, 0x8f, 0x3a, 0x00, 0x00,
  0x00, 0x00, 0x00, 0x00, 0xfc, 0x01, 0x00, 0x00, 0x00, 0x00, 0x00, 0x00,
  0x0a, 0x00, 0x00, 0x00, 0x2b, 0x00, 0x00, 0x00, 0xac, 0x0c, 0x00, 0x00,
  0x00, 0x00, 0x00, 0x00, 0x00, 0x02, 0x00, 0x00, 0x00, 0x00, 0x00, 0x00,
  0x0a, 0x00, 0x00, 0x00, 0x2b, 0x00, 0x00, 0x00, 0xf9, 0x58, 0x00, 0x00,
  0x00, 0x00, 0x00, 0x00, 0x04, 0x02, 0x00, 0x00, 0x00, 0x00, 0x00, 0x00,
  0x0a, 0x00, 0x00, 0x00, 0x2b, 0x00, 0x00, 0x00, 0x6d, 0x17, 0x00, 0x00,
  0x00, 0x00, 0x00, 0x00, 0x08, 0x02, 0x00, 0x00, 0x00, 0x00, 0x00, 0x00,
  0x0a, 0x00, 0x00, 0x00, 0x2b, 0x00, 0x00, 0x00, 0x41, 0x03, 0x00, 0x00,
  0x00, 0x00, 0x00, 0x00, 0x0c, 0x02, 0x00, 0x00, 0x00, 0x00, 0x00, 0x00,
  0x0a, 0x00, 0x00, 0x00, 0x2b, 0x00, 0x00, 0x00, 0x8e, 0x4c, 0x00, 0x00,
  0x00, 0x00, 0x00, 0x00, 0x10, 0x02, 0x00, 0x00, 0x00, 0x00, 0x00, 0x00,
  0x0a, 0x00, 0x00, 0x00, 0x2b, 0x00, 0x00, 0x00, 0x29, 0x00, 0x00, 0x00,
  0x00, 0x00, 0x00, 0x00, 0x14, 0x02, 0x00, 0x00, 0x00, 0x00, 0x00, 0x00,
  0x0a, 0x00, 0x00, 0x00, 0x2b, 0x00, 0x00, 0x00, 0xfa, 0x2e, 0x00, 0x00,
  0x00, 0x00, 0x00, 0x00, 0x18, 0x02, 0x00, 0x00, 0x00, 0x00, 0x00, 0x00,
  0x0a, 0x00, 0x00, 0x00, 0x2b, 0x00, 0x00, 0x00, 0xd1, 0x42, 0x00, 0x00,
  0x00, 0x00, 0x00, 0x00, 0x1c, 0x02, 0x00, 0x00, 0x00, 0x00, 0x00, 0x00,
  0x0a, 0x00, 0x00, 0x00, 0x2b, 0x00, 0x00, 0x00, 0x62, 0x4f, 0x00, 0x00,
  0x00, 0x00, 0x00, 0x00, 0x20, 0x02, 0x00, 0x00, 0x00, 0x00, 0x00, 0x00,
  0x0a, 0x00, 0x00, 0x00, 0x2b, 0x00, 0x00, 0x00, 0xb9, 0x3d, 0x00, 0x00,
  0x00, 0x00, 0x00, 0x00, 0x24, 0x02, 0x00, 0x00, 0x00, 0x00, 0x00, 0x00,
  0x0a, 0x00, 0x00, 0x00, 0x2b, 0x00, 0x00, 0x00, 0xb1, 0x0c, 0x00, 0x00,
  0x00, 0x00, 0x00, 0x00, 0x28, 0x02, 0x00, 0x00, 0x00, 0x00, 0x00, 0x00,
  0x0a, 0x00, 0x00, 0x00, 0x2b, 0x00, 0x00, 0x00, 0x0e, 0x06, 0x00, 0x00,
  0x00, 0x00, 0x00, 0x00, 0x2c, 0x02, 0x00, 0x00, 0x00, 0x00, 0x00, 0x00,
  0x0a, 0x00, 0x00, 0x00, 0x2b, 0x00, 0x00, 0x00, 0xba, 0x1f, 0x00, 0x00,
  0x00, 0x00, 0x00, 0x00, 0x30, 0x02, 0x00, 0x00, 0x00, 0x00, 0x00, 0x00,
  0x0a, 0x00, 0x00, 0x00, 0x2b, 0x00, 0x00, 0x00, 0x13, 0x06, 0x00, 0x00,
  0x00, 0x00, 0x00, 0x00, 0x34, 0x02, 0x00, 0x00, 0x00, 0x00, 0x00, 0x00,
  0x0a, 0x00, 0x00, 0x00, 0x2b, 0x00, 0x00, 0x00, 0x25, 0x06, 0x00, 0x00,
  0x00, 0x00, 0x00, 0x00, 0x38, 0x02, 0x00, 0x00, 0x00, 0x00, 0x00, 0x00,
  0x0a, 0x00, 0x00, 0x00, 0x2b, 0x00, 0x00, 0x00, 0xd5, 0x42, 0x00, 0x00,
  0x00, 0x00, 0x00, 0x00, 0x3c, 0x02, 0x00, 0x00, 0x00, 0x00, 0x00, 0x00,
  0x0a, 0x00, 0x00, 0x00, 0x2b, 0x00, 0x00, 0x00, 0xcb, 0x19, 0x00, 0x00,
  0x00, 0x00, 0x00, 0x00, 0x40, 0x02, 0x00, 0x00, 0x00, 0x00, 0x00, 0x00,
  0x0a, 0x00, 0x00, 0x00, 0x2b, 0x00, 0x00, 0x00, 0x00, 0x2f, 0x00, 0x00,
  0x00, 0x00, 0x00, 0x00, 0x44, 0x02, 0x00, 0x00, 0x00, 0x00, 0x00, 0x00,
  0x0a, 0x00, 0x00, 0x00, 0x2b, 0x00, 0x00, 0x00, 0xf9, 0x53, 0x00, 0x00,
  0x00, 0x00, 0x00, 0x00, 0x48, 0x02, 0x00, 0x00, 0x00, 0x00, 0x00, 0x00,
  0x0a, 0x00, 0x00, 0x00, 0x2b, 0x00, 0x00, 0x00, 0xf3, 0x56, 0x00, 0x00,
  0x00, 0x00, 0x00, 0x00, 0x4c, 0x02, 0x00, 0x00, 0x00, 0x00, 0x00, 0x00,
  0x0a, 0x00, 0x00, 0x00, 0x2b, 0x00, 0x00, 0x00, 0x66, 0x28, 0x00, 0x00,
  0x00, 0x00, 0x00, 0x00, 0x50, 0x02, 0x00, 0x00, 0x00, 0x00, 0x00, 0x00,
  0x0a, 0x00, 0x00, 0x00, 0x2b, 0x00, 0x00, 0x00, 0x47, 0x09, 0x00, 0x00,
  0x00, 0x00, 0x00, 0x00, 0x54, 0x02, 0x00, 0x00, 0x00, 0x00, 0x00, 0x00,
  0x0a, 0x00, 0x00, 0x00, 0x2b, 0x00, 0x00, 0x00, 0xb9, 0x0c, 0x00, 0x00,
  0x00, 0x00, 0x00, 0x00, 0x58, 0x02, 0x00, 0x00, 0x00, 0x00, 0x00, 0x00,
  0x0a, 0x00, 0x00, 0x00, 0x2b, 0x00, 0x00, 0x00, 0xd2, 0x19, 0x00, 0x00,
  0x00, 0x00, 0x00, 0x00, 0x5c, 0x02, 0x00, 0x00, 0x00, 0x00, 0x00, 0x00,
  0x0a, 0x00, 0x00, 0x00, 0x2b, 0x00, 0x00, 0x00, 0x60, 0x46, 0x00, 0x00,
  0x00, 0x00, 0x00, 0x00, 0x60, 0x02, 0x00, 0x00, 0x00, 0x00, 0x00, 0x00,
  0x0a, 0x00, 0x00, 0x00, 0x2b, 0x00, 0x00, 0x00, 0xc2, 0x0c, 0x00, 0x00,
  0x00, 0x00, 0x00, 0x00, 0x64, 0x02, 0x00, 0x00, 0x00, 0x00, 0x00, 0x00,
  0x0a, 0x00, 0x00, 0x00, 0x2b, 0x00, 0x00, 0x00, 0x67, 0x46, 0x00, 0x00,
  0x00, 0x00, 0x00, 0x00, 0x68, 0x02, 0x00, 0x00, 0x00, 0x00, 0x00, 0x00,
  0x0a, 0x00, 0x00, 0x00, 0x2b, 0x00, 0x00, 0x00, 0xa1, 0x37, 0x00, 0x00,
  0x00, 0x00, 0x00, 0x00, 0x6c, 0x02, 0x00, 0x00, 0x00, 0x00, 0x00, 0x00,
  0x0a, 0x00, 0x00, 0x00, 0x2b, 0x00, 0x00, 0x00, 0x83, 0x34, 0x00, 0x00,
  0x00, 0x00, 0x00, 0x00, 0x70, 0x02, 0x00, 0x00, 0x00, 0x00, 0x00, 0x00,
  0x0a, 0x00, 0x00, 0x00, 0x2b, 0x00, 0x00, 0x00, 0xc8, 0x0c, 0x00, 0x00,
  0x00, 0x00, 0x00, 0x00, 0x74, 0x02, 0x00, 0x00, 0x00, 0x00, 0x00, 0x00,
  0x0a, 0x00, 0x00, 0x00, 0x2b, 0x00, 0x00, 0x00, 0x67, 0x4f, 0x00, 0x00,
  0x00, 0x00, 0x00, 0x00, 0x78, 0x02, 0x00, 0x00, 0x00, 0x00, 0x00, 0x00,
  0x0a, 0x00, 0x00, 0x00, 0x2b, 0x00, 0x00, 0x00, 0x76, 0x46, 0x00, 0x00,
  0x00, 0x00, 0x00, 0x00, 0x7c, 0x02, 0x00, 0x00, 0x00, 0x00, 0x00, 0x00,
  0x0a, 0x00, 0x00, 0x00, 0x2b, 0x00, 0x00, 0x00, 0xd9, 0x19, 0x00, 0x00,
  0x00, 0x00, 0x00, 0x00, 0x80, 0x02, 0x00, 0x00, 0x00, 0x00, 0x00, 0x00,
  0x0a, 0x00, 0x00, 0x00, 0x2b, 0x00, 0x00, 0x00, 0x53, 0x09, 0x00, 0x00,
  0x00, 0x00, 0x00, 0x00, 0x84, 0x02, 0x00, 0x00, 0x00, 0x00, 0x00, 0x00,
  0x0a, 0x00, 0x00, 0x00, 0x2b, 0x00, 0x00, 0x00, 0xc1, 0x2b, 0x00, 0x00,
  0x00, 0x00, 0x00, 0x00, 0x88, 0x02, 0x00, 0x00, 0x00, 0x00, 0x00, 0x00,
  0x0a, 0x00, 0x00, 0x00, 0x2b, 0x00, 0x00, 0x00, 0xe9, 0x19, 0x00, 0x00,
  0x00, 0x00, 0x00, 0x00, 0x8c, 0x02, 0x00, 0x00, 0x00, 0x00, 0x00, 0x00,
  0x0a, 0x00, 0x00, 0x00, 0x2b, 0x00, 0x00, 0x00, 0xac, 0x31, 0x00, 0x00,
  0x00, 0x00, 0x00, 0x00, 0x90, 0x02, 0x00, 0x00, 0x00, 0x00, 0x00, 0x00,
  0x0a, 0x00, 0x00, 0x00, 0x2b, 0x00, 0x00, 0x00, 0xde, 0x42, 0x00, 0x00,
  0x00, 0x00, 0x00, 0x00, 0x94, 0x02, 0x00, 0x00, 0x00, 0x00, 0x00, 0x00,
  0x0a, 0x00, 0x00, 0x00, 0x2b, 0x00, 0x00, 0x00, 0x0a, 0x2f, 0x00, 0x00,
  0x00, 0x00, 0x00, 0x00, 0x98, 0x02, 0x00, 0x00, 0x00, 0x00, 0x00, 0x00,
  0x0a, 0x00, 0x00, 0x00, 0x2b, 0x00, 0x00, 0x00, 0x72, 0x4f, 0x00, 0x00,
  0x00, 0x00, 0x00, 0x00, 0x9c, 0x02, 0x00, 0x00, 0x00, 0x00, 0x00, 0x00,
  0x0a, 0x00, 0x00, 0x00, 0x2b, 0x00, 0x00, 0x00, 0xee, 0x48, 0x00, 0x00,
  0x00, 0x00, 0x00, 0x00, 0xa0, 0x02, 0x00, 0x00, 0x00, 0x00, 0x00, 0x00,
  0x0a, 0x00, 0x00, 0x00, 0x2b, 0x00, 0x00, 0x00, 0x47, 0x25, 0x00, 0x00,
  0x00, 0x00, 0x00, 0x00, 0xa4, 0x02, 0x00, 0x00, 0x00, 0x00, 0x00, 0x00,
  0x0a, 0x00, 0x00, 0x00, 0x2b, 0x00, 0x00, 0x00, 0xf4, 0x48, 0x00, 0x00,
  0x00, 0x00, 0x00, 0x00, 0xa8, 0x02, 0x00, 0x00, 0x00, 0x00, 0x00, 0x00,
  0x0a, 0x00, 0x00, 0x00, 0x2b, 0x00, 0x00, 0x00, 0x71, 0x17, 0x00, 0x00,
  0x00, 0x00, 0x00, 0x00, 0xac, 0x02, 0x00, 0x00, 0x00, 0x00, 0x00, 0x00,
  0x0a, 0x00, 0x00, 0x00, 0x2b, 0x00, 0x00, 0x00, 0x2f, 0x06, 0x00, 0x00,
  0x00, 0x00, 0x00, 0x00, 0xb0, 0x02, 0x00, 0x00, 0x00, 0x00, 0x00, 0x00,
  0x0a, 0x00, 0x00, 0x00, 0x2b, 0x00, 0x00, 0x00, 0xe9, 0x42, 0x00, 0x00,
  0x00, 0x00, 0x00, 0x00, 0xb4, 0x02, 0x00, 0x00, 0x00, 0x00, 0x00, 0x00,
  0x0a, 0x00, 0x00, 0x00, 0x2b, 0x00, 0x00, 0x00, 0xbc, 0x14, 0x00, 0x00,
  0x00, 0x00, 0x00, 0x00, 0xb8, 0x02, 0x00, 0x00, 0x00, 0x00, 0x00, 0x00,
  0x0a, 0x00, 0x00, 0x00, 0x2b, 0x00, 0x00, 0x00, 0xc7, 0x1f, 0x00, 0x00,
  0x00, 0x00, 0x00, 0x00, 0xbc, 0x02, 0x00, 0x00, 0x00, 0x00, 0x00, 0x00,
  0x0a, 0x00, 0x00, 0x00, 0x2b, 0x00, 0x00, 0x00, 0xba, 0x12, 0x00, 0x00,
  0x00, 0x00, 0x00, 0x00, 0xc0, 0x02, 0x00, 0x00, 0x00, 0x00, 0x00, 0x00,
  0x0a, 0x00, 0x00, 0x00, 0x2b, 0x00, 0x00, 0x00, 0xc8, 0x2b, 0x00, 0x00,
  0x00, 0x00, 0x00, 0x00, 0xc4, 0x02, 0x00, 0x00, 0x00, 0x00, 0x00, 0x00,
  0x0a, 0x00, 0x00, 0x00, 0x2b, 0x00, 0x00, 0x00, 0xfa, 0x56, 0x00, 0x00,
  0x00, 0x00, 0x00, 0x00, 0xc8, 0x02, 0x00, 0x00, 0x00, 0x00, 0x00, 0x00,
  0x0a, 0x00, 0x00, 0x00, 0x2b, 0x00, 0x00, 0x00, 0x96, 0x3a, 0x00, 0x00,
  0x00, 0x00, 0x00, 0x00, 0xcc, 0x02, 0x00, 0x00, 0x00, 0x00, 0x00, 0x00,
  0x0a, 0x00, 0x00, 0x00, 0x2b, 0x00, 0x00, 0x00, 0x35, 0x06, 0x00, 0x00,
  0x00, 0x00, 0x00, 0x00, 0xd0, 0x02, 0x00, 0x00, 0x00, 0x00, 0x00, 0x00,
  0x0a, 0x00, 0x00, 0x00, 0x2b, 0x00, 0x00, 0x00, 0x15, 0x2f, 0x00, 0x00,
  0x00, 0x00, 0x00, 0x00, 0xd4, 0x02, 0x00, 0x00, 0x00, 0x00, 0x00, 0x00,
  0x0a, 0x00, 0x00, 0x00, 0x2b, 0x00, 0x00, 0x00, 0xa7, 0x37, 0x00, 0x00,
  0x00, 0x00, 0x00, 0x00, 0xd8, 0x02, 0x00, 0x00, 0x00, 0x00, 0x00, 0x00,
  0x0a, 0x00, 0x00, 0x00, 0x2b, 0x00, 0x00, 0x00, 0x3c, 0x00, 0x00, 0x00,
  0x00, 0x00, 0x00, 0x00, 0xdc, 0x02, 0x00, 0x00, 0x00, 0x00, 0x00, 0x00,
  0x0a, 0x00, 0x00, 0x00, 0x2b, 0x00, 0x00, 0x00, 0x84, 0x4f, 0x00, 0x00,
  0x00, 0x00, 0x00, 0x00, 0xe0, 0x02, 0x00, 0x00, 0x00, 0x00, 0x00, 0x00,
  0x0a, 0x00, 0x00, 0x00, 0x2b, 0x00, 0x00, 0x00, 0x94, 0x34, 0x00, 0x00,
  0x00, 0x00, 0x00, 0x00, 0xe4, 0x02, 0x00, 0x00, 0x00, 0x00, 0x00, 0x00,
  0x0a, 0x00, 0x00, 0x00, 0x2b, 0x00, 0x00, 0x00, 0x6e, 0x28, 0x00, 0x00,
  0x00, 0x00, 0x00, 0x00, 0xe8, 0x02, 0x00, 0x00, 0x00, 0x00, 0x00, 0x00,
  0x0a, 0x00, 0x00, 0x00, 0x2b, 0x00, 0x00, 0x00, 0xc7, 0x14, 0x00, 0x00,
  0x00, 0x00, 0x00, 0x00, 0xec, 0x02, 0x00, 0x00, 0x00, 0x00, 0x00, 0x00,
  0x0a, 0x00, 0x00, 0x00, 0x2b, 0x00, 0x00, 0x00, 0xad, 0x3f, 0x00, 0x00,
  0x00, 0x00, 0x00, 0x00, 0xf0, 0x02, 0x00, 0x00, 0x00, 0x00, 0x00, 0x00,
  0x0a, 0x00, 0x00, 0x00, 0x2b, 0x00, 0x00, 0x00, 0xbb, 0x37, 0x00, 0x00,
  0x00, 0x00, 0x00, 0x00, 0xf4, 0x02, 0x00, 0x00, 0x00, 0x00, 0x00, 0x00,
  0x0a, 0x00, 0x00, 0x00, 0x2b, 0x00, 0x00, 0x00, 0x5a, 0x09, 0x00, 0x00,
  0x00, 0x00, 0x00, 0x00, 0xf8, 0x02, 0x00, 0x00, 0x00, 0x00, 0x00, 0x00,
  0x0a, 0x00, 0x00, 0x00, 0x2b, 0x00, 0x00, 0x00, 0xf4, 0x42, 0x00, 0x00,
  0x00, 0x00, 0x00, 0x00, 0xfc, 0x02, 0x00, 0x00, 0x00, 0x00, 0x00, 0x00,
  0x0a, 0x00, 0x00, 0x00, 0x2b, 0x00, 0x00, 0x00, 0x4f, 0x25, 0x00, 0x00,
  0x00, 0x00, 0x00, 0x00, 0x00, 0x03, 0x00, 0x00, 0x00, 0x00, 0x00, 0x00,
  0x0a, 0x00, 0x00, 0x00, 0x2b, 0x00, 0x00, 0x00, 0xc1, 0x3d, 0x00, 0x00,
  0x00, 0x00, 0x00, 0x00, 0x04, 0x03, 0x00, 0x00, 0x00, 0x00, 0x00, 0x00,
  0x0a, 0x00, 0x00, 0x00, 0x2b, 0x00, 0x00, 0x00, 0x01, 0x54, 0x00, 0x00,
  0x00, 0x00, 0x00, 0x00, 0x08, 0x03, 0x00, 0x00, 0x00, 0x00, 0x00, 0x00,
  0x0a, 0x00, 0x00, 0x00, 0x2b, 0x00, 0x00, 0x00, 0xb8, 0x3f, 0x00, 0x00,
  0x00, 0x00, 0x00, 0x00, 0x0c, 0x03, 0x00, 0x00, 0x00, 0x00, 0x00, 0x00,
  0x0a, 0x00, 0x00, 0x00, 0x2b, 0x00, 0x00, 0x00, 0x21, 0x2f, 0x00, 0x00,
  0x00, 0x00, 0x00, 0x00, 0x10, 0x03, 0x00, 0x00, 0x00, 0x00, 0x00, 0x00,
  0x0a, 0x00, 0x00, 0x00, 0x2b, 0x00, 0x00, 0x00, 0xf2, 0x19, 0x00, 0x00,
  0x00, 0x00, 0x00, 0x00, 0x14, 0x03, 0x00, 0x00, 0x00, 0x00, 0x00, 0x00,
  0x0a, 0x00, 0x00, 0x00, 0x2b, 0x00, 0x00, 0x00, 0x97, 0x4c, 0x00, 0x00,
  0x00, 0x00, 0x00, 0x00, 0x18, 0x03, 0x00, 0x00, 0x00, 0x00, 0x00, 0x00,
  0x0a, 0x00, 0x00, 0x00, 0x2b, 0x00, 0x00, 0x00, 0x45, 0x03, 0x00, 0x00,
  0x00, 0x00, 0x00, 0x00, 0x1c, 0x03, 0x00, 0x00, 0x00, 0x00, 0x00, 0x00,
  0x0a, 0x00, 0x00, 0x00, 0x2b, 0x00, 0x00, 0x00, 0xc0, 0x3f, 0x00, 0x00,
  0x00, 0x00, 0x00, 0x00, 0x20, 0x03, 0x00, 0x00, 0x00, 0x00, 0x00, 0x00,
  0x0a, 0x00, 0x00, 0x00, 0x2b, 0x00, 0x00, 0x00, 0x66, 0x09, 0x00, 0x00,
  0x00, 0x00, 0x00, 0x00, 0x24, 0x03, 0x00, 0x00, 0x00, 0x00, 0x00, 0x00,
  0x0a, 0x00, 0x00, 0x00, 0x2b, 0x00, 0x00, 0x00, 0xaf, 0x4c, 0x00, 0x00,
  0x00, 0x00, 0x00, 0x00, 0x28, 0x03, 0x00, 0x00, 0x00, 0x00, 0x00, 0x00,
  0x0a, 0x00, 0x00, 0x00, 0x2b, 0x00, 0x00, 0x00, 0xf0, 0x1c, 0x00, 0x00,
  0x00, 0x00, 0x00, 0x00, 0x2c, 0x03, 0x00, 0x00, 0x00, 0x00, 0x00, 0x00,
  0x0a, 0x00, 0x00, 0x00, 0x2b, 0x00, 0x00, 0x00, 0xd5, 0x2b, 0x00, 0x00,
  0x00, 0x00, 0x00, 0x00, 0x30, 0x03, 0x00, 0x00, 0x00, 0x00, 0x00, 0x00,
  0x0a, 0x00, 0x00, 0x00, 0x2b, 0x00, 0x00, 0x00, 0xc7, 0x37, 0x00, 0x00,
  0x00, 0x00, 0x00, 0x00, 0x34, 0x03, 0x00, 0x00, 0x00, 0x00, 0x00, 0x00,
  0x0a, 0x00, 0x00, 0x00, 0x2b, 0x00, 0x00, 0x00, 0xff, 0x58, 0x00, 0x00,
  0x00, 0x00, 0x00, 0x00, 0x38, 0x03, 0x00, 0x00, 0x00, 0x00, 0x00, 0x00,
  0x0a, 0x00, 0x00, 0x00, 0x2b, 0x00, 0x00, 0x00, 0x55, 0x03, 0x00, 0x00,
  0x00, 0x00, 0x00, 0x00, 0x3c, 0x03, 0x00, 0x00, 0x00, 0x00, 0x00, 0x00,
  0x0a, 0x00, 0x00, 0x00, 0x2b, 0x00, 0x00, 0x00, 0xfc, 0x1c, 0x00, 0x00,
  0x00, 0x00, 0x00, 0x00, 0x40, 0x03, 0x00, 0x00, 0x00, 0x00, 0x00, 0x00,
  0x0a, 0x00, 0x00, 0x00, 0x2b, 0x00, 0x00, 0x00, 0xcf, 0x37, 0x00, 0x00,
  0x00, 0x00, 0x00, 0x00, 0x44, 0x03, 0x00, 0x00, 0x00, 0x00, 0x00, 0x00,
  0x0a, 0x00, 0x00, 0x00, 0x2b, 0x00, 0x00, 0x00, 0xa4, 0x3a, 0x00, 0x00,
  0x00, 0x00, 0x00, 0x00, 0x48, 0x03, 0x00, 0x00, 0x00, 0x00, 0x00, 0x00,
  0x0a, 0x00, 0x00, 0x00, 0x2b, 0x00, 0x00, 0x00, 0xd2, 0x1f, 0x00, 0x00,
  0x00, 0x00, 0x00, 0x00, 0x4c, 0x03, 0x00, 0x00, 0x00, 0x00, 0x00, 0x00,
  0x0a, 0x00, 0x00, 0x00, 0x2b, 0x00, 0x00, 0x00, 0x06, 0x43, 0x00, 0x00,
  0x00, 0x00, 0x00, 0x00, 0x50, 0x03, 0x00, 0x00, 0x00, 0x00, 0x00, 0x00,
  0x0a, 0x00, 0x00, 0x00, 0x2b, 0x00, 0x00, 0x00, 0x40, 0x06, 0x00, 0x00,
  0x00, 0x00, 0x00, 0x00, 0x54, 0x03, 0x00, 0x00, 0x00, 0x00, 0x00, 0x00,
  0x0a, 0x00, 0x00, 0x00, 0x2b, 0x00, 0x00, 0x00, 0x99, 0x34, 0x00, 0x00,
  0x00, 0x00, 0x00, 0x00, 0x58, 0x03, 0x00, 0x00, 0x00, 0x00, 0x00, 0x00,
  0x0a, 0x00, 0x00, 0x00, 0x2b, 0x00, 0x00, 0x00, 0x7b, 0x17, 0x00, 0x00,
  0x00, 0x00, 0x00, 0x00, 0x5c, 0x03, 0x00, 0x00, 0x00, 0x00, 0x00, 0x00,
  0x0a, 0x00, 0x00, 0x00, 0x2b, 0x00, 0x00, 0x00, 0xcd, 0x3d, 0x00, 0x00,
  0x00, 0x00, 0x00, 0x00, 0x60, 0x03, 0x00, 0x00, 0x00, 0x00, 0x00, 0x00,
  0x0a, 0x00, 0x00, 0x00, 0x2b, 0x00, 0x00, 0x00, 0xd5, 0x14, 0x00, 0x00,
  0x00, 0x00, 0x00, 0x00, 0x64, 0x03, 0x00, 0x00, 0x00, 0x00, 0x00, 0x00,
  0x0a, 0x00, 0x00, 0x00, 0x2b, 0x00, 0x00, 0x00, 0x80, 0x46, 0x00, 0x00,
  0x00, 0x00, 0x00, 0x00, 0x68, 0x03, 0x00, 0x00, 0x00, 0x00, 0x00, 0x00,
  0x0a, 0x00, 0x00, 0x00, 0x2b, 0x00, 0x00, 0x00, 0xfa, 0x48, 0x00, 0x00,
  0x00, 0x00, 0x00, 0x00, 0x6c, 0x03, 0x00, 0x00, 0x00, 0x00, 0x00, 0x00,
  0x0a, 0x00, 0x00, 0x00, 0x2b, 0x00, 0x00, 0x00, 0x86, 0x17, 0x00, 0x00,
  0x00, 0x00, 0x00, 0x00, 0x70, 0x03, 0x00, 0x00, 0x00, 0x00, 0x00, 0x00,
  0x0a, 0x00, 0x00, 0x00, 0x2b, 0x00, 0x00, 0x00, 0x70, 0x09, 0x00, 0x00,
  0x00, 0x00, 0x00, 0x00, 0x74, 0x03, 0x00, 0x00, 0x00, 0x00, 0x00, 0x00,
  0x0a, 0x00, 0x00, 0x00, 0x2b, 0x00, 0x00, 0x00, 0x62, 0x03, 0x00, 0x00,
  0x00, 0x00, 0x00, 0x00, 0x78, 0x03, 0x00, 0x00, 0x00, 0x00, 0x00, 0x00,
  0x0a, 0x00, 0x00, 0x00, 0x2b, 0x00, 0x00, 0x00, 0xdc, 0x1f, 0x00, 0x00,
  0x00, 0x00, 0x00, 0x00, 0x7c, 0x03, 0x00, 0x00, 0x00, 0x00, 0x00, 0x00,
  0x0a, 0x00, 0x00, 0x00, 0x2b, 0x00, 0x00, 0x00, 0x7a, 0x28, 0x00, 0x00,
  0x00, 0x00, 0x00, 0x00, 0x80, 0x03, 0x00, 0x00, 0x00, 0x00, 0x00, 0x00,
  0x0a, 0x00, 0x00, 0x00, 0x2b, 0x00, 0x00, 0x00, 0x0a, 0x59, 0x00, 0x00,
  0x00, 0x00, 0x00, 0x00, 0x84, 0x03, 0x00, 0x00, 0x00, 0x00, 0x00, 0x00,
  0x0a, 0x00, 0x00, 0x00, 0x2b, 0x00, 0x00, 0x00, 0x95, 0x4f, 0x00, 0x00,
  0x00, 0x00, 0x00, 0x00, 0x88, 0x03, 0x00, 0x00, 0x00, 0x00, 0x00, 0x00,
  0x0a, 0x00, 0x00, 0x00, 0x2b, 0x00, 0x00, 0x00, 0x0b, 0x54, 0x00, 0x00,
  0x00, 0x00, 0x00, 0x00, 0x8c, 0x03, 0x00, 0x00, 0x00, 0x00, 0x00, 0x00,
  0x0a, 0x00, 0x00, 0x00, 0x2b, 0x00, 0x00, 0x00, 0xde, 0x14, 0x00, 0x00,
  0x00, 0x00, 0x00, 0x00, 0x90, 0x03, 0x00, 0x00, 0x00, 0x00, 0x00, 0x00,
  0x0a, 0x00, 0x00, 0x00, 0x2b, 0x00, 0x00, 0x00, 0x07, 0x1a, 0x00, 0x00,
  0x00, 0x00, 0x00, 0x00, 0x94, 0x03, 0x00, 0x00, 0x00, 0x00, 0x00, 0x00,
  0x0a, 0x00, 0x00, 0x00, 0x2b, 0x00, 0x00, 0x00, 0xbf, 0x22, 0x00, 0x00,
  0x00, 0x00, 0x00, 0x00, 0x98, 0x03, 0x00, 0x00, 0x00, 0x00, 0x00, 0x00,
  0x0a, 0x00, 0x00, 0x00, 0x2b, 0x00, 0x00, 0x00, 0x4c, 0x00, 0x00, 0x00,
  0x00, 0x00, 0x00, 0x00, 0x9c, 0x03, 0x00, 0x00, 0x00, 0x00, 0x00, 0x00,
  0x0a, 0x00, 0x00, 0x00, 0x2b, 0x00, 0x00, 0x00, 0xba, 0x4c, 0x00, 0x00,
  0x00, 0x00, 0x00, 0x00, 0xa0, 0x03, 0x00, 0x00, 0x00, 0x00, 0x00, 0x00,
  0x0a, 0x00, 0x00, 0x00, 0x2b, 0x00, 0x00, 0x00, 0xc3, 0x4c, 0x00, 0x00,
  0x00, 0x00, 0x00, 0x00, 0xa4, 0x03, 0x00, 0x00, 0x00, 0x00, 0x00, 0x00,
  0x0a, 0x00, 0x00, 0x00, 0x2b, 0x00, 0x00, 0x00, 0x03, 0x49, 0x00, 0x00,
  0x00, 0x00, 0x00, 0x00, 0xa8, 0x03, 0x00, 0x00, 0x00, 0x00, 0x00, 0x00,
  0x0a, 0x00, 0x00, 0x00, 0x2b, 0x00, 0x00, 0x00, 0xa5, 0x34, 0x00, 0x00,
  0x00, 0x00, 0x00, 0x00, 0xac, 0x03, 0x00, 0x00, 0x00, 0x00, 0x00, 0x00,
  0x0a, 0x00, 0x00, 0x00, 0x2b, 0x00, 0x00, 0x00, 0x4b, 0x06, 0x00, 0x00,
  0x00, 0x00, 0x00, 0x00, 0xb0, 0x03, 0x00, 0x00, 0x00, 0x00, 0x00, 0x00,
  0x0a, 0x00, 0x00, 0x00, 0x2b, 0x00, 0x00, 0x00, 0xa9, 0x34, 0x00, 0x00,
  0x00, 0x00, 0x00, 0x00, 0xb4, 0x03, 0x00, 0x00, 0x00, 0x00, 0x00, 0x00,
  0x0a, 0x00, 0x00, 0x00, 0x2b, 0x00, 0x00, 0x00, 0x88, 0x28, 0x00, 0x00,
  0x00, 0x00, 0x00, 0x00, 0xb8, 0x03, 0x00, 0x00, 0x00, 0x00, 0x00, 0x00,
  0x0a, 0x00, 0x00, 0x00, 0x2b, 0x00, 0x00, 0x00, 0xc9, 0x4c, 0x00, 0x00,
  0x00, 0x00, 0x00, 0x00, 0xbc, 0x03, 0x00, 0x00, 0x00, 0x00, 0x00, 0x00,
  0x0a, 0x00, 0x00, 0x00, 0x2b, 0x00, 0x00, 0x00, 0x09, 0x49, 0x00, 0x00,
  0x00, 0x00, 0x00, 0x00, 0xc0, 0x03, 0x00, 0x00, 0x00, 0x00, 0x00, 0x00,
  0x0a, 0x00, 0x00, 0x00, 0x2b, 0x00, 0x00, 0x00, 0x09, 0x1d, 0x00, 0x00,
  0x00, 0x00, 0x00, 0x00, 0xc4, 0x03, 0x00, 0x00, 0x00, 0x00, 0x00, 0x00,
  0x0a, 0x00, 0x00, 0x00, 0x2b, 0x00, 0x00, 0x00, 0xf4, 0x14, 0x00, 0x00,
  0x00, 0x00, 0x00, 0x00, 0xc8, 0x03, 0x00, 0x00, 0x00, 0x00, 0x00, 0x00,
  0x0a, 0x00, 0x00, 0x00, 0x2b, 0x00, 0x00, 0x00, 0xfd, 0x14, 0x00, 0x00,
  0x00, 0x00, 0x00, 0x00, 0xcc, 0x03, 0x00, 0x00, 0x00, 0x00, 0x00, 0x00,
  0x0a, 0x00, 0x00, 0x00, 0x2b, 0x00, 0x00, 0x00, 0x11, 0x1a, 0x00, 0x00,
  0x00, 0x00, 0x00, 0x00, 0xd0, 0x03, 0x00, 0x00, 0x00, 0x00, 0x00, 0x00,
  0x0a, 0x00, 0x00, 0x00, 0x2b, 0x00, 0x00, 0x00, 0x12, 0x1d, 0x00, 0x00,
  0x00, 0x00, 0x00, 0x00, 0xd4, 0x03, 0x00, 0x00, 0x00, 0x00, 0x00, 0x00,
  0x0a, 0x00, 0x00, 0x00, 0x2b, 0x00, 0x00, 0x00, 0xc5, 0x22, 0x00, 0x00,
  0x00, 0x00, 0x00, 0x00, 0xd8, 0x03, 0x00, 0x00, 0x00, 0x00, 0x00, 0x00,
  0x0a, 0x00, 0x00, 0x00, 0x2b, 0x00, 0x00, 0x00, 0xb0, 0x34, 0x00, 0x00,
  0x00, 0x00, 0x00, 0x00, 0xdc, 0x03, 0x00, 0x00, 0x00, 0x00, 0x00, 0x00,
  0x0a, 0x00, 0x00, 0x00, 0x2b, 0x00, 0x00, 0x00, 0xd8, 0x37, 0x00, 0x00,
  0x00, 0x00, 0x00, 0x00, 0xe0, 0x03, 0x00, 0x00, 0x00, 0x00, 0x00, 0x00,
  0x0a, 0x00, 0x00, 0x00, 0x2b, 0x00, 0x00, 0x00, 0x76, 0x09, 0x00, 0x00,
  0x00, 0x00, 0x00, 0x00, 0xe4, 0x03, 0x00, 0x00, 0x00, 0x00, 0x00, 0x00,
  0x0a, 0x00, 0x00, 0x00, 0x2b, 0x00, 0x00, 0x00, 0x79, 0x51, 0x00, 0x00,
  0x00, 0x00, 0x00, 0x00, 0xe8, 0x03, 0x00, 0x00, 0x00, 0x00, 0x00, 0x00,
  0x0a, 0x00, 0x00, 0x00, 0x2b, 0x00, 0x00, 0x00, 0xc9, 0x12, 0x00, 0x00,
  0x00, 0x00, 0x00, 0x00, 0xec, 0x03, 0x00, 0x00, 0x00, 0x00, 0x00, 0x00,
  0x0a, 0x00, 0x00, 0x00, 0x2b, 0x00, 0x00, 0x00, 0x0e, 0x49, 0x00, 0x00,
  0x00, 0x00, 0x00, 0x00, 0xf0, 0x03, 0x00, 0x00, 0x00, 0x00, 0x00, 0x00,
  0x0a, 0x00, 0x00, 0x00, 0x2b, 0x00, 0x00, 0x00, 0xbc, 0x31, 0x00, 0x00,
  0x00, 0x00, 0x00, 0x00, 0xf4, 0x03, 0x00, 0x00, 0x00, 0x00, 0x00, 0x00,
  0x0a, 0x00, 0x00, 0x00, 0x2b, 0x00, 0x00, 0x00, 0xdf, 0x37, 0x00, 0x00,
  0x00, 0x00, 0x00, 0x00, 0xf8, 0x03, 0x00, 0x00, 0x00, 0x00, 0x00, 0x00,
  0x0a, 0x00, 0x00, 0x00, 0x2b, 0x00, 0x00, 0x00, 0xa4, 0x4f, 0x00, 0x00,
  0x00, 0x00, 0x00, 0x00, 0xfc, 0x03, 0x00, 0x00, 0x00, 0x00, 0x00, 0x00,
  0x0a, 0x00, 0x00, 0x00, 0x2b, 0x00, 0x00, 0x00, 0xb1, 0x3a, 0x00, 0x00,
  0x00, 0x00, 0x00, 0x00, 0x00, 0x04, 0x00, 0x00, 0x00, 0x00, 0x00, 0x00,
  0x0a, 0x00, 0x00, 0x00, 0x2b, 0x00, 0x00, 0x00, 0xcc, 0x22, 0x00, 0x00,
  0x00, 0x00, 0x00, 0x00, 0x04, 0x04, 0x00, 0x00, 0x00, 0x00, 0x00, 0x00,
  0x0a, 0x00, 0x00, 0x00, 0x2b, 0x00, 0x00, 0x00, 0x2e, 0x2f, 0x00, 0x00,
  0x00, 0x00, 0x00, 0x00, 0x08, 0x04, 0x00, 0x00, 0x00, 0x00, 0x00, 0x00,
  0x0a, 0x00, 0x00, 0x00, 0x2b, 0x00, 0x00, 0x00, 0x37, 0x2f, 0x00, 0x00,
  0x00, 0x00, 0x00, 0x00, 0x0c, 0x04, 0x00, 0x00, 0x00, 0x00, 0x00, 0x00,
  0x0a, 0x00, 0x00, 0x00, 0x2b, 0x00, 0x00, 0x00, 0xd4, 0x0c, 0x00, 0x00,
  0x00, 0x00, 0x00, 0x00, 0x10, 0x04, 0x00, 0x00, 0x00, 0x00, 0x00, 0x00,
  0x0a, 0x00, 0x00, 0x00, 0x2b, 0x00, 0x00, 0x00, 0xd6, 0x22, 0x00, 0x00,
  0x00, 0x00, 0x00, 0x00, 0x14, 0x04, 0x00, 0x00, 0x00, 0x00, 0x00, 0x00,
  0x0a, 0x00, 0x00, 0x00, 0x2b, 0x00, 0x00, 0x00, 0x88, 0x46, 0x00, 0x00,
  0x00, 0x00, 0x00, 0x00, 0x18, 0x04, 0x00, 0x00, 0x00, 0x00, 0x00, 0x00,
  0x0a, 0x00, 0x00, 0x00, 0x2b, 0x00, 0x00, 0x00, 0xdc, 0x22, 0x00, 0x00,
  0x00, 0x00, 0x00, 0x00, 0x1c, 0x04, 0x00, 0x00, 0x00, 0x00, 0x00, 0x00,
  0x0a, 0x00, 0x00, 0x00, 0x2b, 0x00, 0x00, 0x00, 0xe7, 0x1f, 0x00, 0x00,
  0x00, 0x00, 0x00, 0x00, 0x20, 0x04, 0x00, 0x00, 0x00, 0x00, 0x00, 0x00,
  0x0a, 0x00, 0x00, 0x00, 0x2b, 0x00, 0x00, 0x00, 0x66, 0x03, 0x00, 0x00,
  0x00, 0x00, 0x00, 0x00, 0x24, 0x04, 0x00, 0x00, 0x00, 0x00, 0x00, 0x00,
  0x0a, 0x00, 0x00, 0x00, 0x2b, 0x00, 0x00, 0x00, 0x11, 0x43, 0x00, 0x00,
  0x00, 0x00, 0x00, 0x00, 0x28, 0x04, 0x00, 0x00, 0x00, 0x00, 0x00, 0x00,
  0x0a, 0x00, 0x00, 0x00, 0x2b, 0x00, 0x00, 0x00, 0x14, 0x59, 0x00, 0x00,
  0x00, 0x00, 0x00, 0x00, 0x2c, 0x04, 0x00, 0x00, 0x00, 0x00, 0x00, 0x00,
  0x0a, 0x00, 0x00, 0x00, 0x2b, 0x00, 0x00, 0x00, 0x6a, 0x03, 0x00, 0x00,
  0x00, 0x00, 0x00, 0x00, 0x30, 0x04, 0x00, 0x00, 0x00, 0x00, 0x00, 0x00,
  0x0a, 0x00, 0x00, 0x00, 0x2b, 0x00, 0x00, 0x00, 0x5a, 0x25, 0x00, 0x00,
  0x00, 0x00, 0x00, 0x00, 0x34, 0x04, 0x00, 0x00, 0x00, 0x00, 0x00, 0x00,
  0x0a, 0x00, 0x00, 0x00, 0x2b, 0x00, 0x00, 0x00, 0x17, 0x1d, 0x00, 0x00,
  0x00, 0x00, 0x00, 0x00, 0x38, 0x04, 0x00, 0x00, 0x00, 0x00, 0x00, 0x00,
  0x0a, 0x00, 0x00, 0x00, 0x2b, 0x00, 0x00, 0x00, 0x1b, 0x49, 0x00, 0x00,
  0x00, 0x00, 0x00, 0x00, 0x3c, 0x04, 0x00, 0x00, 0x00, 0x00, 0x00, 0x00,
  0x0a, 0x00, 0x00, 0x00, 0x2b, 0x00, 0x00, 0x00, 0x1c, 0x1a, 0x00, 0x00,
  0x00, 0x00, 0x00, 0x00, 0x40, 0x04, 0x00, 0x00, 0x00, 0x00, 0x00, 0x00,
  0x0a, 0x00, 0x00, 0x00, 0x2b, 0x00, 0x00, 0x00, 0xde, 0x0c, 0x00, 0x00,
  0x00, 0x00, 0x00, 0x00, 0x44, 0x04, 0x00, 0x00, 0x00, 0x00, 0x00, 0x00,
  0x0a, 0x00, 0x00, 0x00, 0x2b, 0x00, 0x00, 0x00, 0x2f, 0x49, 0x00, 0x00,
  0x00, 0x00, 0x00, 0x00, 0x48, 0x04, 0x00, 0x00, 0x00, 0x00, 0x00, 0x00,
  0x0a, 0x00, 0x00, 0x00, 0x2b, 0x00, 0x00, 0x00, 0x70, 0x03, 0x00, 0x00,
  0x00, 0x00, 0x00, 0x00, 0x4c, 0x04, 0x00, 0x00, 0x00, 0x00, 0x00, 0x00,
  0x0a, 0x00, 0x00, 0x00, 0x2b, 0x00, 0x00, 0x00, 0x58, 0x00, 0x00, 0x00,
  0x00, 0x00, 0x00, 0x00, 0x50, 0x04, 0x00, 0x00, 0x00, 0x00, 0x00, 0x00,
  0x0a, 0x00, 0x00, 0x00, 0x2b, 0x00, 0x00, 0x00, 0x9a, 0x46, 0x00, 0x00,
  0x00, 0x00, 0x00, 0x00, 0x54, 0x04, 0x00, 0x00, 0x00, 0x00, 0x00, 0x00,
  0x0a, 0x00, 0x00, 0x00, 0x2b, 0x00, 0x00, 0x00, 0xd3, 0x4c, 0x00, 0x00,
  0x00, 0x00, 0x00, 0x00, 0x58, 0x04, 0x00, 0x00, 0x00, 0x00, 0x00, 0x00,
  0x0a, 0x00, 0x00, 0x00, 0x2b, 0x00, 0x00, 0x00, 0xef, 0x0c, 0x00, 0x00,
  0x00, 0x00, 0x00, 0x00, 0x5c, 0x04, 0x00, 0x00, 0x00, 0x00, 0x00, 0x00,
  0x0a, 0x00, 0x00, 0x00, 0x2b, 0x00, 0x00, 0x00, 0x91, 0x28, 0x00, 0x00,
  0x00, 0x00, 0x00, 0x00, 0x60, 0x04, 0x00, 0x00, 0x00, 0x00, 0x00, 0x00,
  0x0a, 0x00, 0x00, 0x00, 0x2b, 0x00, 0x00, 0x00, 0x9c, 0x28, 0x00, 0x00,
  0x00, 0x00, 0x00, 0x00, 0x64, 0x04, 0x00, 0x00, 0x00, 0x00, 0x00, 0x00,
  0x0a, 0x00, 0x00, 0x00, 0x2b, 0x00, 0x00, 0x00, 0x7c, 0x03, 0x00, 0x00,
  0x00, 0x00, 0x00, 0x00, 0x68, 0x04, 0x00, 0x00, 0x00, 0x00, 0x00, 0x00,
  0x0a, 0x00, 0x00, 0x00, 0x2b, 0x00, 0x00, 0x00, 0xa8, 0x46, 0x00, 0x00,
  0x00, 0x00, 0x00, 0x00, 0x6c, 0x04, 0x00, 0x00, 0x00, 0x00, 0x00, 0x00,
  0x0a, 0x00, 0x00, 0x00, 0x2b, 0x00, 0x00, 0x00, 0x1c, 0x43, 0x00, 0x00,
  0x00, 0x00, 0x00, 0x00, 0x70, 0x04, 0x00, 0x00, 0x00, 0x00, 0x00, 0x00,
  0x0a, 0x00, 0x00, 0x00, 0x2b, 0x00, 0x00, 0x00, 0xd8, 0x12, 0x00, 0x00,
  0x00, 0x00, 0x00, 0x00, 0x74, 0x04, 0x00, 0x00, 0x00, 0x00, 0x00, 0x00,
  0x0a, 0x00, 0x00, 0x00, 0x2b, 0x00, 0x00, 0x00, 0xb9, 0x34, 0x00, 0x00,
  0x00, 0x00, 0x00, 0x00, 0x78, 0x04, 0x00, 0x00, 0x00, 0x00, 0x00, 0x00,
  0x0a, 0x00, 0x00, 0x00, 0x2b, 0x00, 0x00, 0x00, 0xbf, 0x3a, 0x00, 0x00,
  0x00, 0x00, 0x00, 0x00, 0x7c, 0x04, 0x00, 0x00, 0x00, 0x00, 0x00, 0x00,
  0x0a, 0x00, 0x00, 0x00, 0x2b, 0x00, 0x00, 0x00, 0x8e, 0x17, 0x00, 0x00,
  0x00, 0x00, 0x00, 0x00, 0x80, 0x04, 0x00, 0x00, 0x00, 0x00, 0x00, 0x00,
  0x0a, 0x00, 0x00, 0x00, 0x2b, 0x00, 0x00, 0x00, 0x1f, 0x59, 0x00, 0x00,
  0x00, 0x00, 0x00, 0x00, 0x84, 0x04, 0x00, 0x00, 0x00, 0x00, 0x00, 0x00,
  0x0a, 0x00, 0x00, 0x00, 0x2b, 0x00, 0x00, 0x00, 0xe5, 0x22, 0x00, 0x00,
  0x00, 0x00, 0x00, 0x00, 0x88, 0x04, 0x00, 0x00, 0x00, 0x00, 0x00, 0x00,
  0x0a, 0x00, 0x00, 0x00, 0x2b, 0x00, 0x00, 0x00, 0xc6, 0x3a, 0x00, 0x00,
  0x00, 0x00, 0x00, 0x00, 0x8c, 0x04, 0x00, 0x00, 0x00, 0x00, 0x00, 0x00,
  0x0a, 0x00, 0x00, 0x00, 0x2b, 0x00, 0x00, 0x00, 0xdc, 0x2b, 0x00, 0x00,
  0x00, 0x00, 0x00, 0x00, 0x90, 0x04, 0x00, 0x00, 0x00, 0x00, 0x00, 0x00,
  0x0a, 0x00, 0x00, 0x00, 0x2b, 0x00, 0x00, 0x00, 0x85, 0x09, 0x00, 0x00,
  0x00, 0x00, 0x00, 0x00, 0x94, 0x04, 0x00, 0x00, 0x00, 0x00, 0x00, 0x00,
  0x0a, 0x00, 0x00, 0x00, 0x2b, 0x00, 0x00, 0x00, 0x41, 0x2f, 0x00, 0x00,
  0x00, 0x00, 0x00, 0x00, 0x98, 0x04, 0x00, 0x00, 0x00, 0x00, 0x00, 0x00,
  0x0a, 0x00, 0x00, 0x00, 0x2b, 0x00, 0x00, 0x00, 0x0f, 0x54, 0x00, 0x00,
  0x00, 0x00, 0x00, 0x00, 0x9c, 0x04, 0x00, 0x00, 0x00, 0x00, 0x00, 0x00,
  0x0a, 0x00, 0x00, 0x00, 0x2b, 0x00, 0x00, 0x00, 0xee, 0x37, 0x00, 0x00,
  0x00, 0x00, 0x00, 0x00, 0xa0, 0x04, 0x00, 0x00, 0x00, 0x00, 0x00, 0x00,
  0x0a, 0x00, 0x00, 0x00, 0x2b, 0x00, 0x00, 0x00, 0x1a, 0x54, 0x00, 0x00,
  0x00, 0x00, 0x00, 0x00, 0xa4, 0x04, 0x00, 0x00, 0x00, 0x00, 0x00, 0x00,
  0x0a, 0x00, 0x00, 0x00, 0x2b, 0x00, 0x00, 0x00, 0xed, 0x1f, 0x00, 0x00,
  0x00, 0x00, 0x00, 0x00, 0xa8, 0x04, 0x00, 0x00, 0x00, 0x00, 0x00, 0x00,
  0x0a, 0x00, 0x00, 0x00, 0x2b, 0x00, 0x00, 0x00, 0xe6, 0x2b, 0x00, 0x00,
  0x00, 0x00, 0x00, 0x00, 0xac, 0x04, 0x00, 0x00, 0x00, 0x00, 0x00, 0x00,
  0x0a, 0x00, 0x00, 0x00, 0x2b, 0x00, 0x00, 0x00, 0x81, 0x51, 0x00, 0x00,
  0x00, 0x00, 0x00, 0x00, 0xb0, 0x04, 0x00, 0x00, 0x00, 0x00, 0x00, 0x00,
  0x0a, 0x00, 0x00, 0x00, 0x2b, 0x00, 0x00, 0x00, 0xa7, 0x28, 0x00, 0x00,
  0x00, 0x00, 0x00, 0x00, 0xb4, 0x04, 0x00, 0x00, 0x00, 0x00, 0x00, 0x00,
  0x0a, 0x00, 0x00, 0x00, 0x2b, 0x00, 0x00, 0x00, 0x65, 0x25, 0x00, 0x00,
  0x00, 0x00, 0x00, 0x00, 0xb8, 0x04, 0x00, 0x00, 0x00, 0x00, 0x00, 0x00,
  0x0a, 0x00, 0x00, 0x00, 0x2b, 0x00, 0x00, 0x00, 0x35, 0x49, 0x00, 0x00,
  0x00, 0x00, 0x00, 0x00, 0xbc, 0x04, 0x00, 0x00, 0x00, 0x00, 0x00, 0x00,
  0x0a, 0x00, 0x00, 0x00, 0x2b, 0x00, 0x00, 0x00, 0xcb, 0x3a, 0x00, 0x00,
  0x00, 0x00, 0x00, 0x00, 0xc0, 0x04, 0x00, 0x00, 0x00, 0x00, 0x00, 0x00,
  0x0a, 0x00, 0x00, 0x00, 0x2b, 0x00, 0x00, 0x00, 0x2c, 0x43, 0x00, 0x00,
  0x00, 0x00, 0x00, 0x00, 0xc4, 0x04, 0x00, 0x00, 0x00, 0x00, 0x00, 0x00,
  0x0a, 0x00, 0x00, 0x00, 0x2b, 0x00, 0x00, 0x00, 0x4f, 0x2f, 0x00, 0x00,
  0x00, 0x00, 0x00, 0x00, 0xc8, 0x04, 0x00, 0x00, 0x00, 0x00, 0x00, 0x00,
  0x0a, 0x00, 0x00, 0x00, 0x2b, 0x00, 0x00, 0x00, 0x94, 0x51, 0x00, 0x00,
  0x00, 0x00, 0x00, 0x00, 0xcc, 0x04, 0x00, 0x00, 0x00, 0x00, 0x00, 0x00,
  0x0a, 0x00, 0x00, 0x00, 0x2b, 0x00, 0x00, 0x00, 0xfd, 0x0c, 0x00, 0x00,
  0x00, 0x00, 0x00, 0x00, 0xd0, 0x04, 0x00, 0x00, 0x00, 0x00, 0x00, 0x00,
  0x0a, 0x00, 0x00, 0x00, 0x2b, 0x00, 0x00, 0x00, 0x84, 0x0f, 0x00, 0x00,
  0x00, 0x00, 0x00, 0x00, 0xd4, 0x04, 0x00, 0x00, 0x00, 0x00, 0x00, 0x00,
  0x0a, 0x00, 0x00, 0x00, 0x2b, 0x00, 0x00, 0x00, 0xd3, 0x3a, 0x00, 0x00,
  0x00, 0x00, 0x00, 0x00, 0xd8, 0x04, 0x00, 0x00, 0x00, 0x00, 0x00, 0x00,
  0x0a, 0x00, 0x00, 0x00, 0x2b, 0x00, 0x00, 0x00, 0x26, 0x54, 0x00, 0x00,
  0x00, 0x00, 0x00, 0x00, 0xdc, 0x04, 0x00, 0x00, 0x00, 0x00, 0x00, 0x00,
  0x0a, 0x00, 0x00, 0x00, 0x2b, 0x00, 0x00, 0x00, 0x8f, 0x03, 0x00, 0x00,
  0x00, 0x00, 0x00, 0x00, 0xe0, 0x04, 0x00, 0x00, 0x00, 0x00, 0x00, 0x00,
  0x0a, 0x00, 0x00, 0x00, 0x2b, 0x00, 0x00, 0x00, 0x64, 0x00, 0x00, 0x00,
  0x00, 0x00, 0x00, 0x00, 0xe4, 0x04, 0x00, 0x00, 0x00, 0x00, 0x00, 0x00,
  0x0a, 0x00, 0x00, 0x00, 0x2b, 0x00, 0x00, 0x00, 0xe1, 0x4c, 0x00, 0x00,
  0x00, 0x00, 0x00, 0x00, 0xe8, 0x04, 0x00, 0x00, 0x00, 0x00, 0x00, 0x00,
  0x0a, 0x00, 0x00, 0x00, 0x2b, 0x00, 0x00, 0x00, 0x5b, 0x2f, 0x00, 0x00,
  0x00, 0x00, 0x00, 0x00, 0xec, 0x04, 0x00, 0x00, 0x00, 0x00, 0x00, 0x00,
  0x0a, 0x00, 0x00, 0x00, 0x2b, 0x00, 0x00, 0x00, 0x67, 0x2f, 0x00, 0x00,
  0x00, 0x00, 0x00, 0x00, 0xf0, 0x04, 0x00, 0x00, 0x00, 0x00, 0x00, 0x00,
  0x0a, 0x00, 0x00, 0x00, 0x2b, 0x00, 0x00, 0x00, 0x23, 0x59, 0x00, 0x00,
  0x00, 0x00, 0x00, 0x00, 0xf4, 0x04, 0x00, 0x00, 0x00, 0x00, 0x00, 0x00,
  0x0a, 0x00, 0x00, 0x00, 0x2b, 0x00, 0x00, 0x00, 0x0b, 0x57, 0x00, 0x00,
  0x00, 0x00, 0x00, 0x00, 0xf8, 0x04, 0x00, 0x00, 0x00, 0x00, 0x00, 0x00,
  0x0a, 0x00, 0x00, 0x00, 0x2b, 0x00, 0x00, 0x00, 0x97, 0x17, 0x00, 0x00,
  0x00, 0x00, 0x00, 0x00, 0xfc, 0x04, 0x00, 0x00, 0x00, 0x00, 0x00, 0x00,
  0x0a, 0x00, 0x00, 0x00, 0x2b, 0x00, 0x00, 0x00, 0x25, 0x1a, 0x00, 0x00,
  0x00, 0x00, 0x00, 0x00, 0x00, 0x05, 0x00, 0x00, 0x00, 0x00, 0x00, 0x00,
  0x0a, 0x00, 0x00, 0x00, 0x2b, 0x00, 0x00, 0x00, 0xed, 0x4c, 0x00, 0x00,
  0x00, 0x00, 0x00, 0x00, 0x04, 0x05, 0x00, 0x00, 0x00, 0x00, 0x00, 0x00,
  0x0a, 0x00, 0x00, 0x00, 0x2b, 0x00, 0x00, 0x00, 0x36, 0x43, 0x00, 0x00,
  0x00, 0x00, 0x00, 0x00, 0x08, 0x05, 0x00, 0x00, 0x00, 0x00, 0x00, 0x00,
  0x0a, 0x00, 0x00, 0x00, 0x2b, 0x00, 0x00, 0x00, 0xf6, 0x2b, 0x00, 0x00,
  0x00, 0x00, 0x00, 0x00, 0x0c, 0x05, 0x00, 0x00, 0x00, 0x00, 0x00, 0x00,
  0x0a, 0x00, 0x00, 0x00, 0x2b, 0x00, 0x00, 0x00, 0x36, 0x59, 0x00, 0x00,
  0x00, 0x00, 0x00, 0x00, 0x10, 0x05, 0x00, 0x00, 0x00, 0x00, 0x00, 0x00,
  0x0a, 0x00, 0x00, 0x00, 0x2b, 0x00, 0x00, 0x00, 0x75, 0x25, 0x00, 0x00,
  0x00, 0x00, 0x00, 0x00, 0x14, 0x05, 0x00, 0x00, 0x00, 0x00, 0x00, 0x00,
  0x0a, 0x00, 0x00, 0x00, 0x2b, 0x00, 0x00, 0x00, 0x34, 0x1a, 0x00, 0x00,
  0x00, 0x00, 0x00, 0x00, 0x18, 0x05, 0x00, 0x00, 0x00, 0x00, 0x00, 0x00,
  0x0a, 0x00, 0x00, 0x00, 0x2b, 0x00, 0x00, 0x00, 0xf7, 0x37, 0x00, 0x00,
  0x00, 0x00, 0x00, 0x00, 0x1c, 0x05, 0x00, 0x00, 0x00, 0x00, 0x00, 0x00,
  0x0a, 0x00, 0x00, 0x00, 0x2b, 0x00, 0x00, 0x00, 0x48, 0x49, 0x00, 0x00,
  0x00, 0x00, 0x00, 0x00, 0x20, 0x05, 0x00, 0x00, 0x00, 0x00, 0x00, 0x00,
  0x0a, 0x00, 0x00, 0x00, 0x2b, 0x00, 0x00, 0x00, 0x70, 0x00, 0x00, 0x00,
  0x00, 0x00, 0x00, 0x00, 0x24, 0x05, 0x00, 0x00, 0x00, 0x00, 0x00, 0x00,
  0x0a, 0x00, 0x00, 0x00, 0x2b, 0x00, 0x00, 0x00, 0x06, 0x15, 0x00, 0x00,
  0x00, 0x00, 0x00, 0x00, 0x28, 0x05, 0x00, 0x00, 0x00, 0x00, 0x00, 0x00,
  0x0a, 0x00, 0x00, 0x00, 0x2b, 0x00, 0x00, 0x00, 0xe3, 0x3a, 0x00, 0x00,
  0x00, 0x00, 0x00, 0x00, 0x2c, 0x05, 0x00, 0x00, 0x00, 0x00, 0x00, 0x00,
  0x0a, 0x00, 0x00, 0x00, 0x2b, 0x00, 0x00, 0x00, 0x4e, 0x49, 0x00, 0x00,
  0x00, 0x00, 0x00, 0x00, 0x30, 0x05, 0x00, 0x00, 0x00, 0x00, 0x00, 0x00,
  0x0a, 0x00, 0x00, 0x00, 0x2b, 0x00, 0x00, 0x00, 0x40, 0x59, 0x00, 0x00,
  0x00, 0x00, 0x00, 0x00, 0x34, 0x05, 0x00, 0x00, 0x00, 0x00, 0x00, 0x00,
  0x0a, 0x00, 0x00, 0x00, 0x2b, 0x00, 0x00, 0x00, 0x9b, 0x03, 0x00, 0x00,
  0x00, 0x00, 0x00, 0x00, 0x38, 0x05, 0x00, 0x00, 0x00, 0x00, 0x00, 0x00,
  0x0a, 0x00, 0x00, 0x00, 0x2b, 0x00, 0x00, 0x00, 0xec, 0x22, 0x00, 0x00,
  0x00, 0x00, 0x00, 0x00, 0x3c, 0x05, 0x00, 0x00, 0x00, 0x00, 0x00, 0x00,
  0x0a, 0x00, 0x00, 0x00, 0x2b, 0x00, 0x00, 0x00, 0x94, 0x0f, 0x00, 0x00,
  0x00, 0x00, 0x00, 0x00, 0x40, 0x05, 0x00, 0x00, 0x00, 0x00, 0x00, 0x00,
  0x0a, 0x00, 0x00, 0x00, 0x2b, 0x00, 0x00, 0x00, 0x7e, 0x00, 0x00, 0x00,
  0x00, 0x00, 0x00, 0x00, 0x44, 0x05, 0x00, 0x00, 0x00, 0x00, 0x00, 0x00,
  0x0a, 0x00, 0x00, 0x00, 0x2b, 0x00, 0x00, 0x00, 0x9b, 0x0f, 0x00, 0x00,
  0x00, 0x00, 0x00, 0x00, 0x48, 0x05, 0x00, 0x00, 0x00, 0x00, 0x00, 0x00,
  0x0a, 0x00, 0x00, 0x00, 0x2b, 0x00, 0x00, 0x00, 0x14, 0x15, 0x00, 0x00,
  0x00, 0x00, 0x00, 0x00, 0x4c, 0x05, 0x00, 0x00, 0x00, 0x00, 0x00, 0x00,
  0x0a, 0x00, 0x00, 0x00, 0x2b, 0x00, 0x00, 0x00, 0x04, 0x2c, 0x00, 0x00,
  0x00, 0x00, 0x00, 0x00, 0x50, 0x05, 0x00, 0x00, 0x00, 0x00, 0x00, 0x00,
  0x0a, 0x00, 0x00, 0x00, 0x2b, 0x00, 0x00, 0x00, 0xa4, 0x51, 0x00, 0x00,
  0x00, 0x00, 0x00, 0x00, 0x54, 0x05, 0x00, 0x00, 0x00, 0x00, 0x00, 0x00,
  0x0a, 0x00, 0x00, 0x00, 0x2b, 0x00, 0x00, 0x00, 0x5c, 0x49, 0x00, 0x00,
  0x00, 0x00, 0x00, 0x00, 0x58, 0x05, 0x00, 0x00, 0x00, 0x00, 0x00, 0x00,
  0x0a, 0x00, 0x00, 0x00, 0x2b, 0x00, 0x00, 0x00, 0x69, 0x49, 0x00, 0x00,
  0x00, 0x00, 0x00, 0x00, 0x5c, 0x05, 0x00, 0x00, 0x00, 0x00, 0x00, 0x00,
  0x0a, 0x00, 0x00, 0x00, 0x2b, 0x00, 0x00, 0x00, 0xb7, 0x28, 0x00, 0x00,
  0x00, 0x00, 0x00, 0x00, 0x60, 0x05, 0x00, 0x00, 0x00, 0x00, 0x00, 0x00,
  0x0a, 0x00, 0x00, 0x00, 0x2b, 0x00, 0x00, 0x00, 0xfc, 0x4c, 0x00, 0x00,
  0x00, 0x00, 0x00, 0x00, 0x64, 0x05, 0x00, 0x00, 0x00, 0x00, 0x00, 0x00,
  0x0a, 0x00, 0x00, 0x00, 0x2b, 0x00, 0x00, 0x00, 0x22, 0x15, 0x00, 0x00,
  0x00, 0x00, 0x00, 0x00, 0x68, 0x05, 0x00, 0x00, 0x00, 0x00, 0x00, 0x00,
  0x0a, 0x00, 0x00, 0x00, 0x2b, 0x00, 0x00, 0x00, 0xe4, 0x12, 0x00, 0x00,
  0x00, 0x00, 0x00, 0x00, 0x6c, 0x05, 0x00, 0x00, 0x00, 0x00, 0x00, 0x00,
  0x0a, 0x00, 0x00, 0x00, 0x2b, 0x00, 0x00, 0x00, 0x26, 0x1d, 0x00, 0x00,
  0x00, 0x00, 0x00, 0x00, 0x70, 0x05, 0x00, 0x00, 0x00, 0x00, 0x00, 0x00,
  0x0a, 0x00, 0x00, 0x00, 0x2b, 0x00, 0x00, 0x00, 0xca, 0x34, 0x00, 0x00,
  0x00, 0x00, 0x00, 0x00, 0x74, 0x05, 0x00, 0x00, 0x00, 0x00, 0x00, 0x00,
  0x0a, 0x00, 0x00, 0x00, 0x2b, 0x00, 0x00, 0x00, 0x4f, 0x06, 0x00, 0x00,
  0x00, 0x00, 0x00, 0x00, 0x78, 0x05, 0x00, 0x00, 0x00, 0x00, 0x00, 0x00,
  0x0a, 0x00, 0x00, 0x00, 0x2b, 0x00, 0x00, 0x00, 0xff, 0x37, 0x00, 0x00,
  0x00, 0x00, 0x00, 0x00, 0x7c, 0x05, 0x00, 0x00, 0x00, 0x00, 0x00, 0x00,
  0x0a, 0x00, 0x00, 0x00, 0x2b, 0x00, 0x00, 0x00, 0x2e, 0x54, 0x00, 0x00,
  0x00, 0x00, 0x00, 0x00, 0x80, 0x05, 0x00, 0x00, 0x00, 0x00, 0x00, 0x00,
  0x0a, 0x00, 0x00, 0x00, 0x2b, 0x00, 0x00, 0x00, 0x92, 0x09, 0x00, 0x00,
  0x00, 0x00, 0x00, 0x00, 0x84, 0x05, 0x00, 0x00, 0x00, 0x00, 0x00, 0x00,
  0x0a, 0x00, 0x00, 0x00, 0x2b, 0x00, 0x00, 0x00, 0x55, 0x06, 0x00, 0x00,
  0x00, 0x00, 0x00, 0x00, 0x88, 0x05, 0x00, 0x00, 0x00, 0x00, 0x00, 0x00,
  0x0a, 0x00, 0x00, 0x00, 0x2b, 0x00, 0x00, 0x00, 0xf0, 0x22, 0x00, 0x00,
  0x00, 0x00, 0x00, 0x00, 0x8c, 0x05, 0x00, 0x00, 0x00, 0x00, 0x00, 0x00,
  0x0a, 0x00, 0x00, 0x00, 0x2b, 0x00, 0x00, 0x00, 0xb3, 0x4f, 0x00, 0x00,
  0x00, 0x00, 0x00, 0x00, 0x90, 0x05, 0x00, 0x00, 0x00, 0x00, 0x00, 0x00,
  0x0a, 0x00, 0x00, 0x00, 0x2b, 0x00, 0x00, 0x00, 0xa4, 0x0f, 0x00, 0x00,
  0x00, 0x00, 0x00, 0x00, 0x94, 0x05, 0x00, 0x00, 0x00, 0x00, 0x00, 0x00,
  0x0a, 0x00, 0x00, 0x00, 0x2b, 0x00, 0x00, 0x00, 0xc9, 0x28, 0x00, 0x00,
  0x00, 0x00, 0x00, 0x00, 0x98, 0x05, 0x00, 0x00, 0x00, 0x00, 0x00, 0x00,
  0x0a, 0x00, 0x00, 0x00, 0x2b, 0x00, 0x00, 0x00, 0x36, 0x54, 0x00, 0x00,
  0x00, 0x00, 0x00, 0x00, 0x9c, 0x05, 0x00, 0x00, 0x00, 0x00, 0x00, 0x00,
  0x0a, 0x00, 0x00, 0x00, 0x2b, 0x00, 0x00, 0x00, 0x0d, 0x0d, 0x00, 0x00,
  0x00, 0x00, 0x00, 0x00, 0xa0, 0x05, 0x00, 0x00, 0x00, 0x00, 0x00, 0x00,
  0x0a, 0x00, 0x00, 0x00, 0x2b, 0x00, 0x00, 0x00, 0x1e, 0x57, 0x00, 0x00,
  0x00, 0x00, 0x00, 0x00, 0xa4, 0x05, 0x00, 0x00, 0x00, 0x00, 0x00, 0x00,
  0x0a, 0x00, 0x00, 0x00, 0x2b, 0x00, 0x00, 0x00, 0x0d, 0x2c, 0x00, 0x00,
  0x00, 0x00, 0x00, 0x00, 0xa8, 0x05, 0x00, 0x00, 0x00, 0x00, 0x00, 0x00,
  0x0a, 0x00, 0x00, 0x00, 0x2b, 0x00, 0x00, 0x00, 0x3f, 0x43, 0x00, 0x00,
  0x00, 0x00, 0x00, 0x00, 0xac, 0x05, 0x00, 0x00, 0x00, 0x00, 0x00, 0x00,
  0x0a, 0x00, 0x00, 0x00, 0x2b, 0x00, 0x00, 0x00, 0xc9, 0x31, 0x00, 0x00,
  0x00, 0x00, 0x00, 0x00, 0xb0, 0x05, 0x00, 0x00, 0x00, 0x00, 0x00, 0x00,
  0x0a, 0x00, 0x00, 0x00, 0x2b, 0x00, 0x00, 0x00, 0xfd, 0x1f, 0x00, 0x00,
  0x00, 0x00, 0x00, 0x00, 0xb4, 0x05, 0x00, 0x00, 0x00, 0x00, 0x00, 0x00,
  0x0a, 0x00, 0x00, 0x00, 0x2b, 0x00, 0x00, 0x00, 0x2b, 0x57, 0x00, 0x00,
  0x00, 0x00, 0x00, 0x00, 0xb8, 0x05, 0x00, 0x00, 0x00, 0x00, 0x00, 0x00,
  0x0a, 0x00, 0x00, 0x00, 0x2b, 0x00, 0x00, 0x00, 0xd7, 0x28, 0x00, 0x00,
  0x00, 0x00, 0x00, 0x00, 0xbc, 0x05, 0x00, 0x00, 0x00, 0x00, 0x00, 0x00,
  0x0a, 0x00, 0x00, 0x00, 0x2b, 0x00, 0x00, 0x00, 0xd0, 0x31, 0x00, 0x00,
  0x00, 0x00, 0x00, 0x00, 0xc0, 0x05, 0x00, 0x00, 0x00, 0x00, 0x00, 0x00,
  0x0a, 0x00, 0x00, 0x00, 0x2b, 0x00, 0x00, 0x00, 0xae, 0x51, 0x00, 0x00,
  0x00, 0x00, 0x00, 0x00, 0xc4, 0x05, 0x00, 0x00, 0x00, 0x00, 0x00, 0x00,
  0x0a, 0x00, 0x00, 0x00, 0x2b, 0x00, 0x00, 0x00, 0xd3, 0x34, 0x00, 0x00,
  0x00, 0x00, 0x00, 0x00, 0xc8, 0x05, 0x00, 0x00, 0x00, 0x00, 0x00, 0x00,
  0x0a, 0x00, 0x00, 0x00, 0x2b, 0x00, 0x00, 0x00, 0x19, 0x2c, 0x00, 0x00,
  0x00, 0x00, 0x00, 0x00, 0xcc, 0x05, 0x00, 0x00, 0x00, 0x00, 0x00, 0x00,
  0x0a, 0x00, 0x00, 0x00, 0x2b, 0x00, 0x00, 0x00, 0x08, 0x20, 0x00, 0x00,
  0x00, 0x00, 0x00, 0x00, 0xd0, 0x05, 0x00, 0x00, 0x00, 0x00, 0x00, 0x00,
  0x0a, 0x00, 0x00, 0x00, 0x2b, 0x00, 0x00, 0x00, 0x2d, 0x1d, 0x00, 0x00,
  0x00, 0x00, 0x00, 0x00, 0xd4, 0x05, 0x00, 0x00, 0x00, 0x00, 0x00, 0x00,
  0x0a, 0x00, 0x00, 0x00, 0x2b, 0x00, 0x00, 0x00, 0xec, 0x12, 0x00, 0x00,
  0x00, 0x00, 0x00, 0x00, 0xd8, 0x05, 0x00, 0x00, 0x00, 0x00, 0x00, 0x00,
  0x0a, 0x00, 0x00, 0x00, 0x2b, 0x00, 0x00, 0x00, 0xce, 0x3f, 0x00, 0x00,
  0x00, 0x00, 0x00, 0x00, 0xdc, 0x05, 0x00, 0x00, 0x00, 0x00, 0x00, 0x00,
  0x0a, 0x00, 0x00, 0x00, 0x2b, 0x00, 0x00, 0x00, 0xde, 0x28, 0x00, 0x00,
  0x00, 0x00, 0x00, 0x00, 0xe0, 0x05, 0x00, 0x00, 0x00, 0x00, 0x00, 0x00,
  0x0a, 0x00, 0x00, 0x00, 0x2b, 0x00, 0x00, 0x00, 0x73, 0x2f, 0x00, 0x00,
  0x00, 0x00, 0x00, 0x00, 0xe4, 0x05, 0x00, 0x00, 0x00, 0x00, 0x00, 0x00,
  0x0a, 0x00, 0x00, 0x00, 0x2b, 0x00, 0x00, 0x00, 0xb3, 0x51, 0x00, 0x00,
  0x00, 0x00, 0x00, 0x00, 0xe8, 0x05, 0x00, 0x00, 0x00, 0x00, 0x00, 0x00,
  0x0a, 0x00, 0x00, 0x00, 0x2b, 0x00, 0x00, 0x00, 0x45, 0x43, 0x00, 0x00,
  0x00, 0x00, 0x00, 0x00, 0xec, 0x05, 0x00, 0x00, 0x00, 0x00, 0x00, 0x00,
  0x0a, 0x00, 0x00, 0x00, 0x2b, 0x00, 0x00, 0x00, 0x7a, 0x2f, 0x00, 0x00,
  0x00, 0x00, 0x00, 0x00, 0xf0, 0x05, 0x00, 0x00, 0x00, 0x00, 0x00, 0x00,
  0x0a, 0x00, 0x00, 0x00, 0x2b, 0x00, 0x00, 0x00, 0xf4, 0x3a, 0x00, 0x00,
  0x00, 0x00, 0x00, 0x00, 0xf4, 0x05, 0x00, 0x00, 0x00, 0x00, 0x00, 0x00,
  0x0a, 0x00, 0x00, 0x00, 0x2b, 0x00, 0x00, 0x00, 0xfd, 0x3a, 0x00, 0x00,
  0x00, 0x00, 0x00, 0x00, 0xf8, 0x05, 0x00, 0x00, 0x00, 0x00, 0x00, 0x00,
  0x0a, 0x00, 0x00, 0x00, 0x2b, 0x00, 0x00, 0x00, 0xd5, 0x3d, 0x00, 0x00,
  0x00, 0x00, 0x00, 0x00, 0xfc, 0x05, 0x00, 0x00, 0x00, 0x00, 0x00, 0x00,
  0x0a, 0x00, 0x00, 0x00, 0x2b, 0x00, 0x00, 0x00, 0x3f, 0x54, 0x00, 0x00,
  0x00, 0x00, 0x00, 0x00, 0x00, 0x06, 0x00, 0x00, 0x00, 0x00, 0x00, 0x00,
  0x0a, 0x00, 0x00, 0x00, 0x2b, 0x00, 0x00, 0x00, 0xbf, 0x51, 0x00, 0x00,
  0x00, 0x00, 0x00, 0x00, 0x04, 0x06, 0x00, 0x00, 0x00, 0x00, 0x00, 0x00,
  0x0a, 0x00, 0x00, 0x00, 0x2b, 0x00, 0x00, 0x00, 0x4e, 0x43, 0x00, 0x00,
  0x00, 0x00, 0x00, 0x00, 0x08, 0x06, 0x00, 0x00, 0x00, 0x00, 0x00, 0x00,
  0x0a, 0x00, 0x00, 0x00, 0x2b, 0x00, 0x00, 0x00, 0x45, 0x54, 0x00, 0x00,
  0x00, 0x00, 0x00, 0x00, 0x0c, 0x06, 0x00, 0x00, 0x00, 0x00, 0x00, 0x00,
  0x0a, 0x00, 0x00, 0x00, 0x2b, 0x00, 0x00, 0x00, 0xf2, 0x12, 0x00, 0x00,
  0x00, 0x00, 0x00, 0x00, 0x10, 0x06, 0x00, 0x00, 0x00, 0x00, 0x00, 0x00,
  0x0a, 0x00, 0x00, 0x00, 0x2b, 0x00, 0x00, 0x00, 0x0c, 0x38, 0x00, 0x00,
  0x00, 0x00, 0x00, 0x00, 0x14, 0x06, 0x00, 0x00, 0x00, 0x00, 0x00, 0x00,
  0x0a, 0x00, 0x00, 0x00, 0x2b, 0x00, 0x00, 0x00, 0x4b, 0x54, 0x00, 0x00,
  0x00, 0x00, 0x00, 0x00, 0x18, 0x06, 0x00, 0x00, 0x00, 0x00, 0x00, 0x00,
  0x0a, 0x00, 0x00, 0x00, 0x2b, 0x00, 0x00, 0x00, 0x56, 0x43, 0x00, 0x00,
  0x00, 0x00, 0x00, 0x00, 0x1c, 0x06, 0x00, 0x00, 0x00, 0x00, 0x00, 0x00,
  0x0a, 0x00, 0x00, 0x00, 0x2b, 0x00, 0x00, 0x00, 0xd8, 0x31, 0x00, 0x00,
  0x00, 0x00, 0x00, 0x00, 0x20, 0x06, 0x00, 0x00, 0x00, 0x00, 0x00, 0x00,
  0x0a, 0x00, 0x00, 0x00, 0x2b, 0x00, 0x00, 0x00, 0xac, 0x0f, 0x00, 0x00,
  0x00, 0x00, 0x00, 0x00, 0x24, 0x06, 0x00, 0x00, 0x00, 0x00, 0x00, 0x00,
  0x0a, 0x00, 0x00, 0x00, 0x2b, 0x00, 0x00, 0x00, 0x32, 0x1d, 0x00, 0x00,
  0x00, 0x00, 0x00, 0x00, 0x28, 0x06, 0x00, 0x00, 0x00, 0x00, 0x00, 0x00,
  0x0a, 0x00, 0x00, 0x00, 0x2b, 0x00, 0x00, 0x00, 0xa2, 0x17, 0x00, 0x00,
  0x00, 0x00, 0x00, 0x00, 0x2c, 0x06, 0x00, 0x00, 0x00, 0x00, 0x00, 0x00,
  0x0a, 0x00, 0x00, 0x00, 0x2b, 0x00, 0x00, 0x00, 0xb3, 0x46, 0x00, 0x00,
  0x00, 0x00, 0x00, 0x00, 0x30, 0x06, 0x00, 0x00, 0x00, 0x00, 0x00, 0x00,
  0x0a, 0x00, 0x00, 0x00, 0x2b, 0x00, 0x00, 0x00, 0xf7, 0x12, 0x00, 0x00,
  0x00, 0x00, 0x00, 0x00, 0x34, 0x06, 0x00, 0x00, 0x00, 0x00, 0x00, 0x00,
  0x0a, 0x00, 0x00, 0x00, 0x2b, 0x00, 0x00, 0x00, 0xf8, 0x22, 0x00, 0x00,
  0x00, 0x00, 0x00, 0x00, 0x38, 0x06, 0x00, 0x00, 0x00, 0x00, 0x00, 0x00,
  0x0a, 0x00, 0x00, 0x00, 0x2b, 0x00, 0x00, 0x00, 0x9b, 0x09, 0x00, 0x00,
  0x00, 0x00, 0x00, 0x00, 0x3c, 0x06, 0x00, 0x00, 0x00, 0x00, 0x00, 0x00,
  0x0a, 0x00, 0x00, 0x00, 0x2b, 0x00, 0x00, 0x00, 0x75, 0x49, 0x00, 0x00,
  0x00, 0x00, 0x00, 0x00, 0x40, 0x06, 0x00, 0x00, 0x00, 0x00, 0x00, 0x00,
  0x0a, 0x00, 0x00, 0x00, 0x2b, 0x00, 0x00, 0x00, 0xdd, 0x34, 0x00, 0x00,
  0x00, 0x00, 0x00, 0x00, 0x44, 0x06, 0x00, 0x00, 0x00, 0x00, 0x00, 0x00,
  0x0a, 0x00, 0x00, 0x00, 0x2b, 0x00, 0x00, 0x00, 0xa2, 0x09, 0x00, 0x00,
  0x00, 0x00, 0x00, 0x00, 0x48, 0x06, 0x00, 0x00, 0x00, 0x00, 0x00, 0x00,
  0x0a, 0x00, 0x00, 0x00, 0x2b, 0x00, 0x00, 0x00, 0x7f, 0x25, 0x00, 0x00,
  0x00, 0x00, 0x00, 0x00, 0x4c, 0x06, 0x00, 0x00, 0x00, 0x00, 0x00, 0x00,
  0x0a, 0x00, 0x00, 0x00, 0x2b, 0x00, 0x00, 0x00, 0x18, 0x38, 0x00, 0x00,
  0x00, 0x00, 0x00, 0x00, 0x50, 0x06, 0x00, 0x00, 0x00, 0x00, 0x00, 0x00,
  0x0a, 0x00, 0x00, 0x00, 0x2b, 0x00, 0x00, 0x00, 0x88, 0x25, 0x00, 0x00,
  0x00, 0x00, 0x00, 0x00, 0x54, 0x06, 0x00, 0x00, 0x00, 0x00, 0x00, 0x00,
  0x0a, 0x00, 0x00, 0x00, 0x2b, 0x00, 0x00, 0x00, 0x56, 0x54, 0x00, 0x00,
  0x00, 0x00, 0x00, 0x00, 0x58, 0x06, 0x00, 0x00, 0x00, 0x00, 0x00, 0x00,
  0x0a, 0x00, 0x00, 0x00, 0x2b, 0x00, 0x00, 0x00, 0x2b, 0x15, 0x00, 0x00,
  0x00, 0x00, 0x00, 0x00, 0x5c, 0x06, 0x00, 0x00, 0x00, 0x00, 0x00, 0x00,
  0x0a, 0x00, 0x00, 0x00, 0x2b, 0x00, 0x00, 0x00, 0xac, 0x03, 0x00, 0x00,
  0x00, 0x00, 0x00, 0x00, 0x60, 0x06, 0x00, 0x00, 0x00, 0x00, 0x00, 0x00,
  0x0a, 0x00, 0x00, 0x00, 0x2b, 0x00, 0x00, 0x00, 0xe2, 0x3d, 0x00, 0x00,
  0x00, 0x00, 0x00, 0x00, 0x64, 0x06, 0x00, 0x00, 0x00, 0x00, 0x00, 0x00,
  0x0a, 0x00, 0x00, 0x00, 0x2b, 0x00, 0x00, 0x00, 0xc9, 0x51, 0x00, 0x00,
  0x00, 0x00, 0x00, 0x00, 0x68, 0x06, 0x00, 0x00, 0x00, 0x00, 0x00, 0x00,
  0x0a, 0x00, 0x00, 0x00, 0x2b, 0x00, 0x00, 0x00, 0x87, 0x00, 0x00, 0x00,
  0x00, 0x00, 0x00, 0x00, 0x6c, 0x06, 0x00, 0x00, 0x00, 0x00, 0x00, 0x00,
  0x0a, 0x00, 0x00, 0x00, 0x2b, 0x00, 0x00, 0x00, 0x40, 0x1a, 0x00, 0x00,
  0x00, 0x00, 0x00, 0x00, 0x70, 0x06, 0x00, 0x00, 0x00, 0x00, 0x00, 0x00,
  0x0a, 0x00, 0x00, 0x00, 0x2b, 0x00, 0x00, 0x00, 0x37, 0x15, 0x00, 0x00,
  0x00, 0x00, 0x00, 0x00, 0x74, 0x06, 0x00, 0x00, 0x00, 0x00, 0x00, 0x00,
  0x0a, 0x00, 0x00, 0x00, 0x2b, 0x00, 0x00, 0x00, 0xe1, 0x31, 0x00, 0x00,
  0x00, 0x00, 0x00, 0x00, 0x78, 0x06, 0x00, 0x00, 0x00, 0x00, 0x00, 0x00,
  0x0a, 0x00, 0x00, 0x00, 0x2b, 0x00, 0x00, 0x00, 0xb9, 0x03, 0x00, 0x00,
  0x00, 0x00, 0x00, 0x00, 0x7c, 0x06, 0x00, 0x00, 0x00, 0x00, 0x00, 0x00,
  0x0a, 0x00, 0x00, 0x00, 0x2b, 0x00, 0x00, 0x00, 0x8e, 0x00, 0x00, 0x00,
  0x00, 0x00, 0x00, 0x00, 0x80, 0x06, 0x00, 0x00, 0x00, 0x00, 0x00, 0x00,
  0x0a, 0x00, 0x00, 0x00, 0x2b, 0x00, 0x00, 0x00, 0x32, 0x57, 0x00, 0x00,
  0x00, 0x00, 0x00, 0x00, 0x84, 0x06, 0x00, 0x00, 0x00, 0x00, 0x00, 0x00,
  0x0a, 0x00, 0x00, 0x00, 0x2b, 0x00, 0x00, 0x00, 0x38, 0x1d, 0x00, 0x00,
  0x00, 0x00, 0x00, 0x00, 0x88, 0x06, 0x00, 0x00, 0x00, 0x00, 0x00, 0x00,
  0x0a, 0x00, 0x00, 0x00, 0x2b, 0x00, 0x00, 0x00, 0x4e, 0x59, 0x00, 0x00,
  0x00, 0x00, 0x00, 0x00, 0x8c, 0x06, 0x00, 0x00, 0x00, 0x00, 0x00, 0x00,
  0x0a, 0x00, 0x00, 0x00, 0x2b, 0x00, 0x00, 0x00, 0x4e, 0x1a, 0x00, 0x00,
  0x00, 0x00, 0x00, 0x00, 0x90, 0x06, 0x00, 0x00, 0x00, 0x00, 0x00, 0x00,
  0x0a, 0x00, 0x00, 0x00, 0x2b, 0x00, 0x00, 0x00, 0xd8, 0x3f, 0x00, 0x00,
  0x00, 0x00, 0x00, 0x00, 0x94, 0x06, 0x00, 0x00, 0x00, 0x00, 0x00, 0x00,
  0x0a, 0x00, 0x00, 0x00, 0x2b, 0x00, 0x00, 0x00, 0x81, 0x49, 0x00, 0x00,
  0x00, 0x00, 0x00, 0x00, 0x98, 0x06, 0x00, 0x00, 0x00, 0x00, 0x00, 0x00,
  0x0a, 0x00, 0x00, 0x00, 0x2b, 0x00, 0x00, 0x00, 0x3d, 0x1d, 0x00, 0x00,
  0x00, 0x00, 0x00, 0x00, 0x9c, 0x06, 0x00, 0x00, 0x00, 0x00, 0x00, 0x00,
  0x0a, 0x00, 0x00, 0x00, 0x2b, 0x00, 0x00, 0x00, 0x46, 0x15, 0x00, 0x00,
  0x00, 0x00, 0x00, 0x00, 0xa0, 0x06, 0x00, 0x00, 0x00, 0x00, 0x00, 0x00,
  0x0a, 0x00, 0x00, 0x00, 0x2b, 0x00, 0x00, 0x00, 0xe7, 0x3f, 0x00, 0x00,
  0x00, 0x00, 0x00, 0x00, 0xa4, 0x06, 0x00, 0x00, 0x00, 0x00, 0x00, 0x00,
  0x0a, 0x00, 0x00, 0x00, 0x2b, 0x00, 0x00, 0x00, 0xa8, 0x17, 0x00, 0x00,
  0x00, 0x00, 0x00, 0x00, 0xa8, 0x06, 0x00, 0x00, 0x00, 0x00, 0x00, 0x00,
  0x0a, 0x00, 0x00, 0x00, 0x2b, 0x00, 0x00, 0x00, 0xc3, 0x03, 0x00, 0x00,
  0x00, 0x00, 0x00, 0x00, 0xac, 0x06, 0x00, 0x00, 0x00, 0x00, 0x00, 0x00,
  0x0a, 0x00, 0x00, 0x00, 0x2b, 0x00, 0x00, 0x00, 0xe7, 0x31, 0x00, 0x00,
  0x00, 0x00, 0x00, 0x00, 0xb0, 0x06, 0x00, 0x00, 0x00, 0x00, 0x00, 0x00,
  0x0a, 0x00, 0x00, 0x00, 0x2b, 0x00, 0x00, 0x00, 0x84, 0x2f, 0x00, 0x00,
  0x00, 0x00, 0x00, 0x00, 0xb4, 0x06, 0x00, 0x00, 0x00, 0x00, 0x00, 0x00,
  0x0a, 0x00, 0x00, 0x00, 0x2b, 0x00, 0x00, 0x00, 0x8e, 0x49, 0x00, 0x00,
  0x00, 0x00, 0x00, 0x00, 0xb8, 0x06, 0x00, 0x00, 0x00, 0x00, 0x00, 0x00,
  0x0a, 0x00, 0x00, 0x00, 0x2b, 0x00, 0x00, 0x00, 0x92, 0x00, 0x00, 0x00,
  0x00, 0x00, 0x00, 0x00, 0xbc, 0x06, 0x00, 0x00, 0x00, 0x00, 0x00, 0x00,
  0x0a, 0x00, 0x00, 0x00, 0x2b, 0x00, 0x00, 0x00, 0x25, 0x2c, 0x00, 0x00,
  0x00, 0x00, 0x00, 0x00, 0xc0, 0x06, 0x00, 0x00, 0x00, 0x00, 0x00, 0x00,
  0x0a, 0x00, 0x00, 0x00, 0x2b, 0x00, 0x00, 0x00, 0xaf, 0x17, 0x00, 0x00,
  0x00, 0x00, 0x00, 0x00, 0xc4, 0x06, 0x00, 0x00, 0x00, 0x00, 0x00, 0x00,
  0x0a, 0x00, 0x00, 0x00, 0x2b, 0x00, 0x00, 0x00, 0x2d, 0x2c, 0x00, 0x00,
  0x00, 0x00, 0x00, 0x00, 0xc8, 0x06, 0x00, 0x00, 0x00, 0x00, 0x00, 0x00,
  0x0a, 0x00, 0x00, 0x00, 0x2b, 0x00, 0x00, 0x00, 0x8d, 0x25, 0x00, 0x00,
  0x00, 0x00, 0x00, 0x00, 0xcc, 0x06, 0x00, 0x00, 0x00, 0x00, 0x00, 0x00,
  0x0a, 0x00, 0x00, 0x00, 0x2b, 0x00, 0x00, 0x00, 0xc0, 0x17, 0x00, 0x00,
  0x00, 0x00, 0x00, 0x00, 0xd0, 0x06, 0x00, 0x00, 0x00, 0x00, 0x00, 0x00,
  0x0a, 0x00, 0x00, 0x00, 0x2b, 0x00, 0x00, 0x00, 0x20, 0x38, 0x00, 0x00,
  0x00, 0x00, 0x00, 0x00, 0xd4, 0x06, 0x00, 0x00, 0x00, 0x00, 0x00, 0x00,
  0x0a, 0x00, 0x00, 0x00, 0x2b, 0x00, 0x00, 0x00, 0x14, 0x0d, 0x00, 0x00,
  0x00, 0x00, 0x00, 0x00, 0xd8, 0x06, 0x00, 0x00, 0x00, 0x00, 0x00, 0x00,
  0x0a, 0x00, 0x00, 0x00, 0x2b, 0x00, 0x00, 0x00, 0x96, 0x25, 0x00, 0x00,
  0x00, 0x00, 0x00, 0x00, 0xdc, 0x06, 0x00, 0x00, 0x00, 0x00, 0x00, 0x00,
  0x0a, 0x00, 0x00, 0x00, 0x2b, 0x00, 0x00, 0x00, 0x57, 0x59, 0x00, 0x00,
  0x00, 0x00, 0x00, 0x00, 0xe0, 0x06, 0x00, 0x00, 0x00, 0x00, 0x00, 0x00,
  0x0a, 0x00, 0x00, 0x00, 0x2b, 0x00, 0x00, 0x00, 0x42, 0x1d, 0x00, 0x00,
  0x00, 0x00, 0x00, 0x00, 0xe4, 0x06, 0x00, 0x00, 0x00, 0x00, 0x00, 0x00,
  0x0a, 0x00, 0x00, 0x00, 0x2b, 0x00, 0x00, 0x00, 0xe4, 0x34, 0x00, 0x00,
  0x00, 0x00, 0x00, 0x00, 0xe8, 0x06, 0x00, 0x00, 0x00, 0x00, 0x00, 0x00,
  0x0a, 0x00, 0x00, 0x00, 0x2b, 0x00, 0x00, 0x00, 0x60, 0x06, 0x00, 0x00,
  0x00, 0x00, 0x00, 0x00, 0xec, 0x06, 0x00, 0x00, 0x00, 0x00, 0x00, 0x00,
  0x0a, 0x00, 0x00, 0x00, 0x2b, 0x00, 0x00, 0x00, 0xee, 0x3f, 0x00, 0x00,
  0x00, 0x00, 0x00, 0x00, 0xf0, 0x06, 0x00, 0x00, 0x00, 0x00, 0x00, 0x00,
  0x0a, 0x00, 0x00, 0x00, 0x2b, 0x00, 0x00, 0x00, 0x60, 0x1a, 0x00, 0x00,
  0x00, 0x00, 0x00, 0x00, 0xf4, 0x06, 0x00, 0x00, 0x00, 0x00, 0x00, 0x00,
  0x0a, 0x00, 0x00, 0x00, 0x2b, 0x00, 0x00, 0x00, 0xaa, 0x09, 0x00, 0x00,
  0x00, 0x00, 0x00, 0x00, 0xf8, 0x06, 0x00, 0x00, 0x00, 0x00, 0x00, 0x00,
  0x0a, 0x00, 0x00, 0x00, 0x2b, 0x00, 0x00, 0x00, 0xc8, 0x17, 0x00, 0x00,
  0x00, 0x00, 0x00, 0x00, 0xfc, 0x06, 0x00, 0x00, 0x00, 0x00, 0x00, 0x00,
  0x0a, 0x00, 0x00, 0x00, 0x2b, 0x00, 0x00, 0x00, 0xb8, 0x46, 0x00, 0x00,
  0x00, 0x00, 0x00, 0x00, 0x00, 0x07, 0x00, 0x00, 0x00, 0x00, 0x00, 0x00,
  0x0a, 0x00, 0x00, 0x00, 0x2b, 0x00, 0x00, 0x00, 0xbb, 0x09, 0x00, 0x00,
  0x00, 0x00, 0x00, 0x00, 0x04, 0x07, 0x00, 0x00, 0x00, 0x00, 0x00, 0x00,
  0x0a, 0x00, 0x00, 0x00, 0x2b, 0x00, 0x00, 0x00, 0x5a, 0x1d, 0x00, 0x00,
  0x00, 0x00, 0x00, 0x00, 0x08, 0x07, 0x00, 0x00, 0x00, 0x00, 0x00, 0x00,
  0x0a, 0x00, 0x00, 0x00, 0x2b, 0x00, 0x00, 0x00, 0xc0, 0x09, 0x00, 0x00,
  0x00, 0x00, 0x00, 0x00, 0x0c, 0x07, 0x00, 0x00, 0x00, 0x00, 0x00, 0x00,
  0x0a, 0x00, 0x00, 0x00, 0x2b, 0x00, 0x00, 0x00, 0x64, 0x06, 0x00, 0x00,
  0x00, 0x00, 0x00, 0x00, 0x10, 0x07, 0x00, 0x00, 0x00, 0x00, 0x00, 0x00,
  0x0a, 0x00, 0x00, 0x00, 0x2b, 0x00, 0x00, 0x00, 0xe6, 0x28, 0x00, 0x00,
  0x00, 0x00, 0x00, 0x00, 0x14, 0x07, 0x00, 0x00, 0x00, 0x00, 0x00, 0x00,
  0x0a, 0x00, 0x00, 0x00, 0x2b, 0x00, 0x00, 0x00, 0x3b, 0x2c, 0x00, 0x00,
  0x00, 0x00, 0x00, 0x00, 0x18, 0x07, 0x00, 0x00, 0x00, 0x00, 0x00, 0x00,
  0x0a, 0x00, 0x00, 0x00, 0x2b, 0x00, 0x00, 0x00, 0x04, 0x4d, 0x00, 0x00,
  0x00, 0x00, 0x00, 0x00, 0x1c, 0x07, 0x00, 0x00, 0x00, 0x00, 0x00, 0x00,
  0x0a, 0x00, 0x00, 0x00, 0x2b, 0x00, 0x00, 0x00, 0x1e, 0x0d, 0x00, 0x00,
  0x00, 0x00, 0x00, 0x00, 0x20, 0x07, 0x00, 0x00, 0x00, 0x00, 0x00, 0x00,
  0x0a, 0x00, 0x00, 0x00, 0x2b, 0x00, 0x00, 0x00, 0x8a, 0x2f, 0x00, 0x00,
  0x00, 0x00, 0x00, 0x00, 0x24, 0x07, 0x00, 0x00, 0x00, 0x00, 0x00, 0x00,
  0x0a, 0x00, 0x00, 0x00, 0x2b, 0x00, 0x00, 0x00, 0xc8, 0x03, 0x00, 0x00,
  0x00, 0x00, 0x00, 0x00, 0x28, 0x07, 0x00, 0x00, 0x00, 0x00, 0x00, 0x00,
  0x0a, 0x00, 0x00, 0x00, 0x2b, 0x00, 0x00, 0x00, 0xfc, 0x12, 0x00, 0x00,
  0x00, 0x00, 0x00, 0x00, 0x2c, 0x07, 0x00, 0x00, 0x00, 0x00, 0x00, 0x00,
  0x0a, 0x00, 0x00, 0x00, 0x2b, 0x00, 0x00, 0x00, 0xf7, 0x3f, 0x00, 0x00,
  0x00, 0x00, 0x00, 0x00, 0x30, 0x07, 0x00, 0x00, 0x00, 0x00, 0x00, 0x00,
  0x0a, 0x00, 0x00, 0x00, 0x2b, 0x00, 0x00, 0x00, 0xc1, 0x46, 0x00, 0x00,
  0x00, 0x00, 0x00, 0x00, 0x34, 0x07, 0x00, 0x00, 0x00, 0x00, 0x00, 0x00,
  0x0a, 0x00, 0x00, 0x00, 0x2b, 0x00, 0x00, 0x00, 0x30, 0x0d, 0x00, 0x00,
  0x00, 0x00, 0x00, 0x00, 0x38, 0x07, 0x00, 0x00, 0x00, 0x00, 0x00, 0x00,
  0x0a, 0x00, 0x00, 0x00, 0x2b, 0x00, 0x00, 0x00, 0x97, 0x49, 0x00, 0x00,
  0x00, 0x00, 0x00, 0x00, 0x3c, 0x07, 0x00, 0x00, 0x00, 0x00, 0x00, 0x00,
  0x0a, 0x00, 0x00, 0x00, 0x2b, 0x00, 0x00, 0x00, 0x5e, 0x1d, 0x00, 0x00,
  0x00, 0x00, 0x00, 0x00, 0x40, 0x07, 0x00, 0x00, 0x00, 0x00, 0x00, 0x00,
  0x0a, 0x00, 0x00, 0x00, 0x2b, 0x00, 0x00, 0x00, 0x6b, 0x06, 0x00, 0x00,
  0x00, 0x00, 0x00, 0x00, 0x44, 0x07, 0x00, 0x00, 0x00, 0x00, 0x00, 0x00,
  0x0a, 0x00, 0x00, 0x00, 0x2b, 0x00, 0x00, 0x00, 0x98, 0x00, 0x00, 0x00,
  0x00, 0x00, 0x00, 0x00, 0x48, 0x07, 0x00, 0x00, 0x00, 0x00, 0x00, 0x00,
  0x0a, 0x00, 0x00, 0x00, 0x2b, 0x00, 0x00, 0x00, 0xb4, 0x0f, 0x00, 0x00,
  0x00, 0x00, 0x00, 0x00, 0x4c, 0x07, 0x00, 0x00, 0x00, 0x00, 0x00, 0x00,
  0x0a, 0x00, 0x00, 0x00, 0x2b, 0x00, 0x00, 0x00, 0x66, 0x1a, 0x00, 0x00,
  0x00, 0x00, 0x00, 0x00, 0x50, 0x07, 0x00, 0x00, 0x00, 0x00, 0x00, 0x00,
  0x0a, 0x00, 0x00, 0x00, 0x2b, 0x00, 0x00, 0x00, 0x3c, 0x0d, 0x00, 0x00,
  0x00, 0x00, 0x00, 0x00, 0x54, 0x07, 0x00, 0x00, 0x00, 0x00, 0x00, 0x00,
  0x0a, 0x00, 0x00, 0x00, 0x2b, 0x00, 0x00, 0x00, 0x0f, 0x20, 0x00, 0x00,
  0x00, 0x00, 0x00, 0x00, 0x58, 0x07, 0x00, 0x00, 0x00, 0x00, 0x00, 0x00,
  0x0a, 0x00, 0x00, 0x00, 0x2b, 0x00, 0x00, 0x00, 0xbe, 0x0f, 0x00, 0x00,
  0x00, 0x00, 0x00, 0x00, 0x5c, 0x07, 0x00, 0x00, 0x00, 0x00, 0x00, 0x00,
  0x0a, 0x00, 0x00, 0x00, 0x2b, 0x00, 0x00, 0x00, 0x2b, 0x38, 0x00, 0x00,
  0x00, 0x00, 0x00, 0x00, 0x60, 0x07, 0x00, 0x00, 0x00, 0x00, 0x00, 0x00,
  0x0a, 0x00, 0x00, 0x00, 0x2b, 0x00, 0x00, 0x00, 0x18, 0x20, 0x00, 0x00,
  0x00, 0x00, 0x00, 0x00, 0x64, 0x07, 0x00, 0x00, 0x00, 0x00, 0x00, 0x00,
  0x0a, 0x00, 0x00, 0x00, 0x2b, 0x00, 0x00, 0x00, 0x69, 0x1d, 0x00, 0x00,
  0x00, 0x00, 0x00, 0x00, 0x68, 0x07, 0x00, 0x00, 0x00, 0x00, 0x00, 0x00,
  0x0a, 0x00, 0x00, 0x00, 0x2b, 0x00, 0x00, 0x00, 0x4f, 0x15, 0x00, 0x00,
  0x00, 0x00, 0x00, 0x00, 0x6c, 0x07, 0x00, 0x00, 0x00, 0x00, 0x00, 0x00,
  0x0a, 0x00, 0x00, 0x00, 0x2b, 0x00, 0x00, 0x00, 0xeb, 0x3d, 0x00, 0x00,
  0x00, 0x00, 0x00, 0x00, 0x70, 0x07, 0x00, 0x00, 0x00, 0x00, 0x00, 0x00,
  0x0a, 0x00, 0x00, 0x00, 0x2b, 0x00, 0x00, 0x00, 0xcb, 0x09, 0x00, 0x00,
  0x00, 0x00, 0x00, 0x00, 0x74, 0x07, 0x00, 0x00, 0x00, 0x00, 0x00, 0x00,
  0x0a, 0x00, 0x00, 0x00, 0x2b, 0x00, 0x00, 0x00, 0xd4, 0x51, 0x00, 0x00,
  0x00, 0x00, 0x00, 0x00, 0x78, 0x07, 0x00, 0x00, 0x00, 0x00, 0x00, 0x00,
  0x0a, 0x00, 0x00, 0x00, 0x2b, 0x00, 0x00, 0x00, 0x68, 0x59, 0x00, 0x00,
  0x00, 0x00, 0x00, 0x00, 0x7c, 0x07, 0x00, 0x00, 0x00, 0x00, 0x00, 0x00,
  0x0a, 0x00, 0x00, 0x00, 0x2b, 0x00, 0x00, 0x00, 0xd2, 0x03, 0x00, 0x00,
  0x00, 0x00, 0x00, 0x00, 0x80, 0x07, 0x00, 0x00, 0x00, 0x00, 0x00, 0x00,
  0x0a, 0x00, 0x00, 0x00, 0x2b, 0x00, 0x00, 0x00, 0xa2, 0x00, 0x00, 0x00,
  0x00, 0x00, 0x00, 0x00, 0x84, 0x07, 0x00, 0x00, 0x00, 0x00, 0x00, 0x00,
  0x0a, 0x00, 0x00, 0x00, 0x2b, 0x00, 0x00, 0x00, 0x01, 0x40, 0x00, 0x00,
  0x00, 0x00, 0x00, 0x00, 0x88, 0x07, 0x00, 0x00, 0x00, 0x00, 0x00, 0x00,
  0x0a, 0x00, 0x00, 0x00, 0x2b, 0x00, 0x00, 0x00, 0x0c, 0x13, 0x00, 0x00,
  0x00, 0x00, 0x00, 0x00, 0x8c, 0x07, 0x00, 0x00, 0x00, 0x00, 0x00, 0x00,
  0x0a, 0x00, 0x00, 0x00, 0x2b, 0x00, 0x00, 0x00, 0x0d, 0x3b, 0x00, 0x00,
  0x00, 0x00, 0x00, 0x00, 0x90, 0x07, 0x00, 0x00, 0x00, 0x00, 0x00, 0x00,
  0x0a, 0x00, 0x00, 0x00, 0x2b, 0x00, 0x00, 0x00, 0xf5, 0x31, 0x00, 0x00,
  0x00, 0x00, 0x00, 0x00, 0x94, 0x07, 0x00, 0x00, 0x00, 0x00, 0x00, 0x00,
  0x0a, 0x00, 0x00, 0x00, 0x2b, 0x00, 0x00, 0x00, 0x15, 0x3b, 0x00, 0x00,
  0x00, 0x00, 0x00, 0x00, 0x98, 0x07, 0x00, 0x00, 0x00, 0x00, 0x00, 0x00,
  0x0a, 0x00, 0x00, 0x00, 0x2b, 0x00, 0x00, 0x00, 0xf7, 0x28, 0x00, 0x00,
  0x00, 0x00, 0x00, 0x00, 0x9c, 0x07, 0x00, 0x00, 0x00, 0x00, 0x00, 0x00,
  0x0a, 0x00, 0x00, 0x00, 0x2b, 0x00, 0x00, 0x00, 0x99, 0x2f, 0x00, 0x00,
  0x00, 0x00, 0x00, 0x00, 0xa0, 0x07, 0x00, 0x00, 0x00, 0x00, 0x00, 0x00,
  0x0a, 0x00, 0x00, 0x00, 0x2b, 0x00, 0x00, 0x00, 0xa2, 0x2f, 0x00, 0x00,
  0x00, 0x00, 0x00, 0x00, 0xa4, 0x07, 0x00, 0x00, 0x00, 0x00, 0x00, 0x00,
  0x0a, 0x00, 0x00, 0x00, 0x2b, 0x00, 0x00, 0x00, 0xde, 0x03, 0x00, 0x00,
  0x00, 0x00, 0x00, 0x00, 0xa8, 0x07, 0x00, 0x00, 0x00, 0x00, 0x00, 0x00,
  0x0a, 0x00, 0x00, 0x00, 0x2b, 0x00, 0x00, 0x00, 0xc8, 0x0f, 0x00, 0x00,
  0x00, 0x00, 0x00, 0x00, 0xac, 0x07, 0x00, 0x00, 0x00, 0x00, 0x00, 0x00,
  0x0a, 0x00, 0x00, 0x00, 0x2b, 0x00, 0x00, 0x00, 0xd1, 0x17, 0x00, 0x00,
  0x00, 0x00, 0x00, 0x00, 0xb0, 0x07, 0x00, 0x00, 0x00, 0x00, 0x00, 0x00,
  0x0a, 0x00, 0x00, 0x00, 0x2b, 0x00, 0x00, 0x00, 0x63, 0x43, 0x00, 0x00,
  0x00, 0x00, 0x00, 0x00, 0xb4, 0x07, 0x00, 0x00, 0x00, 0x00, 0x00, 0x00,
  0x0a, 0x00, 0x00, 0x00, 0x2b, 0x00, 0x00, 0x00, 0x44, 0x0d, 0x00, 0x00,
  0x00, 0x00, 0x00, 0x00, 0xb8, 0x07, 0x00, 0x00, 0x00, 0x00, 0x00, 0x00,
  0x0a, 0x00, 0x00, 0x00, 0x2b, 0x00, 0x00, 0x00, 0x58, 0x15, 0x00, 0x00,
  0x00, 0x00, 0x00, 0x00, 0xbc, 0x07, 0x00, 0x00, 0x00, 0x00, 0x00, 0x00,
  0x0a, 0x00, 0x00, 0x00, 0x2b, 0x00, 0x00, 0x00, 0x16, 0x13, 0x00, 0x00,
  0x00, 0x00, 0x00, 0x00, 0xc0, 0x07, 0x00, 0x00, 0x00, 0x00, 0x00, 0x00,
  0x0a, 0x00, 0x00, 0x00, 0x2b, 0x00, 0x00, 0x00, 0xc8, 0x46, 0x00, 0x00,
  0x00, 0x00, 0x00, 0x00, 0xc4, 0x07, 0x00, 0x00, 0x00, 0x00, 0x00, 0x00,
  0x0a, 0x00, 0x00, 0x00, 0x2b, 0x00, 0x00, 0x00, 0x09, 0x40, 0x00, 0x00,
  0x00, 0x00, 0x00, 0x00, 0xc8, 0x07, 0x00, 0x00, 0x00, 0x00, 0x00, 0x00,
  0x0a, 0x00, 0x00, 0x00, 0x2b, 0x00, 0x00, 0x00, 0x4b, 0x2c, 0x00, 0x00,
  0x00, 0x00, 0x00, 0x00, 0xcc, 0x07, 0x00, 0x00, 0x00, 0x00, 0x00, 0x00,
  0x0a, 0x00, 0x00, 0x00, 0x2b, 0x00, 0x00, 0x00, 0xac, 0x00, 0x00, 0x00,
  0x00, 0x00, 0x00, 0x00, 0xd0, 0x07, 0x00, 0x00, 0x00, 0x00, 0x00, 0x00,
  0x0a, 0x00, 0x00, 0x00, 0x2b, 0x00, 0x00, 0x00, 0xf6, 0x3d, 0x00, 0x00,
  0x00, 0x00, 0x00, 0x00, 0xd4, 0x07, 0x00, 0x00, 0x00, 0x00, 0x00, 0x00,
  0x0a, 0x00, 0x00, 0x00, 0x2b, 0x00, 0x00, 0x00, 0x0f, 0x4d, 0x00, 0x00,
  0x00, 0x00, 0x00, 0x00, 0xd8, 0x07, 0x00, 0x00, 0x00, 0x00, 0x00, 0x00,
  0x0a, 0x00, 0x00, 0x00, 0x2b, 0x00, 0x00, 0x00, 0xd7, 0x0f, 0x00, 0x00,
  0x00, 0x00, 0x00, 0x00, 0xdc, 0x07, 0x00, 0x00, 0x00, 0x00, 0x00, 0x00,
  0x0a, 0x00, 0x00, 0x00, 0x2b, 0x00, 0x00, 0x00, 0xfc, 0x28, 0x00, 0x00,
  0x00, 0x00, 0x00, 0x00, 0xe0, 0x07, 0x00, 0x00, 0x00, 0x00, 0x00, 0x00,
  0x0a, 0x00, 0x00, 0x00, 0x2b, 0x00, 0x00, 0x00, 0x74, 0x06, 0x00, 0x00,
  0x00, 0x00, 0x00, 0x00, 0xe4, 0x07, 0x00, 0x00, 0x00, 0x00, 0x00, 0x00,
  0x0a, 0x00, 0x00, 0x00, 0x2b, 0x00, 0x00, 0x00, 0x56, 0x2c, 0x00, 0x00,
  0x00, 0x00, 0x00, 0x00, 0xe8, 0x07, 0x00, 0x00, 0x00, 0x00, 0x00, 0x00,
  0x0a, 0x00, 0x00, 0x00, 0x2b, 0x00, 0x00, 0x00, 0xd8, 0x17, 0x00, 0x00,
  0x00, 0x00, 0x00, 0x00, 0xec, 0x07, 0x00, 0x00, 0x00, 0x00, 0x00, 0x00,
  0x0a, 0x00, 0x00, 0x00, 0x2b, 0x00, 0x00, 0x00, 0x4c, 0x0d, 0x00, 0x00,
  0x00, 0x00, 0x00, 0x00, 0xf0, 0x07, 0x00, 0x00, 0x00, 0x00, 0x00, 0x00,
  0x0a, 0x00, 0x00, 0x00, 0x2b, 0x00, 0x00, 0x00, 0x3e, 0x57, 0x00, 0x00,
  0x00, 0x00, 0x00, 0x00, 0xf4, 0x07, 0x00, 0x00, 0x00, 0x00, 0x00, 0x00,
  0x0a, 0x00, 0x00, 0x00, 0x2b, 0x00, 0x00, 0x00, 0xa8, 0x2f, 0x00, 0x00,
  0x00, 0x00, 0x00, 0x00, 0xf8, 0x07, 0x00, 0x00, 0x00, 0x00, 0x00, 0x00,
  0x0a, 0x00, 0x00, 0x00, 0x2b, 0x00, 0x00, 0x00, 0x14, 0x4d, 0x00, 0x00,
  0x00, 0x00, 0x00, 0x00, 0xfc, 0x07, 0x00, 0x00, 0x00, 0x00, 0x00, 0x00,
  0x0a, 0x00, 0x00, 0x00, 0x2b, 0x00, 0x00, 0x00, 0xd4, 0x09, 0x00, 0x00,
  0x00, 0x00, 0x00, 0x00, 0x00, 0x08, 0x00, 0x00, 0x00, 0x00, 0x00, 0x00,
  0x0a, 0x00, 0x00, 0x00, 0x2b, 0x00, 0x00, 0x00, 0x1e, 0x3b, 0x00, 0x00,
  0x00, 0x00, 0x00, 0x00, 0x04, 0x08, 0x00, 0x00, 0x00, 0x00, 0x00, 0x00,
  0x0a, 0x00, 0x00, 0x00, 0x2b, 0x00, 0x00, 0x00, 0x6e, 0x1a, 0x00, 0x00,
  0x00, 0x00, 0x00, 0x00, 0x08, 0x08, 0x00, 0x00, 0x00, 0x00, 0x00, 0x00,
  0x0a, 0x00, 0x00, 0x00, 0x2b, 0x00, 0x00, 0x00, 0x21, 0x20, 0x00, 0x00,
  0x00, 0x00, 0x00, 0x00, 0x0c, 0x08, 0x00, 0x00, 0x00, 0x00, 0x00, 0x00,
  0x0a, 0x00, 0x00, 0x00, 0x2b, 0x00, 0x00, 0x00, 0x3b, 0x20, 0x00, 0x00,
  0x00, 0x00, 0x00, 0x00, 0x10, 0x08, 0x00, 0x00, 0x00, 0x00, 0x00, 0x00,
  0x0a, 0x00, 0x00, 0x00, 0x2b, 0x00, 0x00, 0x00, 0xc1, 0x4f, 0x00, 0x00,
  0x00, 0x00, 0x00, 0x00, 0x14, 0x08, 0x00, 0x00, 0x00, 0x00, 0x00, 0x00,
  0x0a, 0x00, 0x00, 0x00, 0x2b, 0x00, 0x00, 0x00, 0x81, 0x06, 0x00, 0x00,
  0x00, 0x00, 0x00, 0x00, 0x18, 0x08, 0x00, 0x00, 0x00, 0x00, 0x00, 0x00,
  0x0a, 0x00, 0x00, 0x00, 0x2b, 0x00, 0x00, 0x00, 0x5e, 0x54, 0x00, 0x00,
  0x00, 0x00, 0x00, 0x00, 0x1c, 0x08, 0x00, 0x00, 0x00, 0x00, 0x00, 0x00,
  0x0a, 0x00, 0x00, 0x00, 0x2b, 0x00, 0x00, 0x00, 0xb1, 0x00, 0x00, 0x00,
  0x00, 0x00, 0x00, 0x00, 0x20, 0x08, 0x00, 0x00, 0x00, 0x00, 0x00, 0x00,
  0x0a, 0x00, 0x00, 0x00, 0x2b, 0x00, 0x00, 0x00, 0xee, 0x34, 0x00, 0x00,
  0x00, 0x00, 0x00, 0x00, 0x24, 0x08, 0x00, 0x00, 0x00, 0x00, 0x00, 0x00,
  0x0a, 0x00, 0x00, 0x00, 0x2b, 0x00, 0x00, 0x00, 0xe2, 0x03, 0x00, 0x00,
  0x00, 0x00, 0x00, 0x00, 0x28, 0x08, 0x00, 0x00, 0x00, 0x00, 0x00, 0x00,
  0x0a, 0x00, 0x00, 0x00, 0x2b, 0x00, 0x00, 0x00, 0x00, 0x23, 0x00, 0x00,
  0x00, 0x00, 0x00, 0x00, 0x2c, 0x08, 0x00, 0x00, 0x00, 0x00, 0x00, 0x00,
  0x0a, 0x00, 0x00, 0x00, 0x2b, 0x00, 0x00, 0x00, 0xe0, 0x17, 0x00, 0x00,
  0x00, 0x00, 0x00, 0x00, 0x30, 0x08, 0x00, 0x00, 0x00, 0x00, 0x00, 0x00,
  0x0a, 0x00, 0x00, 0x00, 0x2b, 0x00, 0x00, 0x00, 0x85, 0x1a, 0x00, 0x00,
  0x00, 0x00, 0x00, 0x00, 0x34, 0x08, 0x00, 0x00, 0x00, 0x00, 0x00, 0x00,
  0x0a, 0x00, 0x00, 0x00, 0x2b, 0x00, 0x00, 0x00, 0x01, 0x3e, 0x00, 0x00,
  0x00, 0x00, 0x00, 0x00, 0x38, 0x08, 0x00, 0x00, 0x00, 0x00, 0x00, 0x00,
  0x0a, 0x00, 0x00, 0x00, 0x2b, 0x00, 0x00, 0x00, 0x06, 0x23, 0x00, 0x00,
  0x00, 0x00, 0x00, 0x00, 0x3c, 0x08, 0x00, 0x00, 0x00, 0x00, 0x00, 0x00,
  0x0a, 0x00, 0x00, 0x00, 0x2b, 0x00, 0x00, 0x00, 0x74, 0x1d, 0x00, 0x00,
  0x00, 0x00, 0x00, 0x00, 0x40, 0x08, 0x00, 0x00, 0x00, 0x00, 0x00, 0x00,
  0x0a, 0x00, 0x00, 0x00, 0x2b, 0x00, 0x00, 0x00, 0xe4, 0x09, 0x00, 0x00,
  0x00, 0x00, 0x00, 0x00, 0x44, 0x08, 0x00, 0x00, 0x00, 0x00, 0x00, 0x00,
  0x0a, 0x00, 0x00, 0x00, 0x2b, 0x00, 0x00, 0x00, 0x5b, 0x0d, 0x00, 0x00,
  0x00, 0x00, 0x00, 0x00, 0x48, 0x08, 0x00, 0x00, 0x00, 0x00, 0x00, 0x00,
  0x0a, 0x00, 0x00, 0x00, 0x2b, 0x00, 0x00, 0x00, 0xf4, 0x03, 0x00, 0x00,
  0x00, 0x00, 0x00, 0x00, 0x4c, 0x08, 0x00, 0x00, 0x00, 0x00, 0x00, 0x00,
  0x0a, 0x00, 0x00, 0x00, 0x2b, 0x00, 0x00, 0x00, 0x0d, 0x40, 0x00, 0x00,
  0x00, 0x00, 0x00, 0x00, 0x50, 0x08, 0x00, 0x00, 0x00, 0x00, 0x00, 0x00,
  0x0a, 0x00, 0x00, 0x00, 0x2b, 0x00, 0x00, 0x00, 0x51, 0x20, 0x00, 0x00,
  0x00, 0x00, 0x00, 0x00, 0x54, 0x08, 0x00, 0x00, 0x00, 0x00, 0x00, 0x00,
  0x0a, 0x00, 0x00, 0x00, 0x2b, 0x00, 0x00, 0x00, 0xd4, 0x46, 0x00, 0x00,
  0x00, 0x00, 0x00, 0x00, 0x58, 0x08, 0x00, 0x00, 0x00, 0x00, 0x00, 0x00,
  0x0a, 0x00, 0x00, 0x00, 0x2b, 0x00, 0x00, 0x00, 0x02, 0x35, 0x00, 0x00,
  0x00, 0x00, 0x00, 0x00, 0x5c, 0x08, 0x00, 0x00, 0x00, 0x00, 0x00, 0x00,
  0x0a, 0x00, 0x00, 0x00, 0x2b, 0x00, 0x00, 0x00, 0x89, 0x1a, 0x00, 0x00,
  0x00, 0x00, 0x00, 0x00, 0x60, 0x08, 0x00, 0x00, 0x00, 0x00, 0x00, 0x00,
  0x0a, 0x00, 0x00, 0x00, 0x2b, 0x00, 0x00, 0x00, 0x11, 0x23, 0x00, 0x00,
  0x00, 0x00, 0x00, 0x00, 0x64, 0x08, 0x00, 0x00, 0x00, 0x00, 0x00, 0x00,
  0x0a, 0x00, 0x00, 0x00, 0x2b, 0x00, 0x00, 0x00, 0x9b, 0x1a, 0x00, 0x00,
  0x00, 0x00, 0x00, 0x00, 0x68, 0x08, 0x00, 0x00, 0x00, 0x00, 0x00, 0x00,
  0x0a, 0x00, 0x00, 0x00, 0x2b, 0x00, 0x00, 0x00, 0xc4, 0x00, 0x00, 0x00,
  0x00, 0x00, 0x00, 0x00, 0x6c, 0x08, 0x00, 0x00, 0x00, 0x00, 0x00, 0x00,
  0x0a, 0x00, 0x00, 0x00, 0x2b, 0x00, 0x00, 0x00, 0x63, 0x0d, 0x00, 0x00,
  0x00, 0x00, 0x00, 0x00, 0x70, 0x08, 0x00, 0x00, 0x00, 0x00, 0x00, 0x00,
  0x0a, 0x00, 0x00, 0x00, 0x2b, 0x00, 0x00, 0x00, 0x82, 0x54, 0x00, 0x00,
  0x00, 0x00, 0x00, 0x00, 0x74, 0x08, 0x00, 0x00, 0x00, 0x00, 0x00, 0x00,
  0x0a, 0x00, 0x00, 0x00, 0x2b, 0x00, 0x00, 0x00, 0xef, 0x46, 0x00, 0x00,
  0x00, 0x00, 0x00, 0x00, 0x78, 0x08, 0x00, 0x00, 0x00, 0x00, 0x00, 0x00,
  0x0a, 0x00, 0x00, 0x00, 0x2b, 0x00, 0x00, 0x00, 0xa3, 0x49, 0x00, 0x00,
  0x00, 0x00, 0x00, 0x00, 0x7c, 0x08, 0x00, 0x00, 0x00, 0x00, 0x00, 0x00,
  0x0a, 0x00, 0x00, 0x00, 0x2b, 0x00, 0x00, 0x00, 0xe6, 0x17, 0x00, 0x00,
  0x00, 0x00, 0x00, 0x00, 0x80, 0x08, 0x00, 0x00, 0x00, 0x00, 0x00, 0x00,
  0x0a, 0x00, 0x00, 0x00, 0x2b, 0x00, 0x00, 0x00, 0x04, 0x29, 0x00, 0x00,
  0x00, 0x00, 0x00, 0x00, 0x84, 0x08, 0x00, 0x00, 0x00, 0x00, 0x00, 0x00,
  0x0a, 0x00, 0x00, 0x00, 0x2b, 0x00, 0x00, 0x00, 0xa2, 0x06, 0x00, 0x00,
  0x00, 0x00, 0x00, 0x00, 0x88, 0x08, 0x00, 0x00, 0x00, 0x00, 0x00, 0x00,
  0x0a, 0x00, 0x00, 0x00, 0x2b, 0x00, 0x00, 0x00, 0x8e, 0x54, 0x00, 0x00,
  0x00, 0x00, 0x00, 0x00, 0x8c, 0x08, 0x00, 0x00, 0x00, 0x00, 0x00, 0x00,
  0x0a, 0x00, 0x00, 0x00, 0x2b, 0x00, 0x00, 0x00, 0x80, 0x1d, 0x00, 0x00,
  0x00, 0x00, 0x00, 0x00, 0x90, 0x08, 0x00, 0x00, 0x00, 0x00, 0x00, 0x00,
  0x0a, 0x00, 0x00, 0x00, 0x2b, 0x00, 0x00, 0x00, 0xac, 0x06, 0x00, 0x00,
  0x00, 0x00, 0x00, 0x00, 0x94, 0x08, 0x00, 0x00, 0x00, 0x00, 0x00, 0x00,
  0x0a, 0x00, 0x00, 0x00, 0x2b, 0x00, 0x00, 0x00, 0xd2, 0x00, 0x00, 0x00,
  0x00, 0x00, 0x00, 0x00, 0x98, 0x08, 0x00, 0x00, 0x00, 0x00, 0x00, 0x00,
  0x0a, 0x00, 0x00, 0x00, 0x2b, 0x00, 0x00, 0x00, 0xdb, 0x00, 0x00, 0x00,
  0x00, 0x00, 0x00, 0x00, 0x9c, 0x08, 0x00, 0x00, 0x00, 0x00, 0x00, 0x00,
  0x0a, 0x00, 0x00, 0x00, 0x2b, 0x00, 0x00, 0x00, 0xde, 0x51, 0x00, 0x00,
  0x00, 0x00, 0x00, 0x00, 0xa0, 0x08, 0x00, 0x00, 0x00, 0x00, 0x00, 0x00,
  0x0a, 0x00, 0x00, 0x00, 0x2b, 0x00, 0x00, 0x00, 0xdb, 0x0f, 0x00, 0x00,
  0x00, 0x00, 0x00, 0x00, 0xa4, 0x08, 0x00, 0x00, 0x00, 0x00, 0x00, 0x00,
  0x0a, 0x00, 0x00, 0x00, 0x2b, 0x00, 0x00, 0x00, 0x68, 0x20, 0x00, 0x00,
  0x00, 0x00, 0x00, 0x00, 0xa8, 0x08, 0x00, 0x00, 0x00, 0x00, 0x00, 0x00,
  0x0a, 0x00, 0x00, 0x00, 0x2b, 0x00, 0x00, 0x00, 0xe6, 0x0f, 0x00, 0x00,
  0x00, 0x00, 0x00, 0x00, 0xac, 0x08, 0x00, 0x00, 0x00, 0x00, 0x00, 0x00,
  0x0a, 0x00, 0x00, 0x00, 0x2b, 0x00, 0x00, 0x00, 0xe4, 0x00, 0x00, 0x00,
  0x00, 0x00, 0x00, 0x00, 0xb0, 0x08, 0x00, 0x00, 0x00, 0x00, 0x00, 0x00,
  0x0a, 0x00, 0x00, 0x00, 0x2b, 0x00, 0x00, 0x00, 0x0f, 0x29, 0x00, 0x00,
  0x00, 0x00, 0x00, 0x00, 0xb4, 0x08, 0x00, 0x00, 0x00, 0x00, 0x00, 0x00,
  0x0a, 0x00, 0x00, 0x00, 0x2b, 0x00, 0x00, 0x00, 0x5f, 0x15, 0x00, 0x00,
  0x00, 0x00, 0x00, 0x00, 0xb8, 0x08, 0x00, 0x00, 0x00, 0x00, 0x00, 0x00,
  0x0a, 0x00, 0x00, 0x00, 0x2b, 0x00, 0x00, 0x00, 0x62, 0x2c, 0x00, 0x00,
  0x00, 0x00, 0x00, 0x00, 0xbc, 0x08, 0x00, 0x00, 0x00, 0x00, 0x00, 0x00,
  0x0a, 0x00, 0x00, 0x00, 0x2b, 0x00, 0x00, 0x00, 0xd7, 0x4f, 0x00, 0x00,
  0x00, 0x00, 0x00, 0x00, 0xc0, 0x08, 0x00, 0x00, 0x00, 0x00, 0x00, 0x00,
  0x0a, 0x00, 0x00, 0x00, 0x2b, 0x00, 0x00, 0x00, 0x16, 0x40, 0x00, 0x00,
  0x00, 0x00, 0x00, 0x00, 0xc4, 0x08, 0x00, 0x00, 0x00, 0x00, 0x00, 0x00,
  0x0a, 0x00, 0x00, 0x00, 0x2b, 0x00, 0x00, 0x00, 0xf1, 0x09, 0x00, 0x00,
  0x00, 0x00, 0x00, 0x00, 0xc8, 0x08, 0x00, 0x00, 0x00, 0x00, 0x00, 0x00,
  0x0a, 0x00, 0x00, 0x00, 0x2b, 0x00, 0x00, 0x00, 0x25, 0x4d, 0x00, 0x00,
  0x00, 0x00, 0x00, 0x00, 0xcc, 0x08, 0x00, 0x00, 0x00, 0x00, 0x00, 0x00,
  0x0a, 0x00, 0x00, 0x00, 0x2b, 0x00, 0x00, 0x00, 0x00, 0x32, 0x00, 0x00,
  0x00, 0x00, 0x00, 0x00, 0xd0, 0x08, 0x00, 0x00, 0x00, 0x00, 0x00, 0x00,
  0x0a, 0x00, 0x00, 0x00, 0x2b, 0x00, 0x00, 0x00, 0x66, 0x15, 0x00, 0x00,
  0x00, 0x00, 0x00, 0x00, 0xd4, 0x08, 0x00, 0x00, 0x00, 0x00, 0x00, 0x00,
  0x0a, 0x00, 0x00, 0x00, 0x2b, 0x00, 0x00, 0x00, 0x70, 0x43, 0x00, 0x00,
  0x00, 0x00, 0x00, 0x00, 0xd8, 0x08, 0x00, 0x00, 0x00, 0x00, 0x00, 0x00,
  0x0a, 0x00, 0x00, 0x00, 0x2b, 0x00, 0x00, 0x00, 0x65, 0x2c, 0x00, 0x00,
  0x00, 0x00, 0x00, 0x00, 0xdc, 0x08, 0x00, 0x00, 0x00, 0x00, 0x00, 0x00,
  0x0a, 0x00, 0x00, 0x00, 0x2b, 0x00, 0x00, 0x00, 0x10, 0x32, 0x00, 0x00,
  0x00, 0x00, 0x00, 0x00, 0xe0, 0x08, 0x00, 0x00, 0x00, 0x00, 0x00, 0x00,
  0x0a, 0x00, 0x00, 0x00, 0x2b, 0x00, 0x00, 0x00, 0xe9, 0x51, 0x00, 0x00,
  0x00, 0x00, 0x00, 0x00, 0xe4, 0x08, 0x00, 0x00, 0x00, 0x00, 0x00, 0x00,
  0x0a, 0x00, 0x00, 0x00, 0x2b, 0x00, 0x00, 0x00, 0xf4, 0x17, 0x00, 0x00,
  0x00, 0x00, 0x00, 0x00, 0xe8, 0x08, 0x00, 0x00, 0x00, 0x00, 0x00, 0x00,
  0x0a, 0x00, 0x00, 0x00, 0x2b, 0x00, 0x00, 0x00, 0x14, 0x35, 0x00, 0x00,
  0x00, 0x00, 0x00, 0x00, 0xec, 0x08, 0x00, 0x00, 0x00, 0x00, 0x00, 0x00,
  0x0a, 0x00, 0x00, 0x00, 0x2b, 0x00, 0x00, 0x00, 0xa4, 0x1a, 0x00, 0x00,
  0x00, 0x00, 0x00, 0x00, 0xf0, 0x08, 0x00, 0x00, 0x00, 0x00, 0x00, 0x00,
  0x0a, 0x00, 0x00, 0x00, 0x2b, 0x00, 0x00, 0x00, 0xb8, 0x1a, 0x00, 0x00,
  0x00, 0x00, 0x00, 0x00, 0xf4, 0x08, 0x00, 0x00, 0x00, 0x00, 0x00, 0x00,
  0x0a, 0x00, 0x00, 0x00, 0x2b, 0x00, 0x00, 0x00, 0x9b, 0x54, 0x00, 0x00,
  0x00, 0x00, 0x00, 0x00, 0xf8, 0x08, 0x00, 0x00, 0x00, 0x00, 0x00, 0x00,
  0x0a, 0x00, 0x00, 0x00, 0x2b, 0x00, 0x00, 0x00, 0x24, 0x35, 0x00, 0x00,
  0x00, 0x00, 0x00, 0x00, 0xfc, 0x08, 0x00, 0x00, 0x00, 0x00, 0x00, 0x00,
  0x0a, 0x00, 0x00, 0x00, 0x2b, 0x00, 0x00, 0x00, 0xfb, 0x46, 0x00, 0x00,
  0x00, 0x00, 0x00, 0x00, 0x00, 0x09, 0x00, 0x00, 0x00, 0x00, 0x00, 0x00,
  0x0a, 0x00, 0x00, 0x00, 0x2b, 0x00, 0x00, 0x00, 0xc2, 0x1a, 0x00, 0x00,
  0x00, 0x00, 0x00, 0x00, 0x04, 0x09, 0x00, 0x00, 0x00, 0x00, 0x00, 0x00,
  0x0a, 0x00, 0x00, 0x00, 0x2b, 0x00, 0x00, 0x00, 0x87, 0x1d, 0x00, 0x00,
  0x00, 0x00, 0x00, 0x00, 0x08, 0x09, 0x00, 0x00, 0x00, 0x00, 0x00, 0x00,
  0x0a, 0x00, 0x00, 0x00, 0x2b, 0x00, 0x00, 0x00, 0x72, 0x0d, 0x00, 0x00,
  0x00, 0x00, 0x00, 0x00, 0x0c, 0x09, 0x00, 0x00, 0x00, 0x00, 0x00, 0x00,
  0x0a, 0x00, 0x00, 0x00, 0x2b, 0x00, 0x00, 0x00, 0xac, 0x49, 0x00, 0x00,
  0x00, 0x00, 0x00, 0x00, 0x10, 0x09, 0x00, 0x00, 0x00, 0x00, 0x00, 0x00,
  0x0a, 0x00, 0x00, 0x00, 0x2b, 0x00, 0x00, 0x00, 0x1e, 0x13, 0x00, 0x00,
  0x00, 0x00, 0x00, 0x00, 0x14, 0x09, 0x00, 0x00, 0x00, 0x00, 0x00, 0x00,
  0x0a, 0x00, 0x00, 0x00, 0x2b, 0x00, 0x00, 0x00, 0x29, 0x13, 0x00, 0x00,
  0x00, 0x00, 0x00, 0x00, 0x18, 0x09, 0x00, 0x00, 0x00, 0x00, 0x00, 0x00,
  0x0a, 0x00, 0x00, 0x00, 0x2b, 0x00, 0x00, 0x00, 0x6c, 0x59, 0x00, 0x00,
  0x00, 0x00, 0x00, 0x00, 0x1c, 0x09, 0x00, 0x00, 0x00, 0x00, 0x00, 0x00,
  0x0a, 0x00, 0x00, 0x00, 0x2b, 0x00, 0x00, 0x00, 0xb8, 0x06, 0x00, 0x00,
  0x00, 0x00, 0x00, 0x00, 0x20, 0x09, 0x00, 0x00, 0x00, 0x00, 0x00, 0x00,
  0x0a, 0x00, 0x00, 0x00, 0x2b, 0x00, 0x00, 0x00, 0xa5, 0x54, 0x00, 0x00,
  0x00, 0x00, 0x00, 0x00, 0x24, 0x09, 0x00, 0x00, 0x00, 0x00, 0x00, 0x00,
  0x0a, 0x00, 0x00, 0x00, 0x2b, 0x00, 0x00, 0x00, 0x1f, 0x40, 0x00, 0x00,
  0x00, 0x00, 0x00, 0x00, 0x28, 0x09, 0x00, 0x00, 0x00, 0x00, 0x00, 0x00,
  0x0a, 0x00, 0x00, 0x00, 0x2b, 0x00, 0x00, 0x00, 0x18, 0x29, 0x00, 0x00,
  0x00, 0x00, 0x00, 0x00, 0x2c, 0x09, 0x00, 0x00, 0x00, 0x00, 0x00, 0x00,
  0x0a, 0x00, 0x00, 0x00, 0x2b, 0x00, 0x00, 0x00, 0xc2, 0x06, 0x00, 0x00,
  0x00, 0x00, 0x00, 0x00, 0x30, 0x09, 0x00, 0x00, 0x00, 0x00, 0x00, 0x00,
  0x0a, 0x00, 0x00, 0x00, 0x2b, 0x00, 0x00, 0x00, 0x2b, 0x40, 0x00, 0x00,
  0x00, 0x00, 0x00, 0x00, 0x34, 0x09, 0x00, 0x00, 0x00, 0x00, 0x00, 0x00,
  0x0a, 0x00, 0x00, 0x00, 0x2b, 0x00, 0x00, 0x00, 0xd2, 0x1a, 0x00, 0x00,
  0x00, 0x00, 0x00, 0x00, 0x38, 0x09, 0x00, 0x00, 0x00, 0x00, 0x00, 0x00,
  0x0a, 0x00, 0x00, 0x00, 0x2b, 0x00, 0x00, 0x00, 0xec, 0x00, 0x00, 0x00,
  0x00, 0x00, 0x00, 0x00, 0x3c, 0x09, 0x00, 0x00, 0x00, 0x00, 0x00, 0x00,
  0x0a, 0x00, 0x00, 0x00, 0x2b, 0x00, 0x00, 0x00, 0x2f, 0x13, 0x00, 0x00,
  0x00, 0x00, 0x00, 0x00, 0x40, 0x09, 0x00, 0x00, 0x00, 0x00, 0x00, 0x00,
  0x0a, 0x00, 0x00, 0x00, 0x2b, 0x00, 0x00, 0x00, 0x2d, 0x4d, 0x00, 0x00,
  0x00, 0x00, 0x00, 0x00, 0x44, 0x09, 0x00, 0x00, 0x00, 0x00, 0x00, 0x00,
  0x0a, 0x00, 0x00, 0x00, 0x2b, 0x00, 0x00, 0x00, 0x03, 0x04, 0x00, 0x00,
  0x00, 0x00, 0x00, 0x00, 0x48, 0x09, 0x00, 0x00, 0x00, 0x00, 0x00, 0x00,
  0x0a, 0x00, 0x00, 0x00, 0x2b, 0x00, 0x00, 0x00, 0xf9, 0x09, 0x00, 0x00,
  0x00, 0x00, 0x00, 0x00, 0x4c, 0x09, 0x00, 0x00, 0x00, 0x00, 0x00, 0x00,
  0x0a, 0x00, 0x00, 0x00, 0x2b, 0x00, 0x00, 0x00, 0x75, 0x15, 0x00, 0x00,
  0x00, 0x00, 0x00, 0x00, 0x50, 0x09, 0x00, 0x00, 0x00, 0x00, 0x00, 0x00,
  0x0a, 0x00, 0x00, 0x00, 0x2b, 0x00, 0x00, 0x00, 0xf7, 0x00, 0x00, 0x00,
  0x00, 0x00, 0x00, 0x00, 0x54, 0x09, 0x00, 0x00, 0x00, 0x00, 0x00, 0x00,
  0x0a, 0x00, 0x00, 0x00, 0x2b, 0x00, 0x00, 0x00, 0x3d, 0x38, 0x00, 0x00,
  0x00, 0x00, 0x00, 0x00, 0x58, 0x09, 0x00, 0x00, 0x00, 0x00, 0x00, 0x00,
  0x0a, 0x00, 0x00, 0x00, 0x2b, 0x00, 0x00, 0x00, 0x85, 0x15, 0x00, 0x00,
  0x00, 0x00, 0x00, 0x00, 0x5c, 0x09, 0x00, 0x00, 0x00, 0x00, 0x00, 0x00,
  0x0a, 0x00, 0x00, 0x00, 0x2b, 0x00, 0x00, 0x00, 0xe9, 0x4f, 0x00, 0x00,
  0x00, 0x00, 0x00, 0x00, 0x60, 0x09, 0x00, 0x00, 0x00, 0x00, 0x00, 0x00,
  0x0a, 0x00, 0x00, 0x00, 0x2b, 0x00, 0x00, 0x00, 0x08, 0x01, 0x00, 0x00,
  0x00, 0x00, 0x00, 0x00, 0x64, 0x09, 0x00, 0x00, 0x00, 0x00, 0x00, 0x00,
  0x0a, 0x00, 0x00, 0x00, 0x2b, 0x00, 0x00, 0x00, 0xcf, 0x06, 0x00, 0x00,
  0x00, 0x00, 0x00, 0x00, 0x68, 0x09, 0x00, 0x00, 0x00, 0x00, 0x00, 0x00,
  0x0a, 0x00, 0x00, 0x00, 0x2b, 0x00, 0x00, 0x00, 0x33, 0x3b, 0x00, 0x00,
  0x00, 0x00, 0x00, 0x00, 0x6c, 0x09, 0x00, 0x00, 0x00, 0x00, 0x00, 0x00,
  0x0a, 0x00, 0x00, 0x00, 0x2b, 0x00, 0x00, 0x00, 0xb9, 0x2f, 0x00, 0x00,
  0x00, 0x00, 0x00, 0x00, 0x70, 0x09, 0x00, 0x00, 0x00, 0x00, 0x00, 0x00,
  0x0a, 0x00, 0x00, 0x00, 0x2b, 0x00, 0x00, 0x00, 0xfc, 0x17, 0x00, 0x00,
  0x00, 0x00, 0x00, 0x00, 0x74, 0x09, 0x00, 0x00, 0x00, 0x00, 0x00, 0x00,
  0x0a, 0x00, 0x00, 0x00, 0x2b, 0x00, 0x00, 0x00, 0xf2, 0x51, 0x00, 0x00,
  0x00, 0x00, 0x00, 0x00, 0x78, 0x09, 0x00, 0x00, 0x00, 0x00, 0x00, 0x00,
  0x0a, 0x00, 0x00, 0x00, 0x2b, 0x00, 0x00, 0x00, 0xa7, 0x25, 0x00, 0x00,
  0x00, 0x00, 0x00, 0x00, 0x7c, 0x09, 0x00, 0x00, 0x00, 0x00, 0x00, 0x00,
  0x0a, 0x00, 0x00, 0x00, 0x2b, 0x00, 0x00, 0x00, 0x96, 0x1d, 0x00, 0x00,
  0x00, 0x00, 0x00, 0x00, 0x80, 0x09, 0x00, 0x00, 0x00, 0x00, 0x00, 0x00,
  0x0a, 0x00, 0x00, 0x00, 0x2b, 0x00, 0x00, 0x00, 0x4c, 0x57, 0x00, 0x00,
  0x00, 0x00, 0x00, 0x00, 0x84, 0x09, 0x00, 0x00, 0x00, 0x00, 0x00, 0x00,
  0x0a, 0x00, 0x00, 0x00, 0x2b, 0x00, 0x00, 0x00, 0x51, 0x57, 0x00, 0x00,
  0x00, 0x00, 0x00, 0x00, 0x88, 0x09, 0x00, 0x00, 0x00, 0x00, 0x00, 0x00,
  0x0a, 0x00, 0x00, 0x00, 0x2b, 0x00, 0x00, 0x00, 0x0e, 0x3e, 0x00, 0x00,
  0x00, 0x00, 0x00, 0x00, 0x8c, 0x09, 0x00, 0x00, 0x00, 0x00, 0x00, 0x00,
  0x0a, 0x00, 0x00, 0x00, 0x2b, 0x00, 0x00, 0x00, 0x38, 0x4d, 0x00, 0x00,
  0x00, 0x00, 0x00, 0x00, 0x90, 0x09, 0x00, 0x00, 0x00, 0x00, 0x00, 0x00,
  0x0a, 0x00, 0x00, 0x00, 0x2b, 0x00, 0x00, 0x00, 0xb7, 0x54, 0x00, 0x00,
  0x00, 0x00, 0x00, 0x00, 0x94, 0x09, 0x00, 0x00, 0x00, 0x00, 0x00, 0x00,
  0x0a, 0x00, 0x00, 0x00, 0x2b, 0x00, 0x00, 0x00, 0xbd, 0x54, 0x00, 0x00,
  0x00, 0x00, 0x00, 0x00, 0x98, 0x09, 0x00, 0x00, 0x00, 0x00, 0x00, 0x00,
  0x0a, 0x00, 0x00, 0x00, 0x2b, 0x00, 0x00, 0x00, 0x6c, 0x2c, 0x00, 0x00,
  0x00, 0x00, 0x00, 0x00, 0x9c, 0x09, 0x00, 0x00, 0x00, 0x00, 0x00, 0x00,
  0x0a, 0x00, 0x00, 0x00, 0x2b, 0x00, 0x00, 0x00, 0x1f, 0x23, 0x00, 0x00,
  0x00, 0x00, 0x00, 0x00, 0xa0, 0x09, 0x00, 0x00, 0x00, 0x00, 0x00, 0x00,
  0x0a, 0x00, 0x00, 0x00, 0x2b, 0x00, 0x00, 0x00, 0x3b, 0x40, 0x00, 0x00,
  0x00, 0x00, 0x00, 0x00, 0xa4, 0x09, 0x00, 0x00, 0x00, 0x00, 0x00, 0x00,
  0x0a, 0x00, 0x00, 0x00, 0x2b, 0x00, 0x00, 0x00, 0x48, 0x40, 0x00, 0x00,
  0x00, 0x00, 0x00, 0x00, 0xa8, 0x09, 0x00, 0x00, 0x00, 0x00, 0x00, 0x00,
  0x0a, 0x00, 0x00, 0x00, 0x2b, 0x00, 0x00, 0x00, 0x77, 0x2c, 0x00, 0x00,
  0x00, 0x00, 0x00, 0x00, 0xac, 0x09, 0x00, 0x00, 0x00, 0x00, 0x00, 0x00,
  0x0a, 0x00, 0x00, 0x00, 0x2b, 0x00, 0x00, 0x00, 0x85, 0x2c, 0x00, 0x00,
  0x00, 0x00, 0x00, 0x00, 0xb0, 0x09, 0x00, 0x00, 0x00, 0x00, 0x00, 0x00,
  0x0a, 0x00, 0x00, 0x00, 0x2b, 0x00, 0x00, 0x00, 0x40, 0x3b, 0x00, 0x00,
  0x00, 0x00, 0x00, 0x00, 0xb4, 0x09, 0x00, 0x00, 0x00, 0x00, 0x00, 0x00,
  0x0a, 0x00, 0x00, 0x00, 0x2b, 0x00, 0x00, 0x00, 0x1e, 0x29, 0x00, 0x00,
  0x00, 0x00, 0x00, 0x00, 0xb8, 0x09, 0x00, 0x00, 0x00, 0x00, 0x00, 0x00,
  0x0a, 0x00, 0x00, 0x00, 0x2b, 0x00, 0x00, 0x00, 0xc1, 0x2f, 0x00, 0x00,
  0x00, 0x00, 0x00, 0x00, 0xbc, 0x09, 0x00, 0x00, 0x00, 0x00, 0x00, 0x00,
  0x0a, 0x00, 0x00, 0x00, 0x2b, 0x00, 0x00, 0x00, 0x9c, 0x1d, 0x00, 0x00,
  0x00, 0x00, 0x00, 0x00, 0xc0, 0x09, 0x00, 0x00, 0x00, 0x00, 0x00, 0x00,
  0x0a, 0x00, 0x00, 0x00, 0x2b, 0x00, 0x00, 0x00, 0x25, 0x32, 0x00, 0x00,
  0x00, 0x00, 0x00, 0x00, 0xc4, 0x09, 0x00, 0x00, 0x00, 0x00, 0x00, 0x00,
  0x0a, 0x00, 0x00, 0x00, 0x2b, 0x00, 0x00, 0x00, 0x19, 0x01, 0x00, 0x00,
  0x00, 0x00, 0x00, 0x00, 0xc8, 0x09, 0x00, 0x00, 0x00, 0x00, 0x00, 0x00,
  0x0a, 0x00, 0x00, 0x00, 0x2b, 0x00, 0x00, 0x00, 0x3d, 0x4d, 0x00, 0x00,
  0x00, 0x00, 0x00, 0x00, 0xcc, 0x09, 0x00, 0x00, 0x00, 0x00, 0x00, 0x00,
  0x0a, 0x00, 0x00, 0x00, 0x2b, 0x00, 0x00, 0x00, 0xff, 0x46, 0x00, 0x00,
  0x00, 0x00, 0x00, 0x00, 0xd0, 0x09, 0x00, 0x00, 0x00, 0x00, 0x00, 0x00,
  0x0a, 0x00, 0x00, 0x00, 0x2b, 0x00, 0x00, 0x00, 0xf6, 0x4f, 0x00, 0x00,
  0x00, 0x00, 0x00, 0x00, 0xd4, 0x09, 0x00, 0x00, 0x00, 0x00, 0x00, 0x00,
  0x0a, 0x00, 0x00, 0x00, 0x2b, 0x00, 0x00, 0x00, 0x2a, 0x29, 0x00, 0x00,
  0x00, 0x00, 0x00, 0x00, 0xd8, 0x09, 0x00, 0x00, 0x00, 0x00, 0x00, 0x00,
  0x0a, 0x00, 0x00, 0x00, 0x2b, 0x00, 0x00, 0x00, 0x38, 0x13, 0x00, 0x00,
  0x00, 0x00, 0x00, 0x00, 0xdc, 0x09, 0x00, 0x00, 0x00, 0x00, 0x00, 0x00,
  0x0a, 0x00, 0x00, 0x00, 0x2b, 0x00, 0x00, 0x00, 0x73, 0x59, 0x00, 0x00,
  0x00, 0x00, 0x00, 0x00, 0xe0, 0x09, 0x00, 0x00, 0x00, 0x00, 0x00, 0x00,
  0x0a, 0x00, 0x00, 0x00, 0x2b, 0x00, 0x00, 0x00, 0x71, 0x20, 0x00, 0x00,
  0x00, 0x00, 0x00, 0x00, 0xe4, 0x09, 0x00, 0x00, 0x00, 0x00, 0x00, 0x00,
  0x0a, 0x00, 0x00, 0x00, 0x2b, 0x00, 0x00, 0x00, 0x0d, 0x04, 0x00, 0x00,
  0x00, 0x00, 0x00, 0x00, 0xe8, 0x09, 0x00, 0x00, 0x00, 0x00, 0x00, 0x00,
  0x0a, 0x00, 0x00, 0x00, 0x2b, 0x00, 0x00, 0x00, 0x35, 0x32, 0x00, 0x00,
  0x00, 0x00, 0x00, 0x00, 0xec, 0x09, 0x00, 0x00, 0x00, 0x00, 0x00, 0x00,
  0x0a, 0x00, 0x00, 0x00, 0x2b, 0x00, 0x00, 0x00, 0x56, 0x57, 0x00, 0x00,
  0x00, 0x00, 0x00, 0x00, 0xf0, 0x09, 0x00, 0x00, 0x00, 0x00, 0x00, 0x00,
  0x0a, 0x00, 0x00, 0x00, 0x2b, 0x00, 0x00, 0x00, 0x04, 0x18, 0x00, 0x00,
  0x00, 0x00, 0x00, 0x00, 0xf4, 0x09, 0x00, 0x00, 0x00, 0x00, 0x00, 0x00,
  0x0a, 0x00, 0x00, 0x00, 0x2b, 0x00, 0x00, 0x00, 0x77, 0x0d, 0x00, 0x00,
  0x00, 0x00, 0x00, 0x00, 0xf8, 0x09, 0x00, 0x00, 0x00, 0x00, 0x00, 0x00,
  0x0a, 0x00, 0x00, 0x00, 0x2b, 0x00, 0x00, 0x00, 0x45, 0x38, 0x00, 0x00,
  0x00, 0x00, 0x00, 0x00, 0xfc, 0x09, 0x00, 0x00, 0x00, 0x00, 0x00, 0x00,
  0x0a, 0x00, 0x00, 0x00, 0x2b, 0x00, 0x00, 0x00, 0xae, 0x25, 0x00, 0x00,
  0x00, 0x00, 0x00, 0x00, 0x00, 0x0a, 0x00, 0x00, 0x00, 0x00, 0x00, 0x00,
  0x0a, 0x00, 0x00, 0x00, 0x2b, 0x00, 0x00, 0x00, 0x56, 0x40, 0x00, 0x00,
  0x00, 0x00, 0x00, 0x00, 0x04, 0x0a, 0x00, 0x00, 0x00, 0x00, 0x00, 0x00,
  0x0a, 0x00, 0x00, 0x00, 0x2b, 0x00, 0x00, 0x00, 0x61, 0x40, 0x00, 0x00,
  0x00, 0x00, 0x00, 0x00, 0x08, 0x0a, 0x00, 0x00, 0x00, 0x00, 0x00, 0x00,
  0x0a, 0x00, 0x00, 0x00, 0x2b, 0x00, 0x00, 0x00, 0x6a, 0x40, 0x00, 0x00,
  0x00, 0x00, 0x00, 0x00, 0x0c, 0x0a, 0x00, 0x00, 0x00, 0x00, 0x00, 0x00,
  0x0a, 0x00, 0x00, 0x00, 0x2b, 0x00, 0x00, 0x00, 0x2f, 0x23, 0x00, 0x00,
  0x00, 0x00, 0x00, 0x00, 0x10, 0x0a, 0x00, 0x00, 0x00, 0x00, 0x00, 0x00,
  0x0a, 0x00, 0x00, 0x00, 0x2b, 0x00, 0x00, 0x00, 0xc3, 0x54, 0x00, 0x00,
  0x00, 0x00, 0x00, 0x00, 0x14, 0x0a, 0x00, 0x00, 0x00, 0x00, 0x00, 0x00,
  0x0a, 0x00, 0x00, 0x00, 0x2b, 0x00, 0x00, 0x00, 0x39, 0x23, 0x00, 0x00,
  0x00, 0x00, 0x00, 0x00, 0x18, 0x0a, 0x00, 0x00, 0x00, 0x00, 0x00, 0x00,
  0x0a, 0x00, 0x00, 0x00, 0x2b, 0x00, 0x00, 0x00, 0xd1, 0x2f, 0x00, 0x00,
  0x00, 0x00, 0x00, 0x00, 0x1c, 0x0a, 0x00, 0x00, 0x00, 0x00, 0x00, 0x00,
  0x0a, 0x00, 0x00, 0x00, 0x2b, 0x00, 0x00, 0x00, 0x79, 0x43, 0x00, 0x00,
  0x00, 0x00, 0x00, 0x00, 0x20, 0x0a, 0x00, 0x00, 0x00, 0x00, 0x00, 0x00,
  0x0a, 0x00, 0x00, 0x00, 0x2b, 0x00, 0x00, 0x00, 0x07, 0x47, 0x00, 0x00,
  0x00, 0x00, 0x00, 0x00, 0x24, 0x0a, 0x00, 0x00, 0x00, 0x00, 0x00, 0x00,
  0x0a, 0x00, 0x00, 0x00, 0x2b, 0x00, 0x00, 0x00, 0x8e, 0x2c, 0x00, 0x00,
  0x00, 0x00, 0x00, 0x00, 0x28, 0x0a, 0x00, 0x00, 0x00, 0x00, 0x00, 0x00,
  0x0a, 0x00, 0x00, 0x00, 0x2b, 0x00, 0x00, 0x00, 0xa1, 0x1d, 0x00, 0x00,
  0x00, 0x00, 0x00, 0x00, 0x2c, 0x0a, 0x00, 0x00, 0x00, 0x00, 0x00, 0x00,
  0x0a, 0x00, 0x00, 0x00, 0x2b, 0x00, 0x00, 0x00, 0xb7, 0x25, 0x00, 0x00,
  0x00, 0x00, 0x00, 0x00, 0x30, 0x0a, 0x00, 0x00, 0x00, 0x00, 0x00, 0x00,
  0x0a, 0x00, 0x00, 0x00, 0x2b, 0x00, 0x00, 0x00, 0x05, 0x0a, 0x00, 0x00,
  0x00, 0x00, 0x00, 0x00, 0x34, 0x0a, 0x00, 0x00, 0x00, 0x00, 0x00, 0x00,
  0x0a, 0x00, 0x00, 0x00, 0x2b, 0x00, 0x00, 0x00, 0x76, 0x20, 0x00, 0x00,
  0x00, 0x00, 0x00, 0x00, 0x38, 0x0a, 0x00, 0x00, 0x00, 0x00, 0x00, 0x00,
  0x0a, 0x00, 0x00, 0x00, 0x2b, 0x00, 0x00, 0x00, 0x77, 0x59, 0x00, 0x00,
  0x00, 0x00, 0x00, 0x00, 0x3c, 0x0a, 0x00, 0x00, 0x00, 0x00, 0x00, 0x00,
  0x0a, 0x00, 0x00, 0x00, 0x2b, 0x00, 0x00, 0x00, 0x88, 0x20, 0x00, 0x00,
  0x00, 0x00, 0x00, 0x00, 0x40, 0x0a, 0x00, 0x00, 0x00, 0x00, 0x00, 0x00,
  0x0a, 0x00, 0x00, 0x00, 0x2b, 0x00, 0x00, 0x00, 0x13, 0x3e, 0x00, 0x00,
  0x00, 0x00, 0x00, 0x00, 0x44, 0x0a, 0x00, 0x00, 0x00, 0x00, 0x00, 0x00,
  0x0a, 0x00, 0x00, 0x00, 0x2b, 0x00, 0x00, 0x00, 0x82, 0x43, 0x00, 0x00,
  0x00, 0x00, 0x00, 0x00, 0x48, 0x0a, 0x00, 0x00, 0x00, 0x00, 0x00, 0x00,
  0x0a, 0x00, 0x00, 0x00, 0x2b, 0x00, 0x00, 0x00, 0x0f, 0x18, 0x00, 0x00,
  0x00, 0x00, 0x00, 0x00, 0x4c, 0x0a, 0x00, 0x00, 0x00, 0x00, 0x00, 0x00,
  0x0a, 0x00, 0x00, 0x00, 0x2b, 0x00, 0x00, 0x00, 0xf2, 0x0f, 0x00, 0x00,
  0x00, 0x00, 0x00, 0x00, 0x50, 0x0a, 0x00, 0x00, 0x00, 0x00, 0x00, 0x00,
  0x0a, 0x00, 0x00, 0x00, 0x2b, 0x00, 0x00, 0x00, 0x4a, 0x38, 0x00, 0x00,
  0x00, 0x00, 0x00, 0x00, 0x54, 0x0a, 0x00, 0x00, 0x00, 0x00, 0x00, 0x00,
  0x0a, 0x00, 0x00, 0x00, 0x2b, 0x00, 0x00, 0x00, 0x12, 0x47, 0x00, 0x00,
  0x00, 0x00, 0x00, 0x00, 0x58, 0x0a, 0x00, 0x00, 0x00, 0x00, 0x00, 0x00,
  0x0a, 0x00, 0x00, 0x00, 0x2b, 0x00, 0x00, 0x00, 0xf7, 0x0f, 0x00, 0x00,
  0x00, 0x00, 0x00, 0x00, 0x5c, 0x0a, 0x00, 0x00, 0x00, 0x00, 0x00, 0x00,
  0x0a, 0x00, 0x00, 0x00, 0x2b, 0x00, 0x00, 0x00, 0x09, 0x10, 0x00, 0x00,
  0x00, 0x00, 0x00, 0x00, 0x60, 0x0a, 0x00, 0x00, 0x00, 0x00, 0x00, 0x00,
  0x0a, 0x00, 0x00, 0x00, 0x2b, 0x00, 0x00, 0x00, 0x8e, 0x43, 0x00, 0x00,
  0x00, 0x00, 0x00, 0x00, 0x64, 0x0a, 0x00, 0x00, 0x00, 0x00, 0x00, 0x00,
  0x0a, 0x00, 0x00, 0x00, 0x2b, 0x00, 0x00, 0x00, 0x03, 0x50, 0x00, 0x00,
  0x00, 0x00, 0x00, 0x00, 0x68, 0x0a, 0x00, 0x00, 0x00, 0x00, 0x00, 0x00,
  0x0a, 0x00, 0x00, 0x00, 0x2b, 0x00, 0x00, 0x00, 0x8f, 0x15, 0x00, 0x00,
  0x00, 0x00, 0x00, 0x00, 0x6c, 0x0a, 0x00, 0x00, 0x00, 0x00, 0x00, 0x00,
  0x0a, 0x00, 0x00, 0x00, 0x2b, 0x00, 0x00, 0x00, 0x4c, 0x3b, 0x00, 0x00,
  0x00, 0x00, 0x00, 0x00, 0x70, 0x0a, 0x00, 0x00, 0x00, 0x00, 0x00, 0x00,
  0x0a, 0x00, 0x00, 0x00, 0x2b, 0x00, 0x00, 0x00, 0xdf, 0x06, 0x00, 0x00,
  0x00, 0x00, 0x00, 0x00, 0x74, 0x0a, 0x00, 0x00, 0x00, 0x00, 0x00, 0x00,
  0x0a, 0x00, 0x00, 0x00, 0x2b, 0x00, 0x00, 0x00, 0x92, 0x2c, 0x00, 0x00,
  0x00, 0x00, 0x00, 0x00, 0x78, 0x0a, 0x00, 0x00, 0x00, 0x00, 0x00, 0x00,
  0x0a, 0x00, 0x00, 0x00, 0x2b, 0x00, 0x00, 0x00, 0x3e, 0x32, 0x00, 0x00,
  0x00, 0x00, 0x00, 0x00, 0x7c, 0x0a, 0x00, 0x00, 0x00, 0x00, 0x00, 0x00,
  0x0a, 0x00, 0x00, 0x00, 0x2b, 0x00, 0x00, 0x00, 0x4e, 0x32, 0x00, 0x00,
  0x00, 0x00, 0x00, 0x00, 0x80, 0x0a, 0x00, 0x00, 0x00, 0x00, 0x00, 0x00,
  0x0a, 0x00, 0x00, 0x00, 0x2b, 0x00, 0x00, 0x00, 0x5d, 0x32, 0x00, 0x00,
  0x00, 0x00, 0x00, 0x00, 0x84, 0x0a, 0x00, 0x00, 0x00, 0x00, 0x00, 0x00,
  0x0a, 0x00, 0x00, 0x00, 0x2b, 0x00, 0x00, 0x00, 0x22, 0x47, 0x00, 0x00,
  0x00, 0x00, 0x00, 0x00, 0x88, 0x0a, 0x00, 0x00, 0x00, 0x00, 0x00, 0x00,
  0x0a, 0x00, 0x00, 0x00, 0x2b, 0x00, 0x00, 0x00, 0x80, 0x59, 0x00, 0x00,
  0x00, 0x00, 0x00, 0x00, 0x8c, 0x0a, 0x00, 0x00, 0x00, 0x00, 0x00, 0x00,
  0x0a, 0x00, 0x00, 0x00, 0x2b, 0x00, 0x00, 0x00, 0xe7, 0x06, 0x00, 0x00,
  0x00, 0x00, 0x00, 0x00, 0x90, 0x0a, 0x00, 0x00, 0x00, 0x00, 0x00, 0x00,
  0x0a, 0x00, 0x00, 0x00, 0x2b, 0x00, 0x00, 0x00, 0xb2, 0x49, 0x00, 0x00,
  0x00, 0x00, 0x00, 0x00, 0x94, 0x0a, 0x00, 0x00, 0x00, 0x00, 0x00, 0x00,
  0x0a, 0x00, 0x00, 0x00, 0x2b, 0x00, 0x00, 0x00, 0x2a, 0x47, 0x00, 0x00,
  0x00, 0x00, 0x00, 0x00, 0x98, 0x0a, 0x00, 0x00, 0x00, 0x00, 0x00, 0x00,
  0x0a, 0x00, 0x00, 0x00, 0x2b, 0x00, 0x00, 0x00, 0x16, 0x04, 0x00, 0x00,
  0x00, 0x00, 0x00, 0x00, 0x9c, 0x0a, 0x00, 0x00, 0x00, 0x00, 0x00, 0x00,
  0x0a, 0x00, 0x00, 0x00, 0x2b, 0x00, 0x00, 0x00, 0xcc, 0x54, 0x00, 0x00,
  0x00, 0x00, 0x00, 0x00, 0xa0, 0x0a, 0x00, 0x00, 0x00, 0x00, 0x00, 0x00,
  0x0a, 0x00, 0x00, 0x00, 0x2b, 0x00, 0x00, 0x00, 0x8e, 0x59, 0x00, 0x00,
  0x00, 0x00, 0x00, 0x00, 0xa4, 0x0a, 0x00, 0x00, 0x00, 0x00, 0x00, 0x00,
  0x0a, 0x00, 0x00, 0x00, 0x2b, 0x00, 0x00, 0x00, 0x11, 0x0a, 0x00, 0x00,
  0x00, 0x00, 0x00, 0x00, 0xa8, 0x0a, 0x00, 0x00, 0x00, 0x00, 0x00, 0x00,
  0x0a, 0x00, 0x00, 0x00, 0x2b, 0x00, 0x00, 0x00, 0x9c, 0x43, 0x00, 0x00,
  0x00, 0x00, 0x00, 0x00, 0xac, 0x0a, 0x00, 0x00, 0x00, 0x00, 0x00, 0x00,
  0x0a, 0x00, 0x00, 0x00, 0x2b, 0x00, 0x00, 0x00, 0x39, 0x29, 0x00, 0x00,
  0x00, 0x00, 0x00, 0x00, 0xb0, 0x0a, 0x00, 0x00, 0x00, 0x00, 0x00, 0x00,
  0x0a, 0x00, 0x00, 0x00, 0x2b, 0x00, 0x00, 0x00, 0xa3, 0x43, 0x00, 0x00,
  0x00, 0x00, 0x00, 0x00, 0xb4, 0x0a, 0x00, 0x00, 0x00, 0x00, 0x00, 0x00,
  0x0a, 0x00, 0x00, 0x00, 0x2b, 0x00, 0x00, 0x00, 0xd5, 0x54, 0x00, 0x00,
  0x00, 0x00, 0x00, 0x00, 0xb8, 0x0a, 0x00, 0x00, 0x00, 0x00, 0x00, 0x00,
  0x0a, 0x00, 0x00, 0x00, 0x2b, 0x00, 0x00, 0x00, 0x1d, 0x3e, 0x00, 0x00,
  0x00, 0x00, 0x00, 0x00, 0xbc, 0x0a, 0x00, 0x00, 0x00, 0x00, 0x00, 0x00,
  0x0a, 0x00, 0x00, 0x00, 0x2b, 0x00, 0x00, 0x00, 0x44, 0x13, 0x00, 0x00,
  0x00, 0x00, 0x00, 0x00, 0xc0, 0x0a, 0x00, 0x00, 0x00, 0x00, 0x00, 0x00,
  0x0a, 0x00, 0x00, 0x00, 0x2b, 0x00, 0x00, 0x00, 0x09, 0x50, 0x00, 0x00,
  0x00, 0x00, 0x00, 0x00, 0xc4, 0x0a, 0x00, 0x00, 0x00, 0x00, 0x00, 0x00,
  0x0a, 0x00, 0x00, 0x00, 0x2b, 0x00, 0x00, 0x00, 0x20, 0x04, 0x00, 0x00,
  0x00, 0x00, 0x00, 0x00, 0xc8, 0x0a, 0x00, 0x00, 0x00, 0x00, 0x00, 0x00,
  0x0a, 0x00, 0x00, 0x00, 0x2b, 0x00, 0x00, 0x00, 0xff, 0x51, 0x00, 0x00,
  0x00, 0x00, 0x00, 0x00, 0xcc, 0x0a, 0x00, 0x00, 0x00, 0x00, 0x00, 0x00,
  0x0a, 0x00, 0x00, 0x00, 0x2b, 0x00, 0x00, 0x00, 0xf5, 0x06, 0x00, 0x00,
  0x00, 0x00, 0x00, 0x00, 0xd0, 0x0a, 0x00, 0x00, 0x00, 0x00, 0x00, 0x00,
  0x0a, 0x00, 0x00, 0x00, 0x2b, 0x00, 0x00, 0x00, 0x44, 0x4d, 0x00, 0x00,
  0x00, 0x00, 0x00, 0x00, 0xd4, 0x0a, 0x00, 0x00, 0x00, 0x00, 0x00, 0x00,
  0x0a, 0x00, 0x00, 0x00, 0x2b, 0x00, 0x00, 0x00, 0xa2, 0x2c, 0x00, 0x00,
  0x00, 0x00, 0x00, 0x00, 0xd8, 0x0a, 0x00, 0x00, 0x00, 0x00, 0x00, 0x00,
  0x0a, 0x00, 0x00, 0x00, 0x2b, 0x00, 0x00, 0x00, 0x04, 0x52, 0x00, 0x00,
  0x00, 0x00, 0x00, 0x00, 0xdc, 0x0a, 0x00, 0x00, 0x00, 0x00, 0x00, 0x00,
  0x0a, 0x00, 0x00, 0x00, 0x2b, 0x00, 0x00, 0x00, 0x0a, 0x52, 0x00, 0x00,
  0x00, 0x00, 0x00, 0x00, 0xe0, 0x0a, 0x00, 0x00, 0x00, 0x00, 0x00, 0x00,
  0x0a, 0x00, 0x00, 0x00, 0x2b, 0x00, 0x00, 0x00, 0x24, 0x01, 0x00, 0x00,
  0x00, 0x00, 0x00, 0x00, 0xe4, 0x0a, 0x00, 0x00, 0x00, 0x00, 0x00, 0x00,
  0x0a, 0x00, 0x00, 0x00, 0x2b, 0x00, 0x00, 0x00, 0xe1, 0x54, 0x00, 0x00,
  0x00, 0x00, 0x00, 0x00, 0xe8, 0x0a, 0x00, 0x00, 0x00, 0x00, 0x00, 0x00,
  0x0a, 0x00, 0x00, 0x00, 0x2b, 0x00, 0x00, 0x00, 0xe6, 0x54, 0x00, 0x00,
  0x00, 0x00, 0x00, 0x00, 0xec, 0x0a, 0x00, 0x00, 0x00, 0x00, 0x00, 0x00,
  0x0a, 0x00, 0x00, 0x00, 0x2b, 0x00, 0x00, 0x00, 0x4f, 0x4d, 0x00, 0x00,
  0x00, 0x00, 0x00, 0x00, 0xf0, 0x0a, 0x00, 0x00, 0x00, 0x00, 0x00, 0x00,
  0x0a, 0x00, 0x00, 0x00, 0x2b, 0x00, 0x00, 0x00, 0x3f, 0x29, 0x00, 0x00,
  0x00, 0x00, 0x00, 0x00, 0xf4, 0x0a, 0x00, 0x00, 0x00, 0x00, 0x00, 0x00,
  0x0a, 0x00, 0x00, 0x00, 0x2b, 0x00, 0x00, 0x00, 0x72, 0x40, 0x00, 0x00,
  0x00, 0x00, 0x00, 0x00, 0xf8, 0x0a, 0x00, 0x00, 0x00, 0x00, 0x00, 0x00,
  0x0a, 0x00, 0x00, 0x00, 0x2b, 0x00, 0x00, 0x00, 0xfc, 0x06, 0x00, 0x00,
  0x00, 0x00, 0x00, 0x00, 0xfc, 0x0a, 0x00, 0x00, 0x00, 0x00, 0x00, 0x00,
  0x0a, 0x00, 0x00, 0x00, 0x2b, 0x00, 0x00, 0x00, 0x50, 0x3b, 0x00, 0x00,
  0x00, 0x00, 0x00, 0x00, 0x00, 0x0b, 0x00, 0x00, 0x00, 0x00, 0x00, 0x00,
  0x0a, 0x00, 0x00, 0x00, 0x2b, 0x00, 0x00, 0x00, 0xd3, 0x2f, 0x00, 0x00,
  0x00, 0x00, 0x00, 0x00, 0x04, 0x0b, 0x00, 0x00, 0x00, 0x00, 0x00, 0x00,
  0x0a, 0x00, 0x00, 0x00, 0x2b, 0x00, 0x00, 0x00, 0x84, 0x0d, 0x00, 0x00,
  0x00, 0x00, 0x00, 0x00, 0x08, 0x0b, 0x00, 0x00, 0x00, 0x00, 0x00, 0x00,
  0x0a, 0x00, 0x00, 0x00, 0x2b, 0x00, 0x00, 0x00, 0x59, 0x3b, 0x00, 0x00,
  0x00, 0x00, 0x00, 0x00, 0x0c, 0x0b, 0x00, 0x00, 0x00, 0x00, 0x00, 0x00,
  0x0a, 0x00, 0x00, 0x00, 0x2b, 0x00, 0x00, 0x00, 0xeb, 0x54, 0x00, 0x00,
  0x00, 0x00, 0x00, 0x00, 0x10, 0x0b, 0x00, 0x00, 0x00, 0x00, 0x00, 0x00,
  0x0a, 0x00, 0x00, 0x00, 0x2b, 0x00, 0x00, 0x00, 0x37, 0x35, 0x00, 0x00,
  0x00, 0x00, 0x00, 0x00, 0x14, 0x0b, 0x00, 0x00, 0x00, 0x00, 0x00, 0x00,
  0x0a, 0x00, 0x00, 0x00, 0x2b, 0x00, 0x00, 0x00, 0x15, 0x52, 0x00, 0x00,
  0x00, 0x00, 0x00, 0x00, 0x18, 0x0b, 0x00, 0x00, 0x00, 0x00, 0x00, 0x00,
  0x0a, 0x00, 0x00, 0x00, 0x2b, 0x00, 0x00, 0x00, 0xbf, 0x25, 0x00, 0x00,
  0x00, 0x00, 0x00, 0x00, 0x1c, 0x0b, 0x00, 0x00, 0x00, 0x00, 0x00, 0x00,
  0x0a, 0x00, 0x00, 0x00, 0x2b, 0x00, 0x00, 0x00, 0x19, 0x0a, 0x00, 0x00,
  0x00, 0x00, 0x00, 0x00, 0x20, 0x0b, 0x00, 0x00, 0x00, 0x00, 0x00, 0x00,
  0x0a, 0x00, 0x00, 0x00, 0x2b, 0x00, 0x00, 0x00, 0x57, 0x4d, 0x00, 0x00,
  0x00, 0x00, 0x00, 0x00, 0x24, 0x0b, 0x00, 0x00, 0x00, 0x00, 0x00, 0x00,
  0x0a, 0x00, 0x00, 0x00, 0x2b, 0x00, 0x00, 0x00, 0x4f, 0x38, 0x00, 0x00,
  0x00, 0x00, 0x00, 0x00, 0x28, 0x0b, 0x00, 0x00, 0x00, 0x00, 0x00, 0x00,
  0x0a, 0x00, 0x00, 0x00, 0x2b, 0x00, 0x00, 0x00, 0x48, 0x29, 0x00, 0x00,
  0x00, 0x00, 0x00, 0x00, 0x2c, 0x0b, 0x00, 0x00, 0x00, 0x00, 0x00, 0x00,
  0x0a, 0x00, 0x00, 0x00, 0x2b, 0x00, 0x00, 0x00, 0xa9, 0x2c, 0x00, 0x00,
  0x00, 0x00, 0x00, 0x00, 0x30, 0x0b, 0x00, 0x00, 0x00, 0x00, 0x00, 0x00,
  0x0a, 0x00, 0x00, 0x00, 0x2b, 0x00, 0x00, 0x00, 0x90, 0x20, 0x00, 0x00,
  0x00, 0x00, 0x00, 0x00, 0x34, 0x0b, 0x00, 0x00, 0x00, 0x00, 0x00, 0x00,
  0x0a, 0x00, 0x00, 0x00, 0x2b, 0x00, 0x00, 0x00, 0xc4, 0x25, 0x00, 0x00,
  0x00, 0x00, 0x00, 0x00, 0x38, 0x0b, 0x00, 0x00, 0x00, 0x00, 0x00, 0x00,
  0x0a, 0x00, 0x00, 0x00, 0x2b, 0x00, 0x00, 0x00, 0x0a, 0x07, 0x00, 0x00,
  0x00, 0x00, 0x00, 0x00, 0x3c, 0x0b, 0x00, 0x00, 0x00, 0x00, 0x00, 0x00,
  0x0a, 0x00, 0x00, 0x00, 0x2b, 0x00, 0x00, 0x00, 0x4b, 0x29, 0x00, 0x00,
  0x00, 0x00, 0x00, 0x00, 0x40, 0x0b, 0x00, 0x00, 0x00, 0x00, 0x00, 0x00,
  0x0a, 0x00, 0x00, 0x00, 0x2b, 0x00, 0x00, 0x00, 0x20, 0x52, 0x00, 0x00,
  0x00, 0x00, 0x00, 0x00, 0x44, 0x0b, 0x00, 0x00, 0x00, 0x00, 0x00, 0x00,
  0x0a, 0x00, 0x00, 0x00, 0x2b, 0x00, 0x00, 0x00, 0x9e, 0x20, 0x00, 0x00,
  0x00, 0x00, 0x00, 0x00, 0x48, 0x0b, 0x00, 0x00, 0x00, 0x00, 0x00, 0x00,
  0x0a, 0x00, 0x00, 0x00, 0x2b, 0x00, 0x00, 0x00, 0xf1, 0x54, 0x00, 0x00,
  0x00, 0x00, 0x00, 0x00, 0x4c, 0x0b, 0x00, 0x00, 0x00, 0x00, 0x00, 0x00,
  0x0a, 0x00, 0x00, 0x00, 0x2b, 0x00, 0x00, 0x00, 0x11, 0x50, 0x00, 0x00,
  0x00, 0x00, 0x00, 0x00, 0x50, 0x0b, 0x00, 0x00, 0x00, 0x00, 0x00, 0x00,
  0x0a, 0x00, 0x00, 0x00, 0x2b, 0x00, 0x00, 0x00, 0x13, 0x07, 0x00, 0x00,
  0x00, 0x00, 0x00, 0x00, 0x54, 0x0b, 0x00, 0x00, 0x00, 0x00, 0x00, 0x00,
  0x0a, 0x00, 0x00, 0x00, 0x2b, 0x00, 0x00, 0x00, 0x7a, 0x40, 0x00, 0x00,
  0x00, 0x00, 0x00, 0x00, 0x58, 0x0b, 0x00, 0x00, 0x00, 0x00, 0x00, 0x00,
  0x0a, 0x00, 0x00, 0x00, 0x2b, 0x00, 0x00, 0x00, 0x4f, 0x13, 0x00, 0x00,
  0x00, 0x00, 0x00, 0x00, 0x5c, 0x0b, 0x00, 0x00, 0x00, 0x00, 0x00, 0x00,
  0x0a, 0x00, 0x00, 0x00, 0x2b, 0x00, 0x00, 0x00, 0x37, 0x47, 0x00, 0x00,
  0x00, 0x00, 0x00, 0x00, 0x60, 0x0b, 0x00, 0x00, 0x00, 0x00, 0x00, 0x00,
  0x0a, 0x00, 0x00, 0x00, 0x2b, 0x00, 0x00, 0x00, 0x57, 0x38, 0x00, 0x00,
  0x00, 0x00, 0x00, 0x00, 0x64, 0x0b, 0x00, 0x00, 0x00, 0x00, 0x00, 0x00,
  0x0a, 0x00, 0x00, 0x00, 0x2b, 0x00, 0x00, 0x00, 0x86, 0x40, 0x00, 0x00,
  0x00, 0x00, 0x00, 0x00, 0x68, 0x0b, 0x00, 0x00, 0x00, 0x00, 0x00, 0x00,
  0x0a, 0x00, 0x00, 0x00, 0x2b, 0x00, 0x00, 0x00, 0xab, 0x20, 0x00, 0x00,
  0x00, 0x00, 0x00, 0x00, 0x6c, 0x0b, 0x00, 0x00, 0x00, 0x00, 0x00, 0x00,
  0x0a, 0x00, 0x00, 0x00, 0x2b, 0x00, 0x00, 0x00, 0x3e, 0x23, 0x00, 0x00,
  0x00, 0x00, 0x00, 0x00, 0x70, 0x0b, 0x00, 0x00, 0x00, 0x00, 0x00, 0x00,
  0x0a, 0x00, 0x00, 0x00, 0x2b, 0x00, 0x00, 0x00, 0x69, 0x4d, 0x00, 0x00,
  0x00, 0x00, 0x00, 0x00, 0x74, 0x0b, 0x00, 0x00, 0x00, 0x00, 0x00, 0x00,
  0x0a, 0x00, 0x00, 0x00, 0x2b, 0x00, 0x00, 0x00, 0x19, 0x18, 0x00, 0x00,
  0x00, 0x00, 0x00, 0x00, 0x78, 0x0b, 0x00, 0x00, 0x00, 0x00, 0x00, 0x00,
  0x0a, 0x00, 0x00, 0x00, 0x2b, 0x00, 0x00, 0x00, 0x2c, 0x01, 0x00, 0x00,
  0x00, 0x00, 0x00, 0x00, 0x7c, 0x0b, 0x00, 0x00, 0x00, 0x00, 0x00, 0x00,
  0x0a, 0x00, 0x00, 0x00, 0x2b, 0x00, 0x00, 0x00, 0x1d, 0x50, 0x00, 0x00,
  0x00, 0x00, 0x00, 0x00, 0x80, 0x0b, 0x00, 0x00, 0x00, 0x00, 0x00, 0x00,
  0x0a, 0x00, 0x00, 0x00, 0x2b, 0x00, 0x00, 0x00, 0xd7, 0x2f, 0x00, 0x00,
  0x00, 0x00, 0x00, 0x00, 0x84, 0x0b, 0x00, 0x00, 0x00, 0x00, 0x00, 0x00,
  0x0a, 0x00, 0x00, 0x00, 0x2b, 0x00, 0x00, 0x00, 0x1a, 0x07, 0x00, 0x00,
  0x00, 0x00, 0x00, 0x00, 0x88, 0x0b, 0x00, 0x00, 0x00, 0x00, 0x00, 0x00,
  0x0a, 0x00, 0x00, 0x00, 0x2b, 0x00, 0x00, 0x00, 0x8a, 0x0d, 0x00, 0x00,
  0x00, 0x00, 0x00, 0x00, 0x8c, 0x0b, 0x00, 0x00, 0x00, 0x00, 0x00, 0x00,
  0x0a, 0x00, 0x00, 0x00, 0x2b, 0x00, 0x00, 0x00, 0x15, 0x10, 0x00, 0x00,
  0x00, 0x00, 0x00, 0x00, 0x90, 0x0b, 0x00, 0x00, 0x00, 0x00, 0x00, 0x00,
  0x0a, 0x00, 0x00, 0x00, 0x2b, 0x00, 0x00, 0x00, 0x40, 0x47, 0x00, 0x00,
  0x00, 0x00, 0x00, 0x00, 0x94, 0x0b, 0x00, 0x00, 0x00, 0x00, 0x00, 0x00,
  0x0a, 0x00, 0x00, 0x00, 0x2b, 0x00, 0x00, 0x00, 0xa8, 0x15, 0x00, 0x00,
  0x00, 0x00, 0x00, 0x00, 0x98, 0x0b, 0x00, 0x00, 0x00, 0x00, 0x00, 0x00,
  0x0a, 0x00, 0x00, 0x00, 0x2b, 0x00, 0x00, 0x00, 0x94, 0x59, 0x00, 0x00,
  0x00, 0x00, 0x00, 0x00, 0x9c, 0x0b, 0x00, 0x00, 0x00, 0x00, 0x00, 0x00,
  0x0a, 0x00, 0x00, 0x00, 0x2b, 0x00, 0x00, 0x00, 0xbc, 0x49, 0x00, 0x00,
  0x00, 0x00, 0x00, 0x00, 0xa0, 0x0b, 0x00, 0x00, 0x00, 0x00, 0x00, 0x00,
  0x0a, 0x00, 0x00, 0x00, 0x2b, 0x00, 0x00, 0x00, 0x61, 0x3b, 0x00, 0x00,
  0x00, 0x00, 0x00, 0x00, 0xa4, 0x0b, 0x00, 0x00, 0x00, 0x00, 0x00, 0x00,
  0x0a, 0x00, 0x00, 0x00, 0x2b, 0x00, 0x00, 0x00, 0x9e, 0x59, 0x00, 0x00,
  0x00, 0x00, 0x00, 0x00, 0xa8, 0x0b, 0x00, 0x00, 0x00, 0x00, 0x00, 0x00,
  0x0a, 0x00, 0x00, 0x00, 0x2b, 0x00, 0x00, 0x00, 0x46, 0x23, 0x00, 0x00,
  0x00, 0x00, 0x00, 0x00, 0xac, 0x0b, 0x00, 0x00, 0x00, 0x00, 0x00, 0x00,
  0x0a, 0x00, 0x00, 0x00, 0x2b, 0x00, 0x00, 0x00, 0x3e, 0x35, 0x00, 0x00,
  0x00, 0x00, 0x00, 0x00, 0xb0, 0x0b, 0x00, 0x00, 0x00, 0x00, 0x00, 0x00,
  0x0a, 0x00, 0x00, 0x00, 0x2b, 0x00, 0x00, 0x00, 0xde, 0x1a, 0x00, 0x00,
  0x00, 0x00, 0x00, 0x00, 0xb4, 0x0b, 0x00, 0x00, 0x00, 0x00, 0x00, 0x00,
  0x0a, 0x00, 0x00, 0x00, 0x2b, 0x00, 0x00, 0x00, 0xb7, 0x20, 0x00, 0x00,
  0x00, 0x00, 0x00, 0x00, 0xb8, 0x0b, 0x00, 0x00, 0x00, 0x00, 0x00, 0x00,
  0x0a, 0x00, 0x00, 0x00, 0x2b, 0x00, 0x00, 0x00, 0x4a, 0x47, 0x00, 0x00,
  0x00, 0x00, 0x00, 0x00, 0xbc, 0x0b, 0x00, 0x00, 0x00, 0x00, 0x00, 0x00,
  0x0a, 0x00, 0x00, 0x00, 0x2b, 0x00, 0x00, 0x00, 0xbf, 0x20, 0x00, 0x00,
  0x00, 0x00, 0x00, 0x00, 0xc0, 0x0b, 0x00, 0x00, 0x00, 0x00, 0x00, 0x00,
  0x0a, 0x00, 0x00, 0x00, 0x2b, 0x00, 0x00, 0x00, 0x32, 0x01, 0x00, 0x00,
  0x00, 0x00, 0x00, 0x00, 0xc4, 0x0b, 0x00, 0x00, 0x00, 0x00, 0x00, 0x00,
  0x0a, 0x00, 0x00, 0x00, 0x2b, 0x00, 0x00, 0x00, 0x4a, 0x35, 0x00, 0x00,
  0x00, 0x00, 0x00, 0x00, 0xc8, 0x0b, 0x00, 0x00, 0x00, 0x00, 0x00, 0x00,
  0x0a, 0x00, 0x00, 0x00, 0x2b, 0x00, 0x00, 0x00, 0x29, 0x0a, 0x00, 0x00,
  0x00, 0x00, 0x00, 0x00, 0xcc, 0x0b, 0x00, 0x00, 0x00, 0x00, 0x00, 0x00,
  0x0a, 0x00, 0x00, 0x00, 0x2b, 0x00, 0x00, 0x00, 0x25, 0x3e, 0x00, 0x00,
  0x00, 0x00, 0x00, 0x00, 0xd0, 0x0b, 0x00, 0x00, 0x00, 0x00, 0x00, 0x00,
  0x0a, 0x00, 0x00, 0x00, 0x2b, 0x00, 0x00, 0x00, 0xfd, 0x54, 0x00, 0x00,
  0x00, 0x00, 0x00, 0x00, 0xd4, 0x0b, 0x00, 0x00, 0x00, 0x00, 0x00, 0x00,
  0x0a, 0x00, 0x00, 0x00, 0x2b, 0x00, 0x00, 0x00, 0xac, 0x2c, 0x00, 0x00,
  0x00, 0x00, 0x00, 0x00, 0xd8, 0x0b, 0x00, 0x00, 0x00, 0x00, 0x00, 0x00,
  0x0a, 0x00, 0x00, 0x00, 0x2b, 0x00, 0x00, 0x00, 0x33, 0x0a, 0x00, 0x00,
  0x00, 0x00, 0x00, 0x00, 0xdc, 0x0b, 0x00, 0x00, 0x00, 0x00, 0x00, 0x00,
  0x0a, 0x00, 0x00, 0x00, 0x2b, 0x00, 0x00, 0x00, 0xc9, 0x25, 0x00, 0x00,
  0x00, 0x00, 0x00, 0x00, 0xe0, 0x0b, 0x00, 0x00, 0x00, 0x00, 0x00, 0x00,
  0x0a, 0x00, 0x00, 0x00, 0x2b, 0x00, 0x00, 0x00, 0xe0, 0x2f, 0x00, 0x00,
  0x00, 0x00, 0x00, 0x00, 0xe4, 0x0b, 0x00, 0x00, 0x00, 0x00, 0x00, 0x00,
  0x0a, 0x00, 0x00, 0x00, 0x2b, 0x00, 0x00, 0x00, 0x8b, 0x40, 0x00, 0x00,
  0x00, 0x00, 0x00, 0x00, 0xe8, 0x0b, 0x00, 0x00, 0x00, 0x00, 0x00, 0x00,
  0x0a, 0x00, 0x00, 0x00, 0x2b, 0x00, 0x00, 0x00, 0xd8, 0x25, 0x00, 0x00,
  0x00, 0x00, 0x00, 0x00, 0xec, 0x0b, 0x00, 0x00, 0x00, 0x00, 0x00, 0x00,
  0x0a, 0x00, 0x00, 0x00, 0x2b, 0x00, 0x00, 0x00, 0x43, 0x0a, 0x00, 0x00,
  0x00, 0x00, 0x00, 0x00, 0xf0, 0x0b, 0x00, 0x00, 0x00, 0x00, 0x00, 0x00,
  0x0a, 0x00, 0x00, 0x00, 0x2b, 0x00, 0x00, 0x00, 0x28, 0x50, 0x00, 0x00,
  0x00, 0x00, 0x00, 0x00, 0xf4, 0x0b, 0x00, 0x00, 0x00, 0x00, 0x00, 0x00,
  0x0a, 0x00, 0x00, 0x00, 0x2b, 0x00, 0x00, 0x00, 0x57, 0x29, 0x00, 0x00,
  0x00, 0x00, 0x00, 0x00, 0xf8, 0x0b, 0x00, 0x00, 0x00, 0x00, 0x00, 0x00,
  0x0a, 0x00, 0x00, 0x00, 0x2b, 0x00, 0x00, 0x00, 0xb3, 0x43, 0x00, 0x00,
  0x00, 0x00, 0x00, 0x00, 0xfc, 0x0b, 0x00, 0x00, 0x00, 0x00, 0x00, 0x00,
  0x0a, 0x00, 0x00, 0x00, 0x2b, 0x00, 0x00, 0x00, 0x54, 0x0a, 0x00, 0x00,
  0x00, 0x00, 0x00, 0x00, 0x00, 0x0c, 0x00, 0x00, 0x00, 0x00, 0x00, 0x00,
  0x0a, 0x00, 0x00, 0x00, 0x2b, 0x00, 0x00, 0x00, 0x55, 0x35, 0x00, 0x00,
  0x00, 0x00, 0x00, 0x00, 0x04, 0x0c, 0x00, 0x00, 0x00, 0x00, 0x00, 0x00,
  0x0a, 0x00, 0x00, 0x00, 0x2b, 0x00, 0x00, 0x00, 0xc5, 0x43, 0x00, 0x00,
  0x00, 0x00, 0x00, 0x00, 0x08, 0x0c, 0x00, 0x00, 0x00, 0x00, 0x00, 0x00,
  0x0a, 0x00, 0x00, 0x00, 0x2b, 0x00, 0x00, 0x00, 0xeb, 0x2f, 0x00, 0x00,
  0x00, 0x00, 0x00, 0x00, 0x0c, 0x0c, 0x00, 0x00, 0x00, 0x00, 0x00, 0x00,
  0x0a, 0x00, 0x00, 0x00, 0x2b, 0x00, 0x00, 0x00, 0x2d, 0x52, 0x00, 0x00,
  0x00, 0x00, 0x00, 0x00, 0x10, 0x0c, 0x00, 0x00, 0x00, 0x00, 0x00, 0x00,
  0x0a, 0x00, 0x00, 0x00, 0x2b, 0x00, 0x00, 0x00, 0x5d, 0x57, 0x00, 0x00,
  0x00, 0x00, 0x00, 0x00, 0x14, 0x0c, 0x00, 0x00, 0x00, 0x00, 0x00, 0x00,
  0x0a, 0x00, 0x00, 0x00, 0x2b, 0x00, 0x00, 0x00, 0x1e, 0x18, 0x00, 0x00,
  0x00, 0x00, 0x00, 0x00, 0x18, 0x0c, 0x00, 0x00, 0x00, 0x00, 0x00, 0x00,
  0x0a, 0x00, 0x00, 0x00, 0x2b, 0x00, 0x00, 0x00, 0xec, 0x1a, 0x00, 0x00,
  0x00, 0x00, 0x00, 0x00, 0x1c, 0x0c, 0x00, 0x00, 0x00, 0x00, 0x00, 0x00,
  0x0a, 0x00, 0x00, 0x00, 0x2b, 0x00, 0x00, 0x00, 0x98, 0x40, 0x00, 0x00,
  0x00, 0x00, 0x00, 0x00, 0x20, 0x0c, 0x00, 0x00, 0x00, 0x00, 0x00, 0x00,
  0x0a, 0x00, 0x00, 0x00, 0x2b, 0x00, 0x00, 0x00, 0x23, 0x10, 0x00, 0x00,
  0x00, 0x00, 0x00, 0x00, 0x24, 0x0c, 0x00, 0x00, 0x00, 0x00, 0x00, 0x00,
  0x0a, 0x00, 0x00, 0x00, 0x2b, 0x00, 0x00, 0x00, 0xa9, 0x1d, 0x00, 0x00,
  0x00, 0x00, 0x00, 0x00, 0x28, 0x0c, 0x00, 0x00, 0x00, 0x00, 0x00, 0x00,
  0x0a, 0x00, 0x00, 0x00, 0x2b, 0x00, 0x00, 0x00, 0x93, 0x0d, 0x00, 0x00,
  0x00, 0x00, 0x00, 0x00, 0x2c, 0x0c, 0x00, 0x00, 0x00, 0x00, 0x00, 0x00,
  0x0a, 0x00, 0x00, 0x00, 0x2b, 0x00, 0x00, 0x00, 0xf5, 0x1a, 0x00, 0x00,
  0x00, 0x00, 0x00, 0x00, 0x30, 0x0c, 0x00, 0x00, 0x00, 0x00, 0x00, 0x00,
  0x0a, 0x00, 0x00, 0x00, 0x2b, 0x00, 0x00, 0x00, 0x58, 0x13, 0x00, 0x00,
  0x00, 0x00, 0x00, 0x00, 0x34, 0x0c, 0x00, 0x00, 0x00, 0x00, 0x00, 0x00,
  0x0a, 0x00, 0x00, 0x00, 0x2b, 0x00, 0x00, 0x00, 0x24, 0x07, 0x00, 0x00,
  0x00, 0x00, 0x00, 0x00, 0x38, 0x0c, 0x00, 0x00, 0x00, 0x00, 0x00, 0x00,
  0x0a, 0x00, 0x00, 0x00, 0x2b, 0x00, 0x00, 0x00, 0x0e, 0x55, 0x00, 0x00,
  0x00, 0x00, 0x00, 0x00, 0x3c, 0x0c, 0x00, 0x00, 0x00, 0x00, 0x00, 0x00,
  0x0a, 0x00, 0x00, 0x00, 0x2b, 0x00, 0x00, 0x00, 0x2c, 0x3e, 0x00, 0x00,
  0x00, 0x00, 0x00, 0x00, 0x40, 0x0c, 0x00, 0x00, 0x00, 0x00, 0x00, 0x00,
  0x0a, 0x00, 0x00, 0x00, 0x2b, 0x00, 0x00, 0x00, 0x64, 0x35, 0x00, 0x00,
  0x00, 0x00, 0x00, 0x00, 0x44, 0x0c, 0x00, 0x00, 0x00, 0x00, 0x00, 0x00,
  0x0a, 0x00, 0x00, 0x00, 0x2b, 0x00, 0x00, 0x00, 0x9d, 0x0d, 0x00, 0x00,
  0x00, 0x00, 0x00, 0x00, 0x48, 0x0c, 0x00, 0x00, 0x00, 0x00, 0x00, 0x00,
  0x0a, 0x00, 0x00, 0x00, 0x2b, 0x00, 0x00, 0x00, 0x6f, 0x57, 0x00, 0x00,
  0x00, 0x00, 0x00, 0x00, 0x4c, 0x0c, 0x00, 0x00, 0x00, 0x00, 0x00, 0x00,
  0x0a, 0x00, 0x00, 0x00, 0x2b, 0x00, 0x00, 0x00, 0xe6, 0x25, 0x00, 0x00,
  0x00, 0x00, 0x00, 0x00, 0x50, 0x0c, 0x00, 0x00, 0x00, 0x00, 0x00, 0x00,
  0x0a, 0x00, 0x00, 0x00, 0x2b, 0x00, 0x00, 0x00, 0x38, 0x52, 0x00, 0x00,
  0x00, 0x00, 0x00, 0x00, 0x54, 0x0c, 0x00, 0x00, 0x00, 0x00, 0x00, 0x00,
  0x0a, 0x00, 0x00, 0x00, 0x2b, 0x00, 0x00, 0x00, 0xc5, 0x20, 0x00, 0x00,
  0x00, 0x00, 0x00, 0x00, 0x58, 0x0c, 0x00, 0x00, 0x00, 0x00, 0x00, 0x00,
  0x0a, 0x00, 0x00, 0x00, 0x2b, 0x00, 0x00, 0x00, 0xfc, 0x1a, 0x00, 0x00,
  0x00, 0x00, 0x00, 0x00, 0x5c, 0x0c, 0x00, 0x00, 0x00, 0x00, 0x00, 0x00,
  0x0a, 0x00, 0x00, 0x00, 0x2b, 0x00, 0x00, 0x00, 0x60, 0x38, 0x00, 0x00,
  0x00, 0x00, 0x00, 0x00, 0x60, 0x0c, 0x00, 0x00, 0x00, 0x00, 0x00, 0x00,
  0x0a, 0x00, 0x00, 0x00, 0x2b, 0x00, 0x00, 0x00, 0x5f, 0x29, 0x00, 0x00,
  0x00, 0x00, 0x00, 0x00, 0x64, 0x0c, 0x00, 0x00, 0x00, 0x00, 0x00, 0x00,
  0x0a, 0x00, 0x00, 0x00, 0x2b, 0x00, 0x00, 0x00, 0x03, 0x1b, 0x00, 0x00,
  0x00, 0x00, 0x00, 0x00, 0x68, 0x0c, 0x00, 0x00, 0x00, 0x00, 0x00, 0x00,
  0x0a, 0x00, 0x00, 0x00, 0x2b, 0x00, 0x00, 0x00, 0xd0, 0x20, 0x00, 0x00,
  0x00, 0x00, 0x00, 0x00, 0x6c, 0x0c, 0x00, 0x00, 0x00, 0x00, 0x00, 0x00,
  0x0a, 0x00, 0x00, 0x00, 0x2b, 0x00, 0x00, 0x00, 0xd7, 0x20, 0x00, 0x00,
  0x00, 0x00, 0x00, 0x00, 0x70, 0x0c, 0x00, 0x00, 0x00, 0x00, 0x00, 0x00,
  0x0a, 0x00, 0x00, 0x00, 0x2b, 0x00, 0x00, 0x00, 0xee, 0x25, 0x00, 0x00,
  0x00, 0x00, 0x00, 0x00, 0x74, 0x0c, 0x00, 0x00, 0x00, 0x00, 0x00, 0x00,
  0x0a, 0x00, 0x00, 0x00, 0x2b, 0x00, 0x00, 0x00, 0x74, 0x4d, 0x00, 0x00,
  0x00, 0x00, 0x00, 0x00, 0x78, 0x0c, 0x00, 0x00, 0x00, 0x00, 0x00, 0x00,
  0x0a, 0x00, 0x00, 0x00, 0x2b, 0x00, 0x00, 0x00, 0x72, 0x3b, 0x00, 0x00,
  0x00, 0x00, 0x00, 0x00, 0x7c, 0x0c, 0x00, 0x00, 0x00, 0x00, 0x00, 0x00,
  0x0a, 0x00, 0x00, 0x00, 0x2b, 0x00, 0x00, 0x00, 0xc2, 0x49, 0x00, 0x00,
  0x00, 0x00, 0x00, 0x00, 0x80, 0x0c, 0x00, 0x00, 0x00, 0x00, 0x00, 0x00,
  0x0a, 0x00, 0x00, 0x00, 0x2b, 0x00, 0x00, 0x00, 0x5f, 0x0a, 0x00, 0x00,
  0x00, 0x00, 0x00, 0x00, 0x84, 0x0c, 0x00, 0x00, 0x00, 0x00, 0x00, 0x00,
  0x0a, 0x00, 0x00, 0x00, 0x2b, 0x00, 0x00, 0x00, 0x80, 0x4d, 0x00, 0x00,
  0x00, 0x00, 0x00, 0x00, 0x88, 0x0c, 0x00, 0x00, 0x00, 0x00, 0x00, 0x00,
  0x0a, 0x00, 0x00, 0x00, 0x2b, 0x00, 0x00, 0x00, 0x30, 0x3e, 0x00, 0x00,
  0x00, 0x00, 0x00, 0x00, 0x8c, 0x0c, 0x00, 0x00, 0x00, 0x00, 0x00, 0x00,
  0x0a, 0x00, 0x00, 0x00, 0x2b, 0x00, 0x00, 0x00, 0xdb, 0x20, 0x00, 0x00,
  0x00, 0x00, 0x00, 0x00, 0x90, 0x0c, 0x00, 0x00, 0x00, 0x00, 0x00, 0x00,
  0x0a, 0x00, 0x00, 0x00, 0x2b, 0x00, 0x00, 0x00, 0x65, 0x38, 0x00, 0x00,
  0x00, 0x00, 0x00, 0x00, 0x94, 0x0c, 0x00, 0x00, 0x00, 0x00, 0x00, 0x00,
  0x0a, 0x00, 0x00, 0x00, 0x2b, 0x00, 0x00, 0x00, 0x6b, 0x29, 0x00, 0x00,
  0x00, 0x00, 0x00, 0x00, 0x98, 0x0c, 0x00, 0x00, 0x00, 0x00, 0x00, 0x00,
  0x0a, 0x00, 0x00, 0x00, 0x2b, 0x00, 0x00, 0x00, 0x28, 0x04, 0x00, 0x00,
  0x00, 0x00, 0x00, 0x00, 0x9c, 0x0c, 0x00, 0x00, 0x00, 0x00, 0x00, 0x00,
  0x0a, 0x00, 0x00, 0x00, 0x2b, 0x00, 0x00, 0x00, 0xf6, 0x25, 0x00, 0x00,
  0x00, 0x00, 0x00, 0x00, 0xa0, 0x0c, 0x00, 0x00, 0x00, 0x00, 0x00, 0x00,
  0x0a, 0x00, 0x00, 0x00, 0x2b, 0x00, 0x00, 0x00, 0xa4, 0x59, 0x00, 0x00,
  0x00, 0x00, 0x00, 0x00, 0xa4, 0x0c, 0x00, 0x00, 0x00, 0x00, 0x00, 0x00,
  0x0a, 0x00, 0x00, 0x00, 0x2b, 0x00, 0x00, 0x00, 0x15, 0x55, 0x00, 0x00,
  0x00, 0x00, 0x00, 0x00, 0xa8, 0x0c, 0x00, 0x00, 0x00, 0x00, 0x00, 0x00,
  0x0a, 0x00, 0x00, 0x00, 0x2b, 0x00, 0x00, 0x00, 0xc9, 0x49, 0x00, 0x00,
  0x00, 0x00, 0x00, 0x00, 0xac, 0x0c, 0x00, 0x00, 0x00, 0x00, 0x00, 0x00,
  0x0a, 0x00, 0x00, 0x00, 0x2b, 0x00, 0x00, 0x00, 0x32, 0x07, 0x00, 0x00,
  0x00, 0x00, 0x00, 0x00, 0xb0, 0x0c, 0x00, 0x00, 0x00, 0x00, 0x00, 0x00,
  0x0a, 0x00, 0x00, 0x00, 0x2b, 0x00, 0x00, 0x00, 0x09, 0x26, 0x00, 0x00,
  0x00, 0x00, 0x00, 0x00, 0xb4, 0x0c, 0x00, 0x00, 0x00, 0x00, 0x00, 0x00,
  0x0a, 0x00, 0x00, 0x00, 0x2b, 0x00, 0x00, 0x00, 0x31, 0x50, 0x00, 0x00,
  0x00, 0x00, 0x00, 0x00, 0xb8, 0x0c, 0x00, 0x00, 0x00, 0x00, 0x00, 0x00,
  0x0a, 0x00, 0x00, 0x00, 0x2b, 0x00, 0x00, 0x00, 0xe3, 0x20, 0x00, 0x00,
  0x00, 0x00, 0x00, 0x00, 0xbc, 0x0c, 0x00, 0x00, 0x00, 0x00, 0x00, 0x00,
  0x0a, 0x00, 0x00, 0x00, 0x2b, 0x00, 0x00, 0x00, 0x12, 0x26, 0x00, 0x00,
  0x00, 0x00, 0x00, 0x00, 0xc0, 0x0c, 0x00, 0x00, 0x00, 0x00, 0x00, 0x00,
  0x0a, 0x00, 0x00, 0x00, 0x2b, 0x00, 0x00, 0x00, 0xbb, 0x2c, 0x00, 0x00,
  0x00, 0x00, 0x00, 0x00, 0xc4, 0x0c, 0x00, 0x00, 0x00, 0x00, 0x00, 0x00,
  0x0a, 0x00, 0x00, 0x00, 0x2b, 0x00, 0x00, 0x00, 0x42, 0x07, 0x00, 0x00,
  0x00, 0x00, 0x00, 0x00, 0xc8, 0x0c, 0x00, 0x00, 0x00, 0x00, 0x00, 0x00,
  0x0a, 0x00, 0x00, 0x00, 0x2b, 0x00, 0x00, 0x00, 0x53, 0x47, 0x00, 0x00,
  0x00, 0x00, 0x00, 0x00, 0xcc, 0x0c, 0x00, 0x00, 0x00, 0x00, 0x00, 0x00,
  0x0a, 0x00, 0x00, 0x00, 0x2b, 0x00, 0x00, 0x00, 0xa6, 0x0d, 0x00, 0x00,
  0x00, 0x00, 0x00, 0x00, 0xd0, 0x0c, 0x00, 0x00, 0x00, 0x00, 0x00, 0x00,
  0x0a, 0x00, 0x00, 0x00, 0x2b, 0x00, 0x00, 0x00, 0x66, 0x13, 0x00, 0x00,
  0x00, 0x00, 0x00, 0x00, 0xd4, 0x0c, 0x00, 0x00, 0x00, 0x00, 0x00, 0x00,
  0x0a, 0x00, 0x00, 0x00, 0x2b, 0x00, 0x00, 0x00, 0xc7, 0x2c, 0x00, 0x00,
  0x00, 0x00, 0x00, 0x00, 0xd8, 0x0c, 0x00, 0x00, 0x00, 0x00, 0x00, 0x00,
  0x0a, 0x00, 0x00, 0x00, 0x2b, 0x00, 0x00, 0x00, 0x41, 0x52, 0x00, 0x00,
  0x00, 0x00, 0x00, 0x00, 0xdc, 0x0c, 0x00, 0x00, 0x00, 0x00, 0x00, 0x00,
  0x0a, 0x00, 0x00, 0x00, 0x2b, 0x00, 0x00, 0x00, 0x4f, 0x23, 0x00, 0x00,
  0x00, 0x00, 0x00, 0x00, 0xe0, 0x0c, 0x00, 0x00, 0x00, 0x00, 0x00, 0x00,
  0x0a, 0x00, 0x00, 0x00, 0x2b, 0x00, 0x00, 0x00, 0x27, 0x10, 0x00, 0x00,
  0x00, 0x00, 0x00, 0x00, 0xe4, 0x0c, 0x00, 0x00, 0x00, 0x00, 0x00, 0x00,
  0x0a, 0x00, 0x00, 0x00, 0x2b, 0x00, 0x00, 0x00, 0xf6, 0x2f, 0x00, 0x00,
  0x00, 0x00, 0x00, 0x00, 0xe8, 0x0c, 0x00, 0x00, 0x00, 0x00, 0x00, 0x00,
  0x0a, 0x00, 0x00, 0x00, 0x2b, 0x00, 0x00, 0x00, 0x03, 0x30, 0x00, 0x00,
  0x00, 0x00, 0x00, 0x00, 0xec, 0x0c, 0x00, 0x00, 0x00, 0x00, 0x00, 0x00,
  0x0a, 0x00, 0x00, 0x00, 0x2b, 0x00, 0x00, 0x00, 0xaa, 0x15, 0x00, 0x00,
  0x00, 0x00, 0x00, 0x00, 0xf0, 0x0c, 0x00, 0x00, 0x00, 0x00, 0x00, 0x00,
  0x0a, 0x00, 0x00, 0x00, 0x2b, 0x00, 0x00, 0x00, 0x58, 0x23, 0x00, 0x00,
  0x00, 0x00, 0x00, 0x00, 0xf4, 0x0c, 0x00, 0x00, 0x00, 0x00, 0x00, 0x00,
  0x0a, 0x00, 0x00, 0x00, 0x2b, 0x00, 0x00, 0x00, 0x37, 0x50, 0x00, 0x00,
  0x00, 0x00, 0x00, 0x00, 0xf8, 0x0c, 0x00, 0x00, 0x00, 0x00, 0x00, 0x00,
  0x0a, 0x00, 0x00, 0x00, 0x2b, 0x00, 0x00, 0x00, 0x4e, 0x07, 0x00, 0x00,
  0x00, 0x00, 0x00, 0x00, 0xfc, 0x0c, 0x00, 0x00, 0x00, 0x00, 0x00, 0x00,
  0x0a, 0x00, 0x00, 0x00, 0x2b, 0x00, 0x00, 0x00, 0x66, 0x23, 0x00, 0x00,
  0x00, 0x00, 0x00, 0x00, 0x00, 0x0d, 0x00, 0x00, 0x00, 0x00, 0x00, 0x00,
  0x0a, 0x00, 0x00, 0x00, 0x2b, 0x00, 0x00, 0x00, 0x10, 0x1b, 0x00, 0x00,
  0x00, 0x00, 0x00, 0x00, 0x04, 0x0d, 0x00, 0x00, 0x00, 0x00, 0x00, 0x00,
  0x0a, 0x00, 0x00, 0x00, 0x2b, 0x00, 0x00, 0x00, 0x8b, 0x4d, 0x00, 0x00,
  0x00, 0x00, 0x00, 0x00, 0x08, 0x0d, 0x00, 0x00, 0x00, 0x00, 0x00, 0x00,
  0x0a, 0x00, 0x00, 0x00, 0x2b, 0x00, 0x00, 0x00, 0x78, 0x3b, 0x00, 0x00,
  0x00, 0x00, 0x00, 0x00, 0x0c, 0x0d, 0x00, 0x00, 0x00, 0x00, 0x00, 0x00,
  0x0a, 0x00, 0x00, 0x00, 0x2b, 0x00, 0x00, 0x00, 0x66, 0x0a, 0x00, 0x00,
  0x00, 0x00, 0x00, 0x00, 0x10, 0x0d, 0x00, 0x00, 0x00, 0x00, 0x00, 0x00,
  0x0a, 0x00, 0x00, 0x00, 0x2b, 0x00, 0x00, 0x00, 0x6d, 0x35, 0x00, 0x00,
  0x00, 0x00, 0x00, 0x00, 0x14, 0x0d, 0x00, 0x00, 0x00, 0x00, 0x00, 0x00,
  0x0a, 0x00, 0x00, 0x00, 0x2b, 0x00, 0x00, 0x00, 0x44, 0x50, 0x00, 0x00,
  0x00, 0x00, 0x00, 0x00, 0x18, 0x0d, 0x00, 0x00, 0x00, 0x00, 0x00, 0x00,
  0x0a, 0x00, 0x00, 0x00, 0x2b, 0x00, 0x00, 0x00, 0xa3, 0x40, 0x00, 0x00,
  0x00, 0x00, 0x00, 0x00, 0x1c, 0x0d, 0x00, 0x00, 0x00, 0x00, 0x00, 0x00,
  0x0a, 0x00, 0x00, 0x00, 0x2b, 0x00, 0x00, 0x00, 0x52, 0x50, 0x00, 0x00,
  0x00, 0x00, 0x00, 0x00, 0x20, 0x0d, 0x00, 0x00, 0x00, 0x00, 0x00, 0x00,
  0x0a, 0x00, 0x00, 0x00, 0x2b, 0x00, 0x00, 0x00, 0x59, 0x50, 0x00, 0x00,
  0x00, 0x00, 0x00, 0x00, 0x24, 0x0d, 0x00, 0x00, 0x00, 0x00, 0x00, 0x00,
  0x0a, 0x00, 0x00, 0x00, 0x2b, 0x00, 0x00, 0x00, 0x56, 0x47, 0x00, 0x00,
  0x00, 0x00, 0x00, 0x00, 0x28, 0x0d, 0x00, 0x00, 0x00, 0x00, 0x00, 0x00,
  0x0a, 0x00, 0x00, 0x00, 0x2b, 0x00, 0x00, 0x00, 0x73, 0x35, 0x00, 0x00,
  0x00, 0x00, 0x00, 0x00, 0x2c, 0x0d, 0x00, 0x00, 0x00, 0x00, 0x00, 0x00,
  0x0a, 0x00, 0x00, 0x00, 0x2b, 0x00, 0x00, 0x00, 0x6d, 0x13, 0x00, 0x00,
  0x00, 0x00, 0x00, 0x00, 0x30, 0x0d, 0x00, 0x00, 0x00, 0x00, 0x00, 0x00,
  0x0a, 0x00, 0x00, 0x00, 0x2b, 0x00, 0x00, 0x00, 0xcf, 0x43, 0x00, 0x00,
  0x00, 0x00, 0x00, 0x00, 0x34, 0x0d, 0x00, 0x00, 0x00, 0x00, 0x00, 0x00,
  0x0a, 0x00, 0x00, 0x00, 0x2b, 0x00, 0x00, 0x00, 0x30, 0x10, 0x00, 0x00,
  0x00, 0x00, 0x00, 0x00, 0x38, 0x0d, 0x00, 0x00, 0x00, 0x00, 0x00, 0x00,
  0x0a, 0x00, 0x00, 0x00, 0x2b, 0x00, 0x00, 0x00, 0x5b, 0x07, 0x00, 0x00,
  0x00, 0x00, 0x00, 0x00, 0x3c, 0x0d, 0x00, 0x00, 0x00, 0x00, 0x00, 0x00,
  0x0a, 0x00, 0x00, 0x00, 0x2b, 0x00, 0x00, 0x00, 0xd4, 0x49, 0x00, 0x00,
  0x00, 0x00, 0x00, 0x00, 0x40, 0x0d, 0x00, 0x00, 0x00, 0x00, 0x00, 0x00,
  0x0a, 0x00, 0x00, 0x00, 0x2b, 0x00, 0x00, 0x00, 0x36, 0x3e, 0x00, 0x00,
  0x00, 0x00, 0x00, 0x00, 0x44, 0x0d, 0x00, 0x00, 0x00, 0x00, 0x00, 0x00,
  0x0a, 0x00, 0x00, 0x00, 0x2b, 0x00, 0x00, 0x00, 0x81, 0x3b, 0x00, 0x00,
  0x00, 0x00, 0x00, 0x00, 0x48, 0x0d, 0x00, 0x00, 0x00, 0x00, 0x00, 0x00,
  0x0a, 0x00, 0x00, 0x00, 0x2b, 0x00, 0x00, 0x00, 0xd8, 0x43, 0x00, 0x00,
  0x00, 0x00, 0x00, 0x00, 0x4c, 0x0d, 0x00, 0x00, 0x00, 0x00, 0x00, 0x00,
  0x0a, 0x00, 0x00, 0x00, 0x2b, 0x00, 0x00, 0x00, 0x21, 0x1b, 0x00, 0x00,
  0x00, 0x00, 0x00, 0x00, 0x50, 0x0d, 0x00, 0x00, 0x00, 0x00, 0x00, 0x00,
  0x0a, 0x00, 0x00, 0x00, 0x2b, 0x00, 0x00, 0x00, 0x4d, 0x52, 0x00, 0x00,
  0x00, 0x00, 0x00, 0x00, 0x54, 0x0d, 0x00, 0x00, 0x00, 0x00, 0x00, 0x00,
  0x0a, 0x00, 0x00, 0x00, 0x2b, 0x00, 0x00, 0x00, 0xb5, 0x15, 0x00, 0x00,
  0x00, 0x00, 0x00, 0x00, 0x58, 0x0d, 0x00, 0x00, 0x00, 0x00, 0x00, 0x00,
  0x0a, 0x00, 0x00, 0x00, 0x2b, 0x00, 0x00, 0x00, 0xd2, 0x2c, 0x00, 0x00,
  0x00, 0x00, 0x00, 0x00, 0x5c, 0x0d, 0x00, 0x00, 0x00, 0x00, 0x00, 0x00,
  0x0a, 0x00, 0x00, 0x00, 0x2b, 0x00, 0x00, 0x00, 0x77, 0x57, 0x00, 0x00,
  0x00, 0x00, 0x00, 0x00, 0x60, 0x0d, 0x00, 0x00, 0x00, 0x00, 0x00, 0x00,
  0x0a, 0x00, 0x00, 0x00, 0x2b, 0x00, 0x00, 0x00, 0xa9, 0x40, 0x00, 0x00,
  0x00, 0x00, 0x00, 0x00, 0x64, 0x0d, 0x00, 0x00, 0x00, 0x00, 0x00, 0x00,
  0x0a, 0x00, 0x00, 0x00, 0x2b, 0x00, 0x00, 0x00, 0x29, 0x55, 0x00, 0x00,
  0x00, 0x00, 0x00, 0x00, 0x68, 0x0d, 0x00, 0x00, 0x00, 0x00, 0x00, 0x00,
  0x0a, 0x00, 0x00, 0x00, 0x2b, 0x00, 0x00, 0x00, 0xab, 0x0d, 0x00, 0x00,
  0x00, 0x00, 0x00, 0x00, 0x6c, 0x0d, 0x00, 0x00, 0x00, 0x00, 0x00, 0x00,
  0x0a, 0x00, 0x00, 0x00, 0x2b, 0x00, 0x00, 0x00, 0x6d, 0x38, 0x00, 0x00,
  0x00, 0x00, 0x00, 0x00, 0x70, 0x0d, 0x00, 0x00, 0x00, 0x00, 0x00, 0x00,
  0x0a, 0x00, 0x00, 0x00, 0x2b, 0x00, 0x00, 0x00, 0xb4, 0x1d, 0x00, 0x00,
  0x00, 0x00, 0x00, 0x00, 0x74, 0x0d, 0x00, 0x00, 0x00, 0x00, 0x00, 0x00,
  0x0a, 0x00, 0x00, 0x00, 0x2b, 0x00, 0x00, 0x00, 0x6f, 0x29, 0x00, 0x00,
  0x00, 0x00, 0x00, 0x00, 0x78, 0x0d, 0x00, 0x00, 0x00, 0x00, 0x00, 0x00,
  0x0a, 0x00, 0x00, 0x00, 0x2b, 0x00, 0x00, 0x00, 0x0d, 0x30, 0x00, 0x00,
  0x00, 0x00, 0x00, 0x00, 0x7c, 0x0d, 0x00, 0x00, 0x00, 0x00, 0x00, 0x00,
  0x0a, 0x00, 0x00, 0x00, 0x2b, 0x00, 0x00, 0x00, 0xe1, 0x43, 0x00, 0x00,
  0x00, 0x00, 0x00, 0x00, 0x80, 0x0d, 0x00, 0x00, 0x00, 0x00, 0x00, 0x00,
  0x0a, 0x00, 0x00, 0x00, 0x2b, 0x00, 0x00, 0x00, 0x37, 0x01, 0x00, 0x00,
  0x00, 0x00, 0x00, 0x00, 0x84, 0x0d, 0x00, 0x00, 0x00, 0x00, 0x00, 0x00,
  0x0a, 0x00, 0x00, 0x00, 0x2b, 0x00, 0x00, 0x00, 0xb9, 0x1d, 0x00, 0x00,
  0x00, 0x00, 0x00, 0x00, 0x88, 0x0d, 0x00, 0x00, 0x00, 0x00, 0x00, 0x00,
  0x0a, 0x00, 0x00, 0x00, 0x2b, 0x00, 0x00, 0x00, 0x1e, 0x26, 0x00, 0x00,
  0x00, 0x00, 0x00, 0x00, 0x8c, 0x0d, 0x00, 0x00, 0x00, 0x00, 0x00, 0x00,
  0x0a, 0x00, 0x00, 0x00, 0x2b, 0x00, 0x00, 0x00, 0xb6, 0x0d, 0x00, 0x00,
  0x00, 0x00, 0x00, 0x00, 0x90, 0x0d, 0x00, 0x00, 0x00, 0x00, 0x00, 0x00,
  0x0a, 0x00, 0x00, 0x00, 0x2b, 0x00, 0x00, 0x00, 0x7e, 0x13, 0x00, 0x00,
  0x00, 0x00, 0x00, 0x00, 0x94, 0x0d, 0x00, 0x00, 0x00, 0x00, 0x00, 0x00,
  0x0a, 0x00, 0x00, 0x00, 0x2b, 0x00, 0x00, 0x00, 0x2a, 0x1b, 0x00, 0x00,
  0x00, 0x00, 0x00, 0x00, 0x98, 0x0d, 0x00, 0x00, 0x00, 0x00, 0x00, 0x00,
  0x0a, 0x00, 0x00, 0x00, 0x2b, 0x00, 0x00, 0x00, 0x7f, 0x29, 0x00, 0x00,
  0x00, 0x00, 0x00, 0x00, 0x9c, 0x0d, 0x00, 0x00, 0x00, 0x00, 0x00, 0x00,
  0x0a, 0x00, 0x00, 0x00, 0x2b, 0x00, 0x00, 0x00, 0x10, 0x30, 0x00, 0x00,
  0x00, 0x00, 0x00, 0x00, 0xa0, 0x0d, 0x00, 0x00, 0x00, 0x00, 0x00, 0x00,
  0x0a, 0x00, 0x00, 0x00, 0x2b, 0x00, 0x00, 0x00, 0x75, 0x38, 0x00, 0x00,
  0x00, 0x00, 0x00, 0x00, 0xa4, 0x0d, 0x00, 0x00, 0x00, 0x00, 0x00, 0x00,
  0x0a, 0x00, 0x00, 0x00, 0x2b, 0x00, 0x00, 0x00, 0x30, 0x18, 0x00, 0x00,
  0x00, 0x00, 0x00, 0x00, 0xa8, 0x0d, 0x00, 0x00, 0x00, 0x00, 0x00, 0x00,
  0x0a, 0x00, 0x00, 0x00, 0x2b, 0x00, 0x00, 0x00, 0x8e, 0x3b, 0x00, 0x00,
  0x00, 0x00, 0x00, 0x00, 0xac, 0x0d, 0x00, 0x00, 0x00, 0x00, 0x00, 0x00,
  0x0a, 0x00, 0x00, 0x00, 0x2b, 0x00, 0x00, 0x00, 0xc3, 0x1d, 0x00, 0x00,
  0x00, 0x00, 0x00, 0x00, 0xb0, 0x0d, 0x00, 0x00, 0x00, 0x00, 0x00, 0x00,
  0x0a, 0x00, 0x00, 0x00, 0x2b, 0x00, 0x00, 0x00, 0xa1, 0x4d, 0x00, 0x00,
  0x00, 0x00, 0x00, 0x00, 0xb4, 0x0d, 0x00, 0x00, 0x00, 0x00, 0x00, 0x00,
  0x0a, 0x00, 0x00, 0x00, 0x2b, 0x00, 0x00, 0x00, 0x97, 0x3b, 0x00, 0x00,
  0x00, 0x00, 0x00, 0x00, 0xb8, 0x0d, 0x00, 0x00, 0x00, 0x00, 0x00, 0x00,
  0x0a, 0x00, 0x00, 0x00, 0x2b, 0x00, 0x00, 0x00, 0xb0, 0x59, 0x00, 0x00,
  0x00, 0x00, 0x00, 0x00, 0xbc, 0x0d, 0x00, 0x00, 0x00, 0x00, 0x00, 0x00,
  0x0a, 0x00, 0x00, 0x00, 0x2b, 0x00, 0x00, 0x00, 0xb2, 0x4d, 0x00, 0x00,
  0x00, 0x00, 0x00, 0x00, 0xc0, 0x0d, 0x00, 0x00, 0x00, 0x00, 0x00, 0x00,
  0x0a, 0x00, 0x00, 0x00, 0x2b, 0x00, 0x00, 0x00, 0xc2, 0x15, 0x00, 0x00,
  0x00, 0x00, 0x00, 0x00, 0xc4, 0x0d, 0x00, 0x00, 0x00, 0x00, 0x00, 0x00,
  0x0a, 0x00, 0x00, 0x00, 0x2b, 0x00, 0x00, 0x00, 0xba, 0x4d, 0x00, 0x00,
  0x00, 0x00, 0x00, 0x00, 0xc8, 0x0d, 0x00, 0x00, 0x00, 0x00, 0x00, 0x00,
  0x0a, 0x00, 0x00, 0x00, 0x2b, 0x00, 0x00, 0x00, 0xd5, 0x2c, 0x00, 0x00,
  0x00, 0x00, 0x00, 0x00, 0xcc, 0x0d, 0x00, 0x00, 0x00, 0x00, 0x00, 0x00,
  0x0a, 0x00, 0x00, 0x00, 0x2b, 0x00, 0x00, 0x00, 0xe8, 0x20, 0x00, 0x00,
  0x00, 0x00, 0x00, 0x00, 0xd0, 0x0d, 0x00, 0x00, 0x00, 0x00, 0x00, 0x00,
  0x0a, 0x00, 0x00, 0x00, 0x2b, 0x00, 0x00, 0x00, 0xe3, 0x49, 0x00, 0x00,
  0x00, 0x00, 0x00, 0x00, 0xd4, 0x0d, 0x00, 0x00, 0x00, 0x00, 0x00, 0x00,
  0x0a, 0x00, 0x00, 0x00, 0x2b, 0x00, 0x00, 0x00, 0x2c, 0x04, 0x00, 0x00,
  0x00, 0x00, 0x00, 0x00, 0xd8, 0x0d, 0x00, 0x00, 0x00, 0x00, 0x00, 0x00,
  0x0a, 0x00, 0x00, 0x00, 0x2b, 0x00, 0x00, 0x00, 0xd2, 0x1d, 0x00, 0x00,
  0x00, 0x00, 0x00, 0x00, 0xdc, 0x0d, 0x00, 0x00, 0x00, 0x00, 0x00, 0x00,
  0x0a, 0x00, 0x00, 0x00, 0x2b, 0x00, 0x00, 0x00, 0xf1, 0x20, 0x00, 0x00,
  0x00, 0x00, 0x00, 0x00, 0xe0, 0x0d, 0x00, 0x00, 0x00, 0x00, 0x00, 0x00,
  0x0a, 0x00, 0x00, 0x00, 0x2b, 0x00, 0x00, 0x00, 0x57, 0x52, 0x00, 0x00,
  0x00, 0x00, 0x00, 0x00, 0xe4, 0x0d, 0x00, 0x00, 0x00, 0x00, 0x00, 0x00,
  0x0a, 0x00, 0x00, 0x00, 0x2b, 0x00, 0x00, 0x00, 0x71, 0x23, 0x00, 0x00,
  0x00, 0x00, 0x00, 0x00, 0xe8, 0x0d, 0x00, 0x00, 0x00, 0x00, 0x00, 0x00,
  0x0a, 0x00, 0x00, 0x00, 0x2b, 0x00, 0x00, 0x00, 0x86, 0x13, 0x00, 0x00,
  0x00, 0x00, 0x00, 0x00, 0xec, 0x0d, 0x00, 0x00, 0x00, 0x00, 0x00, 0x00,
  0x0a, 0x00, 0x00, 0x00, 0x2b, 0x00, 0x00, 0x00, 0x38, 0x55, 0x00, 0x00,
  0x00, 0x00, 0x00, 0x00, 0xf0, 0x0d, 0x00, 0x00, 0x00, 0x00, 0x00, 0x00,
  0x0a, 0x00, 0x00, 0x00, 0x2b, 0x00, 0x00, 0x00, 0x3a, 0x18, 0x00, 0x00,
  0x00, 0x00, 0x00, 0x00, 0xf4, 0x0d, 0x00, 0x00, 0x00, 0x00, 0x00, 0x00,
  0x0a, 0x00, 0x00, 0x00, 0x2b, 0x00, 0x00, 0x00, 0xb5, 0x59, 0x00, 0x00,
  0x00, 0x00, 0x00, 0x00, 0xf8, 0x0d, 0x00, 0x00, 0x00, 0x00, 0x00, 0x00,
  0x0a, 0x00, 0x00, 0x00, 0x2b, 0x00, 0x00, 0x00, 0x44, 0x18, 0x00, 0x00,
  0x00, 0x00, 0x00, 0x00, 0xfc, 0x0d, 0x00, 0x00, 0x00, 0x00, 0x00, 0x00,
  0x0a, 0x00, 0x00, 0x00, 0x2b, 0x00, 0x00, 0x00, 0xec, 0x43, 0x00, 0x00,
  0x00, 0x00, 0x00, 0x00, 0x00, 0x0e, 0x00, 0x00, 0x00, 0x00, 0x00, 0x00,
  0x0a, 0x00, 0x00, 0x00, 0x2b, 0x00, 0x00, 0x00, 0xc3, 0x59, 0x00, 0x00,
  0x00, 0x00, 0x00, 0x00, 0x04, 0x0e, 0x00, 0x00, 0x00, 0x00, 0x00, 0x00,
  0x0a, 0x00, 0x00, 0x00, 0x2b, 0x00, 0x00, 0x00, 0xca, 0x4d, 0x00, 0x00,
  0x00, 0x00, 0x00, 0x00, 0x08, 0x0e, 0x00, 0x00, 0x00, 0x00, 0x00, 0x00,
  0x0a, 0x00, 0x00, 0x00, 0x2b, 0x00, 0x00, 0x00, 0xd5, 0x4d, 0x00, 0x00,
  0x00, 0x00, 0x00, 0x00, 0x0c, 0x0e, 0x00, 0x00, 0x00, 0x00, 0x00, 0x00,
  0x0a, 0x00, 0x00, 0x00, 0x2b, 0x00, 0x00, 0x00, 0x3d, 0x10, 0x00, 0x00,
  0x00, 0x00, 0x00, 0x00, 0x10, 0x0e, 0x00, 0x00, 0x00, 0x00, 0x00, 0x00,
  0x0a, 0x00, 0x00, 0x00, 0x2b, 0x00, 0x00, 0x00, 0xcd, 0x59, 0x00, 0x00,
  0x00, 0x00, 0x00, 0x00, 0x14, 0x0e, 0x00, 0x00, 0x00, 0x00, 0x00, 0x00,
  0x0a, 0x00, 0x00, 0x00, 0x2b, 0x00, 0x00, 0x00, 0x80, 0x38, 0x00, 0x00,
  0x00, 0x00, 0x00, 0x00, 0x18, 0x0e, 0x00, 0x00, 0x00, 0x00, 0x00, 0x00,
  0x0a, 0x00, 0x00, 0x00, 0x2b, 0x00, 0x00, 0x00, 0x22, 0x30, 0x00, 0x00,
  0x00, 0x00, 0x00, 0x00, 0x1c, 0x0e, 0x00, 0x00, 0x00, 0x00, 0x00, 0x00,
  0x0a, 0x00, 0x00, 0x00, 0x2b, 0x00, 0x00, 0x00, 0x43, 0x01, 0x00, 0x00,
  0x00, 0x00, 0x00, 0x00, 0x20, 0x0e, 0x00, 0x00, 0x00, 0x00, 0x00, 0x00,
  0x0a, 0x00, 0x00, 0x00, 0x2b, 0x00, 0x00, 0x00, 0x80, 0x57, 0x00, 0x00,
  0x00, 0x00, 0x00, 0x00, 0x24, 0x0e, 0x00, 0x00, 0x00, 0x00, 0x00, 0x00,
  0x0a, 0x00, 0x00, 0x00, 0x2b, 0x00, 0x00, 0x00, 0xb1, 0x40, 0x00, 0x00,
  0x00, 0x00, 0x00, 0x00, 0x28, 0x0e, 0x00, 0x00, 0x00, 0x00, 0x00, 0x00,
  0x0a, 0x00, 0x00, 0x00, 0x2b, 0x00, 0x00, 0x00, 0x6b, 0x0a, 0x00, 0x00,
  0x00, 0x00, 0x00, 0x00, 0x2c, 0x0e, 0x00, 0x00, 0x00, 0x00, 0x00, 0x00,
  0x0a, 0x00, 0x00, 0x00, 0x2b, 0x00, 0x00, 0x00, 0x7e, 0x23, 0x00, 0x00,
  0x00, 0x00, 0x00, 0x00, 0x30, 0x0e, 0x00, 0x00, 0x00, 0x00, 0x00, 0x00,
  0x0a, 0x00, 0x00, 0x00, 0x2b, 0x00, 0x00, 0x00, 0x3c, 0x04, 0x00, 0x00,
  0x00, 0x00, 0x00, 0x00, 0x34, 0x0e, 0x00, 0x00, 0x00, 0x00, 0x00, 0x00,
  0x0a, 0x00, 0x00, 0x00, 0x2b, 0x00, 0x00, 0x00, 0x8a, 0x29, 0x00, 0x00,
  0x00, 0x00, 0x00, 0x00, 0x38, 0x0e, 0x00, 0x00, 0x00, 0x00, 0x00, 0x00,
  0x0a, 0x00, 0x00, 0x00, 0x2b, 0x00, 0x00, 0x00, 0x94, 0x29, 0x00, 0x00,
  0x00, 0x00, 0x00, 0x00, 0x3c, 0x0e, 0x00, 0x00, 0x00, 0x00, 0x00, 0x00,
  0x0a, 0x00, 0x00, 0x00, 0x2b, 0x00, 0x00, 0x00, 0xe2, 0x2c, 0x00, 0x00,
  0x00, 0x00, 0x00, 0x00, 0x40, 0x0e, 0x00, 0x00, 0x00, 0x00, 0x00, 0x00,
  0x0a, 0x00, 0x00, 0x00, 0x2b, 0x00, 0x00, 0x00, 0x64, 0x07, 0x00, 0x00,
  0x00, 0x00, 0x00, 0x00, 0x44, 0x0e, 0x00, 0x00, 0x00, 0x00, 0x00, 0x00,
  0x0a, 0x00, 0x00, 0x00, 0x2b, 0x00, 0x00, 0x00, 0x71, 0x0a, 0x00, 0x00,
  0x00, 0x00, 0x00, 0x00, 0x48, 0x0e, 0x00, 0x00, 0x00, 0x00, 0x00, 0x00,
  0x0a, 0x00, 0x00, 0x00, 0x2b, 0x00, 0x00, 0x00, 0xe2, 0x1d, 0x00, 0x00,
  0x00, 0x00, 0x00, 0x00, 0x4c, 0x0e, 0x00, 0x00, 0x00, 0x00, 0x00, 0x00,
  0x0a, 0x00, 0x00, 0x00, 0x2b, 0x00, 0x00, 0x00, 0x60, 0x52, 0x00, 0x00,
  0x00, 0x00, 0x00, 0x00, 0x50, 0x0e, 0x00, 0x00, 0x00, 0x00, 0x00, 0x00,
  0x0a, 0x00, 0x00, 0x00, 0x2b, 0x00, 0x00, 0x00, 0x24, 0x26, 0x00, 0x00,
  0x00, 0x00, 0x00, 0x00, 0x54, 0x0e, 0x00, 0x00, 0x00, 0x00, 0x00, 0x00,
  0x0a, 0x00, 0x00, 0x00, 0x2b, 0x00, 0x00, 0x00, 0xc2, 0x40, 0x00, 0x00,
  0x00, 0x00, 0x00, 0x00, 0x58, 0x0e, 0x00, 0x00, 0x00, 0x00, 0x00, 0x00,
  0x0a, 0x00, 0x00, 0x00, 0x2b, 0x00, 0x00, 0x00, 0xf3, 0x43, 0x00, 0x00,
  0x00, 0x00, 0x00, 0x00, 0x5c, 0x0e, 0x00, 0x00, 0x00, 0x00, 0x00, 0x00,
  0x0a, 0x00, 0x00, 0x00, 0x2b, 0x00, 0x00, 0x00, 0xe9, 0x1d, 0x00, 0x00,
  0x00, 0x00, 0x00, 0x00, 0x60, 0x0e, 0x00, 0x00, 0x00, 0x00, 0x00, 0x00,
  0x0a, 0x00, 0x00, 0x00, 0x2b, 0x00, 0x00, 0x00, 0x5e, 0x50, 0x00, 0x00,
  0x00, 0x00, 0x00, 0x00, 0x64, 0x0e, 0x00, 0x00, 0x00, 0x00, 0x00, 0x00,
  0x0a, 0x00, 0x00, 0x00, 0x2b, 0x00, 0x00, 0x00, 0x4f, 0x04, 0x00, 0x00,
  0x00, 0x00, 0x00, 0x00, 0x68, 0x0e, 0x00, 0x00, 0x00, 0x00, 0x00, 0x00,
  0x0a, 0x00, 0x00, 0x00, 0x2b, 0x00, 0x00, 0x00, 0xda, 0x59, 0x00, 0x00,
  0x00, 0x00, 0x00, 0x00, 0x6c, 0x0e, 0x00, 0x00, 0x00, 0x00, 0x00, 0x00,
  0x0a, 0x00, 0x00, 0x00, 0x2b, 0x00, 0x00, 0x00, 0x79, 0x0a, 0x00, 0x00,
  0x00, 0x00, 0x00, 0x00, 0x70, 0x0e, 0x00, 0x00, 0x00, 0x00, 0x00, 0x00,
  0x0a, 0x00, 0x00, 0x00, 0x2b, 0x00, 0x00, 0x00, 0x68, 0x52, 0x00, 0x00,
  0x00, 0x00, 0x00, 0x00, 0x74, 0x0e, 0x00, 0x00, 0x00, 0x00, 0x00, 0x00,
  0x0a, 0x00, 0x00, 0x00, 0x2b, 0x00, 0x00, 0x00, 0xf8, 0x2c, 0x00, 0x00,
  0x00, 0x00, 0x00, 0x00, 0x78, 0x0e, 0x00, 0x00, 0x00, 0x00, 0x00, 0x00,
  0x0a, 0x00, 0x00, 0x00, 0x2b, 0x00, 0x00, 0x00, 0xd1, 0x40, 0x00, 0x00,
  0x00, 0x00, 0x00, 0x00, 0x7c, 0x0e, 0x00, 0x00, 0x00, 0x00, 0x00, 0x00,
  0x0a, 0x00, 0x00, 0x00, 0x2b, 0x00, 0x00, 0x00, 0x86, 0x23, 0x00, 0x00,
  0x00, 0x00, 0x00, 0x00, 0x80, 0x0e, 0x00, 0x00, 0x00, 0x00, 0x00, 0x00,
  0x0a, 0x00, 0x00, 0x00, 0x2b, 0x00, 0x00, 0x00, 0x44, 0x55, 0x00, 0x00,
  0x00, 0x00, 0x00, 0x00, 0x84, 0x0e, 0x00, 0x00, 0x00, 0x00, 0x00, 0x00,
  0x0a, 0x00, 0x00, 0x00, 0x2b, 0x00, 0x00, 0x00, 0xf6, 0x20, 0x00, 0x00,
  0x00, 0x00, 0x00, 0x00, 0x88, 0x0e, 0x00, 0x00, 0x00, 0x00, 0x00, 0x00,
  0x0a, 0x00, 0x00, 0x00, 0x2b, 0x00, 0x00, 0x00, 0x89, 0x23, 0x00, 0x00,
  0x00, 0x00, 0x00, 0x00, 0x8c, 0x0e, 0x00, 0x00, 0x00, 0x00, 0x00, 0x00,
  0x0a, 0x00, 0x00, 0x00, 0x2b, 0x00, 0x00, 0x00, 0x56, 0x01, 0x00, 0x00,
  0x00, 0x00, 0x00, 0x00, 0x90, 0x0e, 0x00, 0x00, 0x00, 0x00, 0x00, 0x00,
  0x0a, 0x00, 0x00, 0x00, 0x2b, 0x00, 0x00, 0x00, 0x4b, 0x10, 0x00, 0x00,
  0x00, 0x00, 0x00, 0x00, 0x94, 0x0e, 0x00, 0x00, 0x00, 0x00, 0x00, 0x00,
  0x0a, 0x00, 0x00, 0x00, 0x2b, 0x00, 0x00, 0x00, 0x98, 0x29, 0x00, 0x00,
  0x00, 0x00, 0x00, 0x00, 0x98, 0x0e, 0x00, 0x00, 0x00, 0x00, 0x00, 0x00,
  0x0a, 0x00, 0x00, 0x00, 0x2b, 0x00, 0x00, 0x00, 0x55, 0x55, 0x00, 0x00,
  0x00, 0x00, 0x00, 0x00, 0x9c, 0x0e, 0x00, 0x00, 0x00, 0x00, 0x00, 0x00,
  0x0a, 0x00, 0x00, 0x00, 0x2b, 0x00, 0x00, 0x00, 0x3f, 0x3e, 0x00, 0x00,
  0x00, 0x00, 0x00, 0x00, 0xa0, 0x0e, 0x00, 0x00, 0x00, 0x00, 0x00, 0x00,
  0x0a, 0x00, 0x00, 0x00, 0x2b, 0x00, 0x00, 0x00, 0x56, 0x18, 0x00, 0x00,
  0x00, 0x00, 0x00, 0x00, 0xa4, 0x0e, 0x00, 0x00, 0x00, 0x00, 0x00, 0x00,
  0x0a, 0x00, 0x00, 0x00, 0x2b, 0x00, 0x00, 0x00, 0x03, 0x44, 0x00, 0x00,
  0x00, 0x00, 0x00, 0x00, 0xa8, 0x0e, 0x00, 0x00, 0x00, 0x00, 0x00, 0x00,
  0x0a, 0x00, 0x00, 0x00, 0x2b, 0x00, 0x00, 0x00, 0xe0, 0x40, 0x00, 0x00,
  0x00, 0x00, 0x00, 0x00, 0xac, 0x0e, 0x00, 0x00, 0x00, 0x00, 0x00, 0x00,
  0x0a, 0x00, 0x00, 0x00, 0x2b, 0x00, 0x00, 0x00, 0xde, 0x4d, 0x00, 0x00,
  0x00, 0x00, 0x00, 0x00, 0xb0, 0x0e, 0x00, 0x00, 0x00, 0x00, 0x00, 0x00,
  0x0a, 0x00, 0x00, 0x00, 0x2b, 0x00, 0x00, 0x00, 0xeb, 0x40, 0x00, 0x00,
  0x00, 0x00, 0x00, 0x00, 0xb4, 0x0e, 0x00, 0x00, 0x00, 0x00, 0x00, 0x00,
  0x0a, 0x00, 0x00, 0x00, 0x2b, 0x00, 0x00, 0x00, 0x98, 0x13, 0x00, 0x00,
  0x00, 0x00, 0x00, 0x00, 0xb8, 0x0e, 0x00, 0x00, 0x00, 0x00, 0x00, 0x00,
  0x0a, 0x00, 0x00, 0x00, 0x2b, 0x00, 0x00, 0x00, 0xa0, 0x3b, 0x00, 0x00,
  0x00, 0x00, 0x00, 0x00, 0xbc, 0x0e, 0x00, 0x00, 0x00, 0x00, 0x00, 0x00,
  0x0a, 0x00, 0x00, 0x00, 0x2b, 0x00, 0x00, 0x00, 0x61, 0x55, 0x00, 0x00,
  0x00, 0x00, 0x00, 0x00, 0xc0, 0x0e, 0x00, 0x00, 0x00, 0x00, 0x00, 0x00,
  0x0a, 0x00, 0x00, 0x00, 0x2b, 0x00, 0x00, 0x00, 0x8b, 0x57, 0x00, 0x00,
  0x00, 0x00, 0x00, 0x00, 0xc4, 0x0e, 0x00, 0x00, 0x00, 0x00, 0x00, 0x00,
  0x0a, 0x00, 0x00, 0x00, 0x2b, 0x00, 0x00, 0x00, 0x66, 0x47, 0x00, 0x00,
  0x00, 0x00, 0x00, 0x00, 0xc8, 0x0e, 0x00, 0x00, 0x00, 0x00, 0x00, 0x00,
  0x0a, 0x00, 0x00, 0x00, 0x2b, 0x00, 0x00, 0x00, 0x61, 0x18, 0x00, 0x00,
  0x00, 0x00, 0x00, 0x00, 0xcc, 0x0e, 0x00, 0x00, 0x00, 0x00, 0x00, 0x00,
  0x0a, 0x00, 0x00, 0x00, 0x2b, 0x00, 0x00, 0x00, 0x8b, 0x38, 0x00, 0x00,
  0x00, 0x00, 0x00, 0x00, 0xd0, 0x0e, 0x00, 0x00, 0x00, 0x00, 0x00, 0x00,
  0x0a, 0x00, 0x00, 0x00, 0x2b, 0x00, 0x00, 0x00, 0x50, 0x3e, 0x00, 0x00,
  0x00, 0x00, 0x00, 0x00, 0xd4, 0x0e, 0x00, 0x00, 0x00, 0x00, 0x00, 0x00,
  0x0a, 0x00, 0x00, 0x00, 0x2b, 0x00, 0x00, 0x00, 0xf5, 0x49, 0x00, 0x00,
  0x00, 0x00, 0x00, 0x00, 0xd8, 0x0e, 0x00, 0x00, 0x00, 0x00, 0x00, 0x00,
  0x0a, 0x00, 0x00, 0x00, 0x2b, 0x00, 0x00, 0x00, 0x67, 0x01, 0x00, 0x00,
  0x00, 0x00, 0x00, 0x00, 0xdc, 0x0e, 0x00, 0x00, 0x00, 0x00, 0x00, 0x00,
  0x0a, 0x00, 0x00, 0x00, 0x2b, 0x00, 0x00, 0x00, 0x09, 0x44, 0x00, 0x00,
  0x00, 0x00, 0x00, 0x00, 0xe0, 0x0e, 0x00, 0x00, 0x00, 0x00, 0x00, 0x00,
  0x0a, 0x00, 0x00, 0x00, 0x2b, 0x00, 0x00, 0x00, 0x97, 0x38, 0x00, 0x00,
  0x00, 0x00, 0x00, 0x00, 0xe4, 0x0e, 0x00, 0x00, 0x00, 0x00, 0x00, 0x00,
  0x0a, 0x00, 0x00, 0x00, 0x2b, 0x00, 0x00, 0x00, 0x37, 0x30, 0x00, 0x00,
  0x00, 0x00, 0x00, 0x00, 0xe8, 0x0e, 0x00, 0x00, 0x00, 0x00, 0x00, 0x00,
  0x0a, 0x00, 0x00, 0x00, 0x2b, 0x00, 0x00, 0x00, 0x53, 0x30, 0x00, 0x00,
  0x00, 0x00, 0x00, 0x00, 0xec, 0x0e, 0x00, 0x00, 0x00, 0x00, 0x00, 0x00,
  0x0a, 0x00, 0x00, 0x00, 0x2b, 0x00, 0x00, 0x00, 0x73, 0x18, 0x00, 0x00,
  0x00, 0x00, 0x00, 0x00, 0xf0, 0x0e, 0x00, 0x00, 0x00, 0x00, 0x00, 0x00,
  0x0a, 0x00, 0x00, 0x00, 0x2b, 0x00, 0x00, 0x00, 0x62, 0x04, 0x00, 0x00,
  0x00, 0x00, 0x00, 0x00, 0xf4, 0x0e, 0x00, 0x00, 0x00, 0x00, 0x00, 0x00,
  0x0a, 0x00, 0x00, 0x00, 0x2b, 0x00, 0x00, 0x00, 0xf2, 0x1d, 0x00, 0x00,
  0x00, 0x00, 0x00, 0x00, 0xf8, 0x0e, 0x00, 0x00, 0x00, 0x00, 0x00, 0x00,
  0x0a, 0x00, 0x00, 0x00, 0x2b, 0x00, 0x00, 0x00, 0x6e, 0x32, 0x00, 0x00,
  0x00, 0x00, 0x00, 0x00, 0xfc, 0x0e, 0x00, 0x00, 0x00, 0x00, 0x00, 0x00,
  0x0a, 0x00, 0x00, 0x00, 0x2b, 0x00, 0x00, 0x00, 0x51, 0x10, 0x00, 0x00,
  0x00, 0x00, 0x00, 0x00, 0x00, 0x0f, 0x00, 0x00, 0x00, 0x00, 0x00, 0x00,
  0x0a, 0x00, 0x00, 0x00, 0x2b, 0x00, 0x00, 0x00, 0x70, 0x47, 0x00, 0x00,
  0x00, 0x00, 0x00, 0x00, 0x04, 0x0f, 0x00, 0x00, 0x00, 0x00, 0x00, 0x00,
  0x0a, 0x00, 0x00, 0x00, 0x2b, 0x00, 0x00, 0x00, 0x0c, 0x21, 0x00, 0x00,
  0x00, 0x00, 0x00, 0x00, 0x08, 0x0f, 0x00, 0x00, 0x00, 0x00, 0x00, 0x00,
  0x0a, 0x00, 0x00, 0x00, 0x2b, 0x00, 0x00, 0x00, 0xc1, 0x0d, 0x00, 0x00,
  0x00, 0x00, 0x00, 0x00, 0x0c, 0x0f, 0x00, 0x00, 0x00, 0x00, 0x00, 0x00,
  0x0a, 0x00, 0x00, 0x00, 0x2b, 0x00, 0x00, 0x00, 0x64, 0x10, 0x00, 0x00,
  0x00, 0x00, 0x00, 0x00, 0x10, 0x0f, 0x00, 0x00, 0x00, 0x00, 0x00, 0x00,
  0x0a, 0x00, 0x00, 0x00, 0x2b, 0x00, 0x00, 0x00, 0xe7, 0x4d, 0x00, 0x00,
  0x00, 0x00, 0x00, 0x00, 0x14, 0x0f, 0x00, 0x00, 0x00, 0x00, 0x00, 0x00,
  0x0a, 0x00, 0x00, 0x00, 0x2b, 0x00, 0x00, 0x00, 0x00, 0x2d, 0x00, 0x00,
  0x00, 0x00, 0x00, 0x00, 0x18, 0x0f, 0x00, 0x00, 0x00, 0x00, 0x00, 0x00,
  0x0a, 0x00, 0x00, 0x00, 0x2b, 0x00, 0x00, 0x00, 0x70, 0x52, 0x00, 0x00,
  0x00, 0x00, 0x00, 0x00, 0x1c, 0x0f, 0x00, 0x00, 0x00, 0x00, 0x00, 0x00,
  0x0a, 0x00, 0x00, 0x00, 0x2b, 0x00, 0x00, 0x00, 0x37, 0x1b, 0x00, 0x00,
  0x00, 0x00, 0x00, 0x00, 0x20, 0x0f, 0x00, 0x00, 0x00, 0x00, 0x00, 0x00,
  0x0a, 0x00, 0x00, 0x00, 0x2b, 0x00, 0x00, 0x00, 0x81, 0x52, 0x00, 0x00,
  0x00, 0x00, 0x00, 0x00, 0x24, 0x0f, 0x00, 0x00, 0x00, 0x00, 0x00, 0x00,
  0x0a, 0x00, 0x00, 0x00, 0x2b, 0x00, 0x00, 0x00, 0xe1, 0x59, 0x00, 0x00,
  0x00, 0x00, 0x00, 0x00, 0x28, 0x0f, 0x00, 0x00, 0x00, 0x00, 0x00, 0x00,
  0x0a, 0x00, 0x00, 0x00, 0x2b, 0x00, 0x00, 0x00, 0xd3, 0x0d, 0x00, 0x00,
  0x00, 0x00, 0x00, 0x00, 0x2c, 0x0f, 0x00, 0x00, 0x00, 0x00, 0x00, 0x00,
  0x0a, 0x00, 0x00, 0x00, 0x2b, 0x00, 0x00, 0x00, 0x8c, 0x18, 0x00, 0x00,
  0x00, 0x00, 0x00, 0x00, 0x30, 0x0f, 0x00, 0x00, 0x00, 0x00, 0x00, 0x00,
  0x0a, 0x00, 0x00, 0x00, 0x2b, 0x00, 0x00, 0x00, 0x97, 0x57, 0x00, 0x00,
  0x00, 0x00, 0x00, 0x00, 0x34, 0x0f, 0x00, 0x00, 0x00, 0x00, 0x00, 0x00,
  0x0a, 0x00, 0x00, 0x00, 0x2b, 0x00, 0x00, 0x00, 0x70, 0x01, 0x00, 0x00,
  0x00, 0x00, 0x00, 0x00, 0x38, 0x0f, 0x00, 0x00, 0x00, 0x00, 0x00, 0x00,
  0x0a, 0x00, 0x00, 0x00, 0x2b, 0x00, 0x00, 0x00, 0xa1, 0x13, 0x00, 0x00,
  0x00, 0x00, 0x00, 0x00, 0x3c, 0x0f, 0x00, 0x00, 0x00, 0x00, 0x00, 0x00,
  0x0a, 0x00, 0x00, 0x00, 0x2b, 0x00, 0x00, 0x00, 0xdc, 0x0d, 0x00, 0x00,
  0x00, 0x00, 0x00, 0x00, 0x40, 0x0f, 0x00, 0x00, 0x00, 0x00, 0x00, 0x00,
  0x0a, 0x00, 0x00, 0x00, 0x2b, 0x00, 0x00, 0x00, 0xca, 0x15, 0x00, 0x00,
  0x00, 0x00, 0x00, 0x00, 0x44, 0x0f, 0x00, 0x00, 0x00, 0x00, 0x00, 0x00,
  0x0a, 0x00, 0x00, 0x00, 0x2b, 0x00, 0x00, 0x00, 0x7f, 0x10, 0x00, 0x00,
  0x00, 0x00, 0x00, 0x00, 0x48, 0x0f, 0x00, 0x00, 0x00, 0x00, 0x00, 0x00,
  0x0a, 0x00, 0x00, 0x00, 0x2b, 0x00, 0x00, 0x00, 0x07, 0x4a, 0x00, 0x00,
  0x00, 0x00, 0x00, 0x00, 0x4c, 0x0f, 0x00, 0x00, 0x00, 0x00, 0x00, 0x00,
  0x0a, 0x00, 0x00, 0x00, 0x2b, 0x00, 0x00, 0x00, 0x17, 0x4a, 0x00, 0x00,
  0x00, 0x00, 0x00, 0x00, 0x50, 0x0f, 0x00, 0x00, 0x00, 0x00, 0x00, 0x00,
  0x0a, 0x00, 0x00, 0x00, 0x2b, 0x00, 0x00, 0x00, 0xa8, 0x29, 0x00, 0x00,
  0x00, 0x00, 0x00, 0x00, 0x54, 0x0f, 0x00, 0x00, 0x00, 0x00, 0x00, 0x00,
  0x0a, 0x00, 0x00, 0x00, 0x2b, 0x00, 0x00, 0x00, 0x91, 0x18, 0x00, 0x00,
  0x00, 0x00, 0x00, 0x00, 0x58, 0x0f, 0x00, 0x00, 0x00, 0x00, 0x00, 0x00,
  0x0a, 0x00, 0x00, 0x00, 0x2b, 0x00, 0x00, 0x00, 0x7e, 0x32, 0x00, 0x00,
  0x00, 0x00, 0x00, 0x00, 0x5c, 0x0f, 0x00, 0x00, 0x00, 0x00, 0x00, 0x00,
  0x0a, 0x00, 0x00, 0x00, 0x2b, 0x00, 0x00, 0x00, 0xf6, 0x40, 0x00, 0x00,
  0x00, 0x00, 0x00, 0x00, 0x60, 0x0f, 0x00, 0x00, 0x00, 0x00, 0x00, 0x00,
  0x0a, 0x00, 0x00, 0x00, 0x2b, 0x00, 0x00, 0x00, 0xf6, 0x59, 0x00, 0x00,
  0x00, 0x00, 0x00, 0x00, 0x64, 0x0f, 0x00, 0x00, 0x00, 0x00, 0x00, 0x00,
  0x0a, 0x00, 0x00, 0x00, 0x2b, 0x00, 0x00, 0x00, 0x13, 0x44, 0x00, 0x00,
  0x00, 0x00, 0x00, 0x00, 0x68, 0x0f, 0x00, 0x00, 0x00, 0x00, 0x00, 0x00,
  0x0a, 0x00, 0x00, 0x00, 0x2b, 0x00, 0x00, 0x00, 0x42, 0x1b, 0x00, 0x00,
  0x00, 0x00, 0x00, 0x00, 0x6c, 0x0f, 0x00, 0x00, 0x00, 0x00, 0x00, 0x00,
  0x0a, 0x00, 0x00, 0x00, 0x2b, 0x00, 0x00, 0x00, 0xfe, 0x40, 0x00, 0x00,
  0x00, 0x00, 0x00, 0x00, 0x70, 0x0f, 0x00, 0x00, 0x00, 0x00, 0x00, 0x00,
  0x0a, 0x00, 0x00, 0x00, 0x2b, 0x00, 0x00, 0x00, 0xc0, 0x29, 0x00, 0x00,
  0x00, 0x00, 0x00, 0x00, 0x74, 0x0f, 0x00, 0x00, 0x00, 0x00, 0x00, 0x00,
  0x0a, 0x00, 0x00, 0x00, 0x2b, 0x00, 0x00, 0x00, 0x93, 0x18, 0x00, 0x00,
  0x00, 0x00, 0x00, 0x00, 0x78, 0x0f, 0x00, 0x00, 0x00, 0x00, 0x00, 0x00,
  0x0a, 0x00, 0x00, 0x00, 0x2b, 0x00, 0x00, 0x00, 0x88, 0x52, 0x00, 0x00,
  0x00, 0x00, 0x00, 0x00, 0x7c, 0x0f, 0x00, 0x00, 0x00, 0x00, 0x00, 0x00,
  0x0a, 0x00, 0x00, 0x00, 0x2b, 0x00, 0x00, 0x00, 0xdc, 0x15, 0x00, 0x00,
  0x00, 0x00, 0x00, 0x00, 0x80, 0x0f, 0x00, 0x00, 0x00, 0x00, 0x00, 0x00,
  0x0a, 0x00, 0x00, 0x00, 0x2b, 0x00, 0x00, 0x00, 0x0a, 0x41, 0x00, 0x00,
  0x00, 0x00, 0x00, 0x00, 0x84, 0x0f, 0x00, 0x00, 0x00, 0x00, 0x00, 0x00,
  0x0a, 0x00, 0x00, 0x00, 0x2b, 0x00, 0x00, 0x00, 0xfd, 0x1d, 0x00, 0x00,
  0x00, 0x00, 0x00, 0x00, 0x88, 0x0f, 0x00, 0x00, 0x00, 0x00, 0x00, 0x00,
  0x0a, 0x00, 0x00, 0x00, 0x2b, 0x00, 0x00, 0x00, 0x86, 0x32, 0x00, 0x00,
  0x00, 0x00, 0x00, 0x00, 0x8c, 0x0f, 0x00, 0x00, 0x00, 0x00, 0x00, 0x00,
  0x0a, 0x00, 0x00, 0x00, 0x2b, 0x00, 0x00, 0x00, 0x2d, 0x4a, 0x00, 0x00,
  0x00, 0x00, 0x00, 0x00, 0x90, 0x0f, 0x00, 0x00, 0x00, 0x00, 0x00, 0x00,
  0x0a, 0x00, 0x00, 0x00, 0x2b, 0x00, 0x00, 0x00, 0x44, 0x4a, 0x00, 0x00,
  0x00, 0x00, 0x00, 0x00, 0x94, 0x0f, 0x00, 0x00, 0x00, 0x00, 0x00, 0x00,
  0x0a, 0x00, 0x00, 0x00, 0x2b, 0x00, 0x00, 0x00, 0x65, 0x50, 0x00, 0x00,
  0x00, 0x00, 0x00, 0x00, 0x98, 0x0f, 0x00, 0x00, 0x00, 0x00, 0x00, 0x00,
  0x0a, 0x00, 0x00, 0x00, 0x2b, 0x00, 0x00, 0x00, 0xff, 0x59, 0x00, 0x00,
  0x00, 0x00, 0x00, 0x00, 0x9c, 0x0f, 0x00, 0x00, 0x00, 0x00, 0x00, 0x00,
  0x0a, 0x00, 0x00, 0x00, 0x2b, 0x00, 0x00, 0x00, 0x9f, 0x57, 0x00, 0x00,
  0x00, 0x00, 0x00, 0x00, 0xa0, 0x0f, 0x00, 0x00, 0x00, 0x00, 0x00, 0x00,
  0x0a, 0x00, 0x00, 0x00, 0x2b, 0x00, 0x00, 0x00, 0x6c, 0x55, 0x00, 0x00,
  0x00, 0x00, 0x00, 0x00, 0xa4, 0x0f, 0x00, 0x00, 0x00, 0x00, 0x00, 0x00,
  0x0a, 0x00, 0x00, 0x00, 0x2b, 0x00, 0x00, 0x00, 0x77, 0x35, 0x00, 0x00,
  0x00, 0x00, 0x00, 0x00, 0xa8, 0x0f, 0x00, 0x00, 0x00, 0x00, 0x00, 0x00,
  0x0a, 0x00, 0x00, 0x00, 0x2b, 0x00, 0x00, 0x00, 0x91, 0x52, 0x00, 0x00,
  0x00, 0x00, 0x00, 0x00, 0xac, 0x0f, 0x00, 0x00, 0x00, 0x00, 0x00, 0x00,
  0x0a, 0x00, 0x00, 0x00, 0x2b, 0x00, 0x00, 0x00, 0x0b, 0x1e, 0x00, 0x00,
  0x00, 0x00, 0x00, 0x00, 0xb0, 0x0f, 0x00, 0x00, 0x00, 0x00, 0x00, 0x00,
  0x0a, 0x00, 0x00, 0x00, 0x2b, 0x00, 0x00, 0x00, 0x9a, 0x23, 0x00, 0x00,
  0x00, 0x00, 0x00, 0x00, 0xb4, 0x0f, 0x00, 0x00, 0x00, 0x00, 0x00, 0x00,
  0x0a, 0x00, 0x00, 0x00, 0x2b, 0x00, 0x00, 0x00, 0x7a, 0x01, 0x00, 0x00,
  0x00, 0x00, 0x00, 0x00, 0xb8, 0x0f, 0x00, 0x00, 0x00, 0x00, 0x00, 0x00,
  0x0a, 0x00, 0x00, 0x00, 0x2b, 0x00, 0x00, 0x00, 0x44, 0x1b, 0x00, 0x00,
  0x00, 0x00, 0x00, 0x00, 0xbc, 0x0f, 0x00, 0x00, 0x00, 0x00, 0x00, 0x00,
  0x0a, 0x00, 0x00, 0x00, 0x2b, 0x00, 0x00, 0x00, 0x7f, 0x55, 0x00, 0x00,
  0x00, 0x00, 0x00, 0x00, 0xc0, 0x0f, 0x00, 0x00, 0x00, 0x00, 0x00, 0x00,
  0x0a, 0x00, 0x00, 0x00, 0x2b, 0x00, 0x00, 0x00, 0xaa, 0x38, 0x00, 0x00,
  0x00, 0x00, 0x00, 0x00, 0xc4, 0x0f, 0x00, 0x00, 0x00, 0x00, 0x00, 0x00,
  0x0a, 0x00, 0x00, 0x00, 0x2b, 0x00, 0x00, 0x00, 0xcf, 0x29, 0x00, 0x00,
  0x00, 0x00, 0x00, 0x00, 0xc8, 0x0f, 0x00, 0x00, 0x00, 0x00, 0x00, 0x00,
  0x0a, 0x00, 0x00, 0x00, 0x2b, 0x00, 0x00, 0x00, 0x99, 0x32, 0x00, 0x00,
  0x00, 0x00, 0x00, 0x00, 0xcc, 0x0f, 0x00, 0x00, 0x00, 0x00, 0x00, 0x00,
  0x0a, 0x00, 0x00, 0x00, 0x2b, 0x00, 0x00, 0x00, 0xad, 0x3b, 0x00, 0x00,
  0x00, 0x00, 0x00, 0x00, 0xd0, 0x0f, 0x00, 0x00, 0x00, 0x00, 0x00, 0x00,
  0x0a, 0x00, 0x00, 0x00, 0x2b, 0x00, 0x00, 0x00, 0x57, 0x4a, 0x00, 0x00,
  0x00, 0x00, 0x00, 0x00, 0xd4, 0x0f, 0x00, 0x00, 0x00, 0x00, 0x00, 0x00,
  0x0a, 0x00, 0x00, 0x00, 0x2b, 0x00, 0x00, 0x00, 0x88, 0x35, 0x00, 0x00,
  0x00, 0x00, 0x00, 0x00, 0xd8, 0x0f, 0x00, 0x00, 0x00, 0x00, 0x00, 0x00,
  0x0a, 0x00, 0x00, 0x00, 0x2b, 0x00, 0x00, 0x00, 0xae, 0x57, 0x00, 0x00,
  0x00, 0x00, 0x00, 0x00, 0xdc, 0x0f, 0x00, 0x00, 0x00, 0x00, 0x00, 0x00,
  0x0a, 0x00, 0x00, 0x00, 0x2b, 0x00, 0x00, 0x00, 0x79, 0x50, 0x00, 0x00,
  0x00, 0x00, 0x00, 0x00, 0xe0, 0x0f, 0x00, 0x00, 0x00, 0x00, 0x00, 0x00,
  0x0a, 0x00, 0x00, 0x00, 0x2b, 0x00, 0x00, 0x00, 0x81, 0x01, 0x00, 0x00,
  0x00, 0x00, 0x00, 0x00, 0xe4, 0x0f, 0x00, 0x00, 0x00, 0x00, 0x00, 0x00,
  0x0a, 0x00, 0x00, 0x00, 0x2b, 0x00, 0x00, 0x00, 0x1b, 0x44, 0x00, 0x00,
  0x00, 0x00, 0x00, 0x00, 0xe8, 0x0f, 0x00, 0x00, 0x00, 0x00, 0x00, 0x00,
  0x0a, 0x00, 0x00, 0x00, 0x2b, 0x00, 0x00, 0x00, 0xb6, 0x38, 0x00, 0x00,
  0x00, 0x00, 0x00, 0x00, 0xec, 0x0f, 0x00, 0x00, 0x00, 0x00, 0x00, 0x00,
  0x0a, 0x00, 0x00, 0x00, 0x2b, 0x00, 0x00, 0x00, 0xec, 0x15, 0x00, 0x00,
  0x00, 0x00, 0x00, 0x00, 0xf0, 0x0f, 0x00, 0x00, 0x00, 0x00, 0x00, 0x00,
  0x0a, 0x00, 0x00, 0x00, 0x2b, 0x00, 0x00, 0x00, 0x8c, 0x55, 0x00, 0x00,
  0x00, 0x00, 0x00, 0x00, 0xf4, 0x0f, 0x00, 0x00, 0x00, 0x00, 0x00, 0x00,
  0x0a, 0x00, 0x00, 0x00, 0x2b, 0x00, 0x00, 0x00, 0xde, 0x29, 0x00, 0x00,
  0x00, 0x00, 0x00, 0x00, 0xf8, 0x0f, 0x00, 0x00, 0x00, 0x00, 0x00, 0x00,
  0x0a, 0x00, 0x00, 0x00, 0x2b, 0x00, 0x00, 0x00, 0x30, 0x26, 0x00, 0x00,
  0x00, 0x00, 0x00, 0x00, 0xfc, 0x0f, 0x00, 0x00, 0x00, 0x00, 0x00, 0x00,
  0x0a, 0x00, 0x00, 0x00, 0x2b, 0x00, 0x00, 0x00, 0xb7, 0x3b, 0x00, 0x00,
  0x00, 0x00, 0x00, 0x00, 0x00, 0x10, 0x00, 0x00, 0x00, 0x00, 0x00, 0x00,
  0x0a, 0x00, 0x00, 0x00, 0x2b, 0x00, 0x00, 0x00, 0x81, 0x0a, 0x00, 0x00,
  0x00, 0x00, 0x00, 0x00, 0x04, 0x10, 0x00, 0x00, 0x00, 0x00, 0x00, 0x00,
  0x0a, 0x00, 0x00, 0x00, 0x2b, 0x00, 0x00, 0x00, 0xa4, 0x18, 0x00, 0x00,
  0x00, 0x00, 0x00, 0x00, 0x08, 0x10, 0x00, 0x00, 0x00, 0x00, 0x00, 0x00,
  0x0a, 0x00, 0x00, 0x00, 0x2b, 0x00, 0x00, 0x00, 0x12, 0x5a, 0x00, 0x00,
  0x00, 0x00, 0x00, 0x00, 0x0c, 0x10, 0x00, 0x00, 0x00, 0x00, 0x00, 0x00,
  0x0a, 0x00, 0x00, 0x00, 0x2b, 0x00, 0x00, 0x00, 0xa3, 0x32, 0x00, 0x00,
  0x00, 0x00, 0x00, 0x00, 0x10, 0x10, 0x00, 0x00, 0x00, 0x00, 0x00, 0x00,
  0x0a, 0x00, 0x00, 0x00, 0x2b, 0x00, 0x00, 0x00, 0x7c, 0x07, 0x00, 0x00,
  0x00, 0x00, 0x00, 0x00, 0x14, 0x10, 0x00, 0x00, 0x00, 0x00, 0x00, 0x00,
  0x0a, 0x00, 0x00, 0x00, 0x2b, 0x00, 0x00, 0x00, 0x9f, 0x52, 0x00, 0x00,
  0x00, 0x00, 0x00, 0x00, 0x18, 0x10, 0x00, 0x00, 0x00, 0x00, 0x00, 0x00,
  0x0a, 0x00, 0x00, 0x00, 0x2b, 0x00, 0x00, 0x00, 0x92, 0x10, 0x00, 0x00,
  0x00, 0x00, 0x00, 0x00, 0x1c, 0x10, 0x00, 0x00, 0x00, 0x00, 0x00, 0x00,
  0x0a, 0x00, 0x00, 0x00, 0x2b, 0x00, 0x00, 0x00, 0x99, 0x01, 0x00, 0x00,
  0x00, 0x00, 0x00, 0x00, 0x20, 0x10, 0x00, 0x00, 0x00, 0x00, 0x00, 0x00,
  0x0a, 0x00, 0x00, 0x00, 0x2b, 0x00, 0x00, 0x00, 0xcb, 0x3b, 0x00, 0x00,
  0x00, 0x00, 0x00, 0x00, 0x24, 0x10, 0x00, 0x00, 0x00, 0x00, 0x00, 0x00,
  0x0a, 0x00, 0x00, 0x00, 0x2b, 0x00, 0x00, 0x00, 0x1c, 0x41, 0x00, 0x00,
  0x00, 0x00, 0x00, 0x00, 0x28, 0x10, 0x00, 0x00, 0x00, 0x00, 0x00, 0x00,
  0x0a, 0x00, 0x00, 0x00, 0x2b, 0x00, 0x00, 0x00, 0x3c, 0x26, 0x00, 0x00,
  0x00, 0x00, 0x00, 0x00, 0x2c, 0x10, 0x00, 0x00, 0x00, 0x00, 0x00, 0x00,
  0x0a, 0x00, 0x00, 0x00, 0x2b, 0x00, 0x00, 0x00, 0xb2, 0x32, 0x00, 0x00,
  0x00, 0x00, 0x00, 0x00, 0x30, 0x10, 0x00, 0x00, 0x00, 0x00, 0x00, 0x00,
  0x0a, 0x00, 0x00, 0x00, 0x2b, 0x00, 0x00, 0x00, 0x86, 0x07, 0x00, 0x00,
  0x00, 0x00, 0x00, 0x00, 0x34, 0x10, 0x00, 0x00, 0x00, 0x00, 0x00, 0x00,
  0x0a, 0x00, 0x00, 0x00, 0x2b, 0x00, 0x00, 0x00, 0x26, 0x5a, 0x00, 0x00,
  0x00, 0x00, 0x00, 0x00, 0x38, 0x10, 0x00, 0x00, 0x00, 0x00, 0x00, 0x00,
  0x0a, 0x00, 0x00, 0x00, 0x2b, 0x00, 0x00, 0x00, 0xb3, 0x18, 0x00, 0x00,
  0x00, 0x00, 0x00, 0x00, 0x3c, 0x10, 0x00, 0x00, 0x00, 0x00, 0x00, 0x00,
  0x0a, 0x00, 0x00, 0x00, 0x2b, 0x00, 0x00, 0x00, 0x27, 0x41, 0x00, 0x00,
  0x00, 0x00, 0x00, 0x00, 0x40, 0x10, 0x00, 0x00, 0x00, 0x00, 0x00, 0x00,
  0x0a, 0x00, 0x00, 0x00, 0x2b, 0x00, 0x00, 0x00, 0xa9, 0x52, 0x00, 0x00,
  0x00, 0x00, 0x00, 0x00, 0x44, 0x10, 0x00, 0x00, 0x00, 0x00, 0x00, 0x00,
  0x0a, 0x00, 0x00, 0x00, 0x2b, 0x00, 0x00, 0x00, 0xd8, 0x3b, 0x00, 0x00,
  0x00, 0x00, 0x00, 0x00, 0x48, 0x10, 0x00, 0x00, 0x00, 0x00, 0x00, 0x00,
  0x0a, 0x00, 0x00, 0x00, 0x2b, 0x00, 0x00, 0x00, 0x4e, 0x1b, 0x00, 0x00,
  0x00, 0x00, 0x00, 0x00, 0x4c, 0x10, 0x00, 0x00, 0x00, 0x00, 0x00, 0x00,
  0x0a, 0x00, 0x00, 0x00, 0x2b, 0x00, 0x00, 0x00, 0xc1, 0x18, 0x00, 0x00,
  0x00, 0x00, 0x00, 0x00, 0x50, 0x10, 0x00, 0x00, 0x00, 0x00, 0x00, 0x00,
  0x0a, 0x00, 0x00, 0x00, 0x2b, 0x00, 0x00, 0x00, 0x9a, 0x35, 0x00, 0x00,
  0x00, 0x00, 0x00, 0x00, 0x54, 0x10, 0x00, 0x00, 0x00, 0x00, 0x00, 0x00,
  0x0a, 0x00, 0x00, 0x00, 0x2b, 0x00, 0x00, 0x00, 0x18, 0x1e, 0x00, 0x00,
  0x00, 0x00, 0x00, 0x00, 0x58, 0x10, 0x00, 0x00, 0x00, 0x00, 0x00, 0x00,
  0x0a, 0x00, 0x00, 0x00, 0x2b, 0x00, 0x00, 0x00, 0x9b, 0x0a, 0x00, 0x00,
  0x00, 0x00, 0x00, 0x00, 0x5c, 0x10, 0x00, 0x00, 0x00, 0x00, 0x00, 0x00,
  0x0a, 0x00, 0x00, 0x00, 0x2b, 0x00, 0x00, 0x00, 0x4c, 0x26, 0x00, 0x00,
  0x00, 0x00, 0x00, 0x00, 0x60, 0x10, 0x00, 0x00, 0x00, 0x00, 0x00, 0x00,
  0x0a, 0x00, 0x00, 0x00, 0x2b, 0x00, 0x00, 0x00, 0xde, 0x3b, 0x00, 0x00,
  0x00, 0x00, 0x00, 0x00, 0x64, 0x10, 0x00, 0x00, 0x00, 0x00, 0x00, 0x00,
  0x0a, 0x00, 0x00, 0x00, 0x2b, 0x00, 0x00, 0x00, 0x56, 0x26, 0x00, 0x00,
  0x00, 0x00, 0x00, 0x00, 0x68, 0x10, 0x00, 0x00, 0x00, 0x00, 0x00, 0x00,
  0x0a, 0x00, 0x00, 0x00, 0x2b, 0x00, 0x00, 0x00, 0x62, 0x4a, 0x00, 0x00,
  0x00, 0x00, 0x00, 0x00, 0x6c, 0x10, 0x00, 0x00, 0x00, 0x00, 0x00, 0x00,
  0x0a, 0x00, 0x00, 0x00, 0x2b, 0x00, 0x00, 0x00, 0x31, 0x41, 0x00, 0x00,
  0x00, 0x00, 0x00, 0x00, 0x70, 0x10, 0x00, 0x00, 0x00, 0x00, 0x00, 0x00,
  0x0a, 0x00, 0x00, 0x00, 0x2b, 0x00, 0x00, 0x00, 0xe5, 0x29, 0x00, 0x00,
  0x00, 0x00, 0x00, 0x00, 0x74, 0x10, 0x00, 0x00, 0x00, 0x00, 0x00, 0x00,
  0x0a, 0x00, 0x00, 0x00, 0x2b, 0x00, 0x00, 0x00, 0x67, 0x4a, 0x00, 0x00,
  0x00, 0x00, 0x00, 0x00, 0x78, 0x10, 0x00, 0x00, 0x00, 0x00, 0x00, 0x00,
  0x0a, 0x00, 0x00, 0x00, 0x2b, 0x00, 0x00, 0x00, 0xa3, 0x0a, 0x00, 0x00,
  0x00, 0x00, 0x00, 0x00, 0x7c, 0x10, 0x00, 0x00, 0x00, 0x00, 0x00, 0x00,
  0x0a, 0x00, 0x00, 0x00, 0x2b, 0x00, 0x00, 0x00, 0xfa, 0x4d, 0x00, 0x00,
  0x00, 0x00, 0x00, 0x00, 0x80, 0x10, 0x00, 0x00, 0x00, 0x00, 0x00, 0x00,
  0x0a, 0x00, 0x00, 0x00, 0x2b, 0x00, 0x00, 0x00, 0xc6, 0x32, 0x00, 0x00,
  0x00, 0x00, 0x00, 0x00, 0x84, 0x10, 0x00, 0x00, 0x00, 0x00, 0x00, 0x00,
  0x0a, 0x00, 0x00, 0x00, 0x2b, 0x00, 0x00, 0x00, 0x54, 0x1b, 0x00, 0x00,
  0x00, 0x00, 0x00, 0x00, 0x88, 0x10, 0x00, 0x00, 0x00, 0x00, 0x00, 0x00,
  0x0a, 0x00, 0x00, 0x00, 0x2b, 0x00, 0x00, 0x00, 0xa1, 0x35, 0x00, 0x00,
  0x00, 0x00, 0x00, 0x00, 0x8c, 0x10, 0x00, 0x00, 0x00, 0x00, 0x00, 0x00,
  0x0a, 0x00, 0x00, 0x00, 0x2b, 0x00, 0x00, 0x00, 0xb5, 0x0a, 0x00, 0x00,
  0x00, 0x00, 0x00, 0x00, 0x90, 0x10, 0x00, 0x00, 0x00, 0x00, 0x00, 0x00,
  0x0a, 0x00, 0x00, 0x00, 0x2b, 0x00, 0x00, 0x00, 0x6f, 0x4a, 0x00, 0x00,
  0x00, 0x00, 0x00, 0x00, 0x94, 0x10, 0x00, 0x00, 0x00, 0x00, 0x00, 0x00,
  0x0a, 0x00, 0x00, 0x00, 0x2b, 0x00, 0x00, 0x00, 0xe8, 0x3b, 0x00, 0x00,
  0x00, 0x00, 0x00, 0x00, 0x98, 0x10, 0x00, 0x00, 0x00, 0x00, 0x00, 0x00,
  0x0a, 0x00, 0x00, 0x00, 0x2b, 0x00, 0x00, 0x00, 0xf8, 0x15, 0x00, 0x00,
  0x00, 0x00, 0x00, 0x00, 0x9c, 0x10, 0x00, 0x00, 0x00, 0x00, 0x00, 0x00,
  0x0a, 0x00, 0x00, 0x00, 0x2b, 0x00, 0x00, 0x00, 0x26, 0x44, 0x00, 0x00,
  0x00, 0x00, 0x00, 0x00, 0xa0, 0x10, 0x00, 0x00, 0x00, 0x00, 0x00, 0x00,
  0x0a, 0x00, 0x00, 0x00, 0x2b, 0x00, 0x00, 0x00, 0x64, 0x26, 0x00, 0x00,
  0x00, 0x00, 0x00, 0x00, 0xa4, 0x10, 0x00, 0x00, 0x00, 0x00, 0x00, 0x00,
  0x0a, 0x00, 0x00, 0x00, 0x2b, 0x00, 0x00, 0x00, 0xad, 0x01, 0x00, 0x00,
  0x00, 0x00, 0x00, 0x00, 0xa8, 0x10, 0x00, 0x00, 0x00, 0x00, 0x00, 0x00,
  0x0a, 0x00, 0x00, 0x00, 0x2b, 0x00, 0x00, 0x00, 0xa6, 0x35, 0x00, 0x00,
  0x00, 0x00, 0x00, 0x00, 0xac, 0x10, 0x00, 0x00, 0x00, 0x00, 0x00, 0x00,
  0x0a, 0x00, 0x00, 0x00, 0x2b, 0x00, 0x00, 0x00, 0x63, 0x1b, 0x00, 0x00,
  0x00, 0x00, 0x00, 0x00, 0xb0, 0x10, 0x00, 0x00, 0x00, 0x00, 0x00, 0x00,
  0x0a, 0x00, 0x00, 0x00, 0x2b, 0x00, 0x00, 0x00, 0xa2, 0x10, 0x00, 0x00,
  0x00, 0x00, 0x00, 0x00, 0xb4, 0x10, 0x00, 0x00, 0x00, 0x00, 0x00, 0x00,
  0x0a, 0x00, 0x00, 0x00, 0x2b, 0x00, 0x00, 0x00, 0xc0, 0x38, 0x00, 0x00,
  0x00, 0x00, 0x00, 0x00, 0xb8, 0x10, 0x00, 0x00, 0x00, 0x00, 0x00, 0x00,
  0x0a, 0x00, 0x00, 0x00, 0x2b, 0x00, 0x00, 0x00, 0x06, 0x4e, 0x00, 0x00,
  0x00, 0x00, 0x00, 0x00, 0xbc, 0x10, 0x00, 0x00, 0x00, 0x00, 0x00, 0x00,
  0x0a, 0x00, 0x00, 0x00, 0x2b, 0x00, 0x00, 0x00, 0x77, 0x04, 0x00, 0x00,
  0x00, 0x00, 0x00, 0x00, 0xc0, 0x10, 0x00, 0x00, 0x00, 0x00, 0x00, 0x00,
  0x0a, 0x00, 0x00, 0x00, 0x2b, 0x00, 0x00, 0x00, 0xbc, 0x0a, 0x00, 0x00,
  0x00, 0x00, 0x00, 0x00, 0xc4, 0x10, 0x00, 0x00, 0x00, 0x00, 0x00, 0x00,
  0x0a, 0x00, 0x00, 0x00, 0x2b, 0x00, 0x00, 0x00, 0xba, 0x01, 0x00, 0x00,
  0x00, 0x00, 0x00, 0x00, 0xc8, 0x10, 0x00, 0x00, 0x00, 0x00, 0x00, 0x00,
  0x0a, 0x00, 0x00, 0x00, 0x2b, 0x00, 0x00, 0x00, 0x1e, 0x21, 0x00, 0x00,
  0x00, 0x00, 0x00, 0x00, 0xcc, 0x10, 0x00, 0x00, 0x00, 0x00, 0x00, 0x00,
  0x0a, 0x00, 0x00, 0x00, 0x2b, 0x00, 0x00, 0x00, 0xc7, 0x0a, 0x00, 0x00,
  0x00, 0x00, 0x00, 0x00, 0xd0, 0x10, 0x00, 0x00, 0x00, 0x00, 0x00, 0x00,
  0x0a, 0x00, 0x00, 0x00, 0x2b, 0x00, 0x00, 0x00, 0x74, 0x4a, 0x00, 0x00,
  0x00, 0x00, 0x00, 0x00, 0xd4, 0x10, 0x00, 0x00, 0x00, 0x00, 0x00, 0x00,
  0x0a, 0x00, 0x00, 0x00, 0x2b, 0x00, 0x00, 0x00, 0x69, 0x26, 0x00, 0x00,
  0x00, 0x00, 0x00, 0x00, 0xd8, 0x10, 0x00, 0x00, 0x00, 0x00, 0x00, 0x00,
  0x0a, 0x00, 0x00, 0x00, 0x2b, 0x00, 0x00, 0x00, 0x2a, 0x21, 0x00, 0x00,
  0x00, 0x00, 0x00, 0x00, 0xdc, 0x10, 0x00, 0x00, 0x00, 0x00, 0x00, 0x00,
  0x0a, 0x00, 0x00, 0x00, 0x2b, 0x00, 0x00, 0x00, 0x2c, 0x44, 0x00, 0x00,
  0x00, 0x00, 0x00, 0x00, 0xe0, 0x10, 0x00, 0x00, 0x00, 0x00, 0x00, 0x00,
  0x0a, 0x00, 0x00, 0x00, 0x2b, 0x00, 0x00, 0x00, 0xf7, 0x29, 0x00, 0x00,
  0x00, 0x00, 0x00, 0x00, 0xe4, 0x10, 0x00, 0x00, 0x00, 0x00, 0x00, 0x00,
  0x0a, 0x00, 0x00, 0x00, 0x2b, 0x00, 0x00, 0x00, 0x6c, 0x1b, 0x00, 0x00,
  0x00, 0x00, 0x00, 0x00, 0xe8, 0x10, 0x00, 0x00, 0x00, 0x00, 0x00, 0x00,
  0x0a, 0x00, 0x00, 0x00, 0x2b, 0x00, 0x00, 0x00, 0x34, 0x21, 0x00, 0x00,
  0x00, 0x00, 0x00, 0x00, 0xec, 0x10, 0x00, 0x00, 0x00, 0x00, 0x00, 0x00,
  0x0a, 0x00, 0x00, 0x00, 0x2b, 0x00, 0x00, 0x00, 0x81, 0x47, 0x00, 0x00,
  0x00, 0x00, 0x00, 0x00, 0xf0, 0x10, 0x00, 0x00, 0x00, 0x00, 0x00, 0x00,
  0x0a, 0x00, 0x00, 0x00, 0x2b, 0x00, 0x00, 0x00, 0x6e, 0x26, 0x00, 0x00,
  0x00, 0x00, 0x00, 0x00, 0xf4, 0x10, 0x00, 0x00, 0x00, 0x00, 0x00, 0x00,
  0x0a, 0x00, 0x00, 0x00, 0x2b, 0x00, 0x00, 0x00, 0x84, 0x04, 0x00, 0x00,
  0x00, 0x00, 0x00, 0x00, 0xf8, 0x10, 0x00, 0x00, 0x00, 0x00, 0x00, 0x00,
  0x0a, 0x00, 0x00, 0x00, 0x2b, 0x00, 0x00, 0x00, 0xaf, 0x13, 0x00, 0x00,
  0x00, 0x00, 0x00, 0x00, 0xfc, 0x10, 0x00, 0x00, 0x00, 0x00, 0x00, 0x00,
  0x0a, 0x00, 0x00, 0x00, 0x2b, 0x00, 0x00, 0x00, 0x3d, 0x44, 0x00, 0x00,
  0x00, 0x00, 0x00, 0x00, 0x00, 0x11, 0x00, 0x00, 0x00, 0x00, 0x00, 0x00,
  0x0a, 0x00, 0x00, 0x00, 0x2b, 0x00, 0x00, 0x00, 0xaa, 0x10, 0x00, 0x00,
  0x00, 0x00, 0x00, 0x00, 0x04, 0x11, 0x00, 0x00, 0x00, 0x00, 0x00, 0x00,
  0x0a, 0x00, 0x00, 0x00, 0x2b, 0x00, 0x00, 0x00, 0x4a, 0x44, 0x00, 0x00,
  0x00, 0x00, 0x00, 0x00, 0x08, 0x11, 0x00, 0x00, 0x00, 0x00, 0x00, 0x00,
  0x0a, 0x00, 0x00, 0x00, 0x2b, 0x00, 0x00, 0x00, 0xb5, 0x13, 0x00, 0x00,
  0x00, 0x00, 0x00, 0x00, 0x0c, 0x11, 0x00, 0x00, 0x00, 0x00, 0x00, 0x00,
  0x0a, 0x00, 0x00, 0x00, 0x2b, 0x00, 0x00, 0x00, 0x9a, 0x55, 0x00, 0x00,
  0x00, 0x00, 0x00, 0x00, 0x10, 0x11, 0x00, 0x00, 0x00, 0x00, 0x00, 0x00,
  0x0a, 0x00, 0x00, 0x00, 0x2b, 0x00, 0x00, 0x00, 0xd2, 0x0a, 0x00, 0x00,
  0x00, 0x00, 0x00, 0x00, 0x14, 0x11, 0x00, 0x00, 0x00, 0x00, 0x00, 0x00,
  0x0a, 0x00, 0x00, 0x00, 0x2b, 0x00, 0x00, 0x00, 0x51, 0x44, 0x00, 0x00,
  0x00, 0x00, 0x00, 0x00, 0x18, 0x11, 0x00, 0x00, 0x00, 0x00, 0x00, 0x00,
  0x0a, 0x00, 0x00, 0x00, 0x2b, 0x00, 0x00, 0x00, 0xb1, 0x57, 0x00, 0x00,
  0x00, 0x00, 0x00, 0x00, 0x1c, 0x11, 0x00, 0x00, 0x00, 0x00, 0x00, 0x00,
  0x0a, 0x00, 0x00, 0x00, 0x2b, 0x00, 0x00, 0x00, 0x59, 0x44, 0x00, 0x00,
  0x00, 0x00, 0x00, 0x00, 0x20, 0x11, 0x00, 0x00, 0x00, 0x00, 0x00, 0x00,
  0x0a, 0x00, 0x00, 0x00, 0x2b, 0x00, 0x00, 0x00, 0xb2, 0x35, 0x00, 0x00,
  0x00, 0x00, 0x00, 0x00, 0x24, 0x11, 0x00, 0x00, 0x00, 0x00, 0x00, 0x00,
  0x0a, 0x00, 0x00, 0x00, 0x2b, 0x00, 0x00, 0x00, 0x33, 0x5a, 0x00, 0x00,
  0x00, 0x00, 0x00, 0x00, 0x28, 0x11, 0x00, 0x00, 0x00, 0x00, 0x00, 0x00,
  0x0a, 0x00, 0x00, 0x00, 0x2b, 0x00, 0x00, 0x00, 0x02, 0x2a, 0x00, 0x00,
  0x00, 0x00, 0x00, 0x00, 0x2c, 0x11, 0x00, 0x00, 0x00, 0x00, 0x00, 0x00,
  0x0a, 0x00, 0x00, 0x00, 0x2b, 0x00, 0x00, 0x00, 0x5f, 0x44, 0x00, 0x00,
  0x00, 0x00, 0x00, 0x00, 0x30, 0x11, 0x00, 0x00, 0x00, 0x00, 0x00, 0x00,
  0x0a, 0x00, 0x00, 0x00, 0x2b, 0x00, 0x00, 0x00, 0x79, 0x4a, 0x00, 0x00,
  0x00, 0x00, 0x00, 0x00, 0x34, 0x11, 0x00, 0x00, 0x00, 0x00, 0x00, 0x00,
  0x0a, 0x00, 0x00, 0x00, 0x2b, 0x00, 0x00, 0x00, 0x6d, 0x44, 0x00, 0x00,
  0x00, 0x00, 0x00, 0x00, 0x38, 0x11, 0x00, 0x00, 0x00, 0x00, 0x00, 0x00,
  0x0a, 0x00, 0x00, 0x00, 0x2b, 0x00, 0x00, 0x00, 0x3a, 0x5a, 0x00, 0x00,
  0x00, 0x00, 0x00, 0x00, 0x3c, 0x11, 0x00, 0x00, 0x00, 0x00, 0x00, 0x00,
  0x0a, 0x00, 0x00, 0x00, 0x2b, 0x00, 0x00, 0x00, 0x0e, 0x4e, 0x00, 0x00,
  0x00, 0x00, 0x00, 0x00, 0x40, 0x11, 0x00, 0x00, 0x00, 0x00, 0x00, 0x00,
  0x0a, 0x00, 0x00, 0x00, 0x2b, 0x00, 0x00, 0x00, 0x10, 0x2d, 0x00, 0x00,
  0x00, 0x00, 0x00, 0x00, 0x44, 0x11, 0x00, 0x00, 0x00, 0x00, 0x00, 0x00,
  0x0a, 0x00, 0x00, 0x00, 0x2b, 0x00, 0x00, 0x00, 0x74, 0x26, 0x00, 0x00,
  0x00, 0x00, 0x00, 0x00, 0x48, 0x11, 0x00, 0x00, 0x00, 0x00, 0x00, 0x00,
  0x0a, 0x00, 0x00, 0x00, 0x2b, 0x00, 0x00, 0x00, 0xf4, 0x3b, 0x00, 0x00,
  0x00, 0x00, 0x00, 0x00, 0x4c, 0x11, 0x00, 0x00, 0x00, 0x00, 0x00, 0x00,
  0x0a, 0x00, 0x00, 0x00, 0x2b, 0x00, 0x00, 0x00, 0x83, 0x50, 0x00, 0x00,
  0x00, 0x00, 0x00, 0x00, 0x50, 0x11, 0x00, 0x00, 0x00, 0x00, 0x00, 0x00,
  0x0a, 0x00, 0x00, 0x00, 0x2b, 0x00, 0x00, 0x00, 0x93, 0x07, 0x00, 0x00,
  0x00, 0x00, 0x00, 0x00, 0x54, 0x11, 0x00, 0x00, 0x00, 0x00, 0x00, 0x00,
  0x0a, 0x00, 0x00, 0x00, 0x2b, 0x00, 0x00, 0x00, 0x82, 0x44, 0x00, 0x00,
  0x00, 0x00, 0x00, 0x00, 0x58, 0x11, 0x00, 0x00, 0x00, 0x00, 0x00, 0x00,
  0x0a, 0x00, 0x00, 0x00, 0x2b, 0x00, 0x00, 0x00, 0x7e, 0x26, 0x00, 0x00,
  0x00, 0x00, 0x00, 0x00, 0x5c, 0x11, 0x00, 0x00, 0x00, 0x00, 0x00, 0x00,
  0x0a, 0x00, 0x00, 0x00, 0x2b, 0x00, 0x00, 0x00, 0xe6, 0x0d, 0x00, 0x00,
  0x00, 0x00, 0x00, 0x00, 0x60, 0x11, 0x00, 0x00, 0x00, 0x00, 0x00, 0x00,
  0x0a, 0x00, 0x00, 0x00, 0x2b, 0x00, 0x00, 0x00, 0xc1, 0x57, 0x00, 0x00,
  0x00, 0x00, 0x00, 0x00, 0x64, 0x11, 0x00, 0x00, 0x00, 0x00, 0x00, 0x00,
  0x0a, 0x00, 0x00, 0x00, 0x2b, 0x00, 0x00, 0x00, 0x5a, 0x3e, 0x00, 0x00,
  0x00, 0x00, 0x00, 0x00, 0x68, 0x11, 0x00, 0x00, 0x00, 0x00, 0x00, 0x00,
  0x0a, 0x00, 0x00, 0x00, 0x2b, 0x00, 0x00, 0x00, 0x22, 0x1e, 0x00, 0x00,
  0x00, 0x00, 0x00, 0x00, 0x6c, 0x11, 0x00, 0x00, 0x00, 0x00, 0x00, 0x00,
  0x0a, 0x00, 0x00, 0x00, 0x2b, 0x00, 0x00, 0x00, 0x16, 0x2a, 0x00, 0x00,
  0x00, 0x00, 0x00, 0x00, 0x70, 0x11, 0x00, 0x00, 0x00, 0x00, 0x00, 0x00,
  0x0a, 0x00, 0x00, 0x00, 0x2b, 0x00, 0x00, 0x00, 0x9d, 0x07, 0x00, 0x00,
  0x00, 0x00, 0x00, 0x00, 0x74, 0x11, 0x00, 0x00, 0x00, 0x00, 0x00, 0x00,
  0x0a, 0x00, 0x00, 0x00, 0x2b, 0x00, 0x00, 0x00, 0x90, 0x47, 0x00, 0x00,
  0x00, 0x00, 0x00, 0x00, 0x78, 0x11, 0x00, 0x00, 0x00, 0x00, 0x00, 0x00,
  0x0a, 0x00, 0x00, 0x00, 0x2b, 0x00, 0x00, 0x00, 0xca, 0x57, 0x00, 0x00,
  0x00, 0x00, 0x00, 0x00, 0x7c, 0x11, 0x00, 0x00, 0x00, 0x00, 0x00, 0x00,
  0x0a, 0x00, 0x00, 0x00, 0x2b, 0x00, 0x00, 0x00, 0x70, 0x30, 0x00, 0x00,
  0x00, 0x00, 0x00, 0x00, 0x80, 0x11, 0x00, 0x00, 0x00, 0x00, 0x00, 0x00,
  0x0a, 0x00, 0x00, 0x00, 0x2b, 0x00, 0x00, 0x00, 0x62, 0x3e, 0x00, 0x00,
  0x00, 0x00, 0x00, 0x00, 0x84, 0x11, 0x00, 0x00, 0x00, 0x00, 0x00, 0x00,
  0x0a, 0x00, 0x00, 0x00, 0x2b, 0x00, 0x00, 0x00, 0x38, 0x41, 0x00, 0x00,
  0x00, 0x00, 0x00, 0x00, 0x88, 0x11, 0x00, 0x00, 0x00, 0x00, 0x00, 0x00,
  0x0a, 0x00, 0x00, 0x00, 0x2b, 0x00, 0x00, 0x00, 0x9a, 0x47, 0x00, 0x00,
  0x00, 0x00, 0x00, 0x00, 0x8c, 0x11, 0x00, 0x00, 0x00, 0x00, 0x00, 0x00,
  0x0a, 0x00, 0x00, 0x00, 0x2b, 0x00, 0x00, 0x00, 0x07, 0x16, 0x00, 0x00,
  0x00, 0x00, 0x00, 0x00, 0x90, 0x11, 0x00, 0x00, 0x00, 0x00, 0x00, 0x00,
  0x0a, 0x00, 0x00, 0x00, 0x2b, 0x00, 0x00, 0x00, 0x87, 0x4a, 0x00, 0x00,
  0x00, 0x00, 0x00, 0x00, 0x94, 0x11, 0x00, 0x00, 0x00, 0x00, 0x00, 0x00,
  0x0a, 0x00, 0x00, 0x00, 0x2b, 0x00, 0x00, 0x00, 0x8a, 0x04, 0x00, 0x00,
  0x00, 0x00, 0x00, 0x00, 0x98, 0x11, 0x00, 0x00, 0x00, 0x00, 0x00, 0x00,
  0x0a, 0x00, 0x00, 0x00, 0x2b, 0x00, 0x00, 0x00, 0x2c, 0x1e, 0x00, 0x00,
  0x00, 0x00, 0x00, 0x00, 0x9c, 0x11, 0x00, 0x00, 0x00, 0x00, 0x00, 0x00,
  0x0a, 0x00, 0x00, 0x00, 0x2b, 0x00, 0x00, 0x00, 0x0e, 0x16, 0x00, 0x00,
  0x00, 0x00, 0x00, 0x00, 0xa0, 0x11, 0x00, 0x00, 0x00, 0x00, 0x00, 0x00,
  0x0a, 0x00, 0x00, 0x00, 0x2b, 0x00, 0x00, 0x00, 0x44, 0x21, 0x00, 0x00,
  0x00, 0x00, 0x00, 0x00, 0xa4, 0x11, 0x00, 0x00, 0x00, 0x00, 0x00, 0x00,
  0x0a, 0x00, 0x00, 0x00, 0x2b, 0x00, 0x00, 0x00, 0x18, 0x4e, 0x00, 0x00,
  0x00, 0x00, 0x00, 0x00, 0xa8, 0x11, 0x00, 0x00, 0x00, 0x00, 0x00, 0x00,
  0x0a, 0x00, 0x00, 0x00, 0x2b, 0x00, 0x00, 0x00, 0xd3, 0x32, 0x00, 0x00,
  0x00, 0x00, 0x00, 0x00, 0xac, 0x11, 0x00, 0x00, 0x00, 0x00, 0x00, 0x00,
  0x0a, 0x00, 0x00, 0x00, 0x2b, 0x00, 0x00, 0x00, 0xcd, 0x38, 0x00, 0x00,
  0x00, 0x00, 0x00, 0x00, 0xb0, 0x11, 0x00, 0x00, 0x00, 0x00, 0x00, 0x00,
  0x0a, 0x00, 0x00, 0x00, 0x2b, 0x00, 0x00, 0x00, 0x95, 0x04, 0x00, 0x00,
  0x00, 0x00, 0x00, 0x00, 0xb4, 0x11, 0x00, 0x00, 0x00, 0x00, 0x00, 0x00,
  0x0a, 0x00, 0x00, 0x00, 0x2b, 0x00, 0x00, 0x00, 0x1d, 0x2d, 0x00, 0x00,
  0x00, 0x00, 0x00, 0x00, 0xb8, 0x11, 0x00, 0x00, 0x00, 0x00, 0x00, 0x00,
  0x0a, 0x00, 0x00, 0x00, 0x2b, 0x00, 0x00, 0x00, 0xc4, 0x01, 0x00, 0x00,
  0x00, 0x00, 0x00, 0x00, 0xbc, 0x11, 0x00, 0x00, 0x00, 0x00, 0x00, 0x00,
  0x0a, 0x00, 0x00, 0x00, 0x2b, 0x00, 0x00, 0x00, 0x7a, 0x1b, 0x00, 0x00,
  0x00, 0x00, 0x00, 0x00, 0xc0, 0x11, 0x00, 0x00, 0x00, 0x00, 0x00, 0x00,
  0x0a, 0x00, 0x00, 0x00, 0x2b, 0x00, 0x00, 0x00, 0xd1, 0x01, 0x00, 0x00,
  0x00, 0x00, 0x00, 0x00, 0xc4, 0x11, 0x00, 0x00, 0x00, 0x00, 0x00, 0x00,
  0x0a, 0x00, 0x00, 0x00, 0x2b, 0x00, 0x00, 0x00, 0x40, 0x41, 0x00, 0x00,
  0x00, 0x00, 0x00, 0x00, 0xc8, 0x11, 0x00, 0x00, 0x00, 0x00, 0x00, 0x00,
  0x0a, 0x00, 0x00, 0x00, 0x2b, 0x00, 0x00, 0x00, 0x52, 0x21, 0x00, 0x00,
  0x00, 0x00, 0x00, 0x00, 0xcc, 0x11, 0x00, 0x00, 0x00, 0x00, 0x00, 0x00,
  0x0a, 0x00, 0x00, 0x00, 0x2b, 0x00, 0x00, 0x00, 0x28, 0x2d, 0x00, 0x00,
  0x00, 0x00, 0x00, 0x00, 0xd0, 0x11, 0x00, 0x00, 0x00, 0x00, 0x00, 0x00,
  0x0a, 0x00, 0x00, 0x00, 0x2b, 0x00, 0x00, 0x00, 0xb0, 0x10, 0x00, 0x00,
  0x00, 0x00, 0x00, 0x00, 0xd4, 0x11, 0x00, 0x00, 0x00, 0x00, 0x00, 0x00,
  0x0a, 0x00, 0x00, 0x00, 0x2b, 0x00, 0x00, 0x00, 0x8a, 0x44, 0x00, 0x00,
  0x00, 0x00, 0x00, 0x00, 0xd8, 0x11, 0x00, 0x00, 0x00, 0x00, 0x00, 0x00,
  0x0a, 0x00, 0x00, 0x00, 0x2b, 0x00, 0x00, 0x00, 0x50, 0x41, 0x00, 0x00,
  0x00, 0x00, 0x00, 0x00, 0xdc, 0x11, 0x00, 0x00, 0x00, 0x00, 0x00, 0x00,
  0x0a, 0x00, 0x00, 0x00, 0x2b, 0x00, 0x00, 0x00, 0xa5, 0x23, 0x00, 0x00,
  0x00, 0x00, 0x00, 0x00, 0xe0, 0x11, 0x00, 0x00, 0x00, 0x00, 0x00, 0x00,
  0x0a, 0x00, 0x00, 0x00, 0x2b, 0x00, 0x00, 0x00, 0x3a, 0x1e, 0x00, 0x00,
  0x00, 0x00, 0x00, 0x00, 0xe4, 0x11, 0x00, 0x00, 0x00, 0x00, 0x00, 0x00,
  0x0a, 0x00, 0x00, 0x00, 0x2b, 0x00, 0x00, 0x00, 0xd7, 0x57, 0x00, 0x00,
  0x00, 0x00, 0x00, 0x00, 0xe8, 0x11, 0x00, 0x00, 0x00, 0x00, 0x00, 0x00,
  0x0a, 0x00, 0x00, 0x00, 0x2b, 0x00, 0x00, 0x00, 0x88, 0x26, 0x00, 0x00,
  0x00, 0x00, 0x00, 0x00, 0xec, 0x11, 0x00, 0x00, 0x00, 0x00, 0x00, 0x00,
  0x0a, 0x00, 0x00, 0x00, 0x2b, 0x00, 0x00, 0x00, 0xd1, 0x38, 0x00, 0x00,
  0x00, 0x00, 0x00, 0x00, 0xf0, 0x11, 0x00, 0x00, 0x00, 0x00, 0x00, 0x00,
  0x0a, 0x00, 0x00, 0x00, 0x2b, 0x00, 0x00, 0x00, 0x33, 0x2d, 0x00, 0x00,
  0x00, 0x00, 0x00, 0x00, 0xf4, 0x11, 0x00, 0x00, 0x00, 0x00, 0x00, 0x00,
  0x0a, 0x00, 0x00, 0x00, 0x2b, 0x00, 0x00, 0x00, 0x63, 0x21, 0x00, 0x00,
  0x00, 0x00, 0x00, 0x00, 0xf8, 0x11, 0x00, 0x00, 0x00, 0x00, 0x00, 0x00,
  0x0a, 0x00, 0x00, 0x00, 0x2b, 0x00, 0x00, 0x00, 0xb7, 0x10, 0x00, 0x00,
  0x00, 0x00, 0x00, 0x00, 0xfc, 0x11, 0x00, 0x00, 0x00, 0x00, 0x00, 0x00,
  0x0a, 0x00, 0x00, 0x00, 0x2b, 0x00, 0x00, 0x00, 0x70, 0x3e, 0x00, 0x00,
  0x00, 0x00, 0x00, 0x00, 0x00, 0x12, 0x00, 0x00, 0x00, 0x00, 0x00, 0x00,
  0x0a, 0x00, 0x00, 0x00, 0x2b, 0x00, 0x00, 0x00, 0xe6, 0x38, 0x00, 0x00,
  0x00, 0x00, 0x00, 0x00, 0x04, 0x12, 0x00, 0x00, 0x00, 0x00, 0x00, 0x00,
  0x0a, 0x00, 0x00, 0x00, 0x2b, 0x00, 0x00, 0x00, 0x8a, 0x1b, 0x00, 0x00,
  0x00, 0x00, 0x00, 0x00, 0x08, 0x12, 0x00, 0x00, 0x00, 0x00, 0x00, 0x00,
  0x0a, 0x00, 0x00, 0x00, 0x2b, 0x00, 0x00, 0x00, 0xe2, 0x32, 0x00, 0x00,
  0x00, 0x00, 0x00, 0x00, 0x0c, 0x12, 0x00, 0x00, 0x00, 0x00, 0x00, 0x00,
  0x0a, 0x00, 0x00, 0x00, 0x2b, 0x00, 0x00, 0x00, 0xa0, 0x07, 0x00, 0x00,
  0x00, 0x00, 0x00, 0x00, 0x10, 0x12, 0x00, 0x00, 0x00, 0x00, 0x00, 0x00,
  0x0a, 0x00, 0x00, 0x00, 0x2b, 0x00, 0x00, 0x00, 0xf1, 0x32, 0x00, 0x00,
  0x00, 0x00, 0x00, 0x00, 0x14, 0x12, 0x00, 0x00, 0x00, 0x00, 0x00, 0x00,
  0x0a, 0x00, 0x00, 0x00, 0x2b, 0x00, 0x00, 0x00, 0x75, 0x3e, 0x00, 0x00,
  0x00, 0x00, 0x00, 0x00, 0x18, 0x12, 0x00, 0x00, 0x00, 0x00, 0x00, 0x00,
  0x0a, 0x00, 0x00, 0x00, 0x2b, 0x00, 0x00, 0x00, 0x88, 0x50, 0x00, 0x00,
  0x00, 0x00, 0x00, 0x00, 0x1c, 0x12, 0x00, 0x00, 0x00, 0x00, 0x00, 0x00,
  0x0a, 0x00, 0x00, 0x00, 0x2b, 0x00, 0x00, 0x00, 0x3f, 0x5a, 0x00, 0x00,
  0x00, 0x00, 0x00, 0x00, 0x20, 0x12, 0x00, 0x00, 0x00, 0x00, 0x00, 0x00,
  0x0a, 0x00, 0x00, 0x00, 0x2b, 0x00, 0x00, 0x00, 0xba, 0x10, 0x00, 0x00,
  0x00, 0x00, 0x00, 0x00, 0x24, 0x12, 0x00, 0x00, 0x00, 0x00, 0x00, 0x00,
  0x0a, 0x00, 0x00, 0x00, 0x2b, 0x00, 0x00, 0x00, 0xeb, 0x57, 0x00, 0x00,
  0x00, 0x00, 0x00, 0x00, 0x28, 0x12, 0x00, 0x00, 0x00, 0x00, 0x00, 0x00,
  0x0a, 0x00, 0x00, 0x00, 0x2b, 0x00, 0x00, 0x00, 0xda, 0x0a, 0x00, 0x00,
  0x00, 0x00, 0x00, 0x00, 0x2c, 0x12, 0x00, 0x00, 0x00, 0x00, 0x00, 0x00,
  0x0a, 0x00, 0x00, 0x00, 0x2b, 0x00, 0x00, 0x00, 0x3e, 0x2d, 0x00, 0x00,
  0x00, 0x00, 0x00, 0x00, 0x30, 0x12, 0x00, 0x00, 0x00, 0x00, 0x00, 0x00,
  0x0a, 0x00, 0x00, 0x00, 0x2b, 0x00, 0x00, 0x00, 0xb8, 0x23, 0x00, 0x00,
  0x00, 0x00, 0x00, 0x00, 0x34, 0x12, 0x00, 0x00, 0x00, 0x00, 0x00, 0x00,
  0x0a, 0x00, 0x00, 0x00, 0x2b, 0x00, 0x00, 0x00, 0x48, 0x2d, 0x00, 0x00,
  0x00, 0x00, 0x00, 0x00, 0x38, 0x12, 0x00, 0x00, 0x00, 0x00, 0x00, 0x00,
  0x0a, 0x00, 0x00, 0x00, 0x2b, 0x00, 0x00, 0x00, 0xb4, 0x07, 0x00, 0x00,
  0x00, 0x00, 0x00, 0x00, 0x3c, 0x12, 0x00, 0x00, 0x00, 0x00, 0x00, 0x00,
  0x0a, 0x00, 0x00, 0x00, 0x2b, 0x00, 0x00, 0x00, 0xba, 0x35, 0x00, 0x00,
  0x00, 0x00, 0x00, 0x00, 0x40, 0x12, 0x00, 0x00, 0x00, 0x00, 0x00, 0x00,
  0x0a, 0x00, 0x00, 0x00, 0x2b, 0x00, 0x00, 0x00, 0x1a, 0x16, 0x00, 0x00,
  0x00, 0x00, 0x00, 0x00, 0x44, 0x12, 0x00, 0x00, 0x00, 0x00, 0x00, 0x00,
  0x0a, 0x00, 0x00, 0x00, 0x2b, 0x00, 0x00, 0x00, 0xbb, 0x07, 0x00, 0x00,
  0x00, 0x00, 0x00, 0x00, 0x48, 0x12, 0x00, 0x00, 0x00, 0x00, 0x00, 0x00,
  0x0a, 0x00, 0x00, 0x00, 0x2b, 0x00, 0x00, 0x00, 0xc0, 0x13, 0x00, 0x00,
  0x00, 0x00, 0x00, 0x00, 0x4c, 0x12, 0x00, 0x00, 0x00, 0x00, 0x00, 0x00,
  0x0a, 0x00, 0x00, 0x00, 0x2b, 0x00, 0x00, 0x00, 0x95, 0x26, 0x00, 0x00,
  0x00, 0x00, 0x00, 0x00, 0x50, 0x12, 0x00, 0x00, 0x00, 0x00, 0x00, 0x00,
  0x0a, 0x00, 0x00, 0x00, 0x2b, 0x00, 0x00, 0x00, 0x9d, 0x26, 0x00, 0x00,
  0x00, 0x00, 0x00, 0x00, 0x54, 0x12, 0x00, 0x00, 0x00, 0x00, 0x00, 0x00,
  0x0a, 0x00, 0x00, 0x00, 0x2b, 0x00, 0x00, 0x00, 0xc1, 0x35, 0x00, 0x00,
  0x00, 0x00, 0x00, 0x00, 0x58, 0x12, 0x00, 0x00, 0x00, 0x00, 0x00, 0x00,
  0x0a, 0x00, 0x00, 0x00, 0x2b, 0x00, 0x00, 0x00, 0x79, 0x30, 0x00, 0x00,
  0x00, 0x00, 0x00, 0x00, 0x5c, 0x12, 0x00, 0x00, 0x00, 0x00, 0x00, 0x00,
  0x0a, 0x00, 0x00, 0x00, 0x2b, 0x00, 0x00, 0x00, 0xc9, 0x13, 0x00, 0x00,
  0x00, 0x00, 0x00, 0x00, 0x60, 0x12, 0x00, 0x00, 0x00, 0x00, 0x00, 0x00,
  0x0a, 0x00, 0x00, 0x00, 0x2b, 0x00, 0x00, 0x00, 0xde, 0x01, 0x00, 0x00,
  0x00, 0x00, 0x00, 0x00, 0x64, 0x12, 0x00, 0x00, 0x00, 0x00, 0x00, 0x00,
  0x0a, 0x00, 0x00, 0x00, 0x2b, 0x00, 0x00, 0x00, 0x70, 0x21, 0x00, 0x00,
  0x00, 0x00, 0x00, 0x00, 0x68, 0x12, 0x00, 0x00, 0x00, 0x00, 0x00, 0x00,
  0x0a, 0x00, 0x00, 0x00, 0x2b, 0x00, 0x00, 0x00, 0x8c, 0x4a, 0x00, 0x00,
  0x00, 0x00, 0x00, 0x00, 0x6c, 0x12, 0x00, 0x00, 0x00, 0x00, 0x00, 0x00,
  0x0a, 0x00, 0x00, 0x00, 0x2b, 0x00, 0x00, 0x00, 0xd0, 0x13, 0x00, 0x00,
  0x00, 0x00, 0x00, 0x00, 0x70, 0x12, 0x00, 0x00, 0x00, 0x00, 0x00, 0x00,
  0x0a, 0x00, 0x00, 0x00, 0x2b, 0x00, 0x00, 0x00, 0xca, 0x35, 0x00, 0x00,
  0x00, 0x00, 0x00, 0x00, 0x74, 0x12, 0x00, 0x00, 0x00, 0x00, 0x00, 0x00,
  0x0a, 0x00, 0x00, 0x00, 0x2b, 0x00, 0x00, 0x00, 0xbe, 0x10, 0x00, 0x00,
  0x00, 0x00, 0x00, 0x00, 0x78, 0x12, 0x00, 0x00, 0x00, 0x00, 0x00, 0x00,
  0x0a, 0x00, 0x00, 0x00, 0x2b, 0x00, 0x00, 0x00, 0xc4, 0x07, 0x00, 0x00,
  0x00, 0x00, 0x00, 0x00, 0x7c, 0x12, 0x00, 0x00, 0x00, 0x00, 0x00, 0x00,
  0x0a, 0x00, 0x00, 0x00, 0x2b, 0x00, 0x00, 0x00, 0xc4, 0x10, 0x00, 0x00,
  0x00, 0x00, 0x00, 0x00, 0x80, 0x12, 0x00, 0x00, 0x00, 0x00, 0x00, 0x00,
  0x0a, 0x00, 0x00, 0x00, 0x2b, 0x00, 0x00, 0x00, 0x95, 0x50, 0x00, 0x00,
  0x00, 0x00, 0x00, 0x00, 0x84, 0x12, 0x00, 0x00, 0x00, 0x00, 0x00, 0x00,
  0x0a, 0x00, 0x00, 0x00, 0x2b, 0x00, 0x00, 0x00, 0xbf, 0x23, 0x00, 0x00,
  0x00, 0x00, 0x00, 0x00, 0x88, 0x12, 0x00, 0x00, 0x00, 0x00, 0x00, 0x00,
  0x0a, 0x00, 0x00, 0x00, 0x2b, 0x00, 0x00, 0x00, 0x24, 0x4e, 0x00, 0x00,
  0x00, 0x00, 0x00, 0x00, 0x8c, 0x12, 0x00, 0x00, 0x00, 0x00, 0x00, 0x00,
  0x0a, 0x00, 0x00, 0x00, 0x2b, 0x00, 0x00, 0x00, 0xa1, 0x47, 0x00, 0x00,
  0x00, 0x00, 0x00, 0x00, 0x90, 0x12, 0x00, 0x00, 0x00, 0x00, 0x00, 0x00,
  0x0a, 0x00, 0x00, 0x00, 0x2b, 0x00, 0x00, 0x00, 0xab, 0x50, 0x00, 0x00,
  0x00, 0x00, 0x00, 0x00, 0x94, 0x12, 0x00, 0x00, 0x00, 0x00, 0x00, 0x00,
  0x0a, 0x00, 0x00, 0x00, 0x2b, 0x00, 0x00, 0x00, 0x93, 0x1b, 0x00, 0x00,
  0x00, 0x00, 0x00, 0x00, 0x98, 0x12, 0x00, 0x00, 0x00, 0x00, 0x00, 0x00,
  0x0a, 0x00, 0x00, 0x00, 0x2b, 0x00, 0x00, 0x00, 0x1f, 0x2a, 0x00, 0x00,
  0x00, 0x00, 0x00, 0x00, 0x9c, 0x12, 0x00, 0x00, 0x00, 0x00, 0x00, 0x00,
  0x0a, 0x00, 0x00, 0x00, 0x2b, 0x00, 0x00, 0x00, 0xb4, 0x50, 0x00, 0x00,
  0x00, 0x00, 0x00, 0x00, 0xa0, 0x12, 0x00, 0x00, 0x00, 0x00, 0x00, 0x00,
  0x0a, 0x00, 0x00, 0x00, 0x2b, 0x00, 0x00, 0x00, 0xd2, 0x23, 0x00, 0x00,
  0x00, 0x00, 0x00, 0x00, 0xa4, 0x12, 0x00, 0x00, 0x00, 0x00, 0x00, 0x00,
  0x0a, 0x00, 0x00, 0x00, 0x2b, 0x00, 0x00, 0x00, 0xe6, 0x01, 0x00, 0x00,
  0x00, 0x00, 0x00, 0x00, 0xa8, 0x12, 0x00, 0x00, 0x00, 0x00, 0x00, 0x00,
  0x0a, 0x00, 0x00, 0x00, 0x2b, 0x00, 0x00, 0x00, 0xf4, 0x0d, 0x00, 0x00,
  0x00, 0x00, 0x00, 0x00, 0xac, 0x12, 0x00, 0x00, 0x00, 0x00, 0x00, 0x00,
  0x0a, 0x00, 0x00, 0x00, 0x2b, 0x00, 0x00, 0x00, 0xd0, 0x35, 0x00, 0x00,
  0x00, 0x00, 0x00, 0x00, 0xb0, 0x12, 0x00, 0x00, 0x00, 0x00, 0x00, 0x00,
  0x0a, 0x00, 0x00, 0x00, 0x2b, 0x00, 0x00, 0x00, 0xda, 0x23, 0x00, 0x00,
  0x00, 0x00, 0x00, 0x00, 0xb4, 0x12, 0x00, 0x00, 0x00, 0x00, 0x00, 0x00,
  0x0a, 0x00, 0x00, 0x00, 0x2b, 0x00, 0x00, 0x00, 0xfb, 0x0d, 0x00, 0x00,
  0x00, 0x00, 0x00, 0x00, 0xb8, 0x12, 0x00, 0x00, 0x00, 0x00, 0x00, 0x00,
  0x0a, 0x00, 0x00, 0x00, 0x2b, 0x00, 0x00, 0x00, 0x4e, 0x1e, 0x00, 0x00,
  0x00, 0x00, 0x00, 0x00, 0xbc, 0x12, 0x00, 0x00, 0x00, 0x00, 0x00, 0x00,
  0x0a, 0x00, 0x00, 0x00, 0x2b, 0x00, 0x00, 0x00, 0xf2, 0x01, 0x00, 0x00,
  0x00, 0x00, 0x00, 0x00, 0xc0, 0x12, 0x00, 0x00, 0x00, 0x00, 0x00, 0x00,
  0x0a, 0x00, 0x00, 0x00, 0x2b, 0x00, 0x00, 0x00, 0xe5, 0x0a, 0x00, 0x00,
  0x00, 0x00, 0x00, 0x00, 0xc4, 0x12, 0x00, 0x00, 0x00, 0x00, 0x00, 0x00,
  0x0a, 0x00, 0x00, 0x00, 0x2b, 0x00, 0x00, 0x00, 0xa5, 0x26, 0x00, 0x00,
  0x00, 0x00, 0x00, 0x00, 0xc8, 0x12, 0x00, 0x00, 0x00, 0x00, 0x00, 0x00,
  0x0a, 0x00, 0x00, 0x00, 0x2b, 0x00, 0x00, 0x00, 0xba, 0x50, 0x00, 0x00,
  0x00, 0x00, 0x00, 0x00, 0xcc, 0x12, 0x00, 0x00, 0x00, 0x00, 0x00, 0x00,
  0x0a, 0x00, 0x00, 0x00, 0x2b, 0x00, 0x00, 0x00, 0xd9, 0x35, 0x00, 0x00,
  0x00, 0x00, 0x00, 0x00, 0xd0, 0x12, 0x00, 0x00, 0x00, 0x00, 0x00, 0x00,
  0x0a, 0x00, 0x00, 0x00, 0x2b, 0x00, 0x00, 0x00, 0xcf, 0x07, 0x00, 0x00,
  0x00, 0x00, 0x00, 0x00, 0xd4, 0x12, 0x00, 0x00, 0x00, 0x00, 0x00, 0x00,
  0x0a, 0x00, 0x00, 0x00, 0x2b, 0x00, 0x00, 0x00, 0x05, 0x0e, 0x00, 0x00,
  0x00, 0x00, 0x00, 0x00, 0xd8, 0x12, 0x00, 0x00, 0x00, 0x00, 0x00, 0x00,
  0x0a, 0x00, 0x00, 0x00, 0x2b, 0x00, 0x00, 0x00, 0xc8, 0x18, 0x00, 0x00,
  0x00, 0x00, 0x00, 0x00, 0xdc, 0x12, 0x00, 0x00, 0x00, 0x00, 0x00, 0x00,
  0x0a, 0x00, 0x00, 0x00, 0x2b, 0x00, 0x00, 0x00, 0xef, 0x0a, 0x00, 0x00,
  0x00, 0x00, 0x00, 0x00, 0xe0, 0x12, 0x00, 0x00, 0x00, 0x00, 0x00, 0x00,
  0x0a, 0x00, 0x00, 0x00, 0x2b, 0x00, 0x00, 0x00, 0xd6, 0x13, 0x00, 0x00,
  0x00, 0x00, 0x00, 0x00, 0xe4, 0x12, 0x00, 0x00, 0x00, 0x00, 0x00, 0x00,
  0x0a, 0x00, 0x00, 0x00, 0x2b, 0x00, 0x00, 0x00, 0xe3, 0x23, 0x00, 0x00,
  0x00, 0x00, 0x00, 0x00, 0xe8, 0x12, 0x00, 0x00, 0x00, 0x00, 0x00, 0x00,
  0x0a, 0x00, 0x00, 0x00, 0x2b, 0x00, 0x00, 0x00, 0x26, 0x2a, 0x00, 0x00,
  0x00, 0x00, 0x00, 0x00, 0xec, 0x12, 0x00, 0x00, 0x00, 0x00, 0x00, 0x00,
  0x0a, 0x00, 0x00, 0x00, 0x2b, 0x00, 0x00, 0x00, 0x36, 0x4e, 0x00, 0x00,
  0x00, 0x00, 0x00, 0x00, 0xf0, 0x12, 0x00, 0x00, 0x00, 0x00, 0x00, 0x00,
  0x0a, 0x00, 0x00, 0x00, 0x2b, 0x00, 0x00, 0x00, 0x9e, 0x04, 0x00, 0x00,
  0x00, 0x00, 0x00, 0x00, 0xf4, 0x12, 0x00, 0x00, 0x00, 0x00, 0x00, 0x00,
  0x0a, 0x00, 0x00, 0x00, 0x2b, 0x00, 0x00, 0x00, 0x82, 0x30, 0x00, 0x00,
  0x00, 0x00, 0x00, 0x00, 0xf8, 0x12, 0x00, 0x00, 0x00, 0x00, 0x00, 0x00,
  0x0a, 0x00, 0x00, 0x00, 0x2b, 0x00, 0x00, 0x00, 0x07, 0x33, 0x00, 0x00,
  0x00, 0x00, 0x00, 0x00, 0xfc, 0x12, 0x00, 0x00, 0x00, 0x00, 0x00, 0x00,
  0x0a, 0x00, 0x00, 0x00, 0x2b, 0x00, 0x00, 0x00, 0x96, 0x44, 0x00, 0x00,
  0x00, 0x00, 0x00, 0x00, 0x00, 0x13, 0x00, 0x00, 0x00, 0x00, 0x00, 0x00,
  0x0a, 0x00, 0x00, 0x00, 0x2b, 0x00, 0x00, 0x00, 0xff, 0x01, 0x00, 0x00,
  0x00, 0x00, 0x00, 0x00, 0x04, 0x13, 0x00, 0x00, 0x00, 0x00, 0x00, 0x00,
  0x0a, 0x00, 0x00, 0x00, 0x2b, 0x00, 0x00, 0x00, 0xa6, 0x47, 0x00, 0x00,
  0x00, 0x00, 0x00, 0x00, 0x08, 0x13, 0x00, 0x00, 0x00, 0x00, 0x00, 0x00,
  0x0a, 0x00, 0x00, 0x00, 0x2b, 0x00, 0x00, 0x00, 0xe7, 0x13, 0x00, 0x00,
  0x00, 0x00, 0x00, 0x00, 0x0c, 0x13, 0x00, 0x00, 0x00, 0x00, 0x00, 0x00,
  0x0a, 0x00, 0x00, 0x00, 0x2b, 0x00, 0x00, 0x00, 0xe9, 0x35, 0x00, 0x00,
  0x00, 0x00, 0x00, 0x00, 0x10, 0x13, 0x00, 0x00, 0x00, 0x00, 0x00, 0x00,
  0x0a, 0x00, 0x00, 0x00, 0x2b, 0x00, 0x00, 0x00, 0x0a, 0x33, 0x00, 0x00,
  0x00, 0x00, 0x00, 0x00, 0x14, 0x13, 0x00, 0x00, 0x00, 0x00, 0x00, 0x00,
  0x0a, 0x00, 0x00, 0x00, 0x2b, 0x00, 0x00, 0x00, 0xf1, 0x23, 0x00, 0x00,
  0x00, 0x00, 0x00, 0x00, 0x18, 0x13, 0x00, 0x00, 0x00, 0x00, 0x00, 0x00,
  0x0a, 0x00, 0x00, 0x00, 0x2b, 0x00, 0x00, 0x00, 0x4f, 0x2d, 0x00, 0x00,
  0x00, 0x00, 0x00, 0x00, 0x1c, 0x13, 0x00, 0x00, 0x00, 0x00, 0x00, 0x00,
  0x0a, 0x00, 0x00, 0x00, 0x2b, 0x00, 0x00, 0x00, 0x09, 0x3c, 0x00, 0x00,
  0x00, 0x00, 0x00, 0x00, 0x20, 0x13, 0x00, 0x00, 0x00, 0x00, 0x00, 0x00,
  0x0a, 0x00, 0x00, 0x00, 0x2b, 0x00, 0x00, 0x00, 0xf6, 0x57, 0x00, 0x00,
  0x00, 0x00, 0x00, 0x00, 0x24, 0x13, 0x00, 0x00, 0x00, 0x00, 0x00, 0x00,
  0x0a, 0x00, 0x00, 0x00, 0x2b, 0x00, 0x00, 0x00, 0xdd, 0x07, 0x00, 0x00,
  0x00, 0x00, 0x00, 0x00, 0x28, 0x13, 0x00, 0x00, 0x00, 0x00, 0x00, 0x00,
  0x0a, 0x00, 0x00, 0x00, 0x2b, 0x00, 0x00, 0x00, 0x2e, 0x2a, 0x00, 0x00,
  0x00, 0x00, 0x00, 0x00, 0x2c, 0x13, 0x00, 0x00, 0x00, 0x00, 0x00, 0x00,
  0x0a, 0x00, 0x00, 0x00, 0x2b, 0x00, 0x00, 0x00, 0x57, 0x2d, 0x00, 0x00,
  0x00, 0x00, 0x00, 0x00, 0x30, 0x13, 0x00, 0x00, 0x00, 0x00, 0x00, 0x00,
  0x0a, 0x00, 0x00, 0x00, 0x2b, 0x00, 0x00, 0x00, 0x46, 0x5a, 0x00, 0x00,
  0x00, 0x00, 0x00, 0x00, 0x34, 0x13, 0x00, 0x00, 0x00, 0x00, 0x00, 0x00,
  0x0a, 0x00, 0x00, 0x00, 0x2b, 0x00, 0x00, 0x00, 0x58, 0x41, 0x00, 0x00,
  0x00, 0x00, 0x00, 0x00, 0x38, 0x13, 0x00, 0x00, 0x00, 0x00, 0x00, 0x00,
  0x0a, 0x00, 0x00, 0x00, 0x2b, 0x00, 0x00, 0x00, 0xaf, 0x26, 0x00, 0x00,
  0x00, 0x00, 0x00, 0x00, 0x3c, 0x13, 0x00, 0x00, 0x00, 0x00, 0x00, 0x00,
  0x0a, 0x00, 0x00, 0x00, 0x2b, 0x00, 0x00, 0x00, 0x75, 0x21, 0x00, 0x00,
  0x00, 0x00, 0x00, 0x00, 0x40, 0x13, 0x00, 0x00, 0x00, 0x00, 0x00, 0x00,
  0x0a, 0x00, 0x00, 0x00, 0x2b, 0x00, 0x00, 0x00, 0x92, 0x4a, 0x00, 0x00,
  0x00, 0x00, 0x00, 0x00, 0x44, 0x13, 0x00, 0x00, 0x00, 0x00, 0x00, 0x00,
  0x0a, 0x00, 0x00, 0x00, 0x2b, 0x00, 0x00, 0x00, 0xa1, 0x44, 0x00, 0x00,
  0x00, 0x00, 0x00, 0x00, 0x48, 0x13, 0x00, 0x00, 0x00, 0x00, 0x00, 0x00,
  0x0a, 0x00, 0x00, 0x00, 0x2b, 0x00, 0x00, 0x00, 0x00, 0x24, 0x00, 0x00,
  0x00, 0x00, 0x00, 0x00, 0x4c, 0x13, 0x00, 0x00, 0x00, 0x00, 0x00, 0x00,
  0x0a, 0x00, 0x00, 0x00, 0x2b, 0x00, 0x00, 0x00, 0x18, 0x33, 0x00, 0x00,
  0x00, 0x00, 0x00, 0x00, 0x50, 0x13, 0x00, 0x00, 0x00, 0x00, 0x00, 0x00,
  0x0a, 0x00, 0x00, 0x00, 0x2b, 0x00, 0x00, 0x00, 0xa9, 0x55, 0x00, 0x00,
  0x00, 0x00, 0x00, 0x00, 0x54, 0x13, 0x00, 0x00, 0x00, 0x00, 0x00, 0x00,
  0x0a, 0x00, 0x00, 0x00, 0x2b, 0x00, 0x00, 0x00, 0x22, 0x16, 0x00, 0x00,
  0x00, 0x00, 0x00, 0x00, 0x58, 0x13, 0x00, 0x00, 0x00, 0x00, 0x00, 0x00,
  0x0a, 0x00, 0x00, 0x00, 0x2b, 0x00, 0x00, 0x00, 0x50, 0x5a, 0x00, 0x00,
  0x00, 0x00, 0x00, 0x00, 0x5c, 0x13, 0x00, 0x00, 0x00, 0x00, 0x00, 0x00,
  0x0a, 0x00, 0x00, 0x00, 0x2b, 0x00, 0x00, 0x00, 0x3e, 0x4e, 0x00, 0x00,
  0x00, 0x00, 0x00, 0x00, 0x60, 0x13, 0x00, 0x00, 0x00, 0x00, 0x00, 0x00,
  0x0a, 0x00, 0x00, 0x00, 0x2b, 0x00, 0x00, 0x00, 0x17, 0x0e, 0x00, 0x00,
  0x00, 0x00, 0x00, 0x00, 0x64, 0x13, 0x00, 0x00, 0x00, 0x00, 0x00, 0x00,
  0x0a, 0x00, 0x00, 0x00, 0x2b, 0x00, 0x00, 0x00, 0x00, 0x0b, 0x00, 0x00,
  0x00, 0x00, 0x00, 0x00, 0x68, 0x13, 0x00, 0x00, 0x00, 0x00, 0x00, 0x00,
  0x0a, 0x00, 0x00, 0x00, 0x2b, 0x00, 0x00, 0x00, 0xa0, 0x4a, 0x00, 0x00,
  0x00, 0x00, 0x00, 0x00, 0x6c, 0x13, 0x00, 0x00, 0x00, 0x00, 0x00, 0x00,
  0x0a, 0x00, 0x00, 0x00, 0x2b, 0x00, 0x00, 0x00, 0xab, 0x04, 0x00, 0x00,
  0x00, 0x00, 0x00, 0x00, 0x70, 0x13, 0x00, 0x00, 0x00, 0x00, 0x00, 0x00,
  0x0a, 0x00, 0x00, 0x00, 0x2b, 0x00, 0x00, 0x00, 0xf5, 0x35, 0x00, 0x00,
  0x00, 0x00, 0x00, 0x00, 0x74, 0x13, 0x00, 0x00, 0x00, 0x00, 0x00, 0x00,
  0x0a, 0x00, 0x00, 0x00, 0x2b, 0x00, 0x00, 0x00, 0xf1, 0x38, 0x00, 0x00,
  0x00, 0x00, 0x00, 0x00, 0x78, 0x13, 0x00, 0x00, 0x00, 0x00, 0x00, 0x00,
  0x0a, 0x00, 0x00, 0x00, 0x2b, 0x00, 0x00, 0x00, 0x65, 0x2d, 0x00, 0x00,
  0x00, 0x00, 0x00, 0x00, 0x7c, 0x13, 0x00, 0x00, 0x00, 0x00, 0x00, 0x00,
  0x0a, 0x00, 0x00, 0x00, 0x2b, 0x00, 0x00, 0x00, 0xaf, 0x4a, 0x00, 0x00,
  0x00, 0x00, 0x00, 0x00, 0x80, 0x13, 0x00, 0x00, 0x00, 0x00, 0x00, 0x00,
  0x0a, 0x00, 0x00, 0x00, 0x2b, 0x00, 0x00, 0x00, 0xac, 0x52, 0x00, 0x00,
  0x00, 0x00, 0x00, 0x00, 0x84, 0x13, 0x00, 0x00, 0x00, 0x00, 0x00, 0x00,
  0x0a, 0x00, 0x00, 0x00, 0x2b, 0x00, 0x00, 0x00, 0x61, 0x5a, 0x00, 0x00,
  0x00, 0x00, 0x00, 0x00, 0x88, 0x13, 0x00, 0x00, 0x00, 0x00, 0x00, 0x00,
  0x0a, 0x00, 0x00, 0x00, 0x2b, 0x00, 0x00, 0x00, 0xf0, 0x13, 0x00, 0x00,
  0x00, 0x00, 0x00, 0x00, 0x8c, 0x13, 0x00, 0x00, 0x00, 0x00, 0x00, 0x00,
  0x0a, 0x00, 0x00, 0x00, 0x2b, 0x00, 0x00, 0x00, 0x6d, 0x5a, 0x00, 0x00,
  0x00, 0x00, 0x00, 0x00, 0x90, 0x13, 0x00, 0x00, 0x00, 0x00, 0x00, 0x00,
  0x0a, 0x00, 0x00, 0x00, 0x2b, 0x00, 0x00, 0x00, 0xbb, 0x4a, 0x00, 0x00,
  0x00, 0x00, 0x00, 0x00, 0x94, 0x13, 0x00, 0x00, 0x00, 0x00, 0x00, 0x00,
  0x0a, 0x00, 0x00, 0x00, 0x2b, 0x00, 0x00, 0x00, 0x0a, 0x24, 0x00, 0x00,
  0x00, 0x00, 0x00, 0x00, 0x98, 0x13, 0x00, 0x00, 0x00, 0x00, 0x00, 0x00,
  0x0a, 0x00, 0x00, 0x00, 0x2b, 0x00, 0x00, 0x00, 0x20, 0x33, 0x00, 0x00,
  0x00, 0x00, 0x00, 0x00, 0x9c, 0x13, 0x00, 0x00, 0x00, 0x00, 0x00, 0x00,
  0x0a, 0x00, 0x00, 0x00, 0x2b, 0x00, 0x00, 0x00, 0xec, 0x07, 0x00, 0x00,
  0x00, 0x00, 0x00, 0x00, 0xa0, 0x13, 0x00, 0x00, 0x00, 0x00, 0x00, 0x00,
  0x0a, 0x00, 0x00, 0x00, 0x2b, 0x00, 0x00, 0x00, 0xaa, 0x44, 0x00, 0x00,
  0x00, 0x00, 0x00, 0x00, 0xa4, 0x13, 0x00, 0x00, 0x00, 0x00, 0x00, 0x00,
  0x0a, 0x00, 0x00, 0x00, 0x2b, 0x00, 0x00, 0x00, 0xf9, 0x38, 0x00, 0x00,
  0x00, 0x00, 0x00, 0x00, 0xa8, 0x13, 0x00, 0x00, 0x00, 0x00, 0x00, 0x00,
  0x0a, 0x00, 0x00, 0x00, 0x2b, 0x00, 0x00, 0x00, 0x13, 0x3c, 0x00, 0x00,
  0x00, 0x00, 0x00, 0x00, 0xac, 0x13, 0x00, 0x00, 0x00, 0x00, 0x00, 0x00,
  0x0a, 0x00, 0x00, 0x00, 0x2b, 0x00, 0x00, 0x00, 0x00, 0x36, 0x00, 0x00,
  0x00, 0x00, 0x00, 0x00, 0xb0, 0x13, 0x00, 0x00, 0x00, 0x00, 0x00, 0x00,
  0x0a, 0x00, 0x00, 0x00, 0x2b, 0x00, 0x00, 0x00, 0x80, 0x21, 0x00, 0x00,
  0x00, 0x00, 0x00, 0x00, 0xb4, 0x13, 0x00, 0x00, 0x00, 0x00, 0x00, 0x00,
  0x0a, 0x00, 0x00, 0x00, 0x2b, 0x00, 0x00, 0x00, 0x16, 0x0b, 0x00, 0x00,
  0x00, 0x00, 0x00, 0x00, 0xb8, 0x13, 0x00, 0x00, 0x00, 0x00, 0x00, 0x00,
  0x0a, 0x00, 0x00, 0x00, 0x2b, 0x00, 0x00, 0x00, 0x0c, 0x02, 0x00, 0x00,
  0x00, 0x00, 0x00, 0x00, 0xbc, 0x13, 0x00, 0x00, 0x00, 0x00, 0x00, 0x00,
  0x0a, 0x00, 0x00, 0x00, 0x2b, 0x00, 0x00, 0x00, 0x7d, 0x5a, 0x00, 0x00,
  0x00, 0x00, 0x00, 0x00, 0xc0, 0x13, 0x00, 0x00, 0x00, 0x00, 0x00, 0x00,
  0x0a, 0x00, 0x00, 0x00, 0x2b, 0x00, 0x00, 0x00, 0xbc, 0x26, 0x00, 0x00,
  0x00, 0x00, 0x00, 0x00, 0xc4, 0x13, 0x00, 0x00, 0x00, 0x00, 0x00, 0x00,
  0x0a, 0x00, 0x00, 0x00, 0x2b, 0x00, 0x00, 0x00, 0xc5, 0x26, 0x00, 0x00,
  0x00, 0x00, 0x00, 0x00, 0xc8, 0x13, 0x00, 0x00, 0x00, 0x00, 0x00, 0x00,
  0x0a, 0x00, 0x00, 0x00, 0x2b, 0x00, 0x00, 0x00, 0x25, 0x33, 0x00, 0x00,
  0x00, 0x00, 0x00, 0x00, 0xcc, 0x13, 0x00, 0x00, 0x00, 0x00, 0x00, 0x00,
  0x0a, 0x00, 0x00, 0x00, 0x2b, 0x00, 0x00, 0x00, 0x0b, 0x36, 0x00, 0x00,
  0x00, 0x00, 0x00, 0x00, 0xd0, 0x13, 0x00, 0x00, 0x00, 0x00, 0x00, 0x00,
  0x0a, 0x00, 0x00, 0x00, 0x2b, 0x00, 0x00, 0x00, 0x6c, 0x2d, 0x00, 0x00,
  0x00, 0x00, 0x00, 0x00, 0xd4, 0x13, 0x00, 0x00, 0x00, 0x00, 0x00, 0x00,
  0x0a, 0x00, 0x00, 0x00, 0x2b, 0x00, 0x00, 0x00, 0xb8, 0x04, 0x00, 0x00,
  0x00, 0x00, 0x00, 0x00, 0xd8, 0x13, 0x00, 0x00, 0x00, 0x00, 0x00, 0x00,
  0x0a, 0x00, 0x00, 0x00, 0x2b, 0x00, 0x00, 0x00, 0x23, 0x0e, 0x00, 0x00,
  0x00, 0x00, 0x00, 0x00, 0xdc, 0x13, 0x00, 0x00, 0x00, 0x00, 0x00, 0x00,
  0x0a, 0x00, 0x00, 0x00, 0x2b, 0x00, 0x00, 0x00, 0x87, 0x21, 0x00, 0x00,
  0x00, 0x00, 0x00, 0x00, 0xe0, 0x13, 0x00, 0x00, 0x00, 0x00, 0x00, 0x00,
  0x0a, 0x00, 0x00, 0x00, 0x2b, 0x00, 0x00, 0x00, 0x9c, 0x1b, 0x00, 0x00,
  0x00, 0x00, 0x00, 0x00, 0xe4, 0x13, 0x00, 0x00, 0x00, 0x00, 0x00, 0x00,
  0x0a, 0x00, 0x00, 0x00, 0x2b, 0x00, 0x00, 0x00, 0xa1, 0x1b, 0x00, 0x00,
  0x00, 0x00, 0x00, 0x00, 0xe8, 0x13, 0x00, 0x00, 0x00, 0x00, 0x00, 0x00,
  0x0a, 0x00, 0x00, 0x00, 0x2b, 0x00, 0x00, 0x00, 0xd0, 0x10, 0x00, 0x00,
  0x00, 0x00, 0x00, 0x00, 0xec, 0x13, 0x00, 0x00, 0x00, 0x00, 0x00, 0x00,
  0x0a, 0x00, 0x00, 0x00, 0x2b, 0x00, 0x00, 0x00, 0x13, 0x24, 0x00, 0x00,
  0x00, 0x00, 0x00, 0x00, 0xf0, 0x13, 0x00, 0x00, 0x00, 0x00, 0x00, 0x00,
  0x0a, 0x00, 0x00, 0x00, 0x2b, 0x00, 0x00, 0x00, 0x1c, 0x3c, 0x00, 0x00,
  0x00, 0x00, 0x00, 0x00, 0xf4, 0x13, 0x00, 0x00, 0x00, 0x00, 0x00, 0x00,
  0x0a, 0x00, 0x00, 0x00, 0x2b, 0x00, 0x00, 0x00, 0x3b, 0x2a, 0x00, 0x00,
  0x00, 0x00, 0x00, 0x00, 0xf8, 0x13, 0x00, 0x00, 0x00, 0x00, 0x00, 0x00,
  0x0a, 0x00, 0x00, 0x00, 0x2b, 0x00, 0x00, 0x00, 0x04, 0x39, 0x00, 0x00,
  0x00, 0x00, 0x00, 0x00, 0xfc, 0x13, 0x00, 0x00, 0x00, 0x00, 0x00, 0x00,
  0x0a, 0x00, 0x00, 0x00, 0x2b, 0x00, 0x00, 0x00, 0x72, 0x2d, 0x00, 0x00,
  0x00, 0x00, 0x00, 0x00, 0x00, 0x14, 0x00, 0x00, 0x00, 0x00, 0x00, 0x00,
  0x0a, 0x00, 0x00, 0x00, 0x2b, 0x00, 0x00, 0x00, 0xfe, 0x13, 0x00, 0x00,
  0x00, 0x00, 0x00, 0x00, 0x04, 0x14, 0x00, 0x00, 0x00, 0x00, 0x00, 0x00,
  0x0a, 0x00, 0x00, 0x00, 0x2b, 0x00, 0x00, 0x00, 0x1b, 0x02, 0x00, 0x00,
  0x00, 0x00, 0x00, 0x00, 0x08, 0x14, 0x00, 0x00, 0x00, 0x00, 0x00, 0x00,
  0x0a, 0x00, 0x00, 0x00, 0x2b, 0x00, 0x00, 0x00, 0x1b, 0x24, 0x00, 0x00,
  0x00, 0x00, 0x00, 0x00, 0x0c, 0x14, 0x00, 0x00, 0x00, 0x00, 0x00, 0x00,
  0x0a, 0x00, 0x00, 0x00, 0x2b, 0x00, 0x00, 0x00, 0xb6, 0x55, 0x00, 0x00,
  0x00, 0x00, 0x00, 0x00, 0x10, 0x14, 0x00, 0x00, 0x00, 0x00, 0x00, 0x00,
  0x0a, 0x00, 0x00, 0x00, 0x2b, 0x00, 0x00, 0x00, 0xce, 0x26, 0x00, 0x00,
  0x00, 0x00, 0x00, 0x00, 0x14, 0x14, 0x00, 0x00, 0x00, 0x00, 0x00, 0x00,
  0x0a, 0x00, 0x00, 0x00, 0x2b, 0x00, 0x00, 0x00, 0x02, 0x58, 0x00, 0x00,
  0x00, 0x00, 0x00, 0x00, 0x18, 0x14, 0x00, 0x00, 0x00, 0x00, 0x00, 0x00,
  0x0a, 0x00, 0x00, 0x00, 0x2b, 0x00, 0x00, 0x00, 0x89, 0x30, 0x00, 0x00,
  0x00, 0x00, 0x00, 0x00, 0x1c, 0x14, 0x00, 0x00, 0x00, 0x00, 0x00, 0x00,
  0x0a, 0x00, 0x00, 0x00, 0x2b, 0x00, 0x00, 0x00, 0x31, 0x16, 0x00, 0x00,
  0x00, 0x00, 0x00, 0x00, 0x20, 0x14, 0x00, 0x00, 0x00, 0x00, 0x00, 0x00,
  0x0a, 0x00, 0x00, 0x00, 0x2b, 0x00, 0x00, 0x00, 0x3b, 0x16, 0x00, 0x00,
  0x00, 0x00, 0x00, 0x00, 0x24, 0x14, 0x00, 0x00, 0x00, 0x00, 0x00, 0x00,
  0x0a, 0x00, 0x00, 0x00, 0x2b, 0x00, 0x00, 0x00, 0x13, 0x58, 0x00, 0x00,
  0x00, 0x00, 0x00, 0x00, 0x28, 0x14, 0x00, 0x00, 0x00, 0x00, 0x00, 0x00,
  0x0a, 0x00, 0x00, 0x00, 0x2b, 0x00, 0x00, 0x00, 0x41, 0x16, 0x00, 0x00,
  0x00, 0x00, 0x00, 0x00, 0x2c, 0x14, 0x00, 0x00, 0x00, 0x00, 0x00, 0x00,
  0x0a, 0x00, 0x00, 0x00, 0x2b, 0x00, 0x00, 0x00, 0x8a, 0x5a, 0x00, 0x00,
  0x00, 0x00, 0x00, 0x00, 0x30, 0x14, 0x00, 0x00, 0x00, 0x00, 0x00, 0x00,
  0x0a, 0x00, 0x00, 0x00, 0x2b, 0x00, 0x00, 0x00, 0x0b, 0x39, 0x00, 0x00,
  0x00, 0x00, 0x00, 0x00, 0x34, 0x14, 0x00, 0x00, 0x00, 0x00, 0x00, 0x00,
  0x0a, 0x00, 0x00, 0x00, 0x2b, 0x00, 0x00, 0x00, 0x58, 0x1e, 0x00, 0x00,
  0x00, 0x00, 0x00, 0x00, 0x38, 0x14, 0x00, 0x00, 0x00, 0x00, 0x00, 0x00,
  0x0a, 0x00, 0x00, 0x00, 0x2b, 0x00, 0x00, 0x00, 0x2d, 0x33, 0x00, 0x00,
  0x00, 0x00, 0x00, 0x00, 0x3c, 0x14, 0x00, 0x00, 0x00, 0x00, 0x00, 0x00,
  0x0a, 0x00, 0x00, 0x00, 0x2b, 0x00, 0x00, 0x00, 0x16, 0x39, 0x00, 0x00,
  0x00, 0x00, 0x00, 0x00, 0x40, 0x14, 0x00, 0x00, 0x00, 0x00, 0x00, 0x00,
  0x0a, 0x00, 0x00, 0x00, 0x2b, 0x00, 0x00, 0x00, 0xf5, 0x07, 0x00, 0x00,
  0x00, 0x00, 0x00, 0x00, 0x44, 0x14, 0x00, 0x00, 0x00, 0x00, 0x00, 0x00,
  0x0a, 0x00, 0x00, 0x00, 0x2b, 0x00, 0x00, 0x00, 0xb2, 0x1b, 0x00, 0x00,
  0x00, 0x00, 0x00, 0x00, 0x48, 0x14, 0x00, 0x00, 0x00, 0x00, 0x00, 0x00,
  0x0a, 0x00, 0x00, 0x00, 0x2b, 0x00, 0x00, 0x00, 0xcf, 0x18, 0x00, 0x00,
  0x00, 0x00, 0x00, 0x00, 0x4c, 0x14, 0x00, 0x00, 0x00, 0x00, 0x00, 0x00,
  0x0a, 0x00, 0x00, 0x00, 0x2b, 0x00, 0x00, 0x00, 0xd9, 0x10, 0x00, 0x00,
  0x00, 0x00, 0x00, 0x00, 0x50, 0x14, 0x00, 0x00, 0x00, 0x00, 0x00, 0x00,
  0x0a, 0x00, 0x00, 0x00, 0x2b, 0x00, 0x00, 0x00, 0x5f, 0x1e, 0x00, 0x00,
  0x00, 0x00, 0x00, 0x00, 0x54, 0x14, 0x00, 0x00, 0x00, 0x00, 0x00, 0x00,
  0x0a, 0x00, 0x00, 0x00, 0x2b, 0x00, 0x00, 0x00, 0x28, 0x0e, 0x00, 0x00,
  0x00, 0x00, 0x00, 0x00, 0x58, 0x14, 0x00, 0x00, 0x00, 0x00, 0x00, 0x00,
  0x0a, 0x00, 0x00, 0x00, 0x2b, 0x00, 0x00, 0x00, 0xbd, 0x04, 0x00, 0x00,
  0x00, 0x00, 0x00, 0x00, 0x5c, 0x14, 0x00, 0x00, 0x00, 0x00, 0x00, 0x00,
  0x0a, 0x00, 0x00, 0x00, 0x2b, 0x00, 0x00, 0x00, 0xd5, 0x26, 0x00, 0x00,
  0x00, 0x00, 0x00, 0x00, 0x60, 0x14, 0x00, 0x00, 0x00, 0x00, 0x00, 0x00,
  0x0a, 0x00, 0x00, 0x00, 0x2b, 0x00, 0x00, 0x00, 0xbe, 0x55, 0x00, 0x00,
  0x00, 0x00, 0x00, 0x00, 0x64, 0x14, 0x00, 0x00, 0x00, 0x00, 0x00, 0x00,
  0x0a, 0x00, 0x00, 0x00, 0x2b, 0x00, 0x00, 0x00, 0xb8, 0x1b, 0x00, 0x00,
  0x00, 0x00, 0x00, 0x00, 0x68, 0x14, 0x00, 0x00, 0x00, 0x00, 0x00, 0x00,
  0x0a, 0x00, 0x00, 0x00, 0x2b, 0x00, 0x00, 0x00, 0x26, 0x3c, 0x00, 0x00,
  0x00, 0x00, 0x00, 0x00, 0x6c, 0x14, 0x00, 0x00, 0x00, 0x00, 0x00, 0x00,
  0x0a, 0x00, 0x00, 0x00, 0x2b, 0x00, 0x00, 0x00, 0x26, 0x0b, 0x00, 0x00,
  0x00, 0x00, 0x00, 0x00, 0x70, 0x14, 0x00, 0x00, 0x00, 0x00, 0x00, 0x00,
  0x0a, 0x00, 0x00, 0x00, 0x2b, 0x00, 0x00, 0x00, 0xb8, 0x44, 0x00, 0x00,
  0x00, 0x00, 0x00, 0x00, 0x74, 0x14, 0x00, 0x00, 0x00, 0x00, 0x00, 0x00,
  0x0a, 0x00, 0x00, 0x00, 0x2b, 0x00, 0x00, 0x00, 0xc0, 0x1b, 0x00, 0x00,
  0x00, 0x00, 0x00, 0x00, 0x78, 0x14, 0x00, 0x00, 0x00, 0x00, 0x00, 0x00,
  0x0a, 0x00, 0x00, 0x00, 0x2b, 0x00, 0x00, 0x00, 0x0b, 0x14, 0x00, 0x00,
  0x00, 0x00, 0x00, 0x00, 0x7c, 0x14, 0x00, 0x00, 0x00, 0x00, 0x00, 0x00,
  0x0a, 0x00, 0x00, 0x00, 0x2b, 0x00, 0x00, 0x00, 0x7a, 0x3e, 0x00, 0x00,
  0x00, 0x00, 0x00, 0x00, 0x80, 0x14, 0x00, 0x00, 0x00, 0x00, 0x00, 0x00,
  0x0a, 0x00, 0x00, 0x00, 0x2b, 0x00, 0x00, 0x00, 0x01, 0x08, 0x00, 0x00,
  0x00, 0x00, 0x00, 0x00, 0x84, 0x14, 0x00, 0x00, 0x00, 0x00, 0x00, 0x00,
  0x0a, 0x00, 0x00, 0x00, 0x2b, 0x00, 0x00, 0x00, 0x64, 0x41, 0x00, 0x00,
  0x00, 0x00, 0x00, 0x00, 0x88, 0x14, 0x00, 0x00, 0x00, 0x00, 0x00, 0x00,
  0x0a, 0x00, 0x00, 0x00, 0x2b, 0x00, 0x00, 0x00, 0xc8, 0x4a, 0x00, 0x00,
  0x00, 0x00, 0x00, 0x00, 0x8c, 0x14, 0x00, 0x00, 0x00, 0x00, 0x00, 0x00,
  0x0a, 0x00, 0x00, 0x00, 0x2b, 0x00, 0x00, 0x00, 0x1f, 0x02, 0x00, 0x00,
  0x00, 0x00, 0x00, 0x00, 0x90, 0x14, 0x00, 0x00, 0x00, 0x00, 0x00, 0x00,
  0x0a, 0x00, 0x00, 0x00, 0x2b, 0x00, 0x00, 0x00, 0x34, 0x33, 0x00, 0x00,
  0x00, 0x00, 0x00, 0x00, 0x94, 0x14, 0x00, 0x00, 0x00, 0x00, 0x00, 0x00,
  0x0a, 0x00, 0x00, 0x00, 0x2b, 0x00, 0x00, 0x00, 0x65, 0x1e, 0x00, 0x00,
  0x00, 0x00, 0x00, 0x00, 0x98, 0x14, 0x00, 0x00, 0x00, 0x00, 0x00, 0x00,
  0x0a, 0x00, 0x00, 0x00, 0x2b, 0x00, 0x00, 0x00, 0x31, 0x3c, 0x00, 0x00,
  0x00, 0x00, 0x00, 0x00, 0x9c, 0x14, 0x00, 0x00, 0x00, 0x00, 0x00, 0x00,
  0x0a, 0x00, 0x00, 0x00, 0x2b, 0x00, 0x00, 0x00, 0xbe, 0x44, 0x00, 0x00,
  0x00, 0x00, 0x00, 0x00, 0xa0, 0x14, 0x00, 0x00, 0x00, 0x00, 0x00, 0x00,
  0x0a, 0x00, 0x00, 0x00, 0x2b, 0x00, 0x00, 0x00, 0x49, 0x3c, 0x00, 0x00,
  0x00, 0x00, 0x00, 0x00, 0xa4, 0x14, 0x00, 0x00, 0x00, 0x00, 0x00, 0x00,
  0x0a, 0x00, 0x00, 0x00, 0x2b, 0x00, 0x00, 0x00, 0xc6, 0x44, 0x00, 0x00,
  0x00, 0x00, 0x00, 0x00, 0xa8, 0x14, 0x00, 0x00, 0x00, 0x00, 0x00, 0x00,
  0x0a, 0x00, 0x00, 0x00, 0x2b, 0x00, 0x00, 0x00, 0x0f, 0x08, 0x00, 0x00,
  0x00, 0x00, 0x00, 0x00, 0xac, 0x14, 0x00, 0x00, 0x00, 0x00, 0x00, 0x00,
  0x0a, 0x00, 0x00, 0x00, 0x2b, 0x00, 0x00, 0x00, 0x2f, 0x0e, 0x00, 0x00,
  0x00, 0x00, 0x00, 0x00, 0xb0, 0x14, 0x00, 0x00, 0x00, 0x00, 0x00, 0x00,
  0x0a, 0x00, 0x00, 0x00, 0x2b, 0x00, 0x00, 0x00, 0x4b, 0x16, 0x00, 0x00,
  0x00, 0x00, 0x00, 0x00, 0xb4, 0x14, 0x00, 0x00, 0x00, 0x00, 0x00, 0x00,
  0x0a, 0x00, 0x00, 0x00, 0x2b, 0x00, 0x00, 0x00, 0x40, 0x0e, 0x00, 0x00,
  0x00, 0x00, 0x00, 0x00, 0xb8, 0x14, 0x00, 0x00, 0x00, 0x00, 0x00, 0x00,
  0x0a, 0x00, 0x00, 0x00, 0x2b, 0x00, 0x00, 0x00, 0xce, 0x44, 0x00, 0x00,
  0x00, 0x00, 0x00, 0x00, 0xbc, 0x14, 0x00, 0x00, 0x00, 0x00, 0x00, 0x00,
  0x0a, 0x00, 0x00, 0x00, 0x2b, 0x00, 0x00, 0x00, 0xb7, 0x52, 0x00, 0x00,
  0x00, 0x00, 0x00, 0x00, 0xc0, 0x14, 0x00, 0x00, 0x00, 0x00, 0x00, 0x00,
  0x0a, 0x00, 0x00, 0x00, 0x2b, 0x00, 0x00, 0x00, 0x45, 0x2a, 0x00, 0x00,
  0x00, 0x00, 0x00, 0x00, 0xc4, 0x14, 0x00, 0x00, 0x00, 0x00, 0x00, 0x00,
  0x0a, 0x00, 0x00, 0x00, 0x2b, 0x00, 0x00, 0x00, 0xc6, 0x04, 0x00, 0x00,
  0x00, 0x00, 0x00, 0x00, 0xc8, 0x14, 0x00, 0x00, 0x00, 0x00, 0x00, 0x00,
  0x0a, 0x00, 0x00, 0x00, 0x2b, 0x00, 0x00, 0x00, 0x3f, 0x33, 0x00, 0x00,
  0x00, 0x00, 0x00, 0x00, 0xcc, 0x14, 0x00, 0x00, 0x00, 0x00, 0x00, 0x00,
  0x0a, 0x00, 0x00, 0x00, 0x2b, 0x00, 0x00, 0x00, 0x94, 0x5a, 0x00, 0x00,
  0x00, 0x00, 0x00, 0x00, 0xd0, 0x14, 0x00, 0x00, 0x00, 0x00, 0x00, 0x00,
  0x0a, 0x00, 0x00, 0x00, 0x2b, 0x00, 0x00, 0x00, 0x4d, 0x33, 0x00, 0x00,
  0x00, 0x00, 0x00, 0x00, 0xd4, 0x14, 0x00, 0x00, 0x00, 0x00, 0x00, 0x00,
  0x0a, 0x00, 0x00, 0x00, 0x2b, 0x00, 0x00, 0x00, 0x2c, 0x02, 0x00, 0x00,
  0x00, 0x00, 0x00, 0x00, 0xd8, 0x14, 0x00, 0x00, 0x00, 0x00, 0x00, 0x00,
  0x0a, 0x00, 0x00, 0x00, 0x2b, 0x00, 0x00, 0x00, 0x7b, 0x2d, 0x00, 0x00,
  0x00, 0x00, 0x00, 0x00, 0xdc, 0x14, 0x00, 0x00, 0x00, 0x00, 0x00, 0x00,
  0x0a, 0x00, 0x00, 0x00, 0x2b, 0x00, 0x00, 0x00, 0x47, 0x4e, 0x00, 0x00,
  0x00, 0x00, 0x00, 0x00, 0xe0, 0x14, 0x00, 0x00, 0x00, 0x00, 0x00, 0x00,
  0x0a, 0x00, 0x00, 0x00, 0x2b, 0x00, 0x00, 0x00, 0xcb, 0x1b, 0x00, 0x00,
  0x00, 0x00, 0x00, 0x00, 0xe4, 0x14, 0x00, 0x00, 0x00, 0x00, 0x00, 0x00,
  0x0a, 0x00, 0x00, 0x00, 0x2b, 0x00, 0x00, 0x00, 0x15, 0x36, 0x00, 0x00,
  0x00, 0x00, 0x00, 0x00, 0xe8, 0x14, 0x00, 0x00, 0x00, 0x00, 0x00, 0x00,
  0x0a, 0x00, 0x00, 0x00, 0x2b, 0x00, 0x00, 0x00, 0x3d, 0x02, 0x00, 0x00,
  0x00, 0x00, 0x00, 0x00, 0xec, 0x14, 0x00, 0x00, 0x00, 0x00, 0x00, 0x00,
  0x0a, 0x00, 0x00, 0x00, 0x2b, 0x00, 0x00, 0x00, 0x8e, 0x21, 0x00, 0x00,
  0x00, 0x00, 0x00, 0x00, 0xf0, 0x14, 0x00, 0x00, 0x00, 0x00, 0x00, 0x00,
  0x0a, 0x00, 0x00, 0x00, 0x2b, 0x00, 0x00, 0x00, 0x21, 0x39, 0x00, 0x00,
  0x00, 0x00, 0x00, 0x00, 0xf4, 0x14, 0x00, 0x00, 0x00, 0x00, 0x00, 0x00,
  0x0a, 0x00, 0x00, 0x00, 0x2b, 0x00, 0x00, 0x00, 0xdf, 0x10, 0x00, 0x00,
  0x00, 0x00, 0x00, 0x00, 0xf8, 0x14, 0x00, 0x00, 0x00, 0x00, 0x00, 0x00,
  0x0a, 0x00, 0x00, 0x00, 0x2b, 0x00, 0x00, 0x00, 0xdb, 0x1b, 0x00, 0x00,
  0x00, 0x00, 0x00, 0x00, 0xfc, 0x14, 0x00, 0x00, 0x00, 0x00, 0x00, 0x00,
  0x0a, 0x00, 0x00, 0x00, 0x2b, 0x00, 0x00, 0x00, 0x1a, 0x14, 0x00, 0x00,
  0x00, 0x00, 0x00, 0x00, 0x00, 0x15, 0x00, 0x00, 0x00, 0x00, 0x00, 0x00,
  0x0a, 0x00, 0x00, 0x00, 0x2b, 0x00, 0x00, 0x00, 0xc5, 0x52, 0x00, 0x00,
  0x00, 0x00, 0x00, 0x00, 0x04, 0x15, 0x00, 0x00, 0x00, 0x00, 0x00, 0x00,
  0x0a, 0x00, 0x00, 0x00, 0x2b, 0x00, 0x00, 0x00, 0xdb, 0x44, 0x00, 0x00,
  0x00, 0x00, 0x00, 0x00, 0x08, 0x15, 0x00, 0x00, 0x00, 0x00, 0x00, 0x00,
  0x0a, 0x00, 0x00, 0x00, 0x2b, 0x00, 0x00, 0x00, 0xc8, 0x50, 0x00, 0x00,
  0x00, 0x00, 0x00, 0x00, 0x0c, 0x15, 0x00, 0x00, 0x00, 0x00, 0x00, 0x00,
  0x0a, 0x00, 0x00, 0x00, 0x2b, 0x00, 0x00, 0x00, 0xd2, 0x52, 0x00, 0x00,
  0x00, 0x00, 0x00, 0x00, 0x10, 0x15, 0x00, 0x00, 0x00, 0x00, 0x00, 0x00,
  0x0a, 0x00, 0x00, 0x00, 0x2b, 0x00, 0x00, 0x00, 0x56, 0x4e, 0x00, 0x00,
  0x00, 0x00, 0x00, 0x00, 0x14, 0x15, 0x00, 0x00, 0x00, 0x00, 0x00, 0x00,
  0x0a, 0x00, 0x00, 0x00, 0x2b, 0x00, 0x00, 0x00, 0x4e, 0x0e, 0x00, 0x00,
  0x00, 0x00, 0x00, 0x00, 0x18, 0x15, 0x00, 0x00, 0x00, 0x00, 0x00, 0x00,
  0x0a, 0x00, 0x00, 0x00, 0x2b, 0x00, 0x00, 0x00, 0xa3, 0x5a, 0x00, 0x00,
  0x00, 0x00, 0x00, 0x00, 0x1c, 0x15, 0x00, 0x00, 0x00, 0x00, 0x00, 0x00,
  0x0a, 0x00, 0x00, 0x00, 0x2b, 0x00, 0x00, 0x00, 0xb5, 0x47, 0x00, 0x00,
  0x00, 0x00, 0x00, 0x00, 0x20, 0x15, 0x00, 0x00, 0x00, 0x00, 0x00, 0x00,
  0x0a, 0x00, 0x00, 0x00, 0x2b, 0x00, 0x00, 0x00, 0x2f, 0x0b, 0x00, 0x00,
  0x00, 0x00, 0x00, 0x00, 0x24, 0x15, 0x00, 0x00, 0x00, 0x00, 0x00, 0x00,
  0x0a, 0x00, 0x00, 0x00, 0x2b, 0x00, 0x00, 0x00, 0x3b, 0x0b, 0x00, 0x00,
  0x00, 0x00, 0x00, 0x00, 0x28, 0x15, 0x00, 0x00, 0x00, 0x00, 0x00, 0x00,
  0x0a, 0x00, 0x00, 0x00, 0x2b, 0x00, 0x00, 0x00, 0x90, 0x30, 0x00, 0x00,
  0x00, 0x00, 0x00, 0x00, 0x2c, 0x15, 0x00, 0x00, 0x00, 0x00, 0x00, 0x00,
  0x0a, 0x00, 0x00, 0x00, 0x2b, 0x00, 0x00, 0x00, 0x5e, 0x16, 0x00, 0x00,
  0x00, 0x00, 0x00, 0x00, 0x30, 0x15, 0x00, 0x00, 0x00, 0x00, 0x00, 0x00,
  0x0a, 0x00, 0x00, 0x00, 0x2b, 0x00, 0x00, 0x00, 0x51, 0x3c, 0x00, 0x00,
  0x00, 0x00, 0x00, 0x00, 0x34, 0x15, 0x00, 0x00, 0x00, 0x00, 0x00, 0x00,
  0x0a, 0x00, 0x00, 0x00, 0x2b, 0x00, 0x00, 0x00, 0x76, 0x1e, 0x00, 0x00,
  0x00, 0x00, 0x00, 0x00, 0x38, 0x15, 0x00, 0x00, 0x00, 0x00, 0x00, 0x00,
  0x0a, 0x00, 0x00, 0x00, 0x2b, 0x00, 0x00, 0x00, 0x4e, 0x02, 0x00, 0x00,
  0x00, 0x00, 0x00, 0x00, 0x3c, 0x15, 0x00, 0x00, 0x00, 0x00, 0x00, 0x00,
  0x0a, 0x00, 0x00, 0x00, 0x2b, 0x00, 0x00, 0x00, 0x1b, 0x08, 0x00, 0x00,
  0x00, 0x00, 0x00, 0x00, 0x40, 0x15, 0x00, 0x00, 0x00, 0x00, 0x00, 0x00,
  0x0a, 0x00, 0x00, 0x00, 0x2b, 0x00, 0x00, 0x00, 0xe9, 0x10, 0x00, 0x00,
  0x00, 0x00, 0x00, 0x00, 0x44, 0x15, 0x00, 0x00, 0x00, 0x00, 0x00, 0x00,
  0x0a, 0x00, 0x00, 0x00, 0x2b, 0x00, 0x00, 0x00, 0xd5, 0x18, 0x00, 0x00,
  0x00, 0x00, 0x00, 0x00, 0x48, 0x15, 0x00, 0x00, 0x00, 0x00, 0x00, 0x00,
  0x0a, 0x00, 0x00, 0x00, 0x2b, 0x00, 0x00, 0x00, 0xc2, 0x55, 0x00, 0x00,
  0x00, 0x00, 0x00, 0x00, 0x4c, 0x15, 0x00, 0x00, 0x00, 0x00, 0x00, 0x00,
  0x0a, 0x00, 0x00, 0x00, 0x2b, 0x00, 0x00, 0x00, 0x67, 0x16, 0x00, 0x00,
  0x00, 0x00, 0x00, 0x00, 0x50, 0x15, 0x00, 0x00, 0x00, 0x00, 0x00, 0x00,
  0x0a, 0x00, 0x00, 0x00, 0x2b, 0x00, 0x00, 0x00, 0x24, 0x24, 0x00, 0x00,
  0x00, 0x00, 0x00, 0x00, 0x54, 0x15, 0x00, 0x00, 0x00, 0x00, 0x00, 0x00,
  0x0a, 0x00, 0x00, 0x00, 0x2b, 0x00, 0x00, 0x00, 0x5c, 0x33, 0x00, 0x00,
  0x00, 0x00, 0x00, 0x00, 0x58, 0x15, 0x00, 0x00, 0x00, 0x00, 0x00, 0x00,
  0x0a, 0x00, 0x00, 0x00, 0x2b, 0x00, 0x00, 0x00, 0x4c, 0x0b, 0x00, 0x00,
  0x00, 0x00, 0x00, 0x00, 0x5c, 0x15, 0x00, 0x00, 0x00, 0x00, 0x00, 0x00,
  0x0a, 0x00, 0x00, 0x00, 0x2b, 0x00, 0x00, 0x00, 0xce, 0x55, 0x00, 0x00,
  0x00, 0x00, 0x00, 0x00, 0x60, 0x15, 0x00, 0x00, 0x00, 0x00, 0x00, 0x00,
  0x0a, 0x00, 0x00, 0x00, 0x2b, 0x00, 0x00, 0x00, 0x1b, 0x58, 0x00, 0x00,
  0x00, 0x00, 0x00, 0x00, 0x64, 0x15, 0x00, 0x00, 0x00, 0x00, 0x00, 0x00,
  0x0a, 0x00, 0x00, 0x00, 0x2b, 0x00, 0x00, 0x00, 0x71, 0x16, 0x00, 0x00,
  0x00, 0x00, 0x00, 0x00, 0x68, 0x15, 0x00, 0x00, 0x00, 0x00, 0x00, 0x00,
  0x0a, 0x00, 0x00, 0x00, 0x2b, 0x00, 0x00, 0x00, 0x57, 0x0e, 0x00, 0x00,
  0x00, 0x00, 0x00, 0x00, 0x6c, 0x15, 0x00, 0x00, 0x00, 0x00, 0x00, 0x00,
  0x0a, 0x00, 0x00, 0x00, 0x2b, 0x00, 0x00, 0x00, 0x7a, 0x16, 0x00, 0x00,
  0x00, 0x00, 0x00, 0x00, 0x70, 0x15, 0x00, 0x00, 0x00, 0x00, 0x00, 0x00,
  0x0a, 0x00, 0x00, 0x00, 0x2b, 0x00, 0x00, 0x00, 0xea, 0x18, 0x00, 0x00,
  0x00, 0x00, 0x00, 0x00, 0x74, 0x15, 0x00, 0x00, 0x00, 0x00, 0x00, 0x00,
  0x0a, 0x00, 0x00, 0x00, 0x2b, 0x00, 0x00, 0x00, 0x55, 0x2a, 0x00, 0x00,
  0x00, 0x00, 0x00, 0x00, 0x78, 0x15, 0x00, 0x00, 0x00, 0x00, 0x00, 0x00,
  0x0a, 0x00, 0x00, 0x00, 0x2b, 0x00, 0x00, 0x00, 0x9e, 0x21, 0x00, 0x00,
  0x00, 0x00, 0x00, 0x00, 0x7c, 0x15, 0x00, 0x00, 0x00, 0x00, 0x00, 0x00,
  0x0a, 0x00, 0x00, 0x00, 0x2b, 0x00, 0x00, 0x00, 0x29, 0x39, 0x00, 0x00,
  0x00, 0x00, 0x00, 0x00, 0x80, 0x15, 0x00, 0x00, 0x00, 0x00, 0x00, 0x00,
  0x0a, 0x00, 0x00, 0x00, 0x2b, 0x00, 0x00, 0x00, 0x9e, 0x30, 0x00, 0x00,
  0x00, 0x00, 0x00, 0x00, 0x84, 0x15, 0x00, 0x00, 0x00, 0x00, 0x00, 0x00,
  0x0a, 0x00, 0x00, 0x00, 0x2b, 0x00, 0x00, 0x00, 0x58, 0x2a, 0x00, 0x00,
  0x00, 0x00, 0x00, 0x00, 0x88, 0x15, 0x00, 0x00, 0x00, 0x00, 0x00, 0x00,
  0x0a, 0x00, 0x00, 0x00, 0x2b, 0x00, 0x00, 0x00, 0xda, 0x55, 0x00, 0x00,
  0x00, 0x00, 0x00, 0x00, 0x8c, 0x15, 0x00, 0x00, 0x00, 0x00, 0x00, 0x00,
  0x0a, 0x00, 0x00, 0x00, 0x2b, 0x00, 0x00, 0x00, 0x26, 0x58, 0x00, 0x00,
  0x00, 0x00, 0x00, 0x00, 0x90, 0x15, 0x00, 0x00, 0x00, 0x00, 0x00, 0x00,
  0x0a, 0x00, 0x00, 0x00, 0x2b, 0x00, 0x00, 0x00, 0x2a, 0x08, 0x00, 0x00,
  0x00, 0x00, 0x00, 0x00, 0x94, 0x15, 0x00, 0x00, 0x00, 0x00, 0x00, 0x00,
  0x0a, 0x00, 0x00, 0x00, 0x2b, 0x00, 0x00, 0x00, 0x2c, 0x58, 0x00, 0x00,
  0x00, 0x00, 0x00, 0x00, 0x98, 0x15, 0x00, 0x00, 0x00, 0x00, 0x00, 0x00,
  0x0a, 0x00, 0x00, 0x00, 0x2b, 0x00, 0x00, 0x00, 0xf3, 0x18, 0x00, 0x00,
  0x00, 0x00, 0x00, 0x00, 0x9c, 0x15, 0x00, 0x00, 0x00, 0x00, 0x00, 0x00,
  0x0a, 0x00, 0x00, 0x00, 0x2b, 0x00, 0x00, 0x00, 0x39, 0x39, 0x00, 0x00,
  0x00, 0x00, 0x00, 0x00, 0xa0, 0x15, 0x00, 0x00, 0x00, 0x00, 0x00, 0x00,
  0x0a, 0x00, 0x00, 0x00, 0x2b, 0x00, 0x00, 0x00, 0x5a, 0x4e, 0x00, 0x00,
  0x00, 0x00, 0x00, 0x00, 0xa4, 0x15, 0x00, 0x00, 0x00, 0x00, 0x00, 0x00,
  0x0a, 0x00, 0x00, 0x00, 0x2b, 0x00, 0x00, 0x00, 0xa7, 0x30, 0x00, 0x00,
  0x00, 0x00, 0x00, 0x00, 0xa8, 0x15, 0x00, 0x00, 0x00, 0x00, 0x00, 0x00,
  0x0a, 0x00, 0x00, 0x00, 0x2b, 0x00, 0x00, 0x00, 0x87, 0x2d, 0x00, 0x00,
  0x00, 0x00, 0x00, 0x00, 0xac, 0x15, 0x00, 0x00, 0x00, 0x00, 0x00, 0x00,
  0x0a, 0x00, 0x00, 0x00, 0x2b, 0x00, 0x00, 0x00, 0xd5, 0x4a, 0x00, 0x00,
  0x00, 0x00, 0x00, 0x00, 0xb0, 0x15, 0x00, 0x00, 0x00, 0x00, 0x00, 0x00,
  0x0a, 0x00, 0x00, 0x00, 0x2b, 0x00, 0x00, 0x00, 0xde, 0x04, 0x00, 0x00,
  0x00, 0x00, 0x00, 0x00, 0xb4, 0x15, 0x00, 0x00, 0x00, 0x00, 0x00, 0x00,
  0x0a, 0x00, 0x00, 0x00, 0x2b, 0x00, 0x00, 0x00, 0x65, 0x2a, 0x00, 0x00,
  0x00, 0x00, 0x00, 0x00, 0xb8, 0x15, 0x00, 0x00, 0x00, 0x00, 0x00, 0x00,
  0x0a, 0x00, 0x00, 0x00, 0x2b, 0x00, 0x00, 0x00, 0x36, 0x08, 0x00, 0x00,
  0x00, 0x00, 0x00, 0x00, 0xbc, 0x15, 0x00, 0x00, 0x00, 0x00, 0x00, 0x00,
  0x0a, 0x00, 0x00, 0x00, 0x2b, 0x00, 0x00, 0x00, 0x5f, 0x0e, 0x00, 0x00,
  0x00, 0x00, 0x00, 0x00, 0xc0, 0x15, 0x00, 0x00, 0x00, 0x00, 0x00, 0x00,
  0x0a, 0x00, 0x00, 0x00, 0x2b, 0x00, 0x00, 0x00, 0xb1, 0x30, 0x00, 0x00,
  0x00, 0x00, 0x00, 0x00, 0xc4, 0x15, 0x00, 0x00, 0x00, 0x00, 0x00, 0x00,
  0x0a, 0x00, 0x00, 0x00, 0x2b, 0x00, 0x00, 0x00, 0x60, 0x33, 0x00, 0x00,
  0x00, 0x00, 0x00, 0x00, 0xc8, 0x15, 0x00, 0x00, 0x00, 0x00, 0x00, 0x00,
  0x0a, 0x00, 0x00, 0x00, 0x2b, 0x00, 0x00, 0x00, 0xf2, 0x10, 0x00, 0x00,
  0x00, 0x00, 0x00, 0x00, 0xcc, 0x15, 0x00, 0x00, 0x00, 0x00, 0x00, 0x00,
  0x0a, 0x00, 0x00, 0x00, 0x2b, 0x00, 0x00, 0x00, 0x59, 0x3c, 0x00, 0x00,
  0x00, 0x00, 0x00, 0x00, 0xd0, 0x15, 0x00, 0x00, 0x00, 0x00, 0x00, 0x00,
  0x0a, 0x00, 0x00, 0x00, 0x2b, 0x00, 0x00, 0x00, 0xa8, 0x21, 0x00, 0x00,
  0x00, 0x00, 0x00, 0x00, 0xd4, 0x15, 0x00, 0x00, 0x00, 0x00, 0x00, 0x00,
  0x0a, 0x00, 0x00, 0x00, 0x2b, 0x00, 0x00, 0x00, 0xda, 0x52, 0x00, 0x00,
  0x00, 0x00, 0x00, 0x00, 0xd8, 0x15, 0x00, 0x00, 0x00, 0x00, 0x00, 0x00,
  0x0a, 0x00, 0x00, 0x00, 0x2b, 0x00, 0x00, 0x00, 0xfd, 0x18, 0x00, 0x00,
  0x00, 0x00, 0x00, 0x00, 0xdc, 0x15, 0x00, 0x00, 0x00, 0x00, 0x00, 0x00,
  0x0a, 0x00, 0x00, 0x00, 0x2b, 0x00, 0x00, 0x00, 0xc5, 0x47, 0x00, 0x00,
  0x00, 0x00, 0x00, 0x00, 0xe0, 0x15, 0x00, 0x00, 0x00, 0x00, 0x00, 0x00,
  0x0a, 0x00, 0x00, 0x00, 0x2b, 0x00, 0x00, 0x00, 0x7b, 0x1e, 0x00, 0x00,
  0x00, 0x00, 0x00, 0x00, 0xe4, 0x15, 0x00, 0x00, 0x00, 0x00, 0x00, 0x00,
  0x0a, 0x00, 0x00, 0x00, 0x2b, 0x00, 0x00, 0x00, 0x28, 0x36, 0x00, 0x00,
  0x00, 0x00, 0x00, 0x00, 0xe8, 0x15, 0x00, 0x00, 0x00, 0x00, 0x00, 0x00,
  0x0a, 0x00, 0x00, 0x00, 0x2b, 0x00, 0x00, 0x00, 0x8e, 0x2d, 0x00, 0x00,
  0x00, 0x00, 0x00, 0x00, 0xec, 0x15, 0x00, 0x00, 0x00, 0x00, 0x00, 0x00,
  0x0a, 0x00, 0x00, 0x00, 0x2b, 0x00, 0x00, 0x00, 0xe2, 0x44, 0x00, 0x00,
  0x00, 0x00, 0x00, 0x00, 0xf0, 0x15, 0x00, 0x00, 0x00, 0x00, 0x00, 0x00,
  0x0a, 0x00, 0x00, 0x00, 0x2b, 0x00, 0x00, 0x00, 0x00, 0x11, 0x00, 0x00,
  0x00, 0x00, 0x00, 0x00, 0xf4, 0x15, 0x00, 0x00, 0x00, 0x00, 0x00, 0x00,
  0x0a, 0x00, 0x00, 0x00, 0x2b, 0x00, 0x00, 0x00, 0x6e, 0x0e, 0x00, 0x00,
  0x00, 0x00, 0x00, 0x00, 0xf8, 0x15, 0x00, 0x00, 0x00, 0x00, 0x00, 0x00,
  0x0a, 0x00, 0x00, 0x00, 0x2b, 0x00, 0x00, 0x00, 0x29, 0x24, 0x00, 0x00,
  0x00, 0x00, 0x00, 0x00, 0xfc, 0x15, 0x00, 0x00, 0x00, 0x00, 0x00, 0x00,
  0x0a, 0x00, 0x00, 0x00, 0x2b, 0x00, 0x00, 0x00, 0x35, 0x24, 0x00, 0x00,
  0x00, 0x00, 0x00, 0x00, 0x00, 0x16, 0x00, 0x00, 0x00, 0x00, 0x00, 0x00,
  0x0a, 0x00, 0x00, 0x00, 0x2b, 0x00, 0x00, 0x00, 0x09, 0x19, 0x00, 0x00,
  0x00, 0x00, 0x00, 0x00, 0x04, 0x16, 0x00, 0x00, 0x00, 0x00, 0x00, 0x00,
  0x0a, 0x00, 0x00, 0x00, 0x2b, 0x00, 0x00, 0x00, 0x7c, 0x0e, 0x00, 0x00,
  0x00, 0x00, 0x00, 0x00, 0x08, 0x16, 0x00, 0x00, 0x00, 0x00, 0x00, 0x00,
  0x0a, 0x00, 0x00, 0x00, 0x2b, 0x00, 0x00, 0x00, 0xdb, 0x26, 0x00, 0x00,
  0x00, 0x00, 0x00, 0x00, 0x0c, 0x16, 0x00, 0x00, 0x00, 0x00, 0x00, 0x00,
  0x0a, 0x00, 0x00, 0x00, 0x2b, 0x00, 0x00, 0x00, 0x1f, 0x14, 0x00, 0x00,
  0x00, 0x00, 0x00, 0x00, 0x10, 0x16, 0x00, 0x00, 0x00, 0x00, 0x00, 0x00,
  0x0a, 0x00, 0x00, 0x00, 0x2b, 0x00, 0x00, 0x00, 0x55, 0x0b, 0x00, 0x00,
  0x00, 0x00, 0x00, 0x00, 0x14, 0x16, 0x00, 0x00, 0x00, 0x00, 0x00, 0x00,
  0x0a, 0x00, 0x00, 0x00, 0x2b, 0x00, 0x00, 0x00, 0xe8, 0x52, 0x00, 0x00,
  0x00, 0x00, 0x00, 0x00, 0x18, 0x16, 0x00, 0x00, 0x00, 0x00, 0x00, 0x00,
  0x0a, 0x00, 0x00, 0x00, 0x2b, 0x00, 0x00, 0x00, 0x48, 0x08, 0x00, 0x00,
  0x00, 0x00, 0x00, 0x00, 0x1c, 0x16, 0x00, 0x00, 0x00, 0x00, 0x00, 0x00,
  0x0a, 0x00, 0x00, 0x00, 0x2b, 0x00, 0x00, 0x00, 0x43, 0x39, 0x00, 0x00,
  0x00, 0x00, 0x00, 0x00, 0x20, 0x16, 0x00, 0x00, 0x00, 0x00, 0x00, 0x00,
  0x0a, 0x00, 0x00, 0x00, 0x2b, 0x00, 0x00, 0x00, 0xc8, 0x30, 0x00, 0x00,
  0x00, 0x00, 0x00, 0x00, 0x24, 0x16, 0x00, 0x00, 0x00, 0x00, 0x00, 0x00,
  0x0a, 0x00, 0x00, 0x00, 0x2b, 0x00, 0x00, 0x00, 0xac, 0x5a, 0x00, 0x00,
  0x00, 0x00, 0x00, 0x00, 0x28, 0x16, 0x00, 0x00, 0x00, 0x00, 0x00, 0x00,
  0x0a, 0x00, 0x00, 0x00, 0x2b, 0x00, 0x00, 0x00, 0x16, 0x19, 0x00, 0x00,
  0x00, 0x00, 0x00, 0x00, 0x2c, 0x16, 0x00, 0x00, 0x00, 0x00, 0x00, 0x00,
  0x0a, 0x00, 0x00, 0x00, 0x2b, 0x00, 0x00, 0x00, 0xbc, 0x5a, 0x00, 0x00,
  0x00, 0x00, 0x00, 0x00, 0x30, 0x16, 0x00, 0x00, 0x00, 0x00, 0x00, 0x00,
  0x0a, 0x00, 0x00, 0x00, 0x2b, 0x00, 0x00, 0x00, 0xe2, 0x26, 0x00, 0x00,
  0x00, 0x00, 0x00, 0x00, 0x34, 0x16, 0x00, 0x00, 0x00, 0x00, 0x00, 0x00,
  0x0a, 0x00, 0x00, 0x00, 0x2b, 0x00, 0x00, 0x00, 0x26, 0x19, 0x00, 0x00,
  0x00, 0x00, 0x00, 0x00, 0x38, 0x16, 0x00, 0x00, 0x00, 0x00, 0x00, 0x00,
  0x0a, 0x00, 0x00, 0x00, 0x2b, 0x00, 0x00, 0x00, 0x0e, 0x11, 0x00, 0x00,
  0x00, 0x00, 0x00, 0x00, 0x3c, 0x16, 0x00, 0x00, 0x00, 0x00, 0x00, 0x00,
  0x0a, 0x00, 0x00, 0x00, 0x2b, 0x00, 0x00, 0x00, 0x3d, 0x58, 0x00, 0x00,
  0x00, 0x00, 0x00, 0x00, 0x40, 0x16, 0x00, 0x00, 0x00, 0x00, 0x00, 0x00,
  0x0a, 0x00, 0x00, 0x00, 0x2b, 0x00, 0x00, 0x00, 0xe5, 0x4a, 0x00, 0x00,
  0x00, 0x00, 0x00, 0x00, 0x44, 0x16, 0x00, 0x00, 0x00, 0x00, 0x00, 0x00,
  0x0a, 0x00, 0x00, 0x00, 0x2b, 0x00, 0x00, 0x00, 0xe9, 0x44, 0x00, 0x00,
  0x00, 0x00, 0x00, 0x00, 0x48, 0x16, 0x00, 0x00, 0x00, 0x00, 0x00, 0x00,
  0x0a, 0x00, 0x00, 0x00, 0x2b, 0x00, 0x00, 0x00, 0x85, 0x0e, 0x00, 0x00,
  0x00, 0x00, 0x00, 0x00, 0x4c, 0x16, 0x00, 0x00, 0x00, 0x00, 0x00, 0x00,
  0x0a, 0x00, 0x00, 0x00, 0x2b, 0x00, 0x00, 0x00, 0x71, 0x41, 0x00, 0x00,
  0x00, 0x00, 0x00, 0x00, 0x50, 0x16, 0x00, 0x00, 0x00, 0x00, 0x00, 0x00,
  0x0a, 0x00, 0x00, 0x00, 0x2b, 0x00, 0x00, 0x00, 0xe9, 0x04, 0x00, 0x00,
  0x00, 0x00, 0x00, 0x00, 0x54, 0x16, 0x00, 0x00, 0x00, 0x00, 0x00, 0x00,
  0x0a, 0x00, 0x00, 0x00, 0x2b, 0x00, 0x00, 0x00, 0x52, 0x08, 0x00, 0x00,
  0x00, 0x00, 0x00, 0x00, 0x58, 0x16, 0x00, 0x00, 0x00, 0x00, 0x00, 0x00,
  0x0a, 0x00, 0x00, 0x00, 0x2b, 0x00, 0x00, 0x00, 0x2e, 0x14, 0x00, 0x00,
  0x00, 0x00, 0x00, 0x00, 0x5c, 0x16, 0x00, 0x00, 0x00, 0x00, 0x00, 0x00,
  0x0a, 0x00, 0x00, 0x00, 0x2b, 0x00, 0x00, 0x00, 0xcb, 0x30, 0x00, 0x00,
  0x00, 0x00, 0x00, 0x00, 0x60, 0x16, 0x00, 0x00, 0x00, 0x00, 0x00, 0x00,
  0x0a, 0x00, 0x00, 0x00, 0x2b, 0x00, 0x00, 0x00, 0x92, 0x0e, 0x00, 0x00,
  0x00, 0x00, 0x00, 0x00, 0x64, 0x16, 0x00, 0x00, 0x00, 0x00, 0x00, 0x00,
  0x0a, 0x00, 0x00, 0x00, 0x2b, 0x00, 0x00, 0x00, 0x38, 0x14, 0x00, 0x00,
  0x00, 0x00, 0x00, 0x00, 0x68, 0x16, 0x00, 0x00, 0x00, 0x00, 0x00, 0x00,
  0x0a, 0x00, 0x00, 0x00, 0x2b, 0x00, 0x00, 0x00, 0xd0, 0x50, 0x00, 0x00,
  0x00, 0x00, 0x00, 0x00, 0x6c, 0x16, 0x00, 0x00, 0x00, 0x00, 0x00, 0x00,
  0x0a, 0x00, 0x00, 0x00, 0x2b, 0x00, 0x00, 0x00, 0x8b, 0x3e, 0x00, 0x00,
  0x00, 0x00, 0x00, 0x00, 0x70, 0x16, 0x00, 0x00, 0x00, 0x00, 0x00, 0x00,
  0x0a, 0x00, 0x00, 0x00, 0x2b, 0x00, 0x00, 0x00, 0x76, 0x2a, 0x00, 0x00,
  0x00, 0x00, 0x00, 0x00, 0x74, 0x16, 0x00, 0x00, 0x00, 0x00, 0x00, 0x00,
  0x0a, 0x00, 0x00, 0x00, 0x2b, 0x00, 0x00, 0x00, 0xe8, 0x55, 0x00, 0x00,
  0x00, 0x00, 0x00, 0x00, 0x78, 0x16, 0x00, 0x00, 0x00, 0x00, 0x00, 0x00,
  0x0a, 0x00, 0x00, 0x00, 0x2b, 0x00, 0x00, 0x00, 0x97, 0x0e, 0x00, 0x00,
  0x00, 0x00, 0x00, 0x00, 0x7c, 0x16, 0x00, 0x00, 0x00, 0x00, 0x00, 0x00,
  0x0a, 0x00, 0x00, 0x00, 0x2b, 0x00, 0x00, 0x00, 0xed, 0x55, 0x00, 0x00,
  0x00, 0x00, 0x00, 0x00, 0x80, 0x16, 0x00, 0x00, 0x00, 0x00, 0x00, 0x00,
  0x0a, 0x00, 0x00, 0x00, 0x2b, 0x00, 0x00, 0x00, 0x8f, 0x1e, 0x00, 0x00,
  0x00, 0x00, 0x00, 0x00, 0x84, 0x16, 0x00, 0x00, 0x00, 0x00, 0x00, 0x00,
  0x0a, 0x00, 0x00, 0x00, 0x2b, 0x00, 0x00, 0x00, 0xf2, 0x04, 0x00, 0x00,
  0x00, 0x00, 0x00, 0x00, 0x88, 0x16, 0x00, 0x00, 0x00, 0x00, 0x00, 0x00,
  0x0a, 0x00, 0x00, 0x00, 0x2b, 0x00, 0x00, 0x00, 0xf6, 0x52, 0x00, 0x00,
  0x00, 0x00, 0x00, 0x00, 0x8c, 0x16, 0x00, 0x00, 0x00, 0x00, 0x00, 0x00,
  0x0a, 0x00, 0x00, 0x00, 0x2b, 0x00, 0x00, 0x00, 0x5d, 0x08, 0x00, 0x00,
  0x00, 0x00, 0x00, 0x00, 0x90, 0x16, 0x00, 0x00, 0x00, 0x00, 0x00, 0x00,
  0x0a, 0x00, 0x00, 0x00, 0x2b, 0x00, 0x00, 0x00, 0x34, 0x19, 0x00, 0x00,
  0x00, 0x00, 0x00, 0x00, 0x94, 0x16, 0x00, 0x00, 0x00, 0x00, 0x00, 0x00,
  0x0a, 0x00, 0x00, 0x00, 0x2b, 0x00, 0x00, 0x00, 0x01, 0x53, 0x00, 0x00,
  0x00, 0x00, 0x00, 0x00, 0x98, 0x16, 0x00, 0x00, 0x00, 0x00, 0x00, 0x00,
  0x0a, 0x00, 0x00, 0x00, 0x2b, 0x00, 0x00, 0x00, 0x5d, 0x0b, 0x00, 0x00,
  0x00, 0x00, 0x00, 0x00, 0x9c, 0x16, 0x00, 0x00, 0x00, 0x00, 0x00, 0x00,
  0x0a, 0x00, 0x00, 0x00, 0x2b, 0x00, 0x00, 0x00, 0x0b, 0x53, 0x00, 0x00,
  0x00, 0x00, 0x00, 0x00, 0xa0, 0x16, 0x00, 0x00, 0x00, 0x00, 0x00, 0x00,
  0x0a, 0x00, 0x00, 0x00, 0x2b, 0x00, 0x00, 0x00, 0x3a, 0x36, 0x00, 0x00,
  0x00, 0x00, 0x00, 0x00, 0xa4, 0x16, 0x00, 0x00, 0x00, 0x00, 0x00, 0x00,
  0x0a, 0x00, 0x00, 0x00, 0x2b, 0x00, 0x00, 0x00, 0x80, 0x16, 0x00, 0x00,
  0x00, 0x00, 0x00, 0x00, 0xa8, 0x16, 0x00, 0x00, 0x00, 0x00, 0x00, 0x00,
  0x0a, 0x00, 0x00, 0x00, 0x2b, 0x00, 0x00, 0x00, 0xeb, 0x4a, 0x00, 0x00,
  0x00, 0x00, 0x00, 0x00, 0xac, 0x16, 0x00, 0x00, 0x00, 0x00, 0x00, 0x00,
  0x0a, 0x00, 0x00, 0x00, 0x2b, 0x00, 0x00, 0x00, 0x4a, 0x36, 0x00, 0x00,
  0x00, 0x00, 0x00, 0x00, 0xb0, 0x16, 0x00, 0x00, 0x00, 0x00, 0x00, 0x00,
  0x0a, 0x00, 0x00, 0x00, 0x2b, 0x00, 0x00, 0x00, 0xd5, 0x47, 0x00, 0x00,
  0x00, 0x00, 0x00, 0x00, 0xb4, 0x16, 0x00, 0x00, 0x00, 0x00, 0x00, 0x00,
  0x0a, 0x00, 0x00, 0x00, 0x2b, 0x00, 0x00, 0x00, 0xdf, 0x50, 0x00, 0x00,
  0x00, 0x00, 0x00, 0x00, 0xb8, 0x16, 0x00, 0x00, 0x00, 0x00, 0x00, 0x00,
  0x0a, 0x00, 0x00, 0x00, 0x2b, 0x00, 0x00, 0x00, 0xeb, 0x50, 0x00, 0x00,
  0x00, 0x00, 0x00, 0x00, 0xbc, 0x16, 0x00, 0x00, 0x00, 0x00, 0x00, 0x00,
  0x0a, 0x00, 0x00, 0x00, 0x2b, 0x00, 0x00, 0x00, 0xea, 0x1b, 0x00, 0x00,
  0x00, 0x00, 0x00, 0x00, 0xc0, 0x16, 0x00, 0x00, 0x00, 0x00, 0x00, 0x00,
  0x0a, 0x00, 0x00, 0x00, 0x2b, 0x00, 0x00, 0x00, 0x96, 0x1e, 0x00, 0x00,
  0x00, 0x00, 0x00, 0x00, 0xc4, 0x16, 0x00, 0x00, 0x00, 0x00, 0x00, 0x00,
  0x0a, 0x00, 0x00, 0x00, 0x2b, 0x00, 0x00, 0x00, 0x67, 0x0b, 0x00, 0x00,
  0x00, 0x00, 0x00, 0x00, 0xc8, 0x16, 0x00, 0x00, 0x00, 0x00, 0x00, 0x00,
  0x0a, 0x00, 0x00, 0x00, 0x2b, 0x00, 0x00, 0x00, 0xe4, 0x47, 0x00, 0x00,
  0x00, 0x00, 0x00, 0x00, 0xcc, 0x16, 0x00, 0x00, 0x00, 0x00, 0x00, 0x00,
  0x0a, 0x00, 0x00, 0x00, 0x2b, 0x00, 0x00, 0x00, 0xd3, 0x30, 0x00, 0x00,
  0x00, 0x00, 0x00, 0x00, 0xd0, 0x16, 0x00, 0x00, 0x00, 0x00, 0x00, 0x00,
  0x0a, 0x00, 0x00, 0x00, 0x2b, 0x00, 0x00, 0x00, 0x9f, 0x2d, 0x00, 0x00,
  0x00, 0x00, 0x00, 0x00, 0xd4, 0x16, 0x00, 0x00, 0x00, 0x00, 0x00, 0x00,
  0x0a, 0x00, 0x00, 0x00, 0x2b, 0x00, 0x00, 0x00, 0xee, 0x47, 0x00, 0x00,
  0x00, 0x00, 0x00, 0x00, 0xd8, 0x16, 0x00, 0x00, 0x00, 0x00, 0x00, 0x00,
  0x0a, 0x00, 0x00, 0x00, 0x2b, 0x00, 0x00, 0x00, 0x77, 0x0b, 0x00, 0x00,
  0x00, 0x00, 0x00, 0x00, 0xdc, 0x16, 0x00, 0x00, 0x00, 0x00, 0x00, 0x00,
  0x0a, 0x00, 0x00, 0x00, 0x2b, 0x00, 0x00, 0x00, 0x91, 0x16, 0x00, 0x00,
  0x00, 0x00, 0x00, 0x00, 0xe0, 0x16, 0x00, 0x00, 0x00, 0x00, 0x00, 0x00,
  0x0a, 0x00, 0x00, 0x00, 0x2b, 0x00, 0x00, 0x00, 0x61, 0x3c, 0x00, 0x00,
  0x00, 0x00, 0x00, 0x00, 0xe4, 0x16, 0x00, 0x00, 0x00, 0x00, 0x00, 0x00,
  0x0a, 0x00, 0x00, 0x00, 0x2b, 0x00, 0x00, 0x00, 0xf7, 0x04, 0x00, 0x00,
  0x00, 0x00, 0x00, 0x00, 0xe8, 0x16, 0x00, 0x00, 0x00, 0x00, 0x00, 0x00,
  0x0a, 0x00, 0x00, 0x00, 0x2b, 0x00, 0x00, 0x00, 0x7b, 0x2a, 0x00, 0x00,
  0x00, 0x00, 0x00, 0x00, 0xec, 0x16, 0x00, 0x00, 0x00, 0x00, 0x00, 0x00,
  0x0a, 0x00, 0x00, 0x00, 0x2b, 0x00, 0x00, 0x00, 0xae, 0x21, 0x00, 0x00,
  0x00, 0x00, 0x00, 0x00, 0xf0, 0x16, 0x00, 0x00, 0x00, 0x00, 0x00, 0x00,
  0x0a, 0x00, 0x00, 0x00, 0x2b, 0x00, 0x00, 0x00, 0x17, 0x11, 0x00, 0x00,
  0x00, 0x00, 0x00, 0x00, 0xf4, 0x16, 0x00, 0x00, 0x00, 0x00, 0x00, 0x00,
  0x0a, 0x00, 0x00, 0x00, 0x2b, 0x00, 0x00, 0x00, 0x92, 0x3e, 0x00, 0x00,
  0x00, 0x00, 0x00, 0x00, 0xf8, 0x16, 0x00, 0x00, 0x00, 0x00, 0x00, 0x00,
  0x0a, 0x00, 0x00, 0x00, 0x2b, 0x00, 0x00, 0x00, 0xc3, 0x5a, 0x00, 0x00,
  0x00, 0x00, 0x00, 0x00, 0xfc, 0x16, 0x00, 0x00, 0x00, 0x00, 0x00, 0x00,
  0x0a, 0x00, 0x00, 0x00, 0x2b, 0x00, 0x00, 0x00, 0x20, 0x11, 0x00, 0x00,
  0x00, 0x00, 0x00, 0x00, 0x00, 0x17, 0x00, 0x00, 0x00, 0x00, 0x00, 0x00,
  0x0a, 0x00, 0x00, 0x00, 0x2b, 0x00, 0x00, 0x00, 0x2a, 0x11, 0x00, 0x00,
  0x00, 0x00, 0x00, 0x00, 0x04, 0x17, 0x00, 0x00, 0x00, 0x00, 0x00, 0x00,
  0x0a, 0x00, 0x00, 0x00, 0x2b, 0x00, 0x00, 0x00, 0x8f, 0x2a, 0x00, 0x00,
  0x00, 0x00, 0x00, 0x00, 0x08, 0x17, 0x00, 0x00, 0x00, 0x00, 0x00, 0x00,
  0x0a, 0x00, 0x00, 0x00, 0x2b, 0x00, 0x00, 0x00, 0xa2, 0x1e, 0x00, 0x00,
  0x00, 0x00, 0x00, 0x00, 0x0c, 0x17, 0x00, 0x00, 0x00, 0x00, 0x00, 0x00,
  0x0a, 0x00, 0x00, 0x00, 0x2b, 0x00, 0x00, 0x00, 0x3d, 0x14, 0x00, 0x00,
  0x00, 0x00, 0x00, 0x00, 0x10, 0x17, 0x00, 0x00, 0x00, 0x00, 0x00, 0x00,
  0x0a, 0x00, 0x00, 0x00, 0x2b, 0x00, 0x00, 0x00, 0x86, 0x0b, 0x00, 0x00,
  0x00, 0x00, 0x00, 0x00, 0x14, 0x17, 0x00, 0x00, 0x00, 0x00, 0x00, 0x00,
  0x0a, 0x00, 0x00, 0x00, 0x2b, 0x00, 0x00, 0x00, 0xf6, 0x44, 0x00, 0x00,
  0x00, 0x00, 0x00, 0x00, 0x18, 0x17, 0x00, 0x00, 0x00, 0x00, 0x00, 0x00,
  0x0a, 0x00, 0x00, 0x00, 0x2b, 0x00, 0x00, 0x00, 0x45, 0x24, 0x00, 0x00,
  0x00, 0x00, 0x00, 0x00, 0x1c, 0x17, 0x00, 0x00, 0x00, 0x00, 0x00, 0x00,
  0x0a, 0x00, 0x00, 0x00, 0x2b, 0x00, 0x00, 0x00, 0xb9, 0x21, 0x00, 0x00,
  0x00, 0x00, 0x00, 0x00, 0x20, 0x17, 0x00, 0x00, 0x00, 0x00, 0x00, 0x00,
  0x0a, 0x00, 0x00, 0x00, 0x2b, 0x00, 0x00, 0x00, 0xf9, 0x4a, 0x00, 0x00,
  0x00, 0x00, 0x00, 0x00, 0x24, 0x17, 0x00, 0x00, 0x00, 0x00, 0x00, 0x00,
  0x0a, 0x00, 0x00, 0x00, 0x2b, 0x00, 0x00, 0x00, 0x4e, 0x58, 0x00, 0x00,
  0x00, 0x00, 0x00, 0x00, 0x28, 0x17, 0x00, 0x00, 0x00, 0x00, 0x00, 0x00,
  0x0a, 0x00, 0x00, 0x00, 0x2b, 0x00, 0x00, 0x00, 0x40, 0x19, 0x00, 0x00,
  0x00, 0x00, 0x00, 0x00, 0x2c, 0x17, 0x00, 0x00, 0x00, 0x00, 0x00, 0x00,
  0x0a, 0x00, 0x00, 0x00, 0x2b, 0x00, 0x00, 0x00, 0xfb, 0x4a, 0x00, 0x00,
  0x00, 0x00, 0x00, 0x00, 0x30, 0x17, 0x00, 0x00, 0x00, 0x00, 0x00, 0x00,
  0x0a, 0x00, 0x00, 0x00, 0x2b, 0x00, 0x00, 0x00, 0x54, 0x36, 0x00, 0x00,
  0x00, 0x00, 0x00, 0x00, 0x34, 0x17, 0x00, 0x00, 0x00, 0x00, 0x00, 0x00,
  0x0a, 0x00, 0x00, 0x00, 0x2b, 0x00, 0x00, 0x00, 0x9c, 0x0e, 0x00, 0x00,
  0x00, 0x00, 0x00, 0x00, 0x38, 0x17, 0x00, 0x00, 0x00, 0x00, 0x00, 0x00,
  0x0a, 0x00, 0x00, 0x00, 0x2b, 0x00, 0x00, 0x00, 0x68, 0x02, 0x00, 0x00,
  0x00, 0x00, 0x00, 0x00, 0x3c, 0x17, 0x00, 0x00, 0x00, 0x00, 0x00, 0x00,
  0x0a, 0x00, 0x00, 0x00, 0x2b, 0x00, 0x00, 0x00, 0xfd, 0x44, 0x00, 0x00,
  0x00, 0x00, 0x00, 0x00, 0x40, 0x17, 0x00, 0x00, 0x00, 0x00, 0x00, 0x00,
  0x0a, 0x00, 0x00, 0x00, 0x2b, 0x00, 0x00, 0x00, 0xa1, 0x3e, 0x00, 0x00,
  0x00, 0x00, 0x00, 0x00, 0x44, 0x17, 0x00, 0x00, 0x00, 0x00, 0x00, 0x00,
  0x0a, 0x00, 0x00, 0x00, 0x2b, 0x00, 0x00, 0x00, 0x64, 0x4e, 0x00, 0x00,
  0x00, 0x00, 0x00, 0x00, 0x48, 0x17, 0x00, 0x00, 0x00, 0x00, 0x00, 0x00,
  0x0a, 0x00, 0x00, 0x00, 0x2b, 0x00, 0x00, 0x00, 0xbb, 0x21, 0x00, 0x00,
  0x00, 0x00, 0x00, 0x00, 0x4c, 0x17, 0x00, 0x00, 0x00, 0x00, 0x00, 0x00,
  0x0a, 0x00, 0x00, 0x00, 0x2b, 0x00, 0x00, 0x00, 0x95, 0x2a, 0x00, 0x00,
  0x00, 0x00, 0x00, 0x00, 0x50, 0x17, 0x00, 0x00, 0x00, 0x00, 0x00, 0x00,
  0x0a, 0x00, 0x00, 0x00, 0x2b, 0x00, 0x00, 0x00, 0x49, 0x24, 0x00, 0x00,
  0x00, 0x00, 0x00, 0x00, 0x54, 0x17, 0x00, 0x00, 0x00, 0x00, 0x00, 0x00,
  0x0a, 0x00, 0x00, 0x00, 0x2b, 0x00, 0x00, 0x00, 0xa8, 0x2d, 0x00, 0x00,
  0x00, 0x00, 0x00, 0x00, 0x58, 0x17, 0x00, 0x00, 0x00, 0x00, 0x00, 0x00,
  0x0a, 0x00, 0x00, 0x00, 0x2b, 0x00, 0x00, 0x00, 0xa9, 0x3e, 0x00, 0x00,
  0x00, 0x00, 0x00, 0x00, 0x5c, 0x17, 0x00, 0x00, 0x00, 0x00, 0x00, 0x00,
  0x0a, 0x00, 0x00, 0x00, 0x2b, 0x00, 0x00, 0x00, 0x31, 0x11, 0x00, 0x00,
  0x00, 0x00, 0x00, 0x00, 0x60, 0x17, 0x00, 0x00, 0x00, 0x00, 0x00, 0x00,
  0x0a, 0x00, 0x00, 0x00, 0x2b, 0x00, 0x00, 0x00, 0x41, 0x14, 0x00, 0x00,
  0x00, 0x00, 0x00, 0x00, 0x64, 0x17, 0x00, 0x00, 0x00, 0x00, 0x00, 0x00,
  0x0a, 0x00, 0x00, 0x00, 0x2b, 0x00, 0x00, 0x00, 0xde, 0x30, 0x00, 0x00,
  0x00, 0x00, 0x00, 0x00, 0x68, 0x17, 0x00, 0x00, 0x00, 0x00, 0x00, 0x00,
  0x0a, 0x00, 0x00, 0x00, 0x2b, 0x00, 0x00, 0x00, 0xf7, 0x47, 0x00, 0x00,
  0x00, 0x00, 0x00, 0x00, 0x6c, 0x17, 0x00, 0x00, 0x00, 0x00, 0x00, 0x00,
  0x0a, 0x00, 0x00, 0x00, 0x2b, 0x00, 0x00, 0x00, 0x6d, 0x3c, 0x00, 0x00,
  0x00, 0x00, 0x00, 0x00, 0x70, 0x17, 0x00, 0x00, 0x00, 0x00, 0x00, 0x00,
  0x0a, 0x00, 0x00, 0x00, 0x2b, 0x00, 0x00, 0x00, 0xf2, 0x1b, 0x00, 0x00,
  0x00, 0x00, 0x00, 0x00, 0x74, 0x17, 0x00, 0x00, 0x00, 0x00, 0x00, 0x00,
  0x0a, 0x00, 0x00, 0x00, 0x2b, 0x00, 0x00, 0x00, 0xb4, 0x3e, 0x00, 0x00,
  0x00, 0x00, 0x00, 0x00, 0x78, 0x17, 0x00, 0x00, 0x00, 0x00, 0x00, 0x00,
  0x0a, 0x00, 0x00, 0x00, 0x2b, 0x00, 0x00, 0x00, 0x07, 0x4b, 0x00, 0x00,
  0x00, 0x00, 0x00, 0x00, 0x7c, 0x17, 0x00, 0x00, 0x00, 0x00, 0x00, 0x00,
  0x0a, 0x00, 0x00, 0x00, 0x2b, 0x00, 0x00, 0x00, 0x05, 0x45, 0x00, 0x00,
  0x00, 0x00, 0x00, 0x00, 0x80, 0x17, 0x00, 0x00, 0x00, 0x00, 0x00, 0x00,
  0x0a, 0x00, 0x00, 0x00, 0x2b, 0x00, 0x00, 0x00, 0xb4, 0x2d, 0x00, 0x00,
  0x00, 0x00, 0x00, 0x00, 0x84, 0x17, 0x00, 0x00, 0x00, 0x00, 0x00, 0x00,
  0x0a, 0x00, 0x00, 0x00, 0x2b, 0x00, 0x00, 0x00, 0x15, 0x45, 0x00, 0x00,
  0x00, 0x00, 0x00, 0x00, 0x88, 0x17, 0x00, 0x00, 0x00, 0x00, 0x00, 0x00,
  0x0a, 0x00, 0x00, 0x00, 0x2b, 0x00, 0x00, 0x00, 0x9f, 0x0e, 0x00, 0x00,
  0x00, 0x00, 0x00, 0x00, 0x8c, 0x17, 0x00, 0x00, 0x00, 0x00, 0x00, 0x00,
  0x0a, 0x00, 0x00, 0x00, 0x2b, 0x00, 0x00, 0x00, 0x57, 0x36, 0x00, 0x00,
  0x00, 0x00, 0x00, 0x00, 0x90, 0x17, 0x00, 0x00, 0x00, 0x00, 0x00, 0x00,
  0x0a, 0x00, 0x00, 0x00, 0x2b, 0x00, 0x00, 0x00, 0x50, 0x58, 0x00, 0x00,
  0x00, 0x00, 0x00, 0x00, 0x94, 0x17, 0x00, 0x00, 0x00, 0x00, 0x00, 0x00,
  0x0a, 0x00, 0x00, 0x00, 0x2b, 0x00, 0x00, 0x00, 0x49, 0x14, 0x00, 0x00,
  0x00, 0x00, 0x00, 0x00, 0x98, 0x17, 0x00, 0x00, 0x00, 0x00, 0x00, 0x00,
  0x0a, 0x00, 0x00, 0x00, 0x2b, 0x00, 0x00, 0x00, 0x10, 0x4b, 0x00, 0x00,
  0x00, 0x00, 0x00, 0x00, 0x9c, 0x17, 0x00, 0x00, 0x00, 0x00, 0x00, 0x00,
  0x0a, 0x00, 0x00, 0x00, 0x2b, 0x00, 0x00, 0x00, 0x6b, 0x02, 0x00, 0x00,
  0x00, 0x00, 0x00, 0x00, 0xa0, 0x17, 0x00, 0x00, 0x00, 0x00, 0x00, 0x00,
  0x0a, 0x00, 0x00, 0x00, 0x2b, 0x00, 0x00, 0x00, 0xc2, 0x21, 0x00, 0x00,
  0x00, 0x00, 0x00, 0x00, 0xa4, 0x17, 0x00, 0x00, 0x00, 0x00, 0x00, 0x00,
  0x0a, 0x00, 0x00, 0x00, 0x2b, 0x00, 0x00, 0x00, 0x35, 0x11, 0x00, 0x00,
  0x00, 0x00, 0x00, 0x00, 0xa8, 0x17, 0x00, 0x00, 0x00, 0x00, 0x00, 0x00,
  0x0a, 0x00, 0x00, 0x00, 0x2b, 0x00, 0x00, 0x00, 0x4a, 0x39, 0x00, 0x00,
  0x00, 0x00, 0x00, 0x00, 0xac, 0x17, 0x00, 0x00, 0x00, 0x00, 0x00, 0x00,
  0x0a, 0x00, 0x00, 0x00, 0x2b, 0x00, 0x00, 0x00, 0x51, 0x14, 0x00, 0x00,
  0x00, 0x00, 0x00, 0x00, 0xb0, 0x17, 0x00, 0x00, 0x00, 0x00, 0x00, 0x00,
  0x0a, 0x00, 0x00, 0x00, 0x2b, 0x00, 0x00, 0x00, 0xb9, 0x3e, 0x00, 0x00,
  0x00, 0x00, 0x00, 0x00, 0xb4, 0x17, 0x00, 0x00, 0x00, 0x00, 0x00, 0x00,
  0x0a, 0x00, 0x00, 0x00, 0x2b, 0x00, 0x00, 0x00, 0xf9, 0x26, 0x00, 0x00,
  0x00, 0x00, 0x00, 0x00, 0xb8, 0x17, 0x00, 0x00, 0x00, 0x00, 0x00, 0x00,
  0x0a, 0x00, 0x00, 0x00, 0x2b, 0x00, 0x00, 0x00, 0xa3, 0x0e, 0x00, 0x00,
  0x00, 0x00, 0x00, 0x00, 0xbc, 0x17, 0x00, 0x00, 0x00, 0x00, 0x00, 0x00,
  0x0a, 0x00, 0x00, 0x00, 0x2b, 0x00, 0x00, 0x00, 0x60, 0x36, 0x00, 0x00,
  0x00, 0x00, 0x00, 0x00, 0xc0, 0x17, 0x00, 0x00, 0x00, 0x00, 0x00, 0x00,
  0x0a, 0x00, 0x00, 0x00, 0x2b, 0x00, 0x00, 0x00, 0x77, 0x3c, 0x00, 0x00,
  0x00, 0x00, 0x00, 0x00, 0xc4, 0x17, 0x00, 0x00, 0x00, 0x00, 0x00, 0x00,
  0x0a, 0x00, 0x00, 0x00, 0x2b, 0x00, 0x00, 0x00, 0xfc, 0x1b, 0x00, 0x00,
  0x00, 0x00, 0x00, 0x00, 0xc8, 0x17, 0x00, 0x00, 0x00, 0x00, 0x00, 0x00,
  0x0a, 0x00, 0x00, 0x00, 0x2b, 0x00, 0x00, 0x00, 0xba, 0x2d, 0x00, 0x00,
  0x00, 0x00, 0x00, 0x00, 0xcc, 0x17, 0x00, 0x00, 0x00, 0x00, 0x00, 0x00,
  0x0a, 0x00, 0x00, 0x00, 0x2b, 0x00, 0x00, 0x00, 0x39, 0x11, 0x00, 0x00,
  0x00, 0x00, 0x00, 0x00, 0xd0, 0x17, 0x00, 0x00, 0x00, 0x00, 0x00, 0x00,
  0x0a, 0x00, 0x00, 0x00, 0x2b, 0x00, 0x00, 0x00, 0xc9, 0x3e, 0x00, 0x00,
  0x00, 0x00, 0x00, 0x00, 0xd4, 0x17, 0x00, 0x00, 0x00, 0x00, 0x00, 0x00,
  0x0a, 0x00, 0x00, 0x00, 0x2b, 0x00, 0x00, 0x00, 0x75, 0x02, 0x00, 0x00,
  0x00, 0x00, 0x00, 0x00, 0xd8, 0x17, 0x00, 0x00, 0x00, 0x00, 0x00, 0x00,
  0x0a, 0x00, 0x00, 0x00, 0x2b, 0x00, 0x00, 0x00, 0x54, 0x39, 0x00, 0x00,
  0x00, 0x00, 0x00, 0x00, 0xdc, 0x17, 0x00, 0x00, 0x00, 0x00, 0x00, 0x00,
  0x0a, 0x00, 0x00, 0x00, 0x2b, 0x00, 0x00, 0x00, 0xf6, 0x55, 0x00, 0x00,
  0x00, 0x00, 0x00, 0x00, 0xe0, 0x17, 0x00, 0x00, 0x00, 0x00, 0x00, 0x00,
  0x0a, 0x00, 0x00, 0x00, 0x2b, 0x00, 0x00, 0x00, 0xe9, 0x30, 0x00, 0x00,
  0x00, 0x00, 0x00, 0x00, 0xe4, 0x17, 0x00, 0x00, 0x00, 0x00, 0x00, 0x00,
  0x0a, 0x00, 0x00, 0x00, 0x2b, 0x00, 0x00, 0x00, 0x69, 0x08, 0x00, 0x00,
  0x00, 0x00, 0x00, 0x00, 0xe8, 0x17, 0x00, 0x00, 0x00, 0x00, 0x00, 0x00,
  0x0a, 0x00, 0x00, 0x00, 0x2b, 0x00, 0x00, 0x00, 0x46, 0x19, 0x00, 0x00,
  0x00, 0x00, 0x00, 0x00, 0xec, 0x17, 0x00, 0x00, 0x00, 0x00, 0x00, 0x00,
  0x0a, 0x00, 0x00, 0x00, 0x2b, 0x00, 0x00, 0x00, 0x22, 0x45, 0x00, 0x00,
  0x00, 0x00, 0x00, 0x00, 0xf0, 0x17, 0x00, 0x00, 0x00, 0x00, 0x00, 0x00,
  0x0a, 0x00, 0x00, 0x00, 0x2b, 0x00, 0x00, 0x00, 0x5a, 0x14, 0x00, 0x00,
  0x00, 0x00, 0x00, 0x00, 0xf4, 0x17, 0x00, 0x00, 0x00, 0x00, 0x00, 0x00,
  0x0a, 0x00, 0x00, 0x00, 0x2b, 0x00, 0x00, 0x00, 0xd1, 0x21, 0x00, 0x00,
  0x00, 0x00, 0x00, 0x00, 0xf8, 0x17, 0x00, 0x00, 0x00, 0x00, 0x00, 0x00,
  0x0a, 0x00, 0x00, 0x00, 0x2b, 0x00, 0x00, 0x00, 0xbe, 0x2d, 0x00, 0x00,
  0x00, 0x00, 0x00, 0x00, 0xfc, 0x17, 0x00, 0x00, 0x00, 0x00, 0x00, 0x00,
  0x0a, 0x00, 0x00, 0x00, 0x2b, 0x00, 0x00, 0x00, 0x01, 0x05, 0x00, 0x00,
  0x00, 0x00, 0x00, 0x00, 0x00, 0x18, 0x00, 0x00, 0x00, 0x00, 0x00, 0x00,
  0x0a, 0x00, 0x00, 0x00, 0x2b, 0x00, 0x00, 0x00, 0xf5, 0x30, 0x00, 0x00,
  0x00, 0x00, 0x00, 0x00, 0x04, 0x18, 0x00, 0x00, 0x00, 0x00, 0x00, 0x00,
  0x0a, 0x00, 0x00, 0x00, 0x2b, 0x00, 0x00, 0x00, 0x7f, 0x41, 0x00, 0x00,
  0x00, 0x00, 0x00, 0x00, 0x08, 0x18, 0x00, 0x00, 0x00, 0x00, 0x00, 0x00,
  0x0a, 0x00, 0x00, 0x00, 0x2b, 0x00, 0x00, 0x00, 0xca, 0x5a, 0x00, 0x00,
  0x00, 0x00, 0x00, 0x00, 0x0c, 0x18, 0x00, 0x00, 0x00, 0x00, 0x00, 0x00,
  0x0a, 0x00, 0x00, 0x00, 0x2b, 0x00, 0x00, 0x00, 0x3d, 0x11, 0x00, 0x00,
  0x00, 0x00, 0x00, 0x00, 0x10, 0x18, 0x00, 0x00, 0x00, 0x00, 0x00, 0x00,
  0x0a, 0x00, 0x00, 0x00, 0x2b, 0x00, 0x00, 0x00, 0x00, 0x1c, 0x00, 0x00,
  0x00, 0x00, 0x00, 0x00, 0x14, 0x18, 0x00, 0x00, 0x00, 0x00, 0x00, 0x00,
  0x0a, 0x00, 0x00, 0x00, 0x2b, 0x00, 0x00, 0x00, 0x88, 0x0b, 0x00, 0x00,
  0x00, 0x00, 0x00, 0x00, 0x18, 0x18, 0x00, 0x00, 0x00, 0x00, 0x00, 0x00,
  0x0a, 0x00, 0x00, 0x00, 0x2b, 0x00, 0x00, 0x00, 0x61, 0x58, 0x00, 0x00,
  0x00, 0x00, 0x00, 0x00, 0x1c, 0x18, 0x00, 0x00, 0x00, 0x00, 0x00, 0x00,
  0x0a, 0x00, 0x00, 0x00, 0x2b, 0x00, 0x00, 0x00, 0xfd, 0x30, 0x00, 0x00,
  0x00, 0x00, 0x00, 0x00, 0x20, 0x18, 0x00, 0x00, 0x00, 0x00, 0x00, 0x00,
  0x0a, 0x00, 0x00, 0x00, 0x2b, 0x00, 0x00, 0x00, 0x26, 0x45, 0x00, 0x00,
  0x00, 0x00, 0x00, 0x00, 0x24, 0x18, 0x00, 0x00, 0x00, 0x00, 0x00, 0x00,
  0x0a, 0x00, 0x00, 0x00, 0x2b, 0x00, 0x00, 0x00, 0x70, 0x08, 0x00, 0x00,
  0x00, 0x00, 0x00, 0x00, 0x28, 0x18, 0x00, 0x00, 0x00, 0x00, 0x00, 0x00,
  0x0a, 0x00, 0x00, 0x00, 0x2b, 0x00, 0x00, 0x00, 0x70, 0x33, 0x00, 0x00,
  0x00, 0x00, 0x00, 0x00, 0x2c, 0x18, 0x00, 0x00, 0x00, 0x00, 0x00, 0x00,
  0x0a, 0x00, 0x00, 0x00, 0x2b, 0x00, 0x00, 0x00, 0x77, 0x33, 0x00, 0x00,
  0x00, 0x00, 0x00, 0x00, 0x30, 0x18, 0x00, 0x00, 0x00, 0x00, 0x00, 0x00,
  0x0a, 0x00, 0x00, 0x00, 0x2b, 0x00, 0x00, 0x00, 0x4a, 0x11, 0x00, 0x00,
  0x00, 0x00, 0x00, 0x00, 0x34, 0x18, 0x00, 0x00, 0x00, 0x00, 0x00, 0x00,
  0x0a, 0x00, 0x00, 0x00, 0x2b, 0x00, 0x00, 0x00, 0x30, 0x45, 0x00, 0x00,
  0x00, 0x00, 0x00, 0x00, 0x38, 0x18, 0x00, 0x00, 0x00, 0x00, 0x00, 0x00,
  0x0a, 0x00, 0x00, 0x00, 0x2b, 0x00, 0x00, 0x00, 0x1a, 0x4b, 0x00, 0x00,
  0x00, 0x00, 0x00, 0x00, 0x3c, 0x18, 0x00, 0x00, 0x00, 0x00, 0x00, 0x00,
  0x0a, 0x00, 0x00, 0x00, 0x2b, 0x00, 0x00, 0x00, 0x66, 0x36, 0x00, 0x00,
  0x00, 0x00, 0x00, 0x00, 0x40, 0x18, 0x00, 0x00, 0x00, 0x00, 0x00, 0x00,
  0x0a, 0x00, 0x00, 0x00, 0x2b, 0x00, 0x00, 0x00, 0x83, 0x33, 0x00, 0x00,
  0x00, 0x00, 0x00, 0x00, 0x44, 0x18, 0x00, 0x00, 0x00, 0x00, 0x00, 0x00,
  0x0a, 0x00, 0x00, 0x00, 0x2b, 0x00, 0x00, 0x00, 0x01, 0x48, 0x00, 0x00,
  0x00, 0x00, 0x00, 0x00, 0x48, 0x18, 0x00, 0x00, 0x00, 0x00, 0x00, 0x00,
  0x0a, 0x00, 0x00, 0x00, 0x2b, 0x00, 0x00, 0x00, 0x5e, 0x14, 0x00, 0x00,
  0x00, 0x00, 0x00, 0x00, 0x4c, 0x18, 0x00, 0x00, 0x00, 0x00, 0x00, 0x00,
  0x0a, 0x00, 0x00, 0x00, 0x2b, 0x00, 0x00, 0x00, 0xfd, 0x50, 0x00, 0x00,
  0x00, 0x00, 0x00, 0x00, 0x50, 0x18, 0x00, 0x00, 0x00, 0x00, 0x00, 0x00,
  0x0a, 0x00, 0x00, 0x00, 0x2b, 0x00, 0x00, 0x00, 0x86, 0x33, 0x00, 0x00,
  0x00, 0x00, 0x00, 0x00, 0x54, 0x18, 0x00, 0x00, 0x00, 0x00, 0x00, 0x00,
  0x0a, 0x00, 0x00, 0x00, 0x2b, 0x00, 0x00, 0x00, 0xcd, 0x3e, 0x00, 0x00,
  0x00, 0x00, 0x00, 0x00, 0x58, 0x18, 0x00, 0x00, 0x00, 0x00, 0x00, 0x00,
  0x0a, 0x00, 0x00, 0x00, 0x2b, 0x00, 0x00, 0x00, 0xc9, 0x2d, 0x00, 0x00,
  0x00, 0x00, 0x00, 0x00, 0x5c, 0x18, 0x00, 0x00, 0x00, 0x00, 0x00, 0x00,
  0x0a, 0x00, 0x00, 0x00, 0x2b, 0x00, 0x00, 0x00, 0x05, 0x1c, 0x00, 0x00,
  0x00, 0x00, 0x00, 0x00, 0x60, 0x18, 0x00, 0x00, 0x00, 0x00, 0x00, 0x00,
  0x0a, 0x00, 0x00, 0x00, 0x2b, 0x00, 0x00, 0x00, 0x01, 0x51, 0x00, 0x00,
  0x00, 0x00, 0x00, 0x00, 0x64, 0x18, 0x00, 0x00, 0x00, 0x00, 0x00, 0x00,
  0x0a, 0x00, 0x00, 0x00, 0x2b, 0x00, 0x00, 0x00, 0x88, 0x41, 0x00, 0x00,
  0x00, 0x00, 0x00, 0x00, 0x68, 0x18, 0x00, 0x00, 0x00, 0x00, 0x00, 0x00,
  0x0a, 0x00, 0x00, 0x00, 0x2b, 0x00, 0x00, 0x00, 0x89, 0x33, 0x00, 0x00,
  0x00, 0x00, 0x00, 0x00, 0x6c, 0x18, 0x00, 0x00, 0x00, 0x00, 0x00, 0x00,
  0x0a, 0x00, 0x00, 0x00, 0x2b, 0x00, 0x00, 0x00, 0xff, 0x55, 0x00, 0x00,
  0x00, 0x00, 0x00, 0x00, 0x70, 0x18, 0x00, 0x00, 0x00, 0x00, 0x00, 0x00,
  0x0a, 0x00, 0x00, 0x00, 0x2b, 0x00, 0x00, 0x00, 0x62, 0x14, 0x00, 0x00,
  0x00, 0x00, 0x00, 0x00, 0x74, 0x18, 0x00, 0x00, 0x00, 0x00, 0x00, 0x00,
  0x0a, 0x00, 0x00, 0x00, 0x2b, 0x00, 0x00, 0x00, 0x79, 0x02, 0x00, 0x00,
  0x00, 0x00, 0x00, 0x00, 0x78, 0x18, 0x00, 0x00, 0x00, 0x00, 0x00, 0x00,
  0x0a, 0x00, 0x00, 0x00, 0x2b, 0x00, 0x00, 0x00, 0x7b, 0x3c, 0x00, 0x00,
  0x00, 0x00, 0x00, 0x00, 0x7c, 0x18, 0x00, 0x00, 0x00, 0x00, 0x00, 0x00,
  0x0a, 0x00, 0x00, 0x00, 0x2b, 0x00, 0x00, 0x00, 0x8b, 0x41, 0x00, 0x00,
  0x00, 0x00, 0x00, 0x00, 0x80, 0x18, 0x00, 0x00, 0x00, 0x00, 0x00, 0x00,
  0x0a, 0x00, 0x00, 0x00, 0x2b, 0x00, 0x00, 0x00, 0xa0, 0x2a, 0x00, 0x00,
  0x00, 0x00, 0x00, 0x00, 0x84, 0x18, 0x00, 0x00, 0x00, 0x00, 0x00, 0x00,
  0x0a, 0x00, 0x00, 0x00, 0x2b, 0x00, 0x00, 0x00, 0xd7, 0x21, 0x00, 0x00,
  0x00, 0x00, 0x00, 0x00, 0x88, 0x18, 0x00, 0x00, 0x00, 0x00, 0x00, 0x00,
  0x0a, 0x00, 0x00, 0x00, 0x2b, 0x00, 0x00, 0x00, 0x07, 0x56, 0x00, 0x00,
  0x00, 0x00, 0x00, 0x00, 0x8c, 0x18, 0x00, 0x00, 0x00, 0x00, 0x00, 0x00,
  0x0a, 0x00, 0x00, 0x00, 0x2b, 0x00, 0x00, 0x00, 0x1e, 0x53, 0x00, 0x00,
  0x00, 0x00, 0x00, 0x00, 0x90, 0x18, 0x00, 0x00, 0x00, 0x00, 0x00, 0x00,
  0x0a, 0x00, 0x00, 0x00, 0x2b, 0x00, 0x00, 0x00, 0xa0, 0x16, 0x00, 0x00,
  0x00, 0x00, 0x00, 0x00, 0x94, 0x18, 0x00, 0x00, 0x00, 0x00, 0x00, 0x00,
  0x0a, 0x00, 0x00, 0x00, 0x2b, 0x00, 0x00, 0x00, 0xd0, 0x3e, 0x00, 0x00,
  0x00, 0x00, 0x00, 0x00, 0x98, 0x18, 0x00, 0x00, 0x00, 0x00, 0x00, 0x00,
  0x0a, 0x00, 0x00, 0x00, 0x2b, 0x00, 0x00, 0x00, 0x8d, 0x0b, 0x00, 0x00,
  0x00, 0x00, 0x00, 0x00, 0x9c, 0x18, 0x00, 0x00, 0x00, 0x00, 0x00, 0x00,
  0x0a, 0x00, 0x00, 0x00, 0x2b, 0x00, 0x00, 0x00, 0xa8, 0x16, 0x00, 0x00,
  0x00, 0x00, 0x00, 0x00, 0xa0, 0x18, 0x00, 0x00, 0x00, 0x00, 0x00, 0x00,
  0x0a, 0x00, 0x00, 0x00, 0x2b, 0x00, 0x00, 0x00, 0x34, 0x45, 0x00, 0x00,
  0x00, 0x00, 0x00, 0x00, 0xa4, 0x18, 0x00, 0x00, 0x00, 0x00, 0x00, 0x00,
  0x0a, 0x00, 0x00, 0x00, 0x2b, 0x00, 0x00, 0x00, 0x65, 0x14, 0x00, 0x00,
  0x00, 0x00, 0x00, 0x00, 0xa8, 0x18, 0x00, 0x00, 0x00, 0x00, 0x00, 0x00,
  0x0a, 0x00, 0x00, 0x00, 0x2b, 0x00, 0x00, 0x00, 0x00, 0x27, 0x00, 0x00,
  0x00, 0x00, 0x00, 0x00, 0xac, 0x18, 0x00, 0x00, 0x00, 0x00, 0x00, 0x00,
  0x0a, 0x00, 0x00, 0x00, 0x2b, 0x00, 0x00, 0x00, 0x04, 0x48, 0x00, 0x00,
  0x00, 0x00, 0x00, 0x00, 0xb0, 0x18, 0x00, 0x00, 0x00, 0x00, 0x00, 0x00,
  0x0a, 0x00, 0x00, 0x00, 0x2b, 0x00, 0x00, 0x00, 0x08, 0x1c, 0x00, 0x00,
  0x00, 0x00, 0x00, 0x00, 0xb4, 0x18, 0x00, 0x00, 0x00, 0x00, 0x00, 0x00,
  0x0a, 0x00, 0x00, 0x00, 0x2b, 0x00, 0x00, 0x00, 0x1e, 0x4b, 0x00, 0x00,
  0x00, 0x00, 0x00, 0x00, 0xb8, 0x18, 0x00, 0x00, 0x00, 0x00, 0x00, 0x00,
  0x0a, 0x00, 0x00, 0x00, 0x2b, 0x00, 0x00, 0x00, 0x58, 0x39, 0x00, 0x00,
  0x00, 0x00, 0x00, 0x00, 0xbc, 0x18, 0x00, 0x00, 0x00, 0x00, 0x00, 0x00,
  0x0a, 0x00, 0x00, 0x00, 0x2b, 0x00, 0x00, 0x00, 0xd4, 0x3e, 0x00, 0x00,
  0x00, 0x00, 0x00, 0x00, 0xc0, 0x18, 0x00, 0x00, 0x00, 0x00, 0x00, 0x00,
  0x0a, 0x00, 0x00, 0x00, 0x2b, 0x00, 0x00, 0x00, 0x69, 0x58, 0x00, 0x00,
  0x00, 0x00, 0x00, 0x00, 0xc4, 0x18, 0x00, 0x00, 0x00, 0x00, 0x00, 0x00,
  0x0a, 0x00, 0x00, 0x00, 0x2b, 0x00, 0x00, 0x00, 0xdb, 0x21, 0x00, 0x00,
  0x00, 0x00, 0x00, 0x00, 0xc8, 0x18, 0x00, 0x00, 0x00, 0x00, 0x00, 0x00,
  0x0a, 0x00, 0x00, 0x00, 0x2b, 0x00, 0x00, 0x00, 0x0b, 0x48, 0x00, 0x00,
  0x00, 0x00, 0x00, 0x00, 0xcc, 0x18, 0x00, 0x00, 0x00, 0x00, 0x00, 0x00,
  0x0a, 0x00, 0x00, 0x00, 0x2b, 0x00, 0x00, 0x00, 0x7f, 0x3c, 0x00, 0x00,
  0x00, 0x00, 0x00, 0x00, 0xd0, 0x18, 0x00, 0x00, 0x00, 0x00, 0x00, 0x00,
  0x0a, 0x00, 0x00, 0x00, 0x2b, 0x00, 0x00, 0x00, 0x10, 0x1c, 0x00, 0x00,
  0x00, 0x00, 0x00, 0x00, 0xd4, 0x18, 0x00, 0x00, 0x00, 0x00, 0x00, 0x00,
  0x0a, 0x00, 0x00, 0x00, 0x2b, 0x00, 0x00, 0x00, 0x03, 0x27, 0x00, 0x00,
  0x00, 0x00, 0x00, 0x00, 0xd8, 0x18, 0x00, 0x00, 0x00, 0x00, 0x00, 0x00,
  0x0a, 0x00, 0x00, 0x00, 0x2b, 0x00, 0x00, 0x00, 0x66, 0x39, 0x00, 0x00,
  0x00, 0x00, 0x00, 0x00, 0xdc, 0x18, 0x00, 0x00, 0x00, 0x00, 0x00, 0x00,
  0x0a, 0x00, 0x00, 0x00, 0x2b, 0x00, 0x00, 0x00, 0x6d, 0x14, 0x00, 0x00,
  0x00, 0x00, 0x00, 0x00, 0xe0, 0x18, 0x00, 0x00, 0x00, 0x00, 0x00, 0x00,
  0x0a, 0x00, 0x00, 0x00, 0x2b, 0x00, 0x00, 0x00, 0x95, 0x0b, 0x00, 0x00,
  0x00, 0x00, 0x00, 0x00, 0xe4, 0x18, 0x00, 0x00, 0x00, 0x00, 0x00, 0x00,
  0x0a, 0x00, 0x00, 0x00, 0x2b, 0x00, 0x00, 0x00, 0x3b, 0x45, 0x00, 0x00,
  0x00, 0x00, 0x00, 0x00, 0xe8, 0x18, 0x00, 0x00, 0x00, 0x00, 0x00, 0x00,
  0x0a, 0x00, 0x00, 0x00, 0x2b, 0x00, 0x00, 0x00, 0x45, 0x45, 0x00, 0x00,
  0x00, 0x00, 0x00, 0x00, 0xec, 0x18, 0x00, 0x00, 0x00, 0x00, 0x00, 0x00,
  0x0a, 0x00, 0x00, 0x00, 0x2b, 0x00, 0x00, 0x00, 0x6a, 0x36, 0x00, 0x00,
  0x00, 0x00, 0x00, 0x00, 0xf0, 0x18, 0x00, 0x00, 0x00, 0x00, 0x00, 0x00,
  0x0a, 0x00, 0x00, 0x00, 0x2b, 0x00, 0x00, 0x00, 0x0c, 0x27, 0x00, 0x00,
  0x00, 0x00, 0x00, 0x00, 0xf4, 0x18, 0x00, 0x00, 0x00, 0x00, 0x00, 0x00,
  0x0a, 0x00, 0x00, 0x00, 0x2b, 0x00, 0x00, 0x00, 0x0b, 0x05, 0x00, 0x00,
  0x00, 0x00, 0x00, 0x00, 0xf8, 0x18, 0x00, 0x00, 0x00, 0x00, 0x00, 0x00,
  0x0a, 0x00, 0x00, 0x00, 0x2b, 0x00, 0x00, 0x00, 0x19, 0x27, 0x00, 0x00,
  0x00, 0x00, 0x00, 0x00, 0xfc, 0x18, 0x00, 0x00, 0x00, 0x00, 0x00, 0x00,
  0x0a, 0x00, 0x00, 0x00, 0x2b, 0x00, 0x00, 0x00, 0x54, 0x24, 0x00, 0x00,
  0x00, 0x00, 0x00, 0x00, 0x00, 0x19, 0x00, 0x00, 0x00, 0x00, 0x00, 0x00,
  0x0a, 0x00, 0x00, 0x00, 0x2b, 0x00, 0x00, 0x00, 0x18, 0x05, 0x00, 0x00,
  0x00, 0x00, 0x00, 0x00, 0x04, 0x19, 0x00, 0x00, 0x00, 0x00, 0x00, 0x00,
  0x0a, 0x00, 0x00, 0x00, 0x2b, 0x00, 0x00, 0x00, 0x19, 0x1c, 0x00, 0x00,
  0x00, 0x00, 0x00, 0x00, 0x08, 0x19, 0x00, 0x00, 0x00, 0x00, 0x00, 0x00,
  0x0a, 0x00, 0x00, 0x00, 0x2b, 0x00, 0x00, 0x00, 0x74, 0x39, 0x00, 0x00,
  0x00, 0x00, 0x00, 0x00, 0x0c, 0x19, 0x00, 0x00, 0x00, 0x00, 0x00, 0x00,
  0x0a, 0x00, 0x00, 0x00, 0x2b, 0x00, 0x00, 0x00, 0xa8, 0x1e, 0x00, 0x00,
  0x00, 0x00, 0x00, 0x00, 0x10, 0x19, 0x00, 0x00, 0x00, 0x00, 0x00, 0x00,
  0x0a, 0x00, 0x00, 0x00, 0x2b, 0x00, 0x00, 0x00, 0x6b, 0x4e, 0x00, 0x00,
  0x00, 0x00, 0x00, 0x00, 0x14, 0x19, 0x00, 0x00, 0x00, 0x00, 0x00, 0x00,
  0x0a, 0x00, 0x00, 0x00, 0x2b, 0x00, 0x00, 0x00, 0x04, 0x51, 0x00, 0x00,
  0x00, 0x00, 0x00, 0x00, 0x18, 0x19, 0x00, 0x00, 0x00, 0x00, 0x00, 0x00,
  0x0a, 0x00, 0x00, 0x00, 0x2b, 0x00, 0x00, 0x00, 0x73, 0x4e, 0x00, 0x00,
  0x00, 0x00, 0x00, 0x00, 0x1c, 0x19, 0x00, 0x00, 0x00, 0x00, 0x00, 0x00,
  0x0a, 0x00, 0x00, 0x00, 0x2b, 0x00, 0x00, 0x00, 0x79, 0x4e, 0x00, 0x00,
  0x00, 0x00, 0x00, 0x00, 0x20, 0x19, 0x00, 0x00, 0x00, 0x00, 0x00, 0x00,
  0x0a, 0x00, 0x00, 0x00, 0x2b, 0x00, 0x00, 0x00, 0x8c, 0x33, 0x00, 0x00,
  0x00, 0x00, 0x00, 0x00, 0x24, 0x19, 0x00, 0x00, 0x00, 0x00, 0x00, 0x00,
  0x0a, 0x00, 0x00, 0x00, 0x2b, 0x00, 0x00, 0x00, 0xac, 0x16, 0x00, 0x00,
  0x00, 0x00, 0x00, 0x00, 0x28, 0x19, 0x00, 0x00, 0x00, 0x00, 0x00, 0x00,
  0x0a, 0x00, 0x00, 0x00, 0x2b, 0x00, 0x00, 0x00, 0xd6, 0x5a, 0x00, 0x00,
  0x00, 0x00, 0x00, 0x00, 0x2c, 0x19, 0x00, 0x00, 0x00, 0x00, 0x00, 0x00,
  0x0a, 0x00, 0x00, 0x00, 0x2b, 0x00, 0x00, 0x00, 0x10, 0x48, 0x00, 0x00,
  0x00, 0x00, 0x00, 0x00, 0x30, 0x19, 0x00, 0x00, 0x00, 0x00, 0x00, 0x00,
  0x0a, 0x00, 0x00, 0x00, 0x2b, 0x00, 0x00, 0x00, 0x26, 0x4b, 0x00, 0x00,
  0x00, 0x00, 0x00, 0x00, 0x34, 0x19, 0x00, 0x00, 0x00, 0x00, 0x00, 0x00,
  0x0a, 0x00, 0x00, 0x00, 0x2b, 0x00, 0x00, 0x00, 0x97, 0x33, 0x00, 0x00,
  0x00, 0x00, 0x00, 0x00, 0x38, 0x19, 0x00, 0x00, 0x00, 0x00, 0x00, 0x00,
  0x0a, 0x00, 0x00, 0x00, 0x2b, 0x00, 0x00, 0x00, 0x4e, 0x11, 0x00, 0x00,
  0x00, 0x00, 0x00, 0x00, 0x3c, 0x19, 0x00, 0x00, 0x00, 0x00, 0x00, 0x00,
  0x0a, 0x00, 0x00, 0x00, 0x2b, 0x00, 0x00, 0x00, 0x52, 0x45, 0x00, 0x00,
  0x00, 0x00, 0x00, 0x00, 0x40, 0x19, 0x00, 0x00, 0x00, 0x00, 0x00, 0x00,
  0x0a, 0x00, 0x00, 0x00, 0x2b, 0x00, 0x00, 0x00, 0x23, 0x05, 0x00, 0x00,
  0x00, 0x00, 0x00, 0x00, 0x44, 0x19, 0x00, 0x00, 0x00, 0x00, 0x00, 0x00,
  0x0a, 0x00, 0x00, 0x00, 0x2b, 0x00, 0x00, 0x00, 0xa3, 0x2a, 0x00, 0x00,
  0x00, 0x00, 0x00, 0x00, 0x48, 0x19, 0x00, 0x00, 0x00, 0x00, 0x00, 0x00,
  0x0a, 0x00, 0x00, 0x00, 0x2b, 0x00, 0x00, 0x00, 0xa7, 0x33, 0x00, 0x00,
  0x00, 0x00, 0x00, 0x00, 0x4c, 0x19, 0x00, 0x00, 0x00, 0x00, 0x00, 0x00,
  0x0a, 0x00, 0x00, 0x00, 0x2b, 0x00, 0x00, 0x00, 0x28, 0x05, 0x00, 0x00,
  0x00, 0x00, 0x00, 0x00, 0x50, 0x19, 0x00, 0x00, 0x00, 0x00, 0x00, 0x00,
  0x0a, 0x00, 0x00, 0x00, 0x2b, 0x00, 0x00, 0x00, 0x93, 0x41, 0x00, 0x00,
  0x00, 0x00, 0x00, 0x00, 0x54, 0x19, 0x00, 0x00, 0x00, 0x00, 0x00, 0x00,
  0x0a, 0x00, 0x00, 0x00, 0x2b, 0x00, 0x00, 0x00, 0x63, 0x45, 0x00, 0x00,
  0x00, 0x00, 0x00, 0x00, 0x58, 0x19, 0x00, 0x00, 0x00, 0x00, 0x00, 0x00,
  0x0a, 0x00, 0x00, 0x00, 0x2b, 0x00, 0x00, 0x00, 0xaa, 0x2a, 0x00, 0x00,
  0x00, 0x00, 0x00, 0x00, 0x5c, 0x19, 0x00, 0x00, 0x00, 0x00, 0x00, 0x00,
  0x0a, 0x00, 0x00, 0x00, 0x2b, 0x00, 0x00, 0x00, 0xb4, 0x1e, 0x00, 0x00,
  0x00, 0x00, 0x00, 0x00, 0x60, 0x19, 0x00, 0x00, 0x00, 0x00, 0x00, 0x00,
  0x0a, 0x00, 0x00, 0x00, 0x2b, 0x00, 0x00, 0x00, 0x73, 0x08, 0x00, 0x00,
  0x00, 0x00, 0x00, 0x00, 0x64, 0x19, 0x00, 0x00, 0x00, 0x00, 0x00, 0x00,
  0x0a, 0x00, 0x00, 0x00, 0x2b, 0x00, 0x00, 0x00, 0x31, 0x4b, 0x00, 0x00,
  0x00, 0x00, 0x00, 0x00, 0x68, 0x19, 0x00, 0x00, 0x00, 0x00, 0x00, 0x00,
  0x0a, 0x00, 0x00, 0x00, 0x2b, 0x00, 0x00, 0x00, 0x7c, 0x02, 0x00, 0x00,
  0x00, 0x00, 0x00, 0x00, 0x6c, 0x19, 0x00, 0x00, 0x00, 0x00, 0x00, 0x00,
  0x0a, 0x00, 0x00, 0x00, 0x2b, 0x00, 0x00, 0x00, 0x23, 0x1c, 0x00, 0x00,
  0x00, 0x00, 0x00, 0x00, 0x70, 0x19, 0x00, 0x00, 0x00, 0x00, 0x00, 0x00,
  0x0a, 0x00, 0x00, 0x00, 0x2b, 0x00, 0x00, 0x00, 0x82, 0x39, 0x00, 0x00,
  0x00, 0x00, 0x00, 0x00, 0x74, 0x19, 0x00, 0x00, 0x00, 0x00, 0x00, 0x00,
  0x0a, 0x00, 0x00, 0x00, 0x2b, 0x00, 0x00, 0x00, 0xbd, 0x2a, 0x00, 0x00,
  0x00, 0x00, 0x00, 0x00, 0x78, 0x19, 0x00, 0x00, 0x00, 0x00, 0x00, 0x00,
  0x0a, 0x00, 0x00, 0x00, 0x2b, 0x00, 0x00, 0x00, 0xa1, 0x0b, 0x00, 0x00,
  0x00, 0x00, 0x00, 0x00, 0x7c, 0x19, 0x00, 0x00, 0x00, 0x00, 0x00, 0x00,
  0x0a, 0x00, 0x00, 0x00, 0x2b, 0x00, 0x00, 0x00, 0xcc, 0x2d, 0x00, 0x00,
  0x00, 0x00, 0x00, 0x00, 0x80, 0x19, 0x00, 0x00, 0x00, 0x00, 0x00, 0x00,
  0x0a, 0x00, 0x00, 0x00, 0x2b, 0x00, 0x00, 0x00, 0x63, 0x24, 0x00, 0x00,
  0x00, 0x00, 0x00, 0x00, 0x84, 0x19, 0x00, 0x00, 0x00, 0x00, 0x00, 0x00,
  0x0a, 0x00, 0x00, 0x00, 0x2b, 0x00, 0x00, 0x00, 0xa8, 0x0e, 0x00, 0x00,
  0x00, 0x00, 0x00, 0x00, 0x88, 0x19, 0x00, 0x00, 0x00, 0x00, 0x00, 0x00,
  0x0a, 0x00, 0x00, 0x00, 0x2b, 0x00, 0x00, 0x00, 0x30, 0x1c, 0x00, 0x00,
  0x00, 0x00, 0x00, 0x00, 0x8c, 0x19, 0x00, 0x00, 0x00, 0x00, 0x00, 0x00,
  0x0a, 0x00, 0x00, 0x00, 0x2b, 0x00, 0x00, 0x00, 0x72, 0x24, 0x00, 0x00,
  0x00, 0x00, 0x00, 0x00, 0x90, 0x19, 0x00, 0x00, 0x00, 0x00, 0x00, 0x00,
  0x0a, 0x00, 0x00, 0x00, 0x2b, 0x00, 0x00, 0x00, 0xde, 0x3e, 0x00, 0x00,
  0x00, 0x00, 0x00, 0x00, 0x94, 0x19, 0x00, 0x00, 0x00, 0x00, 0x00, 0x00,
  0x0a, 0x00, 0x00, 0x00, 0x2b, 0x00, 0x00, 0x00, 0xef, 0x3e, 0x00, 0x00,
  0x00, 0x00, 0x00, 0x00, 0x98, 0x19, 0x00, 0x00, 0x00, 0x00, 0x00, 0x00,
  0x0a, 0x00, 0x00, 0x00, 0x2b, 0x00, 0x00, 0x00, 0xa0, 0x41, 0x00, 0x00,
  0x00, 0x00, 0x00, 0x00, 0x9c, 0x19, 0x00, 0x00, 0x00, 0x00, 0x00, 0x00,
  0x0a, 0x00, 0x00, 0x00, 0x2b, 0x00, 0x00, 0x00, 0xaa, 0x41, 0x00, 0x00,
  0x00, 0x00, 0x00, 0x00, 0xa0, 0x19, 0x00, 0x00, 0x00, 0x00, 0x00, 0x00,
  0x0a, 0x00, 0x00, 0x00, 0x2b, 0x00, 0x00, 0x00, 0xe2, 0x5a, 0x00, 0x00,
  0x00, 0x00, 0x00, 0x00, 0xa4, 0x19, 0x00, 0x00, 0x00, 0x00, 0x00, 0x00,
  0x0a, 0x00, 0x00, 0x00, 0x2b, 0x00, 0x00, 0x00, 0xad, 0x0b, 0x00, 0x00,
  0x00, 0x00, 0x00, 0x00, 0xa8, 0x19, 0x00, 0x00, 0x00, 0x00, 0x00, 0x00,
  0x0a, 0x00, 0x00, 0x00, 0x2b, 0x00, 0x00, 0x00, 0x22, 0x53, 0x00, 0x00,
  0x00, 0x00, 0x00, 0x00, 0xac, 0x19, 0x00, 0x00, 0x00, 0x00, 0x00, 0x00,
  0x0a, 0x00, 0x00, 0x00, 0x2b, 0x00, 0x00, 0x00, 0x2b, 0x27, 0x00, 0x00,
  0x00, 0x00, 0x00, 0x00, 0xb0, 0x19, 0x00, 0x00, 0x00, 0x00, 0x00, 0x00,
  0x0a, 0x00, 0x00, 0x00, 0x2b, 0x00, 0x00, 0x00, 0x76, 0x58, 0x00, 0x00,
  0x00, 0x00, 0x00, 0x00, 0xb4, 0x19, 0x00, 0x00, 0x00, 0x00, 0x00, 0x00,
  0x0a, 0x00, 0x00, 0x00, 0x2b, 0x00, 0x00, 0x00, 0x80, 0x24, 0x00, 0x00,
  0x00, 0x00, 0x00, 0x00, 0xb8, 0x19, 0x00, 0x00, 0x00, 0x00, 0x00, 0x00,
  0x0a, 0x00, 0x00, 0x00, 0x2b, 0x00, 0x00, 0x00, 0x34, 0x27, 0x00, 0x00,
  0x00, 0x00, 0x00, 0x00, 0xbc, 0x19, 0x00, 0x00, 0x00, 0x00, 0x00, 0x00,
  0x0a, 0x00, 0x00, 0x00, 0x2b, 0x00, 0x00, 0x00, 0x0a, 0x56, 0x00, 0x00,
  0x00, 0x00, 0x00, 0x00, 0xc0, 0x19, 0x00, 0x00, 0x00, 0x00, 0x00, 0x00,
  0x0a, 0x00, 0x00, 0x00, 0x2b, 0x00, 0x00, 0x00, 0x3a, 0x4b, 0x00, 0x00,
  0x00, 0x00, 0x00, 0x00, 0xc4, 0x19, 0x00, 0x00, 0x00, 0x00, 0x00, 0x00,
  0x0a, 0x00, 0x00, 0x00, 0x2b, 0x00, 0x00, 0x00, 0x18, 0x56, 0x00, 0x00,
  0x00, 0x00, 0x00, 0x00, 0xc8, 0x19, 0x00, 0x00, 0x00, 0x00, 0x00, 0x00,
  0x0a, 0x00, 0x00, 0x00, 0x2b, 0x00, 0x00, 0x00, 0xba, 0x0b, 0x00, 0x00,
  0x00, 0x00, 0x00, 0x00, 0xcc, 0x19, 0x00, 0x00, 0x00, 0x00, 0x00, 0x00,
  0x0a, 0x00, 0x00, 0x00, 0x2b, 0x00, 0x00, 0x00, 0x6f, 0x45, 0x00, 0x00,
  0x00, 0x00, 0x00, 0x00, 0xd0, 0x19, 0x00, 0x00, 0x00, 0x00, 0x00, 0x00,
  0x0a, 0x00, 0x00, 0x00, 0x2b, 0x00, 0x00, 0x00, 0x8d, 0x4e, 0x00, 0x00,
  0x00, 0x00, 0x00, 0x00, 0xd4, 0x19, 0x00, 0x00, 0x00, 0x00, 0x00, 0x00,
  0x0a, 0x00, 0x00, 0x00, 0x2b, 0x00, 0x00, 0x00, 0x4a, 0x19, 0x00, 0x00,
  0x00, 0x00, 0x00, 0x00, 0xd8, 0x19, 0x00, 0x00, 0x00, 0x00, 0x00, 0x00,
  0x0a, 0x00, 0x00, 0x00, 0x2b, 0x00, 0x00, 0x00, 0xb6, 0x16, 0x00, 0x00,
  0x00, 0x00, 0x00, 0x00, 0xdc, 0x19, 0x00, 0x00, 0x00, 0x00, 0x00, 0x00,
  0x0a, 0x00, 0x00, 0x00, 0x2b, 0x00, 0x00, 0x00, 0x07, 0x31, 0x00, 0x00,
  0x00, 0x00, 0x00, 0x00, 0xe0, 0x19, 0x00, 0x00, 0x00, 0x00, 0x00, 0x00,
  0x0a, 0x00, 0x00, 0x00, 0x2b, 0x00, 0x00, 0x00, 0xe1, 0x21, 0x00, 0x00,
  0x00, 0x00, 0x00, 0x00, 0xe4, 0x19, 0x00, 0x00, 0x00, 0x00, 0x00, 0x00,
  0x0a, 0x00, 0x00, 0x00, 0x2b, 0x00, 0x00, 0x00, 0xc0, 0x16, 0x00, 0x00,
  0x00, 0x00, 0x00, 0x00, 0xe8, 0x19, 0x00, 0x00, 0x00, 0x00, 0x00, 0x00,
  0x0a, 0x00, 0x00, 0x00, 0x2b, 0x00, 0x00, 0x00, 0x39, 0x1c, 0x00, 0x00,
  0x00, 0x00, 0x00, 0x00, 0xec, 0x19, 0x00, 0x00, 0x00, 0x00, 0x00, 0x00,
  0x0a, 0x00, 0x00, 0x00, 0x2b, 0x00, 0x00, 0x00, 0x33, 0x05, 0x00, 0x00,
  0x00, 0x00, 0x00, 0x00, 0xf0, 0x19, 0x00, 0x00, 0x00, 0x00, 0x00, 0x00,
  0x0a, 0x00, 0x00, 0x00, 0x2b, 0x00, 0x00, 0x00, 0x99, 0x4e, 0x00, 0x00,
  0x00, 0x00, 0x00, 0x00, 0xf4, 0x19, 0x00, 0x00, 0x00, 0x00, 0x00, 0x00,
  0x0a, 0x00, 0x00, 0x00, 0x2b, 0x00, 0x00, 0x00, 0xae, 0x33, 0x00, 0x00,
  0x00, 0x00, 0x00, 0x00, 0xf8, 0x19, 0x00, 0x00, 0x00, 0x00, 0x00, 0x00,
  0x0a, 0x00, 0x00, 0x00, 0x2b, 0x00, 0x00, 0x00, 0x0c, 0x51, 0x00, 0x00,
  0x00, 0x00, 0x00, 0x00, 0xfc, 0x19, 0x00, 0x00, 0x00, 0x00, 0x00, 0x00,
  0x0a, 0x00, 0x00, 0x00, 0x2b, 0x00, 0x00, 0x00, 0xc3, 0x2a, 0x00, 0x00,
  0x00, 0x00, 0x00, 0x00, 0x00, 0x1a, 0x00, 0x00, 0x00, 0x00, 0x00, 0x00,
  0x0a, 0x00, 0x00, 0x00, 0x2b, 0x00, 0x00, 0x00, 0xbb, 0x0e, 0x00, 0x00,
  0x00, 0x00, 0x00, 0x00, 0x04, 0x1a, 0x00, 0x00, 0x00, 0x00, 0x00, 0x00,
  0x0a, 0x00, 0x00, 0x00, 0x2b, 0x00, 0x00, 0x00, 0x5e, 0x11, 0x00, 0x00,
  0x00, 0x00, 0x00, 0x00, 0x08, 0x1a, 0x00, 0x00, 0x00, 0x00, 0x00, 0x00,
  0x0a, 0x00, 0x00, 0x00, 0x2b, 0x00, 0x00, 0x00, 0x45, 0x1c, 0x00, 0x00,
  0x00, 0x00, 0x00, 0x00, 0x0c, 0x1a, 0x00, 0x00, 0x00, 0x00, 0x00, 0x00,
  0x0a, 0x00, 0x00, 0x00, 0x2b, 0x00, 0x00, 0x00, 0x86, 0x3c, 0x00, 0x00,
  0x00, 0x00, 0x00, 0x00, 0x10, 0x1a, 0x00, 0x00, 0x00, 0x00, 0x00, 0x00,
  0x0a, 0x00, 0x00, 0x00, 0x2b, 0x00, 0x00, 0x00, 0xc4, 0x0e, 0x00, 0x00,
  0x00, 0x00, 0x00, 0x00, 0x14, 0x1a, 0x00, 0x00, 0x00, 0x00, 0x00, 0x00,
  0x0a, 0x00, 0x00, 0x00, 0x2b, 0x00, 0x00, 0x00, 0x7b, 0x45, 0x00, 0x00,
  0x00, 0x00, 0x00, 0x00, 0x18, 0x1a, 0x00, 0x00, 0x00, 0x00, 0x00, 0x00,
  0x0a, 0x00, 0x00, 0x00, 0x2b, 0x00, 0x00, 0x00, 0x43, 0x05, 0x00, 0x00,
  0x00, 0x00, 0x00, 0x00, 0x1c, 0x1a, 0x00, 0x00, 0x00, 0x00, 0x00, 0x00,
  0x0a, 0x00, 0x00, 0x00, 0x2b, 0x00, 0x00, 0x00, 0x79, 0x36, 0x00, 0x00,
  0x00, 0x00, 0x00, 0x00, 0x20, 0x1a, 0x00, 0x00, 0x00, 0x00, 0x00, 0x00,
  0x0a, 0x00, 0x00, 0x00, 0x2b, 0x00, 0x00, 0x00, 0x11, 0x51, 0x00, 0x00,
  0x00, 0x00, 0x00, 0x00, 0x24, 0x1a, 0x00, 0x00, 0x00, 0x00, 0x00, 0x00,
  0x0a, 0x00, 0x00, 0x00, 0x2b, 0x00, 0x00, 0x00, 0x8e, 0x3c, 0x00, 0x00,
  0x00, 0x00, 0x00, 0x00, 0x28, 0x1a, 0x00, 0x00, 0x00, 0x00, 0x00, 0x00,
  0x0a, 0x00, 0x00, 0x00, 0x2b, 0x00, 0x00, 0x00, 0x4c, 0x4b, 0x00, 0x00,
  0x00, 0x00, 0x00, 0x00, 0x2c, 0x1a, 0x00, 0x00, 0x00, 0x00, 0x00, 0x00,
  0x0a, 0x00, 0x00, 0x00, 0x2b, 0x00, 0x00, 0x00, 0x84, 0x36, 0x00, 0x00,
  0x00, 0x00, 0x00, 0x00, 0x30, 0x1a, 0x00, 0x00, 0x00, 0x00, 0x00, 0x00,
  0x0a, 0x00, 0x00, 0x00, 0x2b, 0x00, 0x00, 0x00, 0xc0, 0x33, 0x00, 0x00,
  0x00, 0x00, 0x00, 0x00, 0x34, 0x1a, 0x00, 0x00, 0x00, 0x00, 0x00, 0x00,
  0x0a, 0x00, 0x00, 0x00, 0x2b, 0x00, 0x00, 0x00, 0xc7, 0x16, 0x00, 0x00,
  0x00, 0x00, 0x00, 0x00, 0x38, 0x1a, 0x00, 0x00, 0x00, 0x00, 0x00, 0x00,
  0x0a, 0x00, 0x00, 0x00, 0x2b, 0x00, 0x00, 0x00, 0x68, 0x11, 0x00, 0x00,
  0x00, 0x00, 0x00, 0x00, 0x3c, 0x1a, 0x00, 0x00, 0x00, 0x00, 0x00, 0x00,
  0x0a, 0x00, 0x00, 0x00, 0x2b, 0x00, 0x00, 0x00, 0xea, 0x21, 0x00, 0x00,
  0x00, 0x00, 0x00, 0x00, 0x40, 0x1a, 0x00, 0x00, 0x00, 0x00, 0x00, 0x00,
  0x0a, 0x00, 0x00, 0x00, 0x2b, 0x00, 0x00, 0x00, 0x40, 0x27, 0x00, 0x00,
  0x00, 0x00, 0x00, 0x00, 0x44, 0x1a, 0x00, 0x00, 0x00, 0x00, 0x00, 0x00,
  0x0a, 0x00, 0x00, 0x00, 0x2b, 0x00, 0x00, 0x00, 0x4e, 0x27, 0x00, 0x00,
  0x00, 0x00, 0x00, 0x00, 0x48, 0x1a, 0x00, 0x00, 0x00, 0x00, 0x00, 0x00,
  0x0a, 0x00, 0x00, 0x00, 0x2b, 0x00, 0x00, 0x00, 0x49, 0x05, 0x00, 0x00,
  0x00, 0x00, 0x00, 0x00, 0x4c, 0x1a, 0x00, 0x00, 0x00, 0x00, 0x00, 0x00,
  0x0a, 0x00, 0x00, 0x00, 0x2b, 0x00, 0x00, 0x00, 0xcb, 0x16, 0x00, 0x00,
  0x00, 0x00, 0x00, 0x00, 0x50, 0x1a, 0x00, 0x00, 0x00, 0x00, 0x00, 0x00,
  0x0a, 0x00, 0x00, 0x00, 0x2b, 0x00, 0x00, 0x00, 0xd0, 0x16, 0x00, 0x00,
  0x00, 0x00, 0x00, 0x00, 0x54, 0x1a, 0x00, 0x00, 0x00, 0x00, 0x00, 0x00,
  0x0a, 0x00, 0x00, 0x00, 0x2b, 0x00, 0x00, 0x00, 0x82, 0x45, 0x00, 0x00,
  0x00, 0x00, 0x00, 0x00, 0x58, 0x1a, 0x00, 0x00, 0x00, 0x00, 0x00, 0x00,
  0x0a, 0x00, 0x00, 0x00, 0x2b, 0x00, 0x00, 0x00, 0xc9, 0x33, 0x00, 0x00,
  0x00, 0x00, 0x00, 0x00, 0x5c, 0x1a, 0x00, 0x00, 0x00, 0x00, 0x00, 0x00,
  0x0a, 0x00, 0x00, 0x00, 0x2b, 0x00, 0x00, 0x00, 0x88, 0x39, 0x00, 0x00,
  0x00, 0x00, 0x00, 0x00, 0x60, 0x1a, 0x00, 0x00, 0x00, 0x00, 0x00, 0x00,
  0x0a, 0x00, 0x00, 0x00, 0x2b, 0x00, 0x00, 0x00, 0x96, 0x3c, 0x00, 0x00,
  0x00, 0x00, 0x00, 0x00, 0x64, 0x1a, 0x00, 0x00, 0x00, 0x00, 0x00, 0x00,
  0x0a, 0x00, 0x00, 0x00, 0x2b, 0x00, 0x00, 0x00, 0x75, 0x11, 0x00, 0x00,
  0x00, 0x00, 0x00, 0x00, 0x68, 0x1a, 0x00, 0x00, 0x00, 0x00, 0x00, 0x00,
  0x0a, 0x00, 0x00, 0x00, 0x2b, 0x00, 0x00, 0x00, 0x7a, 0x08, 0x00, 0x00,
  0x00, 0x00, 0x00, 0x00, 0x6c, 0x1a, 0x00, 0x00, 0x00, 0x00, 0x00, 0x00,
  0x0a, 0x00, 0x00, 0x00, 0x2b, 0x00, 0x00, 0x00, 0x57, 0x27, 0x00, 0x00,
  0x00, 0x00, 0x00, 0x00, 0x70, 0x1a, 0x00, 0x00, 0x00, 0x00, 0x00, 0x00,
  0x0a, 0x00, 0x00, 0x00, 0x2b, 0x00, 0x00, 0x00, 0x5d, 0x4b, 0x00, 0x00,
  0x00, 0x00, 0x00, 0x00, 0x74, 0x1a, 0x00, 0x00, 0x00, 0x00, 0x00, 0x00,
  0x0a, 0x00, 0x00, 0x00, 0x2b, 0x00, 0x00, 0x00, 0x7c, 0x11, 0x00, 0x00,
  0x00, 0x00, 0x00, 0x00, 0x78, 0x1a, 0x00, 0x00, 0x00, 0x00, 0x00, 0x00,
  0x0a, 0x00, 0x00, 0x00, 0x2b, 0x00, 0x00, 0x00, 0x82, 0x08, 0x00, 0x00,
  0x00, 0x00, 0x00, 0x00, 0x7c, 0x1a, 0x00, 0x00, 0x00, 0x00, 0x00, 0x00,
  0x0a, 0x00, 0x00, 0x00, 0x2b, 0x00, 0x00, 0x00, 0x8e, 0x39, 0x00, 0x00,
  0x00, 0x00, 0x00, 0x00, 0x80, 0x1a, 0x00, 0x00, 0x00, 0x00, 0x00, 0x00,
  0x0a, 0x00, 0x00, 0x00, 0x2b, 0x00, 0x00, 0x00, 0x65, 0x4b, 0x00, 0x00,
  0x00, 0x00, 0x00, 0x00, 0x84, 0x1a, 0x00, 0x00, 0x00, 0x00, 0x00, 0x00,
  0x0a, 0x00, 0x00, 0x00, 0x2b, 0x00, 0x00, 0x00, 0x8a, 0x02, 0x00, 0x00,
  0x00, 0x00, 0x00, 0x00, 0x88, 0x1a, 0x00, 0x00, 0x00, 0x00, 0x00, 0x00,
  0x0a, 0x00, 0x00, 0x00, 0x2b, 0x00, 0x00, 0x00, 0x50, 0x05, 0x00, 0x00,
  0x00, 0x00, 0x00, 0x00, 0x8c, 0x1a, 0x00, 0x00, 0x00, 0x00, 0x00, 0x00,
  0x0a, 0x00, 0x00, 0x00, 0x2b, 0x00, 0x00, 0x00, 0xa5, 0x4e, 0x00, 0x00,
  0x00, 0x00, 0x00, 0x00, 0x90, 0x1a, 0x00, 0x00, 0x00, 0x00, 0x00, 0x00,
  0x0a, 0x00, 0x00, 0x00, 0x2b, 0x00, 0x00, 0x00, 0x1b, 0x48, 0x00, 0x00,
  0x00, 0x00, 0x00, 0x00, 0x94, 0x1a, 0x00, 0x00, 0x00, 0x00, 0x00, 0x00,
  0x0a, 0x00, 0x00, 0x00, 0x2b, 0x00, 0x00, 0x00, 0x9c, 0x3c, 0x00, 0x00,
  0x00, 0x00, 0x00, 0x00, 0x98, 0x1a, 0x00, 0x00, 0x00, 0x00, 0x00, 0x00,
  0x0a, 0x00, 0x00, 0x00, 0x2b, 0x00, 0x00, 0x00, 0xd7, 0x16, 0x00, 0x00,
  0x00, 0x00, 0x00, 0x00, 0x9c, 0x1a, 0x00, 0x00, 0x00, 0x00, 0x00, 0x00,
  0x0a, 0x00, 0x00, 0x00, 0x2b, 0x00, 0x00, 0x00, 0x10, 0x31, 0x00, 0x00,
  0x00, 0x00, 0x00, 0x00, 0xa0, 0x1a, 0x00, 0x00, 0x00, 0x00, 0x00, 0x00,
  0x0a, 0x00, 0x00, 0x00, 0x2b, 0x00, 0x00, 0x00, 0xeb, 0x5a, 0x00, 0x00,
  0x00, 0x00, 0x00, 0x00, 0xa4, 0x1a, 0x00, 0x00, 0x00, 0x00, 0x00, 0x00,
  0x0a, 0x00, 0x00, 0x00, 0x2b, 0x00, 0x00, 0x00, 0xce, 0x0b, 0x00, 0x00,
  0x00, 0x00, 0x00, 0x00, 0xa8, 0x1a, 0x00, 0x00, 0x00, 0x00, 0x00, 0x00,
  0x0a, 0x00, 0x00, 0x00, 0x2b, 0x00, 0x00, 0x00, 0xcf, 0x33, 0x00, 0x00,
  0x00, 0x00, 0x00, 0x00, 0xac, 0x1a, 0x00, 0x00, 0x00, 0x00, 0x00, 0x00,
  0x0a, 0x00, 0x00, 0x00, 0x2b, 0x00, 0x00, 0x00, 0x8a, 0x36, 0x00, 0x00,
  0x00, 0x00, 0x00, 0x00, 0xb0, 0x1a, 0x00, 0x00, 0x00, 0x00, 0x00, 0x00,
  0x0a, 0x00, 0x00, 0x00, 0x2b, 0x00, 0x00, 0x00, 0x81, 0x14, 0x00, 0x00,
  0x00, 0x00, 0x00, 0x00, 0xb4, 0x1a, 0x00, 0x00, 0x00, 0x00, 0x00, 0x00,
  0x0a, 0x00, 0x00, 0x00, 0x2b, 0x00, 0x00, 0x00, 0x60, 0x27, 0x00, 0x00,
  0x00, 0x00, 0x00, 0x00, 0xb8, 0x1a, 0x00, 0x00, 0x00, 0x00, 0x00, 0x00,
  0x0a, 0x00, 0x00, 0x00, 0x2b, 0x00, 0x00, 0x00, 0x15, 0x51, 0x00, 0x00,
  0x00, 0x00, 0x00, 0x00, 0xbc, 0x1a, 0x00, 0x00, 0x00, 0x00, 0x00, 0x00,
  0x0a, 0x00, 0x00, 0x00, 0x2b, 0x00, 0x00, 0x00, 0xb7, 0x41, 0x00, 0x00,
  0x00, 0x00, 0x00, 0x00, 0xc0, 0x1a, 0x00, 0x00, 0x00, 0x00, 0x00, 0x00,
  0x0a, 0x00, 0x00, 0x00, 0x2b, 0x00, 0x00, 0x00, 0x54, 0x19, 0x00, 0x00,
  0x00, 0x00, 0x00, 0x00, 0xc4, 0x1a, 0x00, 0x00, 0x00, 0x00, 0x00, 0x00,
  0x0a, 0x00, 0x00, 0x00, 0x2b, 0x00, 0x00, 0x00, 0x50, 0x1c, 0x00, 0x00,
  0x00, 0x00, 0x00, 0x00, 0xc8, 0x1a, 0x00, 0x00, 0x00, 0x00, 0x00, 0x00,
  0x0a, 0x00, 0x00, 0x00, 0x2b, 0x00, 0x00, 0x00, 0xca, 0x0e, 0x00, 0x00,
  0x00, 0x00, 0x00, 0x00, 0xcc, 0x1a, 0x00, 0x00, 0x00, 0x00, 0x00, 0x00,
  0x0a, 0x00, 0x00, 0x00, 0x2b, 0x00, 0x00, 0x00, 0xf5, 0x21, 0x00, 0x00,
  0x00, 0x00, 0x00, 0x00, 0xd0, 0x1a, 0x00, 0x00, 0x00, 0x00, 0x00, 0x00,
  0x0a, 0x00, 0x00, 0x00, 0x2b, 0x00, 0x00, 0x00, 0x82, 0x58, 0x00, 0x00,
  0x00, 0x00, 0x00, 0x00, 0xd4, 0x1a, 0x00, 0x00, 0x00, 0x00, 0x00, 0x00,
  0x0a, 0x00, 0x00, 0x00, 0x2b, 0x00, 0x00, 0x00, 0x58, 0x19, 0x00, 0x00,
  0x00, 0x00, 0x00, 0x00, 0xd8, 0x1a, 0x00, 0x00, 0x00, 0x00, 0x00, 0x00,
  0x0a, 0x00, 0x00, 0x00, 0x2b, 0x00, 0x00, 0x00, 0x83, 0x11, 0x00, 0x00,
  0x00, 0x00, 0x00, 0x00, 0xdc, 0x1a, 0x00, 0x00, 0x00, 0x00, 0x00, 0x00,
  0x0a, 0x00, 0x00, 0x00, 0x2b, 0x00, 0x00, 0x00, 0xa7, 0x3c, 0x00, 0x00,
  0x00, 0x00, 0x00, 0x00, 0xe0, 0x1a, 0x00, 0x00, 0x00, 0x00, 0x00, 0x00,
  0x0a, 0x00, 0x00, 0x00, 0x2b, 0x00, 0x00, 0x00, 0x8a, 0x45, 0x00, 0x00,
  0x00, 0x00, 0x00, 0x00, 0xe4, 0x1a, 0x00, 0x00, 0x00, 0x00, 0x00, 0x00,
  0x0a, 0x00, 0x00, 0x00, 0x2b, 0x00, 0x00, 0x00, 0xfb, 0x21, 0x00, 0x00,
  0x00, 0x00, 0x00, 0x00, 0xe8, 0x1a, 0x00, 0x00, 0x00, 0x00, 0x00, 0x00,
  0x0a, 0x00, 0x00, 0x00, 0x2b, 0x00, 0x00, 0x00, 0x59, 0x05, 0x00, 0x00,
  0x00, 0x00, 0x00, 0x00, 0xec, 0x1a, 0x00, 0x00, 0x00, 0x00, 0x00, 0x00,
  0x0a, 0x00, 0x00, 0x00, 0x2b, 0x00, 0x00, 0x00, 0xca, 0x2a, 0x00, 0x00,
  0x00, 0x00, 0x00, 0x00, 0xf0, 0x1a, 0x00, 0x00, 0x00, 0x00, 0x00, 0x00,
  0x0a, 0x00, 0x00, 0x00, 0x2b, 0x00, 0x00, 0x00, 0xd4, 0x0b, 0x00, 0x00,
  0x00, 0x00, 0x00, 0x00, 0xf4, 0x1a, 0x00, 0x00, 0x00, 0x00, 0x00, 0x00,
  0x0a, 0x00, 0x00, 0x00, 0x2b, 0x00, 0x00, 0x00, 0x68, 0x27, 0x00, 0x00,
  0x00, 0x00, 0x00, 0x00, 0xf8, 0x1a, 0x00, 0x00, 0x00, 0x00, 0x00, 0x00,
  0x0a, 0x00, 0x00, 0x00, 0x2b, 0x00, 0x00, 0x00, 0x8c, 0x08, 0x00, 0x00,
  0x00, 0x00, 0x00, 0x00, 0xfc, 0x1a, 0x00, 0x00, 0x00, 0x00, 0x00, 0x00,
  0x0a, 0x00, 0x00, 0x00, 0x2b, 0x00, 0x00, 0x00, 0x6c, 0x4b, 0x00, 0x00,
  0x00, 0x00, 0x00, 0x00, 0x00, 0x1b, 0x00, 0x00, 0x00, 0x00, 0x00, 0x00,
  0x0a, 0x00, 0x00, 0x00, 0x2b, 0x00, 0x00, 0x00, 0x96, 0x36, 0x00, 0x00,
  0x00, 0x00, 0x00, 0x00, 0x04, 0x1b, 0x00, 0x00, 0x00, 0x00, 0x00, 0x00,
  0x0a, 0x00, 0x00, 0x00, 0x2b, 0x00, 0x00, 0x00, 0x76, 0x4b, 0x00, 0x00,
  0x00, 0x00, 0x00, 0x00, 0x08, 0x1b, 0x00, 0x00, 0x00, 0x00, 0x00, 0x00,
  0x0a, 0x00, 0x00, 0x00, 0x2b, 0x00, 0x00, 0x00, 0xe0, 0x16, 0x00, 0x00,
  0x00, 0x00, 0x00, 0x00, 0x0c, 0x1b, 0x00, 0x00, 0x00, 0x00, 0x00, 0x00,
  0x0a, 0x00, 0x00, 0x00, 0x2b, 0x00, 0x00, 0x00, 0x88, 0x58, 0x00, 0x00,
  0x00, 0x00, 0x00, 0x00, 0x10, 0x1b, 0x00, 0x00, 0x00, 0x00, 0x00, 0x00,
  0x0a, 0x00, 0x00, 0x00, 0x2b, 0x00, 0x00, 0x00, 0x94, 0x02, 0x00, 0x00,
  0x00, 0x00, 0x00, 0x00, 0x14, 0x1b, 0x00, 0x00, 0x00, 0x00, 0x00, 0x00,
  0x0a, 0x00, 0x00, 0x00, 0x2b, 0x00, 0x00, 0x00, 0xd5, 0x2d, 0x00, 0x00,
  0x00, 0x00, 0x00, 0x00, 0x18, 0x1b, 0x00, 0x00, 0x00, 0x00, 0x00, 0x00,
  0x0a, 0x00, 0x00, 0x00, 0x2b, 0x00, 0x00, 0x00, 0xdd, 0x2d, 0x00, 0x00,
  0x00, 0x00, 0x00, 0x00, 0x1c, 0x1b, 0x00, 0x00, 0x00, 0x00, 0x00, 0x00,
  0x0a, 0x00, 0x00, 0x00, 0x2b, 0x00, 0x00, 0x00, 0xe5, 0x2d, 0x00, 0x00,
  0x00, 0x00, 0x00, 0x00, 0x20, 0x1b, 0x00, 0x00, 0x00, 0x00, 0x00, 0x00,
  0x0a, 0x00, 0x00, 0x00, 0x2b, 0x00, 0x00, 0x00, 0xf2, 0x2d, 0x00, 0x00,
  0x00, 0x00, 0x00, 0x00, 0x24, 0x1b, 0x00, 0x00, 0x00, 0x00, 0x00, 0x00,
  0x0a, 0x00, 0x00, 0x00, 0x2b, 0x00, 0x00, 0x00, 0xad, 0x4e, 0x00, 0x00,
  0x00, 0x00, 0x00, 0x00, 0x28, 0x1b, 0x00, 0x00, 0x00, 0x00, 0x00, 0x00,
  0x0a, 0x00, 0x00, 0x00, 0x2b, 0x00, 0x00, 0x00, 0x92, 0x08, 0x00, 0x00,
  0x00, 0x00, 0x00, 0x00, 0x2c, 0x1b, 0x00, 0x00, 0x00, 0x00, 0x00, 0x00,
  0x0a, 0x00, 0x00, 0x00, 0x2b, 0x00, 0x00, 0x00, 0x19, 0x31, 0x00, 0x00,
  0x00, 0x00, 0x00, 0x00, 0x30, 0x1b, 0x00, 0x00, 0x00, 0x00, 0x00, 0x00,
  0x0a, 0x00, 0x00, 0x00, 0x2b, 0x00, 0x00, 0x00, 0xec, 0x16, 0x00, 0x00,
  0x00, 0x00, 0x00, 0x00, 0x34, 0x1b, 0x00, 0x00, 0x00, 0x00, 0x00, 0x00,
  0x0a, 0x00, 0x00, 0x00, 0x2b, 0x00, 0x00, 0x00, 0x82, 0x27, 0x00, 0x00,
  0x00, 0x00, 0x00, 0x00, 0x38, 0x1b, 0x00, 0x00, 0x00, 0x00, 0x00, 0x00,
  0x0a, 0x00, 0x00, 0x00, 0x2b, 0x00, 0x00, 0x00, 0xf6, 0x3e, 0x00, 0x00,
  0x00, 0x00, 0x00, 0x00, 0x3c, 0x1b, 0x00, 0x00, 0x00, 0x00, 0x00, 0x00,
  0x0a, 0x00, 0x00, 0x00, 0x2b, 0x00, 0x00, 0x00, 0x9c, 0x02, 0x00, 0x00,
  0x00, 0x00, 0x00, 0x00, 0x40, 0x1b, 0x00, 0x00, 0x00, 0x00, 0x00, 0x00,
  0x0a, 0x00, 0x00, 0x00, 0x2b, 0x00, 0x00, 0x00, 0x21, 0x56, 0x00, 0x00,
  0x00, 0x00, 0x00, 0x00, 0x44, 0x1b, 0x00, 0x00, 0x00, 0x00, 0x00, 0x00,
  0x0a, 0x00, 0x00, 0x00, 0x2b, 0x00, 0x00, 0x00, 0x9d, 0x36, 0x00, 0x00,
  0x00, 0x00, 0x00, 0x00, 0x48, 0x1b, 0x00, 0x00, 0x00, 0x00, 0x00, 0x00,
  0x0a, 0x00, 0x00, 0x00, 0x2b, 0x00, 0x00, 0x00, 0xf8, 0x16, 0x00, 0x00,
  0x00, 0x00, 0x00, 0x00, 0x4c, 0x1b, 0x00, 0x00, 0x00, 0x00, 0x00, 0x00,
  0x0a, 0x00, 0x00, 0x00, 0x2b, 0x00, 0x00, 0x00, 0xf3, 0x5a, 0x00, 0x00,
  0x00, 0x00, 0x00, 0x00, 0x50, 0x1b, 0x00, 0x00, 0x00, 0x00, 0x00, 0x00,
  0x0a, 0x00, 0x00, 0x00, 0x2b, 0x00, 0x00, 0x00, 0x30, 0x53, 0x00, 0x00,
  0x00, 0x00, 0x00, 0x00, 0x54, 0x1b, 0x00, 0x00, 0x00, 0x00, 0x00, 0x00,
  0x0a, 0x00, 0x00, 0x00, 0x2b, 0x00, 0x00, 0x00, 0x94, 0x58, 0x00, 0x00,
  0x00, 0x00, 0x00, 0x00, 0x58, 0x1b, 0x00, 0x00, 0x00, 0x00, 0x00, 0x00,
  0x0a, 0x00, 0x00, 0x00, 0x2b, 0x00, 0x00, 0x00, 0xd0, 0x0e, 0x00, 0x00,
  0x00, 0x00, 0x00, 0x00, 0x5c, 0x1b, 0x00, 0x00, 0x00, 0x00, 0x00, 0x00,
  0x0a, 0x00, 0x00, 0x00, 0x2b, 0x00, 0x00, 0x00, 0x8a, 0x11, 0x00, 0x00,
  0x00, 0x00, 0x00, 0x00, 0x60, 0x1b, 0x00, 0x00, 0x00, 0x00, 0x00, 0x00,
  0x0a, 0x00, 0x00, 0x00, 0x2b, 0x00, 0x00, 0x00, 0xe0, 0x2a, 0x00, 0x00,
  0x00, 0x00, 0x00, 0x00, 0x64, 0x1b, 0x00, 0x00, 0x00, 0x00, 0x00, 0x00,
  0x0a, 0x00, 0x00, 0x00, 0x2b, 0x00, 0x00, 0x00, 0xc7, 0x41, 0x00, 0x00,
  0x00, 0x00, 0x00, 0x00, 0x68, 0x1b, 0x00, 0x00, 0x00, 0x00, 0x00, 0x00,
  0x0a, 0x00, 0x00, 0x00, 0x2b, 0x00, 0x00, 0x00, 0x97, 0x39, 0x00, 0x00,
  0x00, 0x00, 0x00, 0x00, 0x6c, 0x1b, 0x00, 0x00, 0x00, 0x00, 0x00, 0x00,
  0x0a, 0x00, 0x00, 0x00, 0x2b, 0x00, 0x00, 0x00, 0xec, 0x2a, 0x00, 0x00,
  0x00, 0x00, 0x00, 0x00, 0x70, 0x1b, 0x00, 0x00, 0x00, 0x00, 0x00, 0x00,
  0x0a, 0x00, 0x00, 0x00, 0x2b, 0x00, 0x00, 0x00, 0x8d, 0x27, 0x00, 0x00,
  0x00, 0x00, 0x00, 0x00, 0x74, 0x1b, 0x00, 0x00, 0x00, 0x00, 0x00, 0x00,
  0x0a, 0x00, 0x00, 0x00, 0x2b, 0x00, 0x00, 0x00, 0x24, 0x48, 0x00, 0x00,
  0x00, 0x00, 0x00, 0x00, 0x78, 0x1b, 0x00, 0x00, 0x00, 0x00, 0x00, 0x00,
  0x0a, 0x00, 0x00, 0x00, 0x2b, 0x00, 0x00, 0x00, 0xa8, 0x36, 0x00, 0x00,
  0x00, 0x00, 0x00, 0x00, 0x7c, 0x1b, 0x00, 0x00, 0x00, 0x00, 0x00, 0x00,
  0x0a, 0x00, 0x00, 0x00, 0x2b, 0x00, 0x00, 0x00, 0xa1, 0x02, 0x00, 0x00,
  0x00, 0x00, 0x00, 0x00, 0x80, 0x1b, 0x00, 0x00, 0x00, 0x00, 0x00, 0x00,
  0x0a, 0x00, 0x00, 0x00, 0x2b, 0x00, 0x00, 0x00, 0x1c, 0x31, 0x00, 0x00,
  0x00, 0x00, 0x00, 0x00, 0x84, 0x1b, 0x00, 0x00, 0x00, 0x00, 0x00, 0x00,
  0x0a, 0x00, 0x00, 0x00, 0x2b, 0x00, 0x00, 0x00, 0x55, 0x1c, 0x00, 0x00,
  0x00, 0x00, 0x00, 0x00, 0x88, 0x1b, 0x00, 0x00, 0x00, 0x00, 0x00, 0x00,
  0x0a, 0x00, 0x00, 0x00, 0x2b, 0x00, 0x00, 0x00, 0x5e, 0x19, 0x00, 0x00,
  0x00, 0x00, 0x00, 0x00, 0x8c, 0x1b, 0x00, 0x00, 0x00, 0x00, 0x00, 0x00,
  0x0a, 0x00, 0x00, 0x00, 0x2b, 0x00, 0x00, 0x00, 0x9a, 0x27, 0x00, 0x00,
  0x00, 0x00, 0x00, 0x00, 0x90, 0x1b, 0x00, 0x00, 0x00, 0x00, 0x00, 0x00,
  0x0a, 0x00, 0x00, 0x00, 0x2b, 0x00, 0x00, 0x00, 0xaf, 0x36, 0x00, 0x00,
  0x00, 0x00, 0x00, 0x00, 0x94, 0x1b, 0x00, 0x00, 0x00, 0x00, 0x00, 0x00,
  0x0a, 0x00, 0x00, 0x00, 0x2b, 0x00, 0x00, 0x00, 0xf9, 0x2a, 0x00, 0x00,
  0x00, 0x00, 0x00, 0x00, 0x98, 0x1b, 0x00, 0x00, 0x00, 0x00, 0x00, 0x00,
  0x0a, 0x00, 0x00, 0x00, 0x2b, 0x00, 0x00, 0x00, 0xbe, 0x1e, 0x00, 0x00,
  0x00, 0x00, 0x00, 0x00, 0x9c, 0x1b, 0x00, 0x00, 0x00, 0x00, 0x00, 0x00,
  0x0a, 0x00, 0x00, 0x00, 0x2b, 0x00, 0x00, 0x00, 0x96, 0x11, 0x00, 0x00,
  0x00, 0x00, 0x00, 0x00, 0xa0, 0x1b, 0x00, 0x00, 0x00, 0x00, 0x00, 0x00,
  0x0a, 0x00, 0x00, 0x00, 0x2b, 0x00, 0x00, 0x00, 0xa9, 0x11, 0x00, 0x00,
  0x00, 0x00, 0x00, 0x00, 0xa4, 0x1b, 0x00, 0x00, 0x00, 0x00, 0x00, 0x00,
  0x0a, 0x00, 0x00, 0x00, 0x2b, 0x00, 0x00, 0x00, 0xfe, 0x16, 0x00, 0x00,
  0x00, 0x00, 0x00, 0x00, 0xa8, 0x1b, 0x00, 0x00, 0x00, 0x00, 0x00, 0x00,
  0x0a, 0x00, 0x00, 0x00, 0x2b, 0x00, 0x00, 0x00, 0x3a, 0x53, 0x00, 0x00,
  0x00, 0x00, 0x00, 0x00, 0xac, 0x1b, 0x00, 0x00, 0x00, 0x00, 0x00, 0x00,
  0x0a, 0x00, 0x00, 0x00, 0x2b, 0x00, 0x00, 0x00, 0xba, 0x4e, 0x00, 0x00,
  0x00, 0x00, 0x00, 0x00, 0xb0, 0x1b, 0x00, 0x00, 0x00, 0x00, 0x00, 0x00,
  0x0a, 0x00, 0x00, 0x00, 0x2b, 0x00, 0x00, 0x00, 0xb1, 0x11, 0x00, 0x00,
  0x00, 0x00, 0x00, 0x00, 0xb4, 0x1b, 0x00, 0x00, 0x00, 0x00, 0x00, 0x00,
  0x0a, 0x00, 0x00, 0x00, 0x2b, 0x00, 0x00, 0x00, 0xd7, 0x33, 0x00, 0x00,
  0x00, 0x00, 0x00, 0x00, 0xb8, 0x1b, 0x00, 0x00, 0x00, 0x00, 0x00, 0x00,
  0x0a, 0x00, 0x00, 0x00, 0x2b, 0x00, 0x00, 0x00, 0xc2, 0x4e, 0x00, 0x00,
  0x00, 0x00, 0x00, 0x00, 0xbc, 0x1b, 0x00, 0x00, 0x00, 0x00, 0x00, 0x00,
  0x0a, 0x00, 0x00, 0x00, 0x2b, 0x00, 0x00, 0x00, 0xbe, 0x11, 0x00, 0x00,
  0x00, 0x00, 0x00, 0x00, 0xc0, 0x1b, 0x00, 0x00, 0x00, 0x00, 0x00, 0x00,
  0x0a, 0x00, 0x00, 0x00, 0x2b, 0x00, 0x00, 0x00, 0xaa, 0x27, 0x00, 0x00,
  0x00, 0x00, 0x00, 0x00, 0xc4, 0x1b, 0x00, 0x00, 0x00, 0x00, 0x00, 0x00,
  0x0a, 0x00, 0x00, 0x00, 0x2b, 0x00, 0x00, 0x00, 0xfb, 0x5a, 0x00, 0x00,
  0x00, 0x00, 0x00, 0x00, 0xc8, 0x1b, 0x00, 0x00, 0x00, 0x00, 0x00, 0x00,
  0x0a, 0x00, 0x00, 0x00, 0x2b, 0x00, 0x00, 0x00, 0xce, 0x1e, 0x00, 0x00,
  0x00, 0x00, 0x00, 0x00, 0xcc, 0x1b, 0x00, 0x00, 0x00, 0x00, 0x00, 0x00,
  0x0a, 0x00, 0x00, 0x00, 0x2b, 0x00, 0x00, 0x00, 0x05, 0x5b, 0x00, 0x00,
  0x00, 0x00, 0x00, 0x00, 0xd0, 0x1b, 0x00, 0x00, 0x00, 0x00, 0x00, 0x00,
  0x0a, 0x00, 0x00, 0x00, 0x2b, 0x00, 0x00, 0x00, 0x8d, 0x24, 0x00, 0x00,
  0x00, 0x00, 0x00, 0x00, 0xd4, 0x1b, 0x00, 0x00, 0x00, 0x00, 0x00, 0x00,
  0x0a, 0x00, 0x00, 0x00, 0x2b, 0x00, 0x00, 0x00, 0x9b, 0x58, 0x00, 0x00,
  0x00, 0x00, 0x00, 0x00, 0xd8, 0x1b, 0x00, 0x00, 0x00, 0x00, 0x00, 0x00,
  0x0a, 0x00, 0x00, 0x00, 0x2b, 0x00, 0x00, 0x00, 0xfb, 0x2d, 0x00, 0x00,
  0x00, 0x00, 0x00, 0x00, 0xdc, 0x1b, 0x00, 0x00, 0x00, 0x00, 0x00, 0x00,
  0x0a, 0x00, 0x00, 0x00, 0x2b, 0x00, 0x00, 0x00, 0xc8, 0x11, 0x00, 0x00,
  0x00, 0x00, 0x00, 0x00, 0xe0, 0x1b, 0x00, 0x00, 0x00, 0x00, 0x00, 0x00,
  0x0a, 0x00, 0x00, 0x00, 0x2b, 0x00, 0x00, 0x00, 0x07, 0x3f, 0x00, 0x00,
  0x00, 0x00, 0x00, 0x00, 0xe4, 0x1b, 0x00, 0x00, 0x00, 0x00, 0x00, 0x00,
  0x0a, 0x00, 0x00, 0x00, 0x2b, 0x00, 0x00, 0x00, 0xe9, 0x33, 0x00, 0x00,
  0x00, 0x00, 0x00, 0x00, 0xe8, 0x1b, 0x00, 0x00, 0x00, 0x00, 0x00, 0x00,
  0x0a, 0x00, 0x00, 0x00, 0x2b, 0x00, 0x00, 0x00, 0xd7, 0x0e, 0x00, 0x00,
  0x00, 0x00, 0x00, 0x00, 0xec, 0x1b, 0x00, 0x00, 0x00, 0x00, 0x00, 0x00,
  0x0a, 0x00, 0x00, 0x00, 0x2b, 0x00, 0x00, 0x00, 0x31, 0x48, 0x00, 0x00,
  0x00, 0x00, 0x00, 0x00, 0xf0, 0x1b, 0x00, 0x00, 0x00, 0x00, 0x00, 0x00,
  0x0a, 0x00, 0x00, 0x00, 0x2b, 0x00, 0x00, 0x00, 0x13, 0x3f, 0x00, 0x00,
  0x00, 0x00, 0x00, 0x00, 0xf4, 0x1b, 0x00, 0x00, 0x00, 0x00, 0x00, 0x00,
  0x0a, 0x00, 0x00, 0x00, 0x2b, 0x00, 0x00, 0x00, 0x62, 0x1c, 0x00, 0x00,
  0x00, 0x00, 0x00, 0x00, 0xf8, 0x1b, 0x00, 0x00, 0x00, 0x00, 0x00, 0x00,
  0x0a, 0x00, 0x00, 0x00, 0x2b, 0x00, 0x00, 0x00, 0xb0, 0x27, 0x00, 0x00,
  0x00, 0x00, 0x00, 0x00, 0xfc, 0x1b, 0x00, 0x00, 0x00, 0x00, 0x00, 0x00,
  0x0a, 0x00, 0x00, 0x00, 0x2b, 0x00, 0x00, 0x00, 0xc9, 0x4e, 0x00, 0x00,
  0x00, 0x00, 0x00, 0x00, 0x00, 0x1c, 0x00, 0x00, 0x00, 0x00, 0x00, 0x00,
  0x0a, 0x00, 0x00, 0x00, 0x2b, 0x00, 0x00, 0x00, 0x93, 0x24, 0x00, 0x00,
  0x00, 0x00, 0x00, 0x00, 0x04, 0x1c, 0x00, 0x00, 0x00, 0x00, 0x00, 0x00,
  0x0a, 0x00, 0x00, 0x00, 0x2b, 0x00, 0x00, 0x00, 0x37, 0x48, 0x00, 0x00,
  0x00, 0x00, 0x00, 0x00, 0x08, 0x1c, 0x00, 0x00, 0x00, 0x00, 0x00, 0x00,
  0x0a, 0x00, 0x00, 0x00, 0x2b, 0x00, 0x00, 0x00, 0xa4, 0x39, 0x00, 0x00,
  0x00, 0x00, 0x00, 0x00, 0x0c, 0x1c, 0x00, 0x00, 0x00, 0x00, 0x00, 0x00,
  0x0a, 0x00, 0x00, 0x00, 0x2b, 0x00, 0x00, 0x00, 0xa5, 0x58, 0x00, 0x00,
  0x00, 0x00, 0x00, 0x00, 0x10, 0x1c, 0x00, 0x00, 0x00, 0x00, 0x00, 0x00,
  0x0a, 0x00, 0x00, 0x00, 0x2b, 0x00, 0x00, 0x00, 0xb7, 0x27, 0x00, 0x00,
  0x00, 0x00, 0x00, 0x00, 0x14, 0x1c, 0x00, 0x00, 0x00, 0x00, 0x00, 0x00,
  0x0a, 0x00, 0x00, 0x00, 0x2b, 0x00, 0x00, 0x00, 0xd8, 0x1e, 0x00, 0x00,
  0x00, 0x00, 0x00, 0x00, 0x18, 0x1c, 0x00, 0x00, 0x00, 0x00, 0x00, 0x00,
  0x0a, 0x00, 0x00, 0x00, 0x2b, 0x00, 0x00, 0x00, 0xa9, 0x39, 0x00, 0x00,
  0x00, 0x00, 0x00, 0x00, 0x1c, 0x1c, 0x00, 0x00, 0x00, 0x00, 0x00, 0x00,
  0x0a, 0x00, 0x00, 0x00, 0x2b, 0x00, 0x00, 0x00, 0xf6, 0x33, 0x00, 0x00,
  0x00, 0x00, 0x00, 0x00, 0x20, 0x1c, 0x00, 0x00, 0x00, 0x00, 0x00, 0x00,
  0x0a, 0x00, 0x00, 0x00, 0x2b, 0x00, 0x00, 0x00, 0x1b, 0x3f, 0x00, 0x00,
  0x00, 0x00, 0x00, 0x00, 0x24, 0x1c, 0x00, 0x00, 0x00, 0x00, 0x00, 0x00,
  0x0a, 0x00, 0x00, 0x00, 0x2b, 0x00, 0x00, 0x00, 0x9b, 0x45, 0x00, 0x00,
  0x00, 0x00, 0x00, 0x00, 0x28, 0x1c, 0x00, 0x00, 0x00, 0x00, 0x00, 0x00,
  0x0a, 0x00, 0x00, 0x00, 0x2b, 0x00, 0x00, 0x00, 0xd3, 0x41, 0x00, 0x00,
  0x00, 0x00, 0x00, 0x00, 0x2c, 0x1c, 0x00, 0x00, 0x00, 0x00, 0x00, 0x00,
  0x0a, 0x00, 0x00, 0x00, 0x2b, 0x00, 0x00, 0x00, 0x09, 0x22, 0x00, 0x00,
  0x00, 0x00, 0x00, 0x00, 0x30, 0x1c, 0x00, 0x00, 0x00, 0x00, 0x00, 0x00,
  0x0a, 0x00, 0x00, 0x00, 0x2b, 0x00, 0x00, 0x00, 0x60, 0x05, 0x00, 0x00,
  0x00, 0x00, 0x00, 0x00, 0x34, 0x1c, 0x00, 0x00, 0x00, 0x00, 0x00, 0x00,
  0x0a, 0x00, 0x00, 0x00, 0x2b, 0x00, 0x00, 0x00, 0xe3, 0x0e, 0x00, 0x00,
  0x00, 0x00, 0x00, 0x00, 0x38, 0x1c, 0x00, 0x00, 0x00, 0x00, 0x00, 0x00,
  0x0a, 0x00, 0x00, 0x00, 0x2b, 0x00, 0x00, 0x00, 0x19, 0x22, 0x00, 0x00,
  0x00, 0x00, 0x00, 0x00, 0x3c, 0x1c, 0x00, 0x00, 0x00, 0x00, 0x00, 0x00,
  0x0a, 0x00, 0x00, 0x00, 0x2b, 0x00, 0x00, 0x00, 0x06, 0x2e, 0x00, 0x00,
  0x00, 0x00, 0x00, 0x00, 0x40, 0x1c, 0x00, 0x00, 0x00, 0x00, 0x00, 0x00,
  0x0a, 0x00, 0x00, 0x00, 0x2b, 0x00, 0x00, 0x00, 0xea, 0x0e, 0x00, 0x00,
  0x00, 0x00, 0x00, 0x00, 0x44, 0x1c, 0x00, 0x00, 0x00, 0x00, 0x00, 0x00,
  0x0a, 0x00, 0x00, 0x00, 0x2b, 0x00, 0x00, 0x00, 0xd3, 0x4e, 0x00, 0x00,
  0x00, 0x00, 0x00, 0x00, 0x48, 0x1c, 0x00, 0x00, 0x00, 0x00, 0x00, 0x00,
  0x0a, 0x00, 0x00, 0x00, 0x2b, 0x00, 0x00, 0x00, 0x89, 0x4b, 0x00, 0x00,
  0x00, 0x00, 0x00, 0x00, 0x4c, 0x1c, 0x00, 0x00, 0x00, 0x00, 0x00, 0x00,
  0x0a, 0x00, 0x00, 0x00, 0x2b, 0x00, 0x00, 0x00, 0x07, 0x17, 0x00, 0x00,
  0x00, 0x00, 0x00, 0x00, 0x50, 0x1c, 0x00, 0x00, 0x00, 0x00, 0x00, 0x00,
  0x0a, 0x00, 0x00, 0x00, 0x2b, 0x00, 0x00, 0x00, 0xac, 0x58, 0x00, 0x00,
  0x00, 0x00, 0x00, 0x00, 0x54, 0x1c, 0x00, 0x00, 0x00, 0x00, 0x00, 0x00,
  0x0a, 0x00, 0x00, 0x00, 0x2b, 0x00, 0x00, 0x00, 0xdd, 0x4e, 0x00, 0x00,
  0x00, 0x00, 0x00, 0x00, 0x58, 0x1c, 0x00, 0x00, 0x00, 0x00, 0x00, 0x00,
  0x0a, 0x00, 0x00, 0x00, 0x2b, 0x00, 0x00, 0x00, 0x9a, 0x24, 0x00, 0x00,
  0x00, 0x00, 0x00, 0x00, 0x5c, 0x1c, 0x00, 0x00, 0x00, 0x00, 0x00, 0x00,
  0x0a, 0x00, 0x00, 0x00, 0x2b, 0x00, 0x00, 0x00, 0x3e, 0x48, 0x00, 0x00,
  0x00, 0x00, 0x00, 0x00, 0x60, 0x1c, 0x00, 0x00, 0x00, 0x00, 0x00, 0x00,
  0x0a, 0x00, 0x00, 0x00, 0x2b, 0x00, 0x00, 0x00, 0xea, 0x0b, 0x00, 0x00,
  0x00, 0x00, 0x00, 0x00, 0x64, 0x1c, 0x00, 0x00, 0x00, 0x00, 0x00, 0x00,
  0x0a, 0x00, 0x00, 0x00, 0x2b, 0x00, 0x00, 0x00, 0xc1, 0x27, 0x00, 0x00,
  0x00, 0x00, 0x00, 0x00, 0x68, 0x1c, 0x00, 0x00, 0x00, 0x00, 0x00, 0x00,
  0x0a, 0x00, 0x00, 0x00, 0x2b, 0x00, 0x00, 0x00, 0xfb, 0x0b, 0x00, 0x00,
  0x00, 0x00, 0x00, 0x00, 0x6c, 0x1c, 0x00, 0x00, 0x00, 0x00, 0x00, 0x00,
  0x0a, 0x00, 0x00, 0x00, 0x2b, 0x00, 0x00, 0x00, 0xd0, 0x11, 0x00, 0x00,
  0x00, 0x00, 0x00, 0x00, 0x70, 0x1c, 0x00, 0x00, 0x00, 0x00, 0x00, 0x00,
  0x0a, 0x00, 0x00, 0x00, 0x2b, 0x00, 0x00, 0x00, 0x87, 0x14, 0x00, 0x00,
  0x00, 0x00, 0x00, 0x00, 0x74, 0x1c, 0x00, 0x00, 0x00, 0x00, 0x00, 0x00,
  0x0a, 0x00, 0x00, 0x00, 0x2b, 0x00, 0x00, 0x00, 0xc0, 0x36, 0x00, 0x00,
  0x00, 0x00, 0x00, 0x00, 0x78, 0x1c, 0x00, 0x00, 0x00, 0x00, 0x00, 0x00,
  0x0a, 0x00, 0x00, 0x00, 0x2b, 0x00, 0x00, 0x00, 0xe6, 0x4e, 0x00, 0x00,
  0x00, 0x00, 0x00, 0x00, 0x7c, 0x1c, 0x00, 0x00, 0x00, 0x00, 0x00, 0x00,
  0x0a, 0x00, 0x00, 0x00, 0x2b, 0x00, 0x00, 0x00, 0x21, 0x22, 0x00, 0x00,
  0x00, 0x00, 0x00, 0x00, 0x80, 0x1c, 0x00, 0x00, 0x00, 0x00, 0x00, 0x00,
  0x0a, 0x00, 0x00, 0x00, 0x2b, 0x00, 0x00, 0x00, 0xb5, 0x3c, 0x00, 0x00,
  0x00, 0x00, 0x00, 0x00, 0x84, 0x1c, 0x00, 0x00, 0x00, 0x00, 0x00, 0x00,
  0x0a, 0x00, 0x00, 0x00, 0x2b, 0x00, 0x00, 0x00, 0x0b, 0x2b, 0x00, 0x00,
  0x00, 0x00, 0x00, 0x00, 0x88, 0x1c, 0x00, 0x00, 0x00, 0x00, 0x00, 0x00,
  0x0a, 0x00, 0x00, 0x00, 0x2b, 0x00, 0x00, 0x00, 0x0c, 0x17, 0x00, 0x00,
  0x00, 0x00, 0x00, 0x00, 0x8c, 0x1c, 0x00, 0x00, 0x00, 0x00, 0x00, 0x00,
  0x0a, 0x00, 0x00, 0x00, 0x2b, 0x00, 0x00, 0x00, 0x20, 0x2b, 0x00, 0x00,
  0x00, 0x00, 0x00, 0x00, 0x90, 0x1c, 0x00, 0x00, 0x00, 0x00, 0x00, 0x00,
  0x0a, 0x00, 0x00, 0x00, 0x2b, 0x00, 0x00, 0x00, 0xa1, 0x08, 0x00, 0x00,
  0x00, 0x00, 0x00, 0x00, 0x94, 0x1c, 0x00, 0x00, 0x00, 0x00, 0x00, 0x00,
  0x0a, 0x00, 0x00, 0x00, 0x2b, 0x00, 0x00, 0x00, 0x74, 0x1c, 0x00, 0x00,
  0x00, 0x00, 0x00, 0x00, 0x98, 0x1c, 0x00, 0x00, 0x00, 0x00, 0x00, 0x00,
  0x0a, 0x00, 0x00, 0x00, 0x2b, 0x00, 0x00, 0x00, 0x16, 0x2e, 0x00, 0x00,
  0x00, 0x00, 0x00, 0x00, 0x9c, 0x1c, 0x00, 0x00, 0x00, 0x00, 0x00, 0x00,
  0x0a, 0x00, 0x00, 0x00, 0x2b, 0x00, 0x00, 0x00, 0xe0, 0x11, 0x00, 0x00,
  0x00, 0x00, 0x00, 0x00, 0xa0, 0x1c, 0x00, 0x00, 0x00, 0x00, 0x00, 0x00,
  0x0a, 0x00, 0x00, 0x00, 0x2b, 0x00, 0x00, 0x00, 0xba, 0x39, 0x00, 0x00,
  0x00, 0x00, 0x00, 0x00, 0xa4, 0x1c, 0x00, 0x00, 0x00, 0x00, 0x00, 0x00,
  0x0a, 0x00, 0x00, 0x00, 0x2b, 0x00, 0x00, 0x00, 0xe8, 0x1e, 0x00, 0x00,
  0x00, 0x00, 0x00, 0x00, 0xa8, 0x1c, 0x00, 0x00, 0x00, 0x00, 0x00, 0x00,
  0x0a, 0x00, 0x00, 0x00, 0x2b, 0x00, 0x00, 0x00, 0x2a, 0x2b, 0x00, 0x00,
  0x00, 0x00, 0x00, 0x00, 0xac, 0x1c, 0x00, 0x00, 0x00, 0x00, 0x00, 0x00,
  0x0a, 0x00, 0x00, 0x00, 0x2b, 0x00, 0x00, 0x00, 0xf0, 0x0e, 0x00, 0x00,
  0x00, 0x00, 0x00, 0x00, 0xb0, 0x1c, 0x00, 0x00, 0x00, 0x00, 0x00, 0x00,
  0x0a, 0x00, 0x00, 0x00, 0x2b, 0x00, 0x00, 0x00, 0x25, 0x3f, 0x00, 0x00,
  0x00, 0x00, 0x00, 0x00, 0xb4, 0x1c, 0x00, 0x00, 0x00, 0x00, 0x00, 0x00,
  0x0a, 0x00, 0x00, 0x00, 0x2b, 0x00, 0x00, 0x00, 0xee, 0x4e, 0x00, 0x00,
  0x00, 0x00, 0x00, 0x00, 0xb8, 0x1c, 0x00, 0x00, 0x00, 0x00, 0x00, 0x00,
  0x0a, 0x00, 0x00, 0x00, 0x2b, 0x00, 0x00, 0x00, 0xb8, 0x58, 0x00, 0x00,
  0x00, 0x00, 0x00, 0x00, 0xbc, 0x1c, 0x00, 0x00, 0x00, 0x00, 0x00, 0x00,
  0x0a, 0x00, 0x00, 0x00, 0x2b, 0x00, 0x00, 0x00, 0xc5, 0x3c, 0x00, 0x00,
  0x00, 0x00, 0x00, 0x00, 0xc0, 0x1c, 0x00, 0x00, 0x00, 0x00, 0x00, 0x00,
  0x0a, 0x00, 0x00, 0x00, 0x2b, 0x00, 0x00, 0x00, 0x70, 0x05, 0x00, 0x00,
  0x00, 0x00, 0x00, 0x00, 0xc4, 0x1c, 0x00, 0x00, 0x00, 0x00, 0x00, 0x00,
  0x0a, 0x00, 0x00, 0x00, 0x2b, 0x00, 0x00, 0x00, 0xa1, 0x45, 0x00, 0x00,
  0x00, 0x00, 0x00, 0x00, 0xc8, 0x1c, 0x00, 0x00, 0x00, 0x00, 0x00, 0x00,
  0x0a, 0x00, 0x00, 0x00, 0x2b, 0x00, 0x00, 0x00, 0xaf, 0x45, 0x00, 0x00,
  0x00, 0x00, 0x00, 0x00, 0xcc, 0x1c, 0x00, 0x00, 0x00, 0x00, 0x00, 0x00,
  0x0a, 0x00, 0x00, 0x00, 0x2b, 0x00, 0x00, 0x00, 0xa9, 0x02, 0x00, 0x00,
  0x00, 0x00, 0x00, 0x00, 0xd0, 0x1c, 0x00, 0x00, 0x00, 0x00, 0x00, 0x00,
  0x0a, 0x00, 0x00, 0x00, 0x2b, 0x00, 0x00, 0x00, 0x34, 0x2b, 0x00, 0x00,
  0x00, 0x00, 0x00, 0x00, 0xd4, 0x1c, 0x00, 0x00, 0x00, 0x00, 0x00, 0x00,
  0x0a, 0x00, 0x00, 0x00, 0x2b, 0x00, 0x00, 0x00, 0xe6, 0x11, 0x00, 0x00,
  0x00, 0x00, 0x00, 0x00, 0xd8, 0x1c, 0x00, 0x00, 0x00, 0x00, 0x00, 0x00,
  0x0a, 0x00, 0x00, 0x00, 0x2b, 0x00, 0x00, 0x00, 0xa2, 0x24, 0x00, 0x00,
  0x00, 0x00, 0x00, 0x00, 0xdc, 0x1c, 0x00, 0x00, 0x00, 0x00, 0x00, 0x00,
  0x0a, 0x00, 0x00, 0x00, 0x2b, 0x00, 0x00, 0x00, 0x81, 0x05, 0x00, 0x00,
  0x00, 0x00, 0x00, 0x00, 0xe0, 0x1c, 0x00, 0x00, 0x00, 0x00, 0x00, 0x00,
  0x0a, 0x00, 0x00, 0x00, 0x2b, 0x00, 0x00, 0x00, 0x1e, 0x17, 0x00, 0x00,
  0x00, 0x00, 0x00, 0x00, 0xe4, 0x1c, 0x00, 0x00, 0x00, 0x00, 0x00, 0x00,
  0x0a, 0x00, 0x00, 0x00, 0x2b, 0x00, 0x00, 0x00, 0xd2, 0x27, 0x00, 0x00,
  0x00, 0x00, 0x00, 0x00, 0xe8, 0x1c, 0x00, 0x00, 0x00, 0x00, 0x00, 0x00,
  0x0a, 0x00, 0x00, 0x00, 0x2b, 0x00, 0x00, 0x00, 0x20, 0x51, 0x00, 0x00,
  0x00, 0x00, 0x00, 0x00, 0xec, 0x1c, 0x00, 0x00, 0x00, 0x00, 0x00, 0x00,
  0x0a, 0x00, 0x00, 0x00, 0x2b, 0x00, 0x00, 0x00, 0x42, 0x53, 0x00, 0x00,
  0x00, 0x00, 0x00, 0x00, 0xf0, 0x1c, 0x00, 0x00, 0x00, 0x00, 0x00, 0x00,
  0x0a, 0x00, 0x00, 0x00, 0x2b, 0x00, 0x00, 0x00, 0xf4, 0x11, 0x00, 0x00,
  0x00, 0x00, 0x00, 0x00, 0xf4, 0x1c, 0x00, 0x00, 0x00, 0x00, 0x00, 0x00,
  0x0a, 0x00, 0x00, 0x00, 0x2b, 0x00, 0x00, 0x00, 0x02, 0x0f, 0x00, 0x00,
  0x00, 0x00, 0x00, 0x00, 0xf8, 0x1c, 0x00, 0x00, 0x00, 0x00, 0x00, 0x00,
  0x0a, 0x00, 0x00, 0x00, 0x2b, 0x00, 0x00, 0x00, 0x0e, 0x5b, 0x00, 0x00,
  0x00, 0x00, 0x00, 0x00, 0xfc, 0x1c, 0x00, 0x00, 0x00, 0x00, 0x00, 0x00,
  0x0a, 0x00, 0x00, 0x00, 0x2b, 0x00, 0x00, 0x00, 0x26, 0x31, 0x00, 0x00,
  0x00, 0x00, 0x00, 0x00, 0x00, 0x1d, 0x00, 0x00, 0x00, 0x00, 0x00, 0x00,
  0x0a, 0x00, 0x00, 0x00, 0x2b, 0x00, 0x00, 0x00, 0x4e, 0x48, 0x00, 0x00,
  0x00, 0x00, 0x00, 0x00, 0x04, 0x1d, 0x00, 0x00, 0x00, 0x00, 0x00, 0x00,
  0x0a, 0x00, 0x00, 0x00, 0x2b, 0x00, 0x00, 0x00, 0xaa, 0x08, 0x00, 0x00,
  0x00, 0x00, 0x00, 0x00, 0x08, 0x1d, 0x00, 0x00, 0x00, 0x00, 0x00, 0x00,
  0x0a, 0x00, 0x00, 0x00, 0x2b, 0x00, 0x00, 0x00, 0x83, 0x1c, 0x00, 0x00,
  0x00, 0x00, 0x00, 0x00, 0x0c, 0x1d, 0x00, 0x00, 0x00, 0x00, 0x00, 0x00,
  0x0a, 0x00, 0x00, 0x00, 0x2b, 0x00, 0x00, 0x00, 0xba, 0x45, 0x00, 0x00,
  0x00, 0x00, 0x00, 0x00, 0x10, 0x1d, 0x00, 0x00, 0x00, 0x00, 0x00, 0x00,
  0x0a, 0x00, 0x00, 0x00, 0x2b, 0x00, 0x00, 0x00, 0x07, 0x12, 0x00, 0x00,
  0x00, 0x00, 0x00, 0x00, 0x14, 0x1d, 0x00, 0x00, 0x00, 0x00, 0x00, 0x00,
  0x0a, 0x00, 0x00, 0x00, 0x2b, 0x00, 0x00, 0x00, 0x2b, 0x56, 0x00, 0x00,
  0x00, 0x00, 0x00, 0x00, 0x18, 0x1d, 0x00, 0x00, 0x00, 0x00, 0x00, 0x00,
  0x0a, 0x00, 0x00, 0x00, 0x2b, 0x00, 0x00, 0x00, 0xdb, 0x41, 0x00, 0x00,
  0x00, 0x00, 0x00, 0x00, 0x1c, 0x1d, 0x00, 0x00, 0x00, 0x00, 0x00, 0x00,
  0x0a, 0x00, 0x00, 0x00, 0x2b, 0x00, 0x00, 0x00, 0x8e, 0x05, 0x00, 0x00,
  0x00, 0x00, 0x00, 0x00, 0x20, 0x1d, 0x00, 0x00, 0x00, 0x00, 0x00, 0x00,
  0x0a, 0x00, 0x00, 0x00, 0x2b, 0x00, 0x00, 0x00, 0x94, 0x4b, 0x00, 0x00,
  0x00, 0x00, 0x00, 0x00, 0x24, 0x1d, 0x00, 0x00, 0x00, 0x00, 0x00, 0x00,
  0x0a, 0x00, 0x00, 0x00, 0x2b, 0x00, 0x00, 0x00, 0x36, 0x31, 0x00, 0x00,
  0x00, 0x00, 0x00, 0x00, 0x28, 0x1d, 0x00, 0x00, 0x00, 0x00, 0x00, 0x00,
  0x0a, 0x00, 0x00, 0x00, 0x2b, 0x00, 0x00, 0x00, 0x32, 0x22, 0x00, 0x00,
  0x00, 0x00, 0x00, 0x00, 0x2c, 0x1d, 0x00, 0x00, 0x00, 0x00, 0x00, 0x00,
  0x0a, 0x00, 0x00, 0x00, 0x2b, 0x00, 0x00, 0x00, 0x71, 0x19, 0x00, 0x00,
  0x00, 0x00, 0x00, 0x00, 0x30, 0x1d, 0x00, 0x00, 0x00, 0x00, 0x00, 0x00,
  0x0a, 0x00, 0x00, 0x00, 0x2b, 0x00, 0x00, 0x00, 0xc5, 0x39, 0x00, 0x00,
  0x00, 0x00, 0x00, 0x00, 0x34, 0x1d, 0x00, 0x00, 0x00, 0x00, 0x00, 0x00,
  0x0a, 0x00, 0x00, 0x00, 0x2b, 0x00, 0x00, 0x00, 0xd3, 0x39, 0x00, 0x00,
  0x00, 0x00, 0x00, 0x00, 0x38, 0x1d, 0x00, 0x00, 0x00, 0x00, 0x00, 0x00,
  0x0a, 0x00, 0x00, 0x00, 0x2b, 0x00, 0x00, 0x00, 0x3c, 0x22, 0x00, 0x00,
  0x00, 0x00, 0x00, 0x00, 0x3c, 0x1d, 0x00, 0x00, 0x00, 0x00, 0x00, 0x00,
  0x0a, 0x00, 0x00, 0x00, 0x2b, 0x00, 0x00, 0x00, 0x1f, 0x2e, 0x00, 0x00,
  0x00, 0x00, 0x00, 0x00, 0x40, 0x1d, 0x00, 0x00, 0x00, 0x00, 0x00, 0x00,
  0x0a, 0x00, 0x00, 0x00, 0x2b, 0x00, 0x00, 0x00, 0x55, 0x53, 0x00, 0x00,
  0x00, 0x00, 0x00, 0x00, 0x44, 0x1d, 0x00, 0x00, 0x00, 0x00, 0x00, 0x00,
  0x0a, 0x00, 0x00, 0x00, 0x2b, 0x00, 0x00, 0x00, 0xf4, 0x1e, 0x00, 0x00,
  0x00, 0x00, 0x00, 0x00, 0x48, 0x1d, 0x00, 0x00, 0x00, 0x00, 0x00, 0x00,
  0x0a, 0x00, 0x00, 0x00, 0x2b, 0x00, 0x00, 0x00, 0x31, 0x3f, 0x00, 0x00,
  0x00, 0x00, 0x00, 0x00, 0x4c, 0x1d, 0x00, 0x00, 0x00, 0x00, 0x00, 0x00,
  0x0a, 0x00, 0x00, 0x00, 0x2b, 0x00, 0x00, 0x00, 0x06, 0x1f, 0x00, 0x00,
  0x00, 0x00, 0x00, 0x00, 0x50, 0x1d, 0x00, 0x00, 0x00, 0x00, 0x00, 0x00,
  0x0a, 0x00, 0x00, 0x00, 0x2b, 0x00, 0x00, 0x00, 0x2d, 0x2e, 0x00, 0x00,
  0x00, 0x00, 0x00, 0x00, 0x54, 0x1d, 0x00, 0x00, 0x00, 0x00, 0x00, 0x00,
  0x0a, 0x00, 0x00, 0x00, 0x2b, 0x00, 0x00, 0x00, 0x11, 0x1f, 0x00, 0x00,
  0x00, 0x00, 0x00, 0x00, 0x58, 0x1d, 0x00, 0x00, 0x00, 0x00, 0x00, 0x00,
  0x0a, 0x00, 0x00, 0x00, 0x2b, 0x00, 0x00, 0x00, 0xc9, 0x45, 0x00, 0x00,
  0x00, 0x00, 0x00, 0x00, 0x5c, 0x1d, 0x00, 0x00, 0x00, 0x00, 0x00, 0x00,
  0x0a, 0x00, 0x00, 0x00, 0x2b, 0x00, 0x00, 0x00, 0xea, 0x41, 0x00, 0x00,
  0x00, 0x00, 0x00, 0x00, 0x60, 0x1d, 0x00, 0x00, 0x00, 0x00, 0x00, 0x00,
  0x0a, 0x00, 0x00, 0x00, 0x2b, 0x00, 0x00, 0x00, 0xb5, 0x24, 0x00, 0x00,
  0x00, 0x00, 0x00, 0x00, 0x64, 0x1d, 0x00, 0x00, 0x00, 0x00, 0x00, 0x00,
  0x0a, 0x00, 0x00, 0x00, 0x2b, 0x00, 0x00, 0x00, 0x02, 0x42, 0x00, 0x00,
  0x00, 0x00, 0x00, 0x00, 0x68, 0x1d, 0x00, 0x00, 0x00, 0x00, 0x00, 0x00,
  0x0a, 0x00, 0x00, 0x00, 0x2b, 0x00, 0x00, 0x00, 0xe5, 0x39, 0x00, 0x00,
  0x00, 0x00, 0x00, 0x00, 0x6c, 0x1d, 0x00, 0x00, 0x00, 0x00, 0x00, 0x00,
  0x0a, 0x00, 0x00, 0x00, 0x2b, 0x00, 0x00, 0x00, 0x4d, 0x22, 0x00, 0x00,
  0x00, 0x00, 0x00, 0x00, 0x70, 0x1d, 0x00, 0x00, 0x00, 0x00, 0x00, 0x00,
  0x0a, 0x00, 0x00, 0x00, 0x2b, 0x00, 0x00, 0x00, 0xf8, 0x4e, 0x00, 0x00,
  0x00, 0x00, 0x00, 0x00, 0x74, 0x1d, 0x00, 0x00, 0x00, 0x00, 0x00, 0x00,
  0x0a, 0x00, 0x00, 0x00, 0x2b, 0x00, 0x00, 0x00, 0xce, 0x3c, 0x00, 0x00,
  0x00, 0x00, 0x00, 0x00, 0x78, 0x1d, 0x00, 0x00, 0x00, 0x00, 0x00, 0x00,
  0x0a, 0x00, 0x00, 0x00, 0x2b, 0x00, 0x00, 0x00, 0x62, 0x53, 0x00, 0x00,
  0x00, 0x00, 0x00, 0x00, 0x7c, 0x1d, 0x00, 0x00, 0x00, 0x00, 0x00, 0x00,
  0x0a, 0x00, 0x00, 0x00, 0x2b, 0x00, 0x00, 0x00, 0x10, 0x42, 0x00, 0x00,
  0x00, 0x00, 0x00, 0x00, 0x80, 0x1d, 0x00, 0x00, 0x00, 0x00, 0x00, 0x00,
  0x0a, 0x00, 0x00, 0x00, 0x2b, 0x00, 0x00, 0x00, 0x14, 0x42, 0x00, 0x00,
  0x00, 0x00, 0x00, 0x00, 0x84, 0x1d, 0x00, 0x00, 0x00, 0x00, 0x00, 0x00,
  0x0a, 0x00, 0x00, 0x00, 0x2b, 0x00, 0x00, 0x00, 0x56, 0x48, 0x00, 0x00,
  0x00, 0x00, 0x00, 0x00, 0x88, 0x1d, 0x00, 0x00, 0x00, 0x00, 0x00, 0x00,
  0x0a, 0x00, 0x00, 0x00, 0x2b, 0x00, 0x00, 0x00, 0x8a, 0x1c, 0x00, 0x00,
  0x00, 0x00, 0x00, 0x00, 0x8c, 0x1d, 0x00, 0x00, 0x00, 0x00, 0x00, 0x00,
  0x0a, 0x00, 0x00, 0x00, 0x2b, 0x00, 0x00, 0x00, 0xd1, 0x45, 0x00, 0x00,
  0x00, 0x00, 0x00, 0x00, 0x90, 0x1d, 0x00, 0x00, 0x00, 0x00, 0x00, 0x00,
  0x0a, 0x00, 0x00, 0x00, 0x2b, 0x00, 0x00, 0x00, 0x05, 0x0c, 0x00, 0x00,
  0x00, 0x00, 0x00, 0x00, 0x94, 0x1d, 0x00, 0x00, 0x00, 0x00, 0x00, 0x00,
  0x0a, 0x00, 0x00, 0x00, 0x2b, 0x00, 0x00, 0x00, 0x50, 0x22, 0x00, 0x00,
  0x00, 0x00, 0x00, 0x00, 0x98, 0x1d, 0x00, 0x00, 0x00, 0x00, 0x00, 0x00,
  0x0a, 0x00, 0x00, 0x00, 0x2b, 0x00, 0x00, 0x00, 0x60, 0x48, 0x00, 0x00,
  0x00, 0x00, 0x00, 0x00, 0x9c, 0x1d, 0x00, 0x00, 0x00, 0x00, 0x00, 0x00,
  0x0a, 0x00, 0x00, 0x00, 0x2b, 0x00, 0x00, 0x00, 0xbd, 0x58, 0x00, 0x00,
  0x00, 0x00, 0x00, 0x00, 0xa0, 0x1d, 0x00, 0x00, 0x00, 0x00, 0x00, 0x00,
  0x0a, 0x00, 0x00, 0x00, 0x2b, 0x00, 0x00, 0x00, 0x6e, 0x53, 0x00, 0x00,
  0x00, 0x00, 0x00, 0x00, 0xa4, 0x1d, 0x00, 0x00, 0x00, 0x00, 0x00, 0x00,
  0x0a, 0x00, 0x00, 0x00, 0x2b, 0x00, 0x00, 0x00, 0x1c, 0x1f, 0x00, 0x00,
  0x00, 0x00, 0x00, 0x00, 0xa8, 0x1d, 0x00, 0x00, 0x00, 0x00, 0x00, 0x00,
  0x0a, 0x00, 0x00, 0x00, 0x2b, 0x00, 0x00, 0x00, 0x38, 0x56, 0x00, 0x00,
  0x00, 0x00, 0x00, 0x00, 0xac, 0x1d, 0x00, 0x00, 0x00, 0x00, 0x00, 0x00,
  0x0a, 0x00, 0x00, 0x00, 0x2b, 0x00, 0x00, 0x00, 0xbf, 0x24, 0x00, 0x00,
  0x00, 0x00, 0x00, 0x00, 0xb0, 0x1d, 0x00, 0x00, 0x00, 0x00, 0x00, 0x00,
  0x0a, 0x00, 0x00, 0x00, 0x2b, 0x00, 0x00, 0x00, 0x3c, 0x31, 0x00, 0x00,
  0x00, 0x00, 0x00, 0x00, 0xb4, 0x1d, 0x00, 0x00, 0x00, 0x00, 0x00, 0x00,
  0x0a, 0x00, 0x00, 0x00, 0x2b, 0x00, 0x00, 0x00, 0xc9, 0x36, 0x00, 0x00,
  0x00, 0x00, 0x00, 0x00, 0xb8, 0x1d, 0x00, 0x00, 0x00, 0x00, 0x00, 0x00,
  0x0a, 0x00, 0x00, 0x00, 0x2b, 0x00, 0x00, 0x00, 0x16, 0x12, 0x00, 0x00,
  0x00, 0x00, 0x00, 0x00, 0xbc, 0x1d, 0x00, 0x00, 0x00, 0x00, 0x00, 0x00,
  0x0a, 0x00, 0x00, 0x00, 0x2b, 0x00, 0x00, 0x00, 0x90, 0x14, 0x00, 0x00,
  0x00, 0x00, 0x00, 0x00, 0xc0, 0x1d, 0x00, 0x00, 0x00, 0x00, 0x00, 0x00,
  0x0a, 0x00, 0x00, 0x00, 0x2b, 0x00, 0x00, 0x00, 0x45, 0x31, 0x00, 0x00,
  0x00, 0x00, 0x00, 0x00, 0xc4, 0x1d, 0x00, 0x00, 0x00, 0x00, 0x00, 0x00,
  0x0a, 0x00, 0x00, 0x00, 0x2b, 0x00, 0x00, 0x00, 0xd0, 0x24, 0x00, 0x00,
  0x00, 0x00, 0x00, 0x00, 0xc8, 0x1d, 0x00, 0x00, 0x00, 0x00, 0x00, 0x00,
  0x0a, 0x00, 0x00, 0x00, 0x2b, 0x00, 0x00, 0x00, 0x1f, 0x5b, 0x00, 0x00,
  0x00, 0x00, 0x00, 0x00, 0xcc, 0x1d, 0x00, 0x00, 0x00, 0x00, 0x00, 0x00,
  0x0a, 0x00, 0x00, 0x00, 0x2b, 0x00, 0x00, 0x00, 0xe0, 0x27, 0x00, 0x00,
  0x00, 0x00, 0x00, 0x00, 0xd0, 0x1d, 0x00, 0x00, 0x00, 0x00, 0x00, 0x00,
  0x0a, 0x00, 0x00, 0x00, 0x2b, 0x00, 0x00, 0x00, 0x24, 0x42, 0x00, 0x00,
  0x00, 0x00, 0x00, 0x00, 0xd4, 0x1d, 0x00, 0x00, 0x00, 0x00, 0x00, 0x00,
  0x0a, 0x00, 0x00, 0x00, 0x2b, 0x00, 0x00, 0x00, 0xd3, 0x36, 0x00, 0x00,
  0x00, 0x00, 0x00, 0x00, 0xd8, 0x1d, 0x00, 0x00, 0x00, 0x00, 0x00, 0x00,
  0x0a, 0x00, 0x00, 0x00, 0x2b, 0x00, 0x00, 0x00, 0x35, 0x42, 0x00, 0x00,
  0x00, 0x00, 0x00, 0x00, 0xdc, 0x1d, 0x00, 0x00, 0x00, 0x00, 0x00, 0x00,
  0x0a, 0x00, 0x00, 0x00, 0x2b, 0x00, 0x00, 0x00, 0x32, 0x2e, 0x00, 0x00,
  0x00, 0x00, 0x00, 0x00, 0xe0, 0x1d, 0x00, 0x00, 0x00, 0x00, 0x00, 0x00,
  0x0a, 0x00, 0x00, 0x00, 0x2b, 0x00, 0x00, 0x00, 0xa2, 0x4b, 0x00, 0x00,
  0x00, 0x00, 0x00, 0x00, 0xe4, 0x1d, 0x00, 0x00, 0x00, 0x00, 0x00, 0x00,
  0x0a, 0x00, 0x00, 0x00, 0x2b, 0x00, 0x00, 0x00, 0x9e, 0x1c, 0x00, 0x00,
  0x00, 0x00, 0x00, 0x00, 0xe8, 0x1d, 0x00, 0x00, 0x00, 0x00, 0x00, 0x00,
  0x0a, 0x00, 0x00, 0x00, 0x2b, 0x00, 0x00, 0x00, 0x37, 0x2e, 0x00, 0x00,
  0x00, 0x00, 0x00, 0x00, 0xec, 0x1d, 0x00, 0x00, 0x00, 0x00, 0x00, 0x00,
  0x0a, 0x00, 0x00, 0x00, 0x2b, 0x00, 0x00, 0x00, 0xec, 0x27, 0x00, 0x00,
  0x00, 0x00, 0x00, 0x00, 0xf0, 0x1d, 0x00, 0x00, 0x00, 0x00, 0x00, 0x00,
  0x0a, 0x00, 0x00, 0x00, 0x2b, 0x00, 0x00, 0x00, 0xc3, 0x08, 0x00, 0x00,
  0x00, 0x00, 0x00, 0x00, 0xf4, 0x1d, 0x00, 0x00, 0x00, 0x00, 0x00, 0x00,
  0x0a, 0x00, 0x00, 0x00, 0x2b, 0x00, 0x00, 0x00, 0xd3, 0x08, 0x00, 0x00,
  0x00, 0x00, 0x00, 0x00, 0xf8, 0x1d, 0x00, 0x00, 0x00, 0x00, 0x00, 0x00,
  0x0a, 0x00, 0x00, 0x00, 0x2b, 0x00, 0x00, 0x00, 0x2b, 0x17, 0x00, 0x00,
  0x00, 0x00, 0x00, 0x00, 0xfc, 0x1d, 0x00, 0x00, 0x00, 0x00, 0x00, 0x00,
  0x0a, 0x00, 0x00, 0x00, 0x2b, 0x00, 0x00, 0x00, 0xb4, 0x4b, 0x00, 0x00,
  0x00, 0x00, 0x00, 0x00, 0x00, 0x1e, 0x00, 0x00, 0x00, 0x00, 0x00, 0x00,
  0x0a, 0x00, 0x00, 0x00, 0x2b, 0x00, 0x00, 0x00, 0xb3, 0x02, 0x00, 0x00,
  0x00, 0x00, 0x00, 0x00, 0x04, 0x1e, 0x00, 0x00, 0x00, 0x00, 0x00, 0x00,
  0x0a, 0x00, 0x00, 0x00, 0x2b, 0x00, 0x00, 0x00, 0xc0, 0x4b, 0x00, 0x00,
  0x00, 0x00, 0x00, 0x00, 0x08, 0x1e, 0x00, 0x00, 0x00, 0x00, 0x00, 0x00,
  0x0a, 0x00, 0x00, 0x00, 0x2b, 0x00, 0x00, 0x00, 0xdb, 0x08, 0x00, 0x00,
  0x00, 0x00, 0x00, 0x00, 0x0c, 0x1e, 0x00, 0x00, 0x00, 0x00, 0x00, 0x00,
  0x0a, 0x00, 0x00, 0x00, 0x2b, 0x00, 0x00, 0x00, 0xe1, 0x36, 0x00, 0x00,
  0x00, 0x00, 0x00, 0x00, 0x10, 0x1e, 0x00, 0x00, 0x00, 0x00, 0x00, 0x00,
  0x0a, 0x00, 0x00, 0x00, 0x2b, 0x00, 0x00, 0x00, 0xca, 0x58, 0x00, 0x00,
  0x00, 0x00, 0x00, 0x00, 0x14, 0x1e, 0x00, 0x00, 0x00, 0x00, 0x00, 0x00,
  0x0a, 0x00, 0x00, 0x00, 0x2b, 0x00, 0x00, 0x00, 0xd6, 0x3c, 0x00, 0x00,
  0x00, 0x00, 0x00, 0x00, 0x18, 0x1e, 0x00, 0x00, 0x00, 0x00, 0x00, 0x00,
  0x0a, 0x00, 0x00, 0x00, 0x2b, 0x00, 0x00, 0x00, 0x0e, 0x34, 0x00, 0x00,
  0x00, 0x00, 0x00, 0x00, 0x1c, 0x1e, 0x00, 0x00, 0x00, 0x00, 0x00, 0x00,
  0x0a, 0x00, 0x00, 0x00, 0x2b, 0x00, 0x00, 0x00, 0xad, 0x1c, 0x00, 0x00,
  0x00, 0x00, 0x00, 0x00, 0x20, 0x1e, 0x00, 0x00, 0x00, 0x00, 0x00, 0x00,
  0x0a, 0x00, 0x00, 0x00, 0x2b, 0x00, 0x00, 0x00, 0xf0, 0x36, 0x00, 0x00,
  0x00, 0x00, 0x00, 0x00, 0x24, 0x1e, 0x00, 0x00, 0x00, 0x00, 0x00, 0x00,
  0x0a, 0x00, 0x00, 0x00, 0x2b, 0x00, 0x00, 0x00, 0x4d, 0x2e, 0x00, 0x00,
  0x00, 0x00, 0x00, 0x00, 0x28, 0x1e, 0x00, 0x00, 0x00, 0x00, 0x00, 0x00,
  0x0a, 0x00, 0x00, 0x00, 0x2b, 0x00, 0x00, 0x00, 0x7f, 0x53, 0x00, 0x00,
  0x00, 0x00, 0x00, 0x00, 0x2c, 0x1e, 0x00, 0x00, 0x00, 0x00, 0x00, 0x00,
  0x0a, 0x00, 0x00, 0x00, 0x2b, 0x00, 0x00, 0x00, 0xb6, 0x02, 0x00, 0x00,
  0x00, 0x00, 0x00, 0x00, 0x30, 0x1e, 0x00, 0x00, 0x00, 0x00, 0x00, 0x00,
  0x0a, 0x00, 0x00, 0x00, 0x2b, 0x00, 0x00, 0x00, 0x01, 0x37, 0x00, 0x00,
  0x00, 0x00, 0x00, 0x00, 0x34, 0x1e, 0x00, 0x00, 0x00, 0x00, 0x00, 0x00,
  0x0a, 0x00, 0x00, 0x00, 0x2b, 0x00, 0x00, 0x00, 0x30, 0x5b, 0x00, 0x00,
  0x00, 0x00, 0x00, 0x00, 0x38, 0x1e, 0x00, 0x00, 0x00, 0x00, 0x00, 0x00,
  0x0a, 0x00, 0x00, 0x00, 0x2b, 0x00, 0x00, 0x00, 0xd3, 0x4b, 0x00, 0x00,
  0x00, 0x00, 0x00, 0x00, 0x3c, 0x1e, 0x00, 0x00, 0x00, 0x00, 0x00, 0x00,
  0x0a, 0x00, 0x00, 0x00, 0x2b, 0x00, 0x00, 0x00, 0x1f, 0x12, 0x00, 0x00,
  0x00, 0x00, 0x00, 0x00, 0x40, 0x1e, 0x00, 0x00, 0x00, 0x00, 0x00, 0x00,
  0x0a, 0x00, 0x00, 0x00, 0x2b, 0x00, 0x00, 0x00, 0xeb, 0x08, 0x00, 0x00,
  0x00, 0x00, 0x00, 0x00, 0x44, 0x1e, 0x00, 0x00, 0x00, 0x00, 0x00, 0x00,
  0x0a, 0x00, 0x00, 0x00, 0x2b, 0x00, 0x00, 0x00, 0x8a, 0x53, 0x00, 0x00,
  0x00, 0x00, 0x00, 0x00, 0x48, 0x1e, 0x00, 0x00, 0x00, 0x00, 0x00, 0x00,
  0x0a, 0x00, 0x00, 0x00, 0x2b, 0x00, 0x00, 0x00, 0xc2, 0x02, 0x00, 0x00,
  0x00, 0x00, 0x00, 0x00, 0x4c, 0x1e, 0x00, 0x00, 0x00, 0x00, 0x00, 0x00,
  0x0a, 0x00, 0x00, 0x00, 0x2b, 0x00, 0x00, 0x00, 0x24, 0x1f, 0x00, 0x00,
  0x00, 0x00, 0x00, 0x00, 0x50, 0x1e, 0x00, 0x00, 0x00, 0x00, 0x00, 0x00,
  0x0a, 0x00, 0x00, 0x00, 0x2b, 0x00, 0x00, 0x00, 0x05, 0x28, 0x00, 0x00,
  0x00, 0x00, 0x00, 0x00, 0x54, 0x1e, 0x00, 0x00, 0x00, 0x00, 0x00, 0x00,
  0x0a, 0x00, 0x00, 0x00, 0x2b, 0x00, 0x00, 0x00, 0x66, 0x48, 0x00, 0x00,
  0x00, 0x00, 0x00, 0x00, 0x58, 0x1e, 0x00, 0x00, 0x00, 0x00, 0x00, 0x00,
  0x0a, 0x00, 0x00, 0x00, 0x2b, 0x00, 0x00, 0x00, 0x42, 0x2b, 0x00, 0x00,
  0x00, 0x00, 0x00, 0x00, 0x5c, 0x1e, 0x00, 0x00, 0x00, 0x00, 0x00, 0x00,
  0x0a, 0x00, 0x00, 0x00, 0x2b, 0x00, 0x00, 0x00, 0x13, 0x34, 0x00, 0x00,
  0x00, 0x00, 0x00, 0x00, 0x60, 0x1e, 0x00, 0x00, 0x00, 0x00, 0x00, 0x00,
  0x0a, 0x00, 0x00, 0x00, 0x2b, 0x00, 0x00, 0x00, 0x36, 0x51, 0x00, 0x00,
  0x00, 0x00, 0x00, 0x00, 0x64, 0x1e, 0x00, 0x00, 0x00, 0x00, 0x00, 0x00,
  0x0a, 0x00, 0x00, 0x00, 0x2b, 0x00, 0x00, 0x00, 0x06, 0x37, 0x00, 0x00,
  0x00, 0x00, 0x00, 0x00, 0x68, 0x1e, 0x00, 0x00, 0x00, 0x00, 0x00, 0x00,
  0x0a, 0x00, 0x00, 0x00, 0x2b, 0x00, 0x00, 0x00, 0xb2, 0x1c, 0x00, 0x00,
  0x00, 0x00, 0x00, 0x00, 0x6c, 0x1e, 0x00, 0x00, 0x00, 0x00, 0x00, 0x00,
  0x0a, 0x00, 0x00, 0x00, 0x2b, 0x00, 0x00, 0x00, 0x2f, 0x17, 0x00, 0x00,
  0x00, 0x00, 0x00, 0x00, 0x70, 0x1e, 0x00, 0x00, 0x00, 0x00, 0x00, 0x00,
  0x0a, 0x00, 0x00, 0x00, 0x2b, 0x00, 0x00, 0x00, 0x3e, 0x5b, 0x00, 0x00,
  0x00, 0x00, 0x00, 0x00, 0x74, 0x1e, 0x00, 0x00, 0x00, 0x00, 0x00, 0x00,
  0x0a, 0x00, 0x00, 0x00, 0x2b, 0x00, 0x00, 0x00, 0x5f, 0x22, 0x00, 0x00,
  0x00, 0x00, 0x00, 0x00, 0x78, 0x1e, 0x00, 0x00, 0x00, 0x00, 0x00, 0x00,
  0x0a, 0x00, 0x00, 0x00, 0x2b, 0x00, 0x00, 0x00, 0xd4, 0x45, 0x00, 0x00,
  0x00, 0x00, 0x00, 0x00, 0x7c, 0x1e, 0x00, 0x00, 0x00, 0x00, 0x00, 0x00,
  0x0a, 0x00, 0x00, 0x00, 0x2b, 0x00, 0x00, 0x00, 0x99, 0x14, 0x00, 0x00,
  0x00, 0x00, 0x00, 0x00, 0x80, 0x1e, 0x00, 0x00, 0x00, 0x00, 0x00, 0x00,
  0x0a, 0x00, 0x00, 0x00, 0x2b, 0x00, 0x00, 0x00, 0x4e, 0x31, 0x00, 0x00,
  0x00, 0x00, 0x00, 0x00, 0x84, 0x1e, 0x00, 0x00, 0x00, 0x00, 0x00, 0x00,
  0x0a, 0x00, 0x00, 0x00, 0x2b, 0x00, 0x00, 0x00, 0x63, 0x22, 0x00, 0x00,
  0x00, 0x00, 0x00, 0x00, 0x88, 0x1e, 0x00, 0x00, 0x00, 0x00, 0x00, 0x00,
  0x0a, 0x00, 0x00, 0x00, 0x2b, 0x00, 0x00, 0x00, 0x42, 0x5b, 0x00, 0x00,
  0x00, 0x00, 0x00, 0x00, 0x8c, 0x1e, 0x00, 0x00, 0x00, 0x00, 0x00, 0x00,
  0x0a, 0x00, 0x00, 0x00, 0x2b, 0x00, 0x00, 0x00, 0xdc, 0x3c, 0x00, 0x00,
  0x00, 0x00, 0x00, 0x00, 0x90, 0x1e, 0x00, 0x00, 0x00, 0x00, 0x00, 0x00,
  0x0a, 0x00, 0x00, 0x00, 0x2b, 0x00, 0x00, 0x00, 0xe3, 0x3c, 0x00, 0x00,
  0x00, 0x00, 0x00, 0x00, 0x94, 0x1e, 0x00, 0x00, 0x00, 0x00, 0x00, 0x00,
  0x0a, 0x00, 0x00, 0x00, 0x2b, 0x00, 0x00, 0x00, 0x28, 0x1f, 0x00, 0x00,
  0x00, 0x00, 0x00, 0x00, 0x98, 0x1e, 0x00, 0x00, 0x00, 0x00, 0x00, 0x00,
  0x0a, 0x00, 0x00, 0x00, 0x2b, 0x00, 0x00, 0x00, 0x28, 0x12, 0x00, 0x00,
  0x00, 0x00, 0x00, 0x00, 0x9c, 0x1e, 0x00, 0x00, 0x00, 0x00, 0x00, 0x00,
  0x0a, 0x00, 0x00, 0x00, 0x2b, 0x00, 0x00, 0x00, 0x55, 0x2e, 0x00, 0x00,
  0x00, 0x00, 0x00, 0x00, 0xa0, 0x1e, 0x00, 0x00, 0x00, 0x00, 0x00, 0x00,
  0x0a, 0x00, 0x00, 0x00, 0x2b, 0x00, 0x00, 0x00, 0x41, 0x3f, 0x00, 0x00,
  0x00, 0x00, 0x00, 0x00, 0xa4, 0x1e, 0x00, 0x00, 0x00, 0x00, 0x00, 0x00,
  0x0a, 0x00, 0x00, 0x00, 0x2b, 0x00, 0x00, 0x00, 0x70, 0x22, 0x00, 0x00,
  0x00, 0x00, 0x00, 0x00, 0xa8, 0x1e, 0x00, 0x00, 0x00, 0x00, 0x00, 0x00,
  0x0a, 0x00, 0x00, 0x00, 0x2b, 0x00, 0x00, 0x00, 0x7e, 0x22, 0x00, 0x00,
  0x00, 0x00, 0x00, 0x00, 0xac, 0x1e, 0x00, 0x00, 0x00, 0x00, 0x00, 0x00,
  0x0a, 0x00, 0x00, 0x00, 0x2b, 0x00, 0x00, 0x00, 0x6b, 0x2e, 0x00, 0x00,
  0x00, 0x00, 0x00, 0x00, 0xb0, 0x1e, 0x00, 0x00, 0x00, 0x00, 0x00, 0x00,
  0x0a, 0x00, 0x00, 0x00, 0x2b, 0x00, 0x00, 0x00, 0x16, 0x34, 0x00, 0x00,
  0x00, 0x00, 0x00, 0x00, 0xb4, 0x1e, 0x00, 0x00, 0x00, 0x00, 0x00, 0x00,
  0x0a, 0x00, 0x00, 0x00, 0x2b, 0x00, 0x00, 0x00, 0x0a, 0x0c, 0x00, 0x00,
  0x00, 0x00, 0x00, 0x00, 0xb8, 0x1e, 0x00, 0x00, 0x00, 0x00, 0x00, 0x00,
  0x0a, 0x00, 0x00, 0x00, 0x2b, 0x00, 0x00, 0x00, 0xf6, 0x08, 0x00, 0x00,
  0x00, 0x00, 0x00, 0x00, 0xbc, 0x1e, 0x00, 0x00, 0x00, 0x00, 0x00, 0x00,
  0x0a, 0x00, 0x00, 0x00, 0x2b, 0x00, 0x00, 0x00, 0x4f, 0x5b, 0x00, 0x00,
  0x00, 0x00, 0x00, 0x00, 0xc0, 0x1e, 0x00, 0x00, 0x00, 0x00, 0x00, 0x00,
  0x0a, 0x00, 0x00, 0x00, 0x2b, 0x00, 0x00, 0x00, 0xd8, 0x4b, 0x00, 0x00,
  0x00, 0x00, 0x00, 0x00, 0xc4, 0x1e, 0x00, 0x00, 0x00, 0x00, 0x00, 0x00,
  0x0a, 0x00, 0x00, 0x00, 0x2b, 0x00, 0x00, 0x00, 0xfc, 0x4e, 0x00, 0x00,
  0x00, 0x00, 0x00, 0x00, 0xc8, 0x1e, 0x00, 0x00, 0x00, 0x00, 0x00, 0x00,
  0x0a, 0x00, 0x00, 0x00, 0x2b, 0x00, 0x00, 0x00, 0xef, 0x39, 0x00, 0x00,
  0x00, 0x00, 0x00, 0x00, 0xcc, 0x1e, 0x00, 0x00, 0x00, 0x00, 0x00, 0x00,
  0x0a, 0x00, 0x00, 0x00, 0x2b, 0x00, 0x00, 0x00, 0x31, 0x12, 0x00, 0x00,
  0x00, 0x00, 0x00, 0x00, 0xd0, 0x1e, 0x00, 0x00, 0x00, 0x00, 0x00, 0x00,
  0x0a, 0x00, 0x00, 0x00, 0x2b, 0x00, 0x00, 0x00, 0x16, 0x28, 0x00, 0x00,
  0x00, 0x00, 0x00, 0x00, 0xd4, 0x1e, 0x00, 0x00, 0x00, 0x00, 0x00, 0x00,
  0x0a, 0x00, 0x00, 0x00, 0x2b, 0x00, 0x00, 0x00, 0x0e, 0x0c, 0x00, 0x00,
  0x00, 0x00, 0x00, 0x00, 0xd8, 0x1e, 0x00, 0x00, 0x00, 0x00, 0x00, 0x00,
  0x0a, 0x00, 0x00, 0x00, 0x2b, 0x00, 0x00, 0x00, 0x10, 0x0f, 0x00, 0x00,
  0x00, 0x00, 0x00, 0x00, 0xdc, 0x1e, 0x00, 0x00, 0x00, 0x00, 0x00, 0x00,
  0x0a, 0x00, 0x00, 0x00, 0x2b, 0x00, 0x00, 0x00, 0x0c, 0x4f, 0x00, 0x00,
  0x00, 0x00, 0x00, 0x00, 0xe0, 0x1e, 0x00, 0x00, 0x00, 0x00, 0x00, 0x00,
  0x0a, 0x00, 0x00, 0x00, 0x2b, 0x00, 0x00, 0x00, 0x1b, 0x34, 0x00, 0x00,
  0x00, 0x00, 0x00, 0x00, 0xe4, 0x1e, 0x00, 0x00, 0x00, 0x00, 0x00, 0x00,
  0x0a, 0x00, 0x00, 0x00, 0x2b, 0x00, 0x00, 0x00, 0x41, 0x56, 0x00, 0x00,
  0x00, 0x00, 0x00, 0x00, 0xe8, 0x1e, 0x00, 0x00, 0x00, 0x00, 0x00, 0x00,
  0x0a, 0x00, 0x00, 0x00, 0x2b, 0x00, 0x00, 0x00, 0xfd, 0x39, 0x00, 0x00,
  0x00, 0x00, 0x00, 0x00, 0xec, 0x1e, 0x00, 0x00, 0x00, 0x00, 0x00, 0x00,
  0x0a, 0x00, 0x00, 0x00, 0x2b, 0x00, 0x00, 0x00, 0xdd, 0x45, 0x00, 0x00,
  0x00, 0x00, 0x00, 0x00, 0xf0, 0x1e, 0x00, 0x00, 0x00, 0x00, 0x00, 0x00,
  0x0a, 0x00, 0x00, 0x00, 0x2b, 0x00, 0x00, 0x00, 0xc6, 0x02, 0x00, 0x00,
  0x00, 0x00, 0x00, 0x00, 0xf4, 0x1e, 0x00, 0x00, 0x00, 0x00, 0x00, 0x00,
  0x0a, 0x00, 0x00, 0x00, 0x2b, 0x00, 0x00, 0x00, 0xd8, 0x58, 0x00, 0x00,
  0x00, 0x00, 0x00, 0x00, 0xf8, 0x1e, 0x00, 0x00, 0x00, 0x00, 0x00, 0x00,
  0x0a, 0x00, 0x00, 0x00, 0x2b, 0x00, 0x00, 0x00, 0x57, 0x3f, 0x00, 0x00,
  0x00, 0x00, 0x00, 0x00, 0xfc, 0x1e, 0x00, 0x00, 0x00, 0x00, 0x00, 0x00,
  0x0a, 0x00, 0x00, 0x00, 0x2b, 0x00, 0x00, 0x00, 0x47, 0x2b, 0x00, 0x00,
  0x00, 0x00, 0x00, 0x00, 0x00, 0x1f, 0x00, 0x00, 0x00, 0x00, 0x00, 0x00,
  0x0a, 0x00, 0x00, 0x00, 0x2b, 0x00, 0x00, 0x00, 0x41, 0x42, 0x00, 0x00,
  0x00, 0x00, 0x00, 0x00, 0x04, 0x1f, 0x00, 0x00, 0x00, 0x00, 0x00, 0x00,
  0x0a, 0x00, 0x00, 0x00, 0x2b, 0x00, 0x00, 0x00, 0x81, 0x2e, 0x00, 0x00,
  0x00, 0x00, 0x00, 0x00, 0x08, 0x1f, 0x00, 0x00, 0x00, 0x00, 0x00, 0x00,
  0x0a, 0x00, 0x00, 0x00, 0x2b, 0x00, 0x00, 0x00, 0x04, 0x3a, 0x00, 0x00,
  0x00, 0x00, 0x00, 0x00, 0x0c, 0x1f, 0x00, 0x00, 0x00, 0x00, 0x00, 0x00,
  0x0a, 0x00, 0x00, 0x00, 0x2b, 0x00, 0x00, 0x00, 0x4b, 0x42, 0x00, 0x00,
  0x00, 0x00, 0x00, 0x00, 0x10, 0x1f, 0x00, 0x00, 0x00, 0x00, 0x00, 0x00,
  0x0a, 0x00, 0x00, 0x00, 0x2b, 0x00, 0x00, 0x00, 0x50, 0x42, 0x00, 0x00,
  0x00, 0x00, 0x00, 0x00, 0x14, 0x1f, 0x00, 0x00, 0x00, 0x00, 0x00, 0x00,
  0x0a, 0x00, 0x00, 0x00, 0x2b, 0x00, 0x00, 0x00, 0x81, 0x19, 0x00, 0x00,
  0x00, 0x00, 0x00, 0x00, 0x18, 0x1f, 0x00, 0x00, 0x00, 0x00, 0x00, 0x00,
  0x0a, 0x00, 0x00, 0x00, 0x2b, 0x00, 0x00, 0x00, 0xd8, 0x02, 0x00, 0x00,
  0x00, 0x00, 0x00, 0x00, 0x1c, 0x1f, 0x00, 0x00, 0x00, 0x00, 0x00, 0x00,
  0x0a, 0x00, 0x00, 0x00, 0x2b, 0x00, 0x00, 0x00, 0xdb, 0x24, 0x00, 0x00,
  0x00, 0x00, 0x00, 0x00, 0x20, 0x1f, 0x00, 0x00, 0x00, 0x00, 0x00, 0x00,
  0x0a, 0x00, 0x00, 0x00, 0x2b, 0x00, 0x00, 0x00, 0x1b, 0x0f, 0x00, 0x00,
  0x00, 0x00, 0x00, 0x00, 0x24, 0x1f, 0x00, 0x00, 0x00, 0x00, 0x00, 0x00,
  0x0a, 0x00, 0x00, 0x00, 0x2b, 0x00, 0x00, 0x00, 0x84, 0x22, 0x00, 0x00,
  0x00, 0x00, 0x00, 0x00, 0x28, 0x1f, 0x00, 0x00, 0x00, 0x00, 0x00, 0x00,
  0x0a, 0x00, 0x00, 0x00, 0x2b, 0x00, 0x00, 0x00, 0x0d, 0x37, 0x00, 0x00,
  0x00, 0x00, 0x00, 0x00, 0x2c, 0x1f, 0x00, 0x00, 0x00, 0x00, 0x00, 0x00,
  0x0a, 0x00, 0x00, 0x00, 0x2b, 0x00, 0x00, 0x00, 0xdc, 0x4b, 0x00, 0x00,
  0x00, 0x00, 0x00, 0x00, 0x30, 0x1f, 0x00, 0x00, 0x00, 0x00, 0x00, 0x00,
  0x0a, 0x00, 0x00, 0x00, 0x2b, 0x00, 0x00, 0x00, 0x9c, 0x05, 0x00, 0x00,
  0x00, 0x00, 0x00, 0x00, 0x34, 0x1f, 0x00, 0x00, 0x00, 0x00, 0x00, 0x00,
  0x0a, 0x00, 0x00, 0x00, 0x2b, 0x00, 0x00, 0x00, 0x8a, 0x19, 0x00, 0x00,
  0x00, 0x00, 0x00, 0x00, 0x38, 0x1f, 0x00, 0x00, 0x00, 0x00, 0x00, 0x00,
  0x0a, 0x00, 0x00, 0x00, 0x2b, 0x00, 0x00, 0x00, 0x16, 0x37, 0x00, 0x00,
  0x00, 0x00, 0x00, 0x00, 0x3c, 0x1f, 0x00, 0x00, 0x00, 0x00, 0x00, 0x00,
  0x0a, 0x00, 0x00, 0x00, 0x2b, 0x00, 0x00, 0x00, 0x0e, 0x3a, 0x00, 0x00,
  0x00, 0x00, 0x00, 0x00, 0x40, 0x1f, 0x00, 0x00, 0x00, 0x00, 0x00, 0x00,
  0x0a, 0x00, 0x00, 0x00, 0x2b, 0x00, 0x00, 0x00, 0xe3, 0x24, 0x00, 0x00,
  0x00, 0x00, 0x00, 0x00, 0x44, 0x1f, 0x00, 0x00, 0x00, 0x00, 0x00, 0x00,
  0x0a, 0x00, 0x00, 0x00, 0x2b, 0x00, 0x00, 0x00, 0x50, 0x2b, 0x00, 0x00,
  0x00, 0x00, 0x00, 0x00, 0x48, 0x1f, 0x00, 0x00, 0x00, 0x00, 0x00, 0x00,
  0x0a, 0x00, 0x00, 0x00, 0x2b, 0x00, 0x00, 0x00, 0x3d, 0x17, 0x00, 0x00,
  0x00, 0x00, 0x00, 0x00, 0x4c, 0x1f, 0x00, 0x00, 0x00, 0x00, 0x00, 0x00,
  0x0a, 0x00, 0x00, 0x00, 0x2b, 0x00, 0x00, 0x00, 0x56, 0x5b, 0x00, 0x00,
  0x00, 0x00, 0x00, 0x00, 0x50, 0x1f, 0x00, 0x00, 0x00, 0x00, 0x00, 0x00,
  0x0a, 0x00, 0x00, 0x00, 0x2b, 0x00, 0x00, 0x00, 0x61, 0x5b, 0x00, 0x00,
  0x00, 0x00, 0x00, 0x00, 0x54, 0x1f, 0x00, 0x00, 0x00, 0x00, 0x00, 0x00,
  0x0a, 0x00, 0x00, 0x00, 0x2b, 0x00, 0x00, 0x00, 0xe7, 0x45, 0x00, 0x00,
  0x00, 0x00, 0x00, 0x00, 0x58, 0x1f, 0x00, 0x00, 0x00, 0x00, 0x00, 0x00,
  0x0a, 0x00, 0x00, 0x00, 0x2b, 0x00, 0x00, 0x00, 0xef, 0x45, 0x00, 0x00,
  0x00, 0x00, 0x00, 0x00, 0x5c, 0x1f, 0x00, 0x00, 0x00, 0x00, 0x00, 0x00,
  0x0a, 0x00, 0x00, 0x00, 0x2b, 0x00, 0x00, 0x00, 0xf0, 0x3c, 0x00, 0x00,
  0x00, 0x00, 0x00, 0x00, 0x60, 0x1f, 0x00, 0x00, 0x00, 0x00, 0x00, 0x00,
  0x0a, 0x00, 0x00, 0x00, 0x2b, 0x00, 0x00, 0x00, 0xdf, 0x02, 0x00, 0x00,
  0x00, 0x00, 0x00, 0x00, 0x64, 0x1f, 0x00, 0x00, 0x00, 0x00, 0x00, 0x00,
  0x0a, 0x00, 0x00, 0x00, 0x2b, 0x00, 0x00, 0x00, 0x68, 0x5b, 0x00, 0x00,
  0x00, 0x00, 0x00, 0x00, 0x68, 0x1f, 0x00, 0x00, 0x00, 0x00, 0x00, 0x00,
  0x0a, 0x00, 0x00, 0x00, 0x2b, 0x00, 0x00, 0x00, 0xfc, 0x45, 0x00, 0x00,
  0x00, 0x00, 0x00, 0x00, 0x6c, 0x1f, 0x00, 0x00, 0x00, 0x00, 0x00, 0x00,
  0x0a, 0x00, 0x00, 0x00, 0x2b, 0x00, 0x00, 0x00, 0xa7, 0x05, 0x00, 0x00,
  0x00, 0x00, 0x00, 0x00, 0x70, 0x1f, 0x00, 0x00, 0x00, 0x00, 0x00, 0x00,
  0x0a, 0x00, 0x00, 0x00, 0x2b, 0x00, 0x00, 0x00, 0xfe, 0x08, 0x00, 0x00,
  0x00, 0x00, 0x00, 0x00, 0x74, 0x1f, 0x00, 0x00, 0x00, 0x00, 0x00, 0x00,
  0x0a, 0x00, 0x00, 0x00, 0x2b, 0x00, 0x00, 0x00, 0x08, 0x46, 0x00, 0x00,
  0x00, 0x00, 0x00, 0x00, 0x78, 0x1f, 0x00, 0x00, 0x00, 0x00, 0x00, 0x00,
  0x0a, 0x00, 0x00, 0x00, 0x2b, 0x00, 0x00, 0x00, 0x53, 0x31, 0x00, 0x00,
  0x00, 0x00, 0x00, 0x00, 0x7c, 0x1f, 0x00, 0x00, 0x00, 0x00, 0x00, 0x00,
  0x0a, 0x00, 0x00, 0x00, 0x2b, 0x00, 0x00, 0x00, 0x8f, 0x2e, 0x00, 0x00,
  0x00, 0x00, 0x00, 0x00, 0x80, 0x1f, 0x00, 0x00, 0x00, 0x00, 0x00, 0x00,
  0x0a, 0x00, 0x00, 0x00, 0x2b, 0x00, 0x00, 0x00, 0x60, 0x3f, 0x00, 0x00,
  0x00, 0x00, 0x00, 0x00, 0x84, 0x1f, 0x00, 0x00, 0x00, 0x00, 0x00, 0x00,
  0x0a, 0x00, 0x00, 0x00, 0x2b, 0x00, 0x00, 0x00, 0xe5, 0x4b, 0x00, 0x00,
  0x00, 0x00, 0x00, 0x00, 0x88, 0x1f, 0x00, 0x00, 0x00, 0x00, 0x00, 0x00,
  0x0a, 0x00, 0x00, 0x00, 0x2b, 0x00, 0x00, 0x00, 0x1c, 0x0c, 0x00, 0x00,
  0x00, 0x00, 0x00, 0x00, 0x8c, 0x1f, 0x00, 0x00, 0x00, 0x00, 0x00, 0x00,
  0x0a, 0x00, 0x00, 0x00, 0x2b, 0x00, 0x00, 0x00, 0x21, 0x37, 0x00, 0x00,
  0x00, 0x00, 0x00, 0x00, 0x90, 0x1f, 0x00, 0x00, 0x00, 0x00, 0x00, 0x00,
  0x0a, 0x00, 0x00, 0x00, 0x2b, 0x00, 0x00, 0x00, 0x7a, 0x5b, 0x00, 0x00,
  0x00, 0x00, 0x00, 0x00, 0x94, 0x1f, 0x00, 0x00, 0x00, 0x00, 0x00, 0x00,
  0x0a, 0x00, 0x00, 0x00, 0x2b, 0x00, 0x00, 0x00, 0x25, 0x34, 0x00, 0x00,
  0x00, 0x00, 0x00, 0x00, 0x98, 0x1f, 0x00, 0x00, 0x00, 0x00, 0x00, 0x00,
  0x0a, 0x00, 0x00, 0x00, 0x2b, 0x00, 0x00, 0x00, 0x72, 0x48, 0x00, 0x00,
  0x00, 0x00, 0x00, 0x00, 0x9c, 0x1f, 0x00, 0x00, 0x00, 0x00, 0x00, 0x00,
  0x0a, 0x00, 0x00, 0x00, 0x2b, 0x00, 0x00, 0x00, 0x2d, 0x0c, 0x00, 0x00,
  0x00, 0x00, 0x00, 0x00, 0xa0, 0x1f, 0x00, 0x00, 0x00, 0x00, 0x00, 0x00,
  0x0a, 0x00, 0x00, 0x00, 0x2b, 0x00, 0x00, 0x00, 0x1f, 0x28, 0x00, 0x00,
  0x00, 0x00, 0x00, 0x00, 0xa4, 0x1f, 0x00, 0x00, 0x00, 0x00, 0x00, 0x00,
  0x0a, 0x00, 0x00, 0x00, 0x2b, 0x00, 0x00, 0x00, 0x3f, 0x12, 0x00, 0x00,
  0x00, 0x00, 0x00, 0x00, 0xa8, 0x1f, 0x00, 0x00, 0x00, 0x00, 0x00, 0x00,
  0x0a, 0x00, 0x00, 0x00, 0x2b, 0x00, 0x00, 0x00, 0x03, 0x09, 0x00, 0x00,
  0x00, 0x00, 0x00, 0x00, 0xac, 0x1f, 0x00, 0x00, 0x00, 0x00, 0x00, 0x00,
  0x0a, 0x00, 0x00, 0x00, 0x2b, 0x00, 0x00, 0x00, 0xf5, 0x4b, 0x00, 0x00,
  0x00, 0x00, 0x00, 0x00, 0xb0, 0x1f, 0x00, 0x00, 0x00, 0x00, 0x00, 0x00,
  0x0a, 0x00, 0x00, 0x00, 0x2b, 0x00, 0x00, 0x00, 0xea, 0x02, 0x00, 0x00,
  0x00, 0x00, 0x00, 0x00, 0xb4, 0x1f, 0x00, 0x00, 0x00, 0x00, 0x00, 0x00,
  0x0a, 0x00, 0x00, 0x00, 0x2b, 0x00, 0x00, 0x00, 0x3d, 0x0c, 0x00, 0x00,
  0x00, 0x00, 0x00, 0x00, 0xb8, 0x1f, 0x00, 0x00, 0x00, 0x00, 0x00, 0x00,
  0x0a, 0x00, 0x00, 0x00, 0x2b, 0x00, 0x00, 0x00, 0x36, 0x34, 0x00, 0x00,
  0x00, 0x00, 0x00, 0x00, 0xbc, 0x1f, 0x00, 0x00, 0x00, 0x00, 0x00, 0x00,
  0x0a, 0x00, 0x00, 0x00, 0x2b, 0x00, 0x00, 0x00, 0xa2, 0x2e, 0x00, 0x00,
  0x00, 0x00, 0x00, 0x00, 0xc0, 0x1f, 0x00, 0x00, 0x00, 0x00, 0x00, 0x00,
  0x0a, 0x00, 0x00, 0x00, 0x2b, 0x00, 0x00, 0x00, 0xfe, 0x3c, 0x00, 0x00,
  0x00, 0x00, 0x00, 0x00, 0xc4, 0x1f, 0x00, 0x00, 0x00, 0x00, 0x00, 0x00,
  0x0a, 0x00, 0x00, 0x00, 0x2b, 0x00, 0x00, 0x00, 0xfb, 0x4b, 0x00, 0x00,
  0x00, 0x00, 0x00, 0x00, 0xc8, 0x1f, 0x00, 0x00, 0x00, 0x00, 0x00, 0x00,
  0x0a, 0x00, 0x00, 0x00, 0x2b, 0x00, 0x00, 0x00, 0x48, 0x56, 0x00, 0x00,
  0x00, 0x00, 0x00, 0x00, 0xcc, 0x1f, 0x00, 0x00, 0x00, 0x00, 0x00, 0x00,
  0x0a, 0x00, 0x00, 0x00, 0x2b, 0x00, 0x00, 0x00, 0x16, 0x3a, 0x00, 0x00,
  0x00, 0x00, 0x00, 0x00, 0xd0, 0x1f, 0x00, 0x00, 0x00, 0x00, 0x00, 0x00,
  0x0a, 0x00, 0x00, 0x00, 0x2b, 0x00, 0x00, 0x00, 0x53, 0x56, 0x00, 0x00,
  0x00, 0x00, 0x00, 0x00, 0xd4, 0x1f, 0x00, 0x00, 0x00, 0x00, 0x00, 0x00,
  0x0a, 0x00, 0x00, 0x00, 0x2b, 0x00, 0x00, 0x00, 0x9d, 0x14, 0x00, 0x00,
  0x00, 0x00, 0x00, 0x00, 0xd8, 0x1f, 0x00, 0x00, 0x00, 0x00, 0x00, 0x00,
  0x0a, 0x00, 0x00, 0x00, 0x2b, 0x00, 0x00, 0x00, 0x5a, 0x2b, 0x00, 0x00,
  0x00, 0x00, 0x00, 0x00, 0xdc, 0x1f, 0x00, 0x00, 0x00, 0x00, 0x00, 0x00,
  0x0a, 0x00, 0x00, 0x00, 0x2b, 0x00, 0x00, 0x00, 0x16, 0x4f, 0x00, 0x00,
  0x00, 0x00, 0x00, 0x00, 0xe0, 0x1f, 0x00, 0x00, 0x00, 0x00, 0x00, 0x00,
  0x0a, 0x00, 0x00, 0x00, 0x2b, 0x00, 0x00, 0x00, 0x10, 0x4c, 0x00, 0x00,
  0x00, 0x00, 0x00, 0x00, 0xe4, 0x1f, 0x00, 0x00, 0x00, 0x00, 0x00, 0x00,
  0x0a, 0x00, 0x00, 0x00, 0x2b, 0x00, 0x00, 0x00, 0xb5, 0x2e, 0x00, 0x00,
  0x00, 0x00, 0x00, 0x00, 0xe8, 0x1f, 0x00, 0x00, 0x00, 0x00, 0x00, 0x00,
  0x0a, 0x00, 0x00, 0x00, 0x2b, 0x00, 0x00, 0x00, 0x8d, 0x53, 0x00, 0x00,
  0x00, 0x00, 0x00, 0x00, 0xec, 0x1f, 0x00, 0x00, 0x00, 0x00, 0x00, 0x00,
  0x0a, 0x00, 0x00, 0x00, 0x2b, 0x00, 0x00, 0x00, 0x0f, 0x09, 0x00, 0x00,
  0x00, 0x00, 0x00, 0x00, 0xf0, 0x1f, 0x00, 0x00, 0x00, 0x00, 0x00, 0x00,
  0x0a, 0x00, 0x00, 0x00, 0x2b, 0x00, 0x00, 0x00, 0x31, 0x28, 0x00, 0x00,
  0x00, 0x00, 0x00, 0x00, 0xf4, 0x1f, 0x00, 0x00, 0x00, 0x00, 0x00, 0x00,
  0x0a, 0x00, 0x00, 0x00, 0x2b, 0x00, 0x00, 0x00, 0x5f, 0x31, 0x00, 0x00,
  0x00, 0x00, 0x00, 0x00, 0xf8, 0x1f, 0x00, 0x00, 0x00, 0x00, 0x00, 0x00,
  0x0a, 0x00, 0x00, 0x00, 0x2b, 0x00, 0x00, 0x00, 0x69, 0x31, 0x00, 0x00,
  0x00, 0x00, 0x00, 0x00, 0xfc, 0x1f, 0x00, 0x00, 0x00, 0x00, 0x00, 0x00,
  0x0a, 0x00, 0x00, 0x00, 0x2b, 0x00, 0x00, 0x00, 0x6d, 0x2b, 0x00, 0x00,
  0x00, 0x00, 0x00, 0x00, 0x00, 0x20, 0x00, 0x00, 0x00, 0x00, 0x00, 0x00,
  0x0a, 0x00, 0x00, 0x00, 0x2b, 0x00, 0x00, 0x00, 0x35, 0x28, 0x00, 0x00,
  0x00, 0x00, 0x00, 0x00, 0x04, 0x20, 0x00, 0x00, 0x00, 0x00, 0x00, 0x00,
  0x0a, 0x00, 0x00, 0x00, 0x2b, 0x00, 0x00, 0x00, 0xb9, 0x1c, 0x00, 0x00,
  0x00, 0x00, 0x00, 0x00, 0x08, 0x20, 0x00, 0x00, 0x00, 0x00, 0x00, 0x00,
  0x0a, 0x00, 0x00, 0x00, 0x2b, 0x00, 0x00, 0x00, 0x79, 0x2b, 0x00, 0x00,
  0x00, 0x00, 0x00, 0x00, 0x0c, 0x20, 0x00, 0x00, 0x00, 0x00, 0x00, 0x00,
  0x0a, 0x00, 0x00, 0x00, 0x2b, 0x00, 0x00, 0x00, 0x93, 0x19, 0x00, 0x00,
  0x00, 0x00, 0x00, 0x00, 0x10, 0x20, 0x00, 0x00, 0x00, 0x00, 0x00, 0x00,
  0x0a, 0x00, 0x00, 0x00, 0x2b, 0x00, 0x00, 0x00, 0x71, 0x31, 0x00, 0x00,
  0x00, 0x00, 0x00, 0x00, 0x14, 0x20, 0x00, 0x00, 0x00, 0x00, 0x00, 0x00,
  0x0a, 0x00, 0x00, 0x00, 0x2b, 0x00, 0x00, 0x00, 0x31, 0x1f, 0x00, 0x00,
  0x00, 0x00, 0x00, 0x00, 0x18, 0x20, 0x00, 0x00, 0x00, 0x00, 0x00, 0x00,
  0x0a, 0x00, 0x00, 0x00, 0x2b, 0x00, 0x00, 0x00, 0xef, 0x24, 0x00, 0x00,
  0x00, 0x00, 0x00, 0x00, 0x1c, 0x20, 0x00, 0x00, 0x00, 0x00, 0x00, 0x00,
  0x0a, 0x00, 0x00, 0x00, 0x2b, 0x00, 0x00, 0x00, 0x52, 0x12, 0x00, 0x00,
  0x00, 0x00, 0x00, 0x00, 0x20, 0x20, 0x00, 0x00, 0x00, 0x00, 0x00, 0x00,
  0x0a, 0x00, 0x00, 0x00, 0x2b, 0x00, 0x00, 0x00, 0x00, 0x25, 0x00, 0x00,
  0x00, 0x00, 0x00, 0x00, 0x24, 0x20, 0x00, 0x00, 0x00, 0x00, 0x00, 0x00,
  0x0a, 0x00, 0x00, 0x00, 0x2b, 0x00, 0x00, 0x00, 0x17, 0x09, 0x00, 0x00,
  0x00, 0x00, 0x00, 0x00, 0x28, 0x20, 0x00, 0x00, 0x00, 0x00, 0x00, 0x00,
  0x0a, 0x00, 0x00, 0x00, 0x2b, 0x00, 0x00, 0x00, 0x16, 0x4c, 0x00, 0x00,
  0x00, 0x00, 0x00, 0x00, 0x2c, 0x20, 0x00, 0x00, 0x00, 0x00, 0x00, 0x00,
  0x0a, 0x00, 0x00, 0x00, 0x2b, 0x00, 0x00, 0x00, 0x5a, 0x42, 0x00, 0x00,
  0x00, 0x00, 0x00, 0x00, 0x30, 0x20, 0x00, 0x00, 0x00, 0x00, 0x00, 0x00,
  0x0a, 0x00, 0x00, 0x00, 0x2b, 0x00, 0x00, 0x00, 0x28, 0x3a, 0x00, 0x00,
  0x00, 0x00, 0x00, 0x00, 0x34, 0x20, 0x00, 0x00, 0x00, 0x00, 0x00, 0x00,
  0x0a, 0x00, 0x00, 0x00, 0x2b, 0x00, 0x00, 0x00, 0x15, 0x3d, 0x00, 0x00,
  0x00, 0x00, 0x00, 0x00, 0x38, 0x20, 0x00, 0x00, 0x00, 0x00, 0x00, 0x00,
  0x0a, 0x00, 0x00, 0x00, 0x2b, 0x00, 0x00, 0x00, 0xf1, 0x02, 0x00, 0x00,
  0x00, 0x00, 0x00, 0x00, 0x3c, 0x20, 0x00, 0x00, 0x00, 0x00, 0x00, 0x00,
  0x0a, 0x00, 0x00, 0x00, 0x2b, 0x00, 0x00, 0x00, 0x76, 0x48, 0x00, 0x00,
  0x00, 0x00, 0x00, 0x00, 0x40, 0x20, 0x00, 0x00, 0x00, 0x00, 0x00, 0x00,
  0x0a, 0x00, 0x00, 0x00, 0x2b, 0x00, 0x00, 0x00, 0x44, 0x34, 0x00, 0x00,
  0x00, 0x00, 0x00, 0x00, 0x44, 0x20, 0x00, 0x00, 0x00, 0x00, 0x00, 0x00,
  0x0a, 0x00, 0x00, 0x00, 0x2b, 0x00, 0x00, 0x00, 0x8c, 0x22, 0x00, 0x00,
  0x00, 0x00, 0x00, 0x00, 0x48, 0x20, 0x00, 0x00, 0x00, 0x00, 0x00, 0x00,
  0x0a, 0x00, 0x00, 0x00, 0x2b, 0x00, 0x00, 0x00, 0x47, 0x17, 0x00, 0x00,
  0x00, 0x00, 0x00, 0x00, 0x4c, 0x20, 0x00, 0x00, 0x00, 0x00, 0x00, 0x00,
  0x0a, 0x00, 0x00, 0x00, 0x2b, 0x00, 0x00, 0x00, 0x0f, 0x46, 0x00, 0x00,
  0x00, 0x00, 0x00, 0x00, 0x50, 0x20, 0x00, 0x00, 0x00, 0x00, 0x00, 0x00,
  0x0a, 0x00, 0x00, 0x00, 0x2b, 0x00, 0x00, 0x00, 0x5a, 0x56, 0x00, 0x00,
  0x00, 0x00, 0x00, 0x00, 0x54, 0x20, 0x00, 0x00, 0x00, 0x00, 0x00, 0x00,
  0x0a, 0x00, 0x00, 0x00, 0x2b, 0x00, 0x00, 0x00, 0x7d, 0x31, 0x00, 0x00,
  0x00, 0x00, 0x00, 0x00, 0x58, 0x20, 0x00, 0x00, 0x00, 0x00, 0x00, 0x00,
  0x0a, 0x00, 0x00, 0x00, 0x2b, 0x00, 0x00, 0x00, 0x3b, 0x3a, 0x00, 0x00,
  0x00, 0x00, 0x00, 0x00, 0x5c, 0x20, 0x00, 0x00, 0x00, 0x00, 0x00, 0x00,
  0x0a, 0x00, 0x00, 0x00, 0x2b, 0x00, 0x00, 0x00, 0x2a, 0x09, 0x00, 0x00,
  0x00, 0x00, 0x00, 0x00, 0x60, 0x20, 0x00, 0x00, 0x00, 0x00, 0x00, 0x00,
  0x0a, 0x00, 0x00, 0x00, 0x2b, 0x00, 0x00, 0x00, 0x47, 0x3a, 0x00, 0x00,
  0x00, 0x00, 0x00, 0x00, 0x64, 0x20, 0x00, 0x00, 0x00, 0x00, 0x00, 0x00,
  0x0a, 0x00, 0x00, 0x00, 0x2b, 0x00, 0x00, 0x00, 0x8b, 0x5b, 0x00, 0x00,
  0x00, 0x00, 0x00, 0x00, 0x68, 0x20, 0x00, 0x00, 0x00, 0x00, 0x00, 0x00,
  0x0a, 0x00, 0x00, 0x00, 0x2b, 0x00, 0x00, 0x00, 0x97, 0x53, 0x00, 0x00,
  0x00, 0x00, 0x00, 0x00, 0x6c, 0x20, 0x00, 0x00, 0x00, 0x00, 0x00, 0x00,
  0x0a, 0x00, 0x00, 0x00, 0x2b, 0x00, 0x00, 0x00, 0x3f, 0x1f, 0x00, 0x00,
  0x00, 0x00, 0x00, 0x00, 0x70, 0x20, 0x00, 0x00, 0x00, 0x00, 0x00, 0x00,
  0x0a, 0x00, 0x00, 0x00, 0x2b, 0x00, 0x00, 0x00, 0x44, 0x0c, 0x00, 0x00,
  0x00, 0x00, 0x00, 0x00, 0x74, 0x20, 0x00, 0x00, 0x00, 0x00, 0x00, 0x00,
  0x0a, 0x00, 0x00, 0x00, 0x2b, 0x00, 0x00, 0x00, 0x24, 0x4c, 0x00, 0x00,
  0x00, 0x00, 0x00, 0x00, 0x78, 0x20, 0x00, 0x00, 0x00, 0x00, 0x00, 0x00,
  0x0a, 0x00, 0x00, 0x00, 0x2b, 0x00, 0x00, 0x00, 0x92, 0x22, 0x00, 0x00,
  0x00, 0x00, 0x00, 0x00, 0x7c, 0x20, 0x00, 0x00, 0x00, 0x00, 0x00, 0x00,
  0x0a, 0x00, 0x00, 0x00, 0x2b, 0x00, 0x00, 0x00, 0xc9, 0x1c, 0x00, 0x00,
  0x00, 0x00, 0x00, 0x00, 0x80, 0x20, 0x00, 0x00, 0x00, 0x00, 0x00, 0x00,
  0x0a, 0x00, 0x00, 0x00, 0x2b, 0x00, 0x00, 0x00, 0x89, 0x48, 0x00, 0x00,
  0x00, 0x00, 0x00, 0x00, 0x84, 0x20, 0x00, 0x00, 0x00, 0x00, 0x00, 0x00,
  0x0a, 0x00, 0x00, 0x00, 0x2b, 0x00, 0x00, 0x00, 0x94, 0x48, 0x00, 0x00,
  0x00, 0x00, 0x00, 0x00, 0x88, 0x20, 0x00, 0x00, 0x00, 0x00, 0x00, 0x00,
  0x0a, 0x00, 0x00, 0x00, 0x2b, 0x00, 0x00, 0x00, 0x22, 0x4f, 0x00, 0x00,
  0x00, 0x00, 0x00, 0x00, 0x8c, 0x20, 0x00, 0x00, 0x00, 0x00, 0x00, 0x00,
  0x0a, 0x00, 0x00, 0x00, 0x2b, 0x00, 0x00, 0x00, 0xa5, 0x48, 0x00, 0x00,
  0x00, 0x00, 0x00, 0x00, 0x90, 0x20, 0x00, 0x00, 0x00, 0x00, 0x00, 0x00,
  0x0a, 0x00, 0x00, 0x00, 0x2b, 0x00, 0x00, 0x00, 0x32, 0x4f, 0x00, 0x00,
  0x00, 0x00, 0x00, 0x00, 0x94, 0x20, 0x00, 0x00, 0x00, 0x00, 0x00, 0x00,
  0x0a, 0x00, 0x00, 0x00, 0x2b, 0x00, 0x00, 0x00, 0x2d, 0x3d, 0x00, 0x00,
  0x00, 0x00, 0x00, 0x00, 0x98, 0x20, 0x00, 0x00, 0x00, 0x00, 0x00, 0x00,
  0x0a, 0x00, 0x00, 0x00, 0x2b, 0x00, 0x00, 0x00, 0x49, 0x0c, 0x00, 0x00,
  0x00, 0x00, 0x00, 0x00, 0x9c, 0x20, 0x00, 0x00, 0x00, 0x00, 0x00, 0x00,
  0x0a, 0x00, 0x00, 0x00, 0x2b, 0x00, 0x00, 0x00, 0x06, 0x03, 0x00, 0x00,
  0x00, 0x00, 0x00, 0x00, 0xa0, 0x20, 0x00, 0x00, 0x00, 0x00, 0x00, 0x00,
  0x0a, 0x00, 0x00, 0x00, 0x2b, 0x00, 0x00, 0x00, 0x42, 0x4f, 0x00, 0x00,
  0x00, 0x00, 0x00, 0x00, 0xa4, 0x20, 0x00, 0x00, 0x00, 0x00, 0x00, 0x00,
  0x0a, 0x00, 0x00, 0x00, 0x2b, 0x00, 0x00, 0x00, 0x2b, 0x4c, 0x00, 0x00,
  0x00, 0x00, 0x00, 0x00, 0xa8, 0x20, 0x00, 0x00, 0x00, 0x00, 0x00, 0x00,
  0x0a, 0x00, 0x00, 0x00, 0x2b, 0x00, 0x00, 0x00, 0x64, 0x12, 0x00, 0x00,
  0x00, 0x00, 0x00, 0x00, 0xac, 0x20, 0x00, 0x00, 0x00, 0x00, 0x00, 0x00,
  0x0a, 0x00, 0x00, 0x00, 0x2b, 0x00, 0x00, 0x00, 0x6b, 0x42, 0x00, 0x00,
  0x00, 0x00, 0x00, 0x00, 0xb0, 0x20, 0x00, 0x00, 0x00, 0x00, 0x00, 0x00,
  0x0a, 0x00, 0x00, 0x00, 0x2b, 0x00, 0x00, 0x00, 0x9d, 0x22, 0x00, 0x00,
  0x00, 0x00, 0x00, 0x00, 0xb4, 0x20, 0x00, 0x00, 0x00, 0x00, 0x00, 0x00,
  0x0a, 0x00, 0x00, 0x00, 0x2b, 0x00, 0x00, 0x00, 0x32, 0x37, 0x00, 0x00,
  0x00, 0x00, 0x00, 0x00, 0xb8, 0x20, 0x00, 0x00, 0x00, 0x00, 0x00, 0x00,
  0x0a, 0x00, 0x00, 0x00, 0x2b, 0x00, 0x00, 0x00, 0x26, 0x0f, 0x00, 0x00,
  0x00, 0x00, 0x00, 0x00, 0xbc, 0x20, 0x00, 0x00, 0x00, 0x00, 0x00, 0x00,
  0x0a, 0x00, 0x00, 0x00, 0x2b, 0x00, 0x00, 0x00, 0x33, 0x3d, 0x00, 0x00,
  0x00, 0x00, 0x00, 0x00, 0xc0, 0x20, 0x00, 0x00, 0x00, 0x00, 0x00, 0x00,
  0x0a, 0x00, 0x00, 0x00, 0x2b, 0x00, 0x00, 0x00, 0x3a, 0x51, 0x00, 0x00,
  0x00, 0x00, 0x00, 0x00, 0xc4, 0x20, 0x00, 0x00, 0x00, 0x00, 0x00, 0x00,
  0x0a, 0x00, 0x00, 0x00, 0x2b, 0x00, 0x00, 0x00, 0x4e, 0x0c, 0x00, 0x00,
  0x00, 0x00, 0x00, 0x00, 0xc8, 0x20, 0x00, 0x00, 0x00, 0x00, 0x00, 0x00,
  0x0a, 0x00, 0x00, 0x00, 0x2b, 0x00, 0x00, 0x00, 0x63, 0x56, 0x00, 0x00,
  0x00, 0x00, 0x00, 0x00, 0xcc, 0x20, 0x00, 0x00, 0x00, 0x00, 0x00, 0x00,
  0x0a, 0x00, 0x00, 0x00, 0x2b, 0x00, 0x00, 0x00, 0x3d, 0x3d, 0x00, 0x00,
  0x00, 0x00, 0x00, 0x00, 0xd0, 0x20, 0x00, 0x00, 0x00, 0x00, 0x00, 0x00,
  0x0a, 0x00, 0x00, 0x00, 0x2b, 0x00, 0x00, 0x00, 0x6e, 0x56, 0x00, 0x00,
  0x00, 0x00, 0x00, 0x00, 0xd4, 0x20, 0x00, 0x00, 0x00, 0x00, 0x00, 0x00,
  0x0a, 0x00, 0x00, 0x00, 0x2b, 0x00, 0x00, 0x00, 0x17, 0x03, 0x00, 0x00,
  0x00, 0x00, 0x00, 0x00, 0xd8, 0x20, 0x00, 0x00, 0x00, 0x00, 0x00, 0x00,
  0x0a, 0x00, 0x00, 0x00, 0x2b, 0x00, 0x00, 0x00, 0x88, 0x31, 0x00, 0x00,
  0x00, 0x00, 0x00, 0x00, 0xdc, 0x20, 0x00, 0x00, 0x00, 0x00, 0x00, 0x00,
  0x0a, 0x00, 0x00, 0x00, 0x2b, 0x00, 0x00, 0x00, 0x47, 0x1f, 0x00, 0x00,
  0x00, 0x00, 0x00, 0x00, 0xe0, 0x20, 0x00, 0x00, 0x00, 0x00, 0x00, 0x00,
  0x0a, 0x00, 0x00, 0x00, 0x2b, 0x00, 0x00, 0x00, 0x55, 0x34, 0x00, 0x00,
  0x00, 0x00, 0x00, 0x00, 0xe4, 0x20, 0x00, 0x00, 0x00, 0x00, 0x00, 0x00,
  0x0a, 0x00, 0x00, 0x00, 0x2b, 0x00, 0x00, 0x00, 0x77, 0x56, 0x00, 0x00,
  0x00, 0x00, 0x00, 0x00, 0xe8, 0x20, 0x00, 0x00, 0x00, 0x00, 0x00, 0x00,
  0x0a, 0x00, 0x00, 0x00, 0x2b, 0x00, 0x00, 0x00, 0xd8, 0x1c, 0x00, 0x00,
  0x00, 0x00, 0x00, 0x00, 0xec, 0x20, 0x00, 0x00, 0x00, 0x00, 0x00, 0x00,
  0x0a, 0x00, 0x00, 0x00, 0x2b, 0x00, 0x00, 0x00, 0x14, 0x25, 0x00, 0x00,
  0x00, 0x00, 0x00, 0x00, 0xf0, 0x20, 0x00, 0x00, 0x00, 0x00, 0x00, 0x00,
  0x0a, 0x00, 0x00, 0x00, 0x2b, 0x00, 0x00, 0x00, 0x5d, 0x0c, 0x00, 0x00,
  0x00, 0x00, 0x00, 0x00, 0xf4, 0x20, 0x00, 0x00, 0x00, 0x00, 0x00, 0x00,
  0x0a, 0x00, 0x00, 0x00, 0x2b, 0x00, 0x00, 0x00, 0x87, 0x2b, 0x00, 0x00,
  0x00, 0x00, 0x00, 0x00, 0xf8, 0x20, 0x00, 0x00, 0x00, 0x00, 0x00, 0x00,
  0x0a, 0x00, 0x00, 0x00, 0x2b, 0x00, 0x00, 0x00, 0xaa, 0x48, 0x00, 0x00,
  0x00, 0x00, 0x00, 0x00, 0xfc, 0x20, 0x00, 0x00, 0x00, 0x00, 0x00, 0x00,
  0x0a, 0x00, 0x00, 0x00, 0x2b, 0x00, 0x00, 0x00, 0x8e, 0x5b, 0x00, 0x00,
  0x00, 0x00, 0x00, 0x00, 0x00, 0x21, 0x00, 0x00, 0x00, 0x00, 0x00, 0x00,
  0x0a, 0x00, 0x00, 0x00, 0x2b, 0x00, 0x00, 0x00, 0xbb, 0x2e, 0x00, 0x00,
  0x00, 0x00, 0x00, 0x00, 0x04, 0x21, 0x00, 0x00, 0x00, 0x00, 0x00, 0x00,
  0x0a, 0x00, 0x00, 0x00, 0x2b, 0x00, 0x00, 0x00, 0x36, 0x37, 0x00, 0x00,
  0x00, 0x00, 0x00, 0x00, 0x08, 0x21, 0x00, 0x00, 0x00, 0x00, 0x00, 0x00,
  0x0a, 0x00, 0x00, 0x00, 0x2b, 0x00, 0x00, 0x00, 0x56, 0x3a, 0x00, 0x00,
  0x00, 0x00, 0x00, 0x00, 0x0c, 0x21, 0x00, 0x00, 0x00, 0x00, 0x00, 0x00,
  0x0a, 0x00, 0x00, 0x00, 0x2b, 0x00, 0x00, 0x00, 0x8d, 0x56, 0x00, 0x00,
  0x00, 0x00, 0x00, 0x00, 0x10, 0x21, 0x00, 0x00, 0x00, 0x00, 0x00, 0x00,
  0x0a, 0x00, 0x00, 0x00, 0x2b, 0x00, 0x00, 0x00, 0x2e, 0x0f, 0x00, 0x00,
  0x00, 0x00, 0x00, 0x00, 0x14, 0x21, 0x00, 0x00, 0x00, 0x00, 0x00, 0x00,
  0x0a, 0x00, 0x00, 0x00, 0x2b, 0x00, 0x00, 0x00, 0x9f, 0x53, 0x00, 0x00,
  0x00, 0x00, 0x00, 0x00, 0x18, 0x21, 0x00, 0x00, 0x00, 0x00, 0x00, 0x00,
  0x0a, 0x00, 0x00, 0x00, 0x2b, 0x00, 0x00, 0x00, 0x1c, 0x46, 0x00, 0x00,
  0x00, 0x00, 0x00, 0x00, 0x1c, 0x21, 0x00, 0x00, 0x00, 0x00, 0x00, 0x00,
  0x0a, 0x00, 0x00, 0x00, 0x2b, 0x00, 0x00, 0x00, 0x21, 0x25, 0x00, 0x00,
  0x00, 0x00, 0x00, 0x00, 0x20, 0x21, 0x00, 0x00, 0x00, 0x00, 0x00, 0x00,
  0x0a, 0x00, 0x00, 0x00, 0x2b, 0x00, 0x00, 0x00, 0x71, 0x42, 0x00, 0x00,
  0x00, 0x00, 0x00, 0x00, 0x24, 0x21, 0x00, 0x00, 0x00, 0x00, 0x00, 0x00,
  0x0a, 0x00, 0x00, 0x00, 0x2b, 0x00, 0x00, 0x00, 0x9d, 0x5b, 0x00, 0x00,
  0x00, 0x00, 0x00, 0x00, 0x28, 0x21, 0x00, 0x00, 0x00, 0x00, 0x00, 0x00,
  0x0a, 0x00, 0x00, 0x00, 0x2b, 0x00, 0x00, 0x00, 0xb5, 0x53, 0x00, 0x00,
  0x00, 0x00, 0x00, 0x00, 0x2c, 0x21, 0x00, 0x00, 0x00, 0x00, 0x00, 0x00,
  0x0a, 0x00, 0x00, 0x00, 0x2b, 0x00, 0x00, 0x00, 0x54, 0x1f, 0x00, 0x00,
  0x00, 0x00, 0x00, 0x00, 0x30, 0x21, 0x00, 0x00, 0x00, 0x00, 0x00, 0x00,
  0x0a, 0x00, 0x00, 0x00, 0x2b, 0x00, 0x00, 0x00, 0x7d, 0x42, 0x00, 0x00,
  0x00, 0x00, 0x00, 0x00, 0x3c, 0x21, 0x00, 0x00, 0x00, 0x00, 0x00, 0x00,
  0x0a, 0x00, 0x00, 0x00, 0x2b, 0x00, 0x00, 0x00, 0x3e, 0x28, 0x00, 0x00,
  0x00, 0x00, 0x00, 0x00, 0x40, 0x21, 0x00, 0x00, 0x00, 0x00, 0x00, 0x00,
  0x0a, 0x00, 0x00, 0x00, 0x2b, 0x00, 0x00, 0x00, 0x49, 0x37, 0x00, 0x00,
  0x00, 0x00, 0x00, 0x00, 0x44, 0x21, 0x00, 0x00, 0x00, 0x00, 0x00, 0x00,
  0x0a, 0x00, 0x00, 0x00, 0x2b, 0x00, 0x00, 0x00, 0x3d, 0x4c, 0x00, 0x00,
  0x00, 0x00, 0x00, 0x00, 0x48, 0x21, 0x00, 0x00, 0x00, 0x00, 0x00, 0x00,
  0x0a, 0x00, 0x00, 0x00, 0x2b, 0x00, 0x00, 0x00, 0x61, 0x37, 0x00, 0x00,
  0x00, 0x00, 0x00, 0x00, 0x4c, 0x21, 0x00, 0x00, 0x00, 0x00, 0x00, 0x00,
  0x0a, 0x00, 0x00, 0x00, 0x2b, 0x00, 0x00, 0x00, 0x98, 0x2b, 0x00, 0x00,
  0x00, 0x00, 0x00, 0x00, 0x50, 0x21, 0x00, 0x00, 0x00, 0x00, 0x00, 0x00,
  0x0a, 0x00, 0x00, 0x00, 0x2b, 0x00, 0x00, 0x00, 0xea, 0x53, 0x00, 0x00,
  0x00, 0x00, 0x00, 0x00, 0x54, 0x21, 0x00, 0x00, 0x00, 0x00, 0x00, 0x00,
  0x0a, 0x00, 0x00, 0x00, 0x2b, 0x00, 0x00, 0x00, 0x25, 0x03, 0x00, 0x00,
  0x00, 0x00, 0x00, 0x00, 0x58, 0x21, 0x00, 0x00, 0x00, 0x00, 0x00, 0x00,
  0x0a, 0x00, 0x00, 0x00, 0x2b, 0x00, 0x00, 0x00, 0x2e, 0x46, 0x00, 0x00,
  0x00, 0x00, 0x00, 0x00, 0x5c, 0x21, 0x00, 0x00, 0x00, 0x00, 0x00, 0x00,
  0x0a, 0x00, 0x00, 0x00, 0x2b, 0x00, 0x00, 0x00, 0x44, 0x51, 0x00, 0x00,
  0x00, 0x00, 0x00, 0x00, 0x60, 0x21, 0x00, 0x00, 0x00, 0x00, 0x00, 0x00,
  0x0a, 0x00, 0x00, 0x00, 0x2b, 0x00, 0x00, 0x00, 0xa2, 0x5b, 0x00, 0x00,
  0x00, 0x00, 0x00, 0x00, 0x64, 0x21, 0x00, 0x00, 0x00, 0x00, 0x00, 0x00,
  0x0a, 0x00, 0x00, 0x00, 0x2b, 0x00, 0x00, 0x00, 0x9a, 0x31, 0x00, 0x00,
  0x00, 0x00, 0x00, 0x00, 0x68, 0x21, 0x00, 0x00, 0x00, 0x00, 0x00, 0x00,
  0x0a, 0x00, 0x00, 0x00, 0x2b, 0x00, 0x00, 0x00, 0x7d, 0x3f, 0x00, 0x00,
  0x00, 0x00, 0x00, 0x00, 0x6c, 0x21, 0x00, 0x00, 0x00, 0x00, 0x00, 0x00,
  0x0a, 0x00, 0x00, 0x00, 0x2b, 0x00, 0x00, 0x00, 0xf9, 0x58, 0x00, 0x00,
  0x00, 0x00, 0x00, 0x00, 0x70, 0x21, 0x00, 0x00, 0x00, 0x00, 0x00, 0x00,
  0x0a, 0x00, 0x00, 0x00, 0x2b, 0x00, 0x00, 0x00, 0xbc, 0x53, 0x00, 0x00,
  0x00, 0x00, 0x00, 0x00, 0x74, 0x21, 0x00, 0x00, 0x00, 0x00, 0x00, 0x00,
  0x0a, 0x00, 0x00, 0x00, 0x2b, 0x00, 0x00, 0x00, 0x2d, 0x25, 0x00, 0x00,
  0x00, 0x00, 0x00, 0x00, 0x78, 0x21, 0x00, 0x00, 0x00, 0x00, 0x00, 0x00,
  0x0a, 0x00, 0x00, 0x00, 0x2b, 0x00, 0x00, 0x00, 0x6c, 0x37, 0x00, 0x00,
  0x00, 0x00, 0x00, 0x00, 0x7c, 0x21, 0x00, 0x00, 0x00, 0x00, 0x00, 0x00,
  0x0a, 0x00, 0x00, 0x00, 0x2b, 0x00, 0x00, 0x00, 0x72, 0x3f, 0x00, 0x00,
  0x00, 0x00, 0x00, 0x00, 0x80, 0x21, 0x00, 0x00, 0x00, 0x00, 0x00, 0x00,
  0x0a, 0x00, 0x00, 0x00, 0x2b, 0x00, 0x00, 0x00, 0x4d, 0x51, 0x00, 0x00,
  0x00, 0x00, 0x00, 0x00, 0x84, 0x21, 0x00, 0x00, 0x00, 0x00, 0x00, 0x00,
  0x0a, 0x00, 0x00, 0x00, 0x2b, 0x00, 0x00, 0x00, 0x36, 0x25, 0x00, 0x00,
  0x00, 0x00, 0x00, 0x00, 0x88, 0x21, 0x00, 0x00, 0x00, 0x00, 0x00, 0x00,
  0x0a, 0x00, 0x00, 0x00, 0x2b, 0x00, 0x00, 0x00, 0xcb, 0x2e, 0x00, 0x00,
  0x00, 0x00, 0x00, 0x00, 0x8c, 0x21, 0x00, 0x00, 0x00, 0x00, 0x00, 0x00,
  0x0a, 0x00, 0x00, 0x00, 0x2b, 0x00, 0x00, 0x00, 0x34, 0x4c, 0x00, 0x00,
  0x00, 0x00, 0x00, 0x00, 0x90, 0x21, 0x00, 0x00, 0x00, 0x00, 0x00, 0x00,
  0x0a, 0x00, 0x00, 0x00, 0x2b, 0x00, 0x00, 0x00, 0xd0, 0x2e, 0x00, 0x00,
  0x00, 0x00, 0x00, 0x00, 0x94, 0x21, 0x00, 0x00, 0x00, 0x00, 0x00, 0x00,
  0x0a, 0x00, 0x00, 0x00, 0x2b, 0x00, 0x00, 0x00, 0x9e, 0x56, 0x00, 0x00,
  0x00, 0x00, 0x00, 0x00, 0x98, 0x21, 0x00, 0x00, 0x00, 0x00, 0x00, 0x00,
  0x0a, 0x00, 0x00, 0x00, 0x2b, 0x00, 0x00, 0x00, 0xc7, 0x53, 0x00, 0x00,
  0x00, 0x00, 0x00, 0x00, 0x75, 0x6e, 0x73, 0x69, 0x67, 0x6e, 0x65, 0x64,
  0x20, 0x73, 0x68, 0x6f, 0x72, 0x74, 0x00, 0x66, 0x5f, 0x6d, 0x61, 0x70,
  0x70, 0x69, 0x6e, 0x67, 0x00, 0x73, 0x65, 0x71, 0x75, 0x65, 0x6e, 0x63,
  0x65, 0x00, 0x64, 0x5f, 0x68, 0x61, 0x73, 0x68, 0x00, 0x75, 0x6e, 0x73,
  0x69, 0x67, 0x6e, 0x65, 0x64, 0x20, 0x6c, 0x6f, 0x6e, 0x67, 0x20, 0x6c,
  0x6f, 0x6e, 0x67, 0x00, 0x69, 0x5f, 0x6d, 0x75, 0x74, 0x65, 0x78, 0x5f,
  0x64, 0x69, 0x72, 0x5f, 0x6b, 0x65, 0x79, 0x00, 0x64, 0x71, 0x5f, 0x64,
  0x71, 0x62, 0x5f, 0x6c, 0x6f, 0x63, 0x6b, 0x00, 0x61, 0x6c, 0x6c, 0x6f,
  0x63, 0x5f, 0x64, 0x71, 0x75, 0x6f, 0x74, 0x00, 0x64, 0x5f, 0x69, 0x6e,
  0x6f, 0x5f, 0x74, 0x69, 0x6d, 0x65, 0x72, 0x00, 0x73, 0x70, 0x63, 0x5f,
  0x74, 0x69, 0x6d, 0x65, 0x6c, 0x69, 0x6d, 0x69, 0x74, 0x00, 0x62, 0x6c,
  0x6b, 0x63, 0x6e, 0x74, 0x5f, 0x74, 0x00, 0x69, 0x6f, 0x70, 0x6f, 0x6c,
  0x6c, 0x00, 0x70, 0x6f, 0x73, 0x00, 0x6d, 0x6d, 0x5f, 0x6d, 0x74, 0x00,
  0x6c, 0x6f, 0x63, 0x6b, 0x65, 0x64, 0x5f, 0x76, 0x6d, 0x00, 0x61, 0x72,
  0x67, 0x5f, 0x73, 0x74, 0x61, 0x72, 0x74, 0x00, 0x76, 0x64, 0x73, 0x6f,
  0x00, 0x70, 0x65, 0x72, 0x66, 0x5f, 0x72, 0x64, 0x70, 0x6d, 0x63, 0x5f,
  0x61, 0x6c, 0x6c, 0x6f, 0x77, 0x65, 0x64, 0x00, 0x68, 0x75, 0x67, 0x65,
  0x74, 0x6c, 0x62, 0x5f, 0x75, 0x73, 0x61, 0x67, 0x65, 0x00, 0x70, 0x67,
  0x70, 0x72, 0x6f, 0x74, 0x5f, 0x74, 0x00, 0x76, 0x6d, 0x5f, 0x66, 0x6c,
  0x61, 0x67, 0x73, 0x00, 0x76, 0x6d, 0x5f, 0x6c, 0x6f, 0x63, 0x6b, 0x00,
  0x73, 0x70, 0x6c, 0x69, 0x63, 0x65, 0x5f, 0x65, 0x6f, 0x66, 0x00, 0x72,
  0x65, 0x6d, 0x61, 0x70, 0x5f, 0x66, 0x69, 0x6c, 0x65, 0x5f, 0x72, 0x61,
  0x6e, 0x67, 0x65, 0x00, 0x75, 0x72, 0x69, 0x6e, 0x67, 0x5f, 0x63, 0x6d,
  0x64, 0x5f, 0x69, 0x6f, 0x70, 0x6f, 0x6c, 0x6c, 0x00, 0x72, 0x65, 0x66,
  0x63, 0x6f, 0x75, 0x6e, 0x74, 0x5f, 0x74, 0x00, 0x66, 0x5f, 0x6f, 0x77,
  0x6e, 0x65, 0x72, 0x00, 0x73, 0x74, 0x61, 0x72, 0x74, 0x00, 0x69, 0x6e,
  0x66, 0x6f, 0x00, 0x64, 0x6c, 0x5f, 0x64, 0x65, 0x61, 0x64, 0x6c, 0x69,
  0x6e, 0x65, 0x00, 0x73, 0x6f, 0x66, 0x74, 0x69, 0x72, 0x71, 0x5f, 0x6e,
  0x65, 0x78, 0x74, 0x5f, 0x74, 0x69, 0x6d, 0x65, 0x72, 0x00, 0x64, 0x6c,
  0x5f, 0x73, 0x65, 0x72, 0x76, 0x65, 0x72, 0x5f, 0x70, 0x69, 0x63, 0x6b,
  0x5f, 0x66, 0x00, 0x65, 0x78, 0x65, 0x63, 0x5f, 0x6d, 0x61, 0x78, 0x00,
  0x63, 0x70, 0x75, 0x6d, 0x61, 0x73, 0x6b, 0x5f, 0x74, 0x00, 0x70, 0x63,
  0x6f, 0x75, 0x6e, 0x74, 0x00, 0x66, 0x61, 0x75, 0x6c, 0x74, 0x73, 0x5f,
  0x64, 0x69, 0x73, 0x61, 0x62, 0x6c, 0x65, 0x64, 0x5f, 0x6d, 0x61, 0x70,
  0x70, 0x69, 0x6e, 0x67, 0x00, 0x6e, 0x6f, 0x5f, 0x63, 0x67, 0x72, 0x6f,
  0x75, 0x70, 0x5f, 0x6d, 0x69, 0x67, 0x72, 0x61, 0x74, 0x69, 0x6f, 0x6e,
  0x00, 0x73, 0x74, 0x61, 0x63, 0x6b, 0x5f, 0x63, 0x61, 0x6e, 0x61, 0x72,
  0x79, 0x00, 0x70, 0x69, 0x64, 0x5f, 0x6c, 0x69, 0x6e, 0x6b, 0x73, 0x00,
  0x6d, 0x75, 0x6c, 0x74, 0x69, 0x70, 0x72, 0x6f, 0x63, 0x65, 0x73, 0x73,
  0x00, 0x6e, 0x6f, 0x74, 0x69, 0x66, 0x79, 0x5f, 0x63, 0x6f, 0x75, 0x6e,
  0x74, 0x00, 0x63, 0x6d, 0x61, 0x78, 0x72, 0x73, 0x73, 0x00, 0x61, 0x63,
  0x5f, 0x65, 0x78, 0x69, 0x74, 0x63, 0x6f, 0x64, 0x65, 0x00, 0x70, 0x61,
  0x63, 0x63, 0x74, 0x5f, 0x73, 0x74, 0x72, 0x75, 0x63, 0x74, 0x00, 0x5f,
  0x5f, 0x73, 0x69, 0x67, 0x6e, 0x61, 0x6c, 0x66, 0x6e, 0x5f, 0x74, 0x00,
  0x70, 0x74, 0x72, 0x61, 0x63, 0x65, 0x5f, 0x6d, 0x65, 0x73, 0x73, 0x61,
  0x67, 0x65, 0x00, 0x5f, 0x72, 0x74, 0x00, 0x6d, 0x65, 0x6d, 0x73, 0x5f,
  0x61, 0x6c, 0x6c, 0x6f, 0x77, 0x65, 0x64, 0x00, 0x66, 0x75, 0x74, 0x65,
  0x78, 0x5f, 0x65, 0x78, 0x69, 0x74, 0x5f, 0x6d, 0x75, 0x74, 0x65, 0x78,
  0x00, 0x70, 0x65, 0x72, 0x66, 0x5f, 0x65, 0x76, 0x65, 0x6e, 0x74, 0x5f,
  0x6d, 0x75, 0x74, 0x65, 0x78, 0x00, 0x61, 0x72, 0x63, 0x68, 0x5f, 0x74,
  0x6c, 0x62, 0x66, 0x6c, 0x75, 0x73, 0x68, 0x5f, 0x75, 0x6e, 0x6d, 0x61,
  0x70, 0x5f, 0x62, 0x61, 0x74, 0x63, 0x68, 0x00, 0x64, 0x73, 0x00, 0x78,
  0x66, 0x65, 0x61, 0x74, 0x75, 0x72, 0x65, 0x73, 0x00, 0x66, 0x6f, 0x6f,
  0x00, 0x63, 0x73, 0x00, 0x63, 0x6f, 0x75, 0x6e, 0x74, 0x5f, 0x6f, 0x62,
  0x6a, 0x65, 0x63, 0x74, 0x73, 0x00, 0x69, 0x61, 0x5f, 0x76, 0x66, 0x73,
  0x67, 0x69, 0x64, 0x00, 0x74, 0x6d, 0x70, 0x66, 0x69, 0x6c, 0x65, 0x00,
  0x69, 0x5f, 0x73, 0x62, 0x00, 0x69, 0x5f, 0x62, 0x79, 0x74, 0x65, 0x73,
  0x00, 0x64, 0x69, 0x72, 0x65, 0x63, 0x74, 0x5f, 0x49, 0x4f, 0x00, 0x6d,
  0x70, 0x00, 0x68, 0x6f, 0x6c, 0x64, 0x65, 0x72, 0x73, 0x5f, 0x64, 0x69,
  0x72, 0x00, 0x73, 0x65, 0x74, 0x00, 0x6d, 0x6f, 0x64, 0x5f, 0x61, 0x72,
  0x63, 0x68, 0x5f, 0x73, 0x70, 0x65, 0x63, 0x69, 0x66, 0x69, 0x63, 0x00,
  0x73, 0x79, 0x6d, 0x74, 0x61, 0x62, 0x00, 0x73, 0x65, 0x63, 0x74, 0x5f,
  0x61, 0x74, 0x74, 0x72, 0x73, 0x00, 0x67, 0x70, 0x5f, 0x73, 0x65, 0x71,
  0x00, 0x73, 0x72, 0x63, 0x75, 0x5f, 0x62, 0x61, 0x72, 0x72, 0x69, 0x65,
  0x72, 0x5f, 0x63, 0x70, 0x75, 0x5f, 0x63, 0x6e, 0x74, 0x00, 0x73, 0x74,
  0x61, 0x74, 0x69, 0x63, 0x5f, 0x63, 0x61, 0x6c, 0x6c, 0x5f, 0x73, 0x69,
  0x74, 0x65, 0x00, 0x77, 0x72, 0x69, 0x74, 0x61, 0x62, 0x6c, 0x65, 0x5f,
  0x73, 0x69, 0x7a, 0x65, 0x00, 0x75, 0x38, 0x00, 0x5f, 0x5f, 0x75, 0x31,
  0x36, 0x00, 0x6c, 0x6f, 0x6e, 0x67, 0x00, 0x70, 0x72, 0x69, 0x76, 0x61,
  0x74, 0x65, 0x00, 0x69, 0x5f, 0x61, 0x63, 0x6c, 0x00, 0x6c, 0x65, 0x6e,
  0x00, 0x46, 0x52, 0x45, 0x45, 0x5a, 0x45, 0x5f, 0x4d, 0x41, 0x59, 0x5f,
  0x4e, 0x45, 0x53, 0x54, 0x00, 0x75, 0x6d, 0x6f, 0x75, 0x6e, 0x74, 0x5f,
  0x62, 0x65, 0x67, 0x69, 0x6e, 0x00, 0x73, 0x36, 0x34, 0x00, 0x6e, 0x69,
  0x64, 0x00, 0x6d, 0x65, 0x6d, 0x63, 0x67, 0x00, 0x77, 0x72, 0x69, 0x74,
  0x65, 0x5f, 0x64, 0x71, 0x75, 0x6f, 0x74, 0x00, 0x67, 0x65, 0x74, 0x5f,
  0x72, 0x65, 0x73, 0x65, 0x72, 0x76, 0x65, 0x64, 0x5f, 0x73, 0x70, 0x61,
  0x63, 0x65, 0x00, 0x64, 0x5f, 0x69, 0x6e, 0x6f, 0x5f, 0x63, 0x6f, 0x75,
  0x6e, 0x74, 0x00, 0x72, 0x74, 0x5f, 0x73, 0x70, 0x63, 0x5f, 0x77, 0x61,
  0x72, 0x6e, 0x6c, 0x69, 0x6d, 0x69, 0x74, 0x00, 0x78, 0x61, 0x72, 0x72,
  0x61, 0x79, 0x5f, 0x73, 0x74, 0x61, 0x72, 0x74, 0x00, 0x66, 0x69, 0x6c,
  0x6c, 0x64, 0x69, 0x72, 0x5f, 0x74, 0x00, 0x66, 0x75, 0x6e, 0x63, 0x00,
  0x6d, 0x61, 0x70, 0x5f, 0x63, 0x6f, 0x75, 0x6e, 0x74, 0x00, 0x73, 0x74,
  0x61, 0x72, 0x74, 0x5f, 0x73, 0x74, 0x61, 0x63, 0x6b, 0x00, 0x73, 0x33,
  0x32, 0x00, 0x65, 0x78, 0x65, 0x63, 0x75, 0x74, 0x65, 0x5f, 0x6f, 0x6e,
  0x6c, 0x79, 0x5f, 0x70, 0x6b, 0x65, 0x79, 0x00, 0x75, 0x73, 0x65, 0x72,
  0x5f, 0x6e, 0x61, 0x6d, 0x65, 0x73, 0x70, 0x61, 0x63, 0x65, 0x00, 0x66,
  0x61, 0x6c, 0x6c, 0x6f, 0x63, 0x61, 0x74, 0x65, 0x00, 0x6b, 0x65, 0x79,
  0x5f, 0x75, 0x73, 0x65, 0x72, 0x00, 0x72, 0x61, 0x74, 0x65, 0x6c, 0x69,
  0x6d, 0x69, 0x74, 0x00, 0x6e, 0x6f, 0x6e, 0x5f, 0x72, 0x63, 0x75, 0x00,
  0x64, 0x73, 0x74, 0x00, 0x48, 0x52, 0x54, 0x49, 0x4d, 0x45, 0x52, 0x5f,
  0x52, 0x45, 0x53, 0x54, 0x41, 0x52, 0x54, 0x00, 0x5f, 0x5f, 0x6b, 0x65,
  0x72, 0x6e, 0x65, 0x6c, 0x5f, 0x63, 0x6c, 0x6f, 0x63, 0x6b, 0x69, 0x64,
  0x5f, 0x74, 0x00, 0x68, 0x72, 0x74, 0x69, 0x6d, 0x65, 0x72, 0x5f, 0x63,
  0x6c, 0x6f, 0x63, 0x6b, 0x5f, 0x62, 0x61, 0x73, 0x65, 0x00, 0x6e, 0x72,
  0x5f, 0x66, 0x6f, 0x72, 0x63, 0x65, 0x64, 0x5f, 0x6d, 0x69, 0x67, 0x72,
  0x61, 0x74, 0x69, 0x6f, 0x6e, 0x73, 0x00, 0x70, 0x74, 0x72, 0x61, 0x63,
  0x65, 0x5f, 0x65, 0x6e, 0x74, 0x72, 0x79, 0x00, 0x73, 0x74, 0x69, 0x6d,
  0x65, 0x00, 0x6e, 0x72, 0x5f, 0x74, 0x68, 0x72, 0x65, 0x61, 0x64, 0x73,
  0x00, 0x73, 0x69, 0x67, 0x73, 0x65, 0x74, 0x5f, 0x74, 0x00, 0x73, 0x69,
  0x67, 0x6e, 0x61, 0x6c, 0x66, 0x64, 0x5f, 0x77, 0x71, 0x68, 0x00, 0x73,
  0x65, 0x6c, 0x66, 0x5f, 0x65, 0x78, 0x65, 0x63, 0x5f, 0x69, 0x64, 0x00,
  0x5f, 0x70, 0x69, 0x64, 0x00, 0x5f, 0x73, 0x69, 0x67, 0x70, 0x6f, 0x6c,
  0x6c, 0x00, 0x63, 0x6f, 0x6d, 0x70, 0x61, 0x74, 0x5f, 0x72, 0x6f, 0x62,
  0x75, 0x73, 0x74, 0x5f, 0x6c, 0x69, 0x73, 0x74, 0x5f, 0x68, 0x65, 0x61,
  0x64, 0x00, 0x6e, 0x72, 0x5f, 0x64, 0x69, 0x72, 0x74, 0x69, 0x65, 0x64,
  0x00, 0x72, 0x69, 0x5f, 0x74, 0x69, 0x6d, 0x65, 0x72, 0x00, 0x70, 0x75,
  0x73, 0x68, 0x00, 0x6d, 0x63, 0x65, 0x5f, 0x63, 0x6f, 0x75, 0x6e, 0x74,
  0x00, 0x78, 0x6d, 0x6d, 0x5f, 0x73, 0x70, 0x61, 0x63, 0x65, 0x00, 0x5f,
  0x5f, 0x73, 0x74, 0x61, 0x74, 0x65, 0x5f, 0x73, 0x69, 0x7a, 0x65, 0x00,
  0x67, 0x75, 0x65, 0x73, 0x74, 0x5f, 0x70, 0x65, 0x72, 0x6d, 0x00, 0x73,
  0x5f, 0x69, 0x64, 0x00, 0x73, 0x5f, 0x75, 0x75, 0x69, 0x64, 0x5f, 0x6c,
  0x65, 0x6e, 0x00, 0x44, 0x5f, 0x52, 0x45, 0x41, 0x4c, 0x5f, 0x4d, 0x45,
  0x54, 0x41, 0x44, 0x41, 0x54, 0x41, 0x00, 0x64, 0x5f, 0x73, 0x69, 0x62,
  0x00, 0x63, 0x72, 0x65, 0x61, 0x74, 0x65, 0x00, 0x76, 0x66, 0x73, 0x67,
  0x69, 0x64, 0x5f, 0x74, 0x00, 0x73, 0x75, 0x62, 0x76, 0x6f, 0x6c, 0x00,
  0x69, 0x5f, 0x6d, 0x6d, 0x61, 0x70, 0x5f, 0x77, 0x72, 0x69, 0x74, 0x61,
  0x62, 0x6c, 0x65, 0x00, 0x69, 0x6e, 0x76, 0x61, 0x6c, 0x69, 0x64, 0x61,
  0x74, 0x65, 0x5f, 0x66, 0x6f, 0x6c, 0x69, 0x6f, 0x00, 0x4d, 0x49, 0x47,
  0x52, 0x41, 0x54, 0x45, 0x5f, 0x53, 0x59, 0x4e, 0x43, 0x00, 0x61, 0x64,
  0x64, 0x72, 0x65, 0x73, 0x73, 0x5f, 0x73, 0x70, 0x61, 0x63, 0x65, 0x00,
  0x45, 0x6c, 0x66, 0x36, 0x34, 0x5f, 0x48, 0x61, 0x6c, 0x66, 0x00, 0x6d,
  0x6f, 0x64, 0x75, 0x6c, 0x65, 0x5f, 0x6e, 0x6f, 0x74, 0x65, 0x73, 0x5f,
  0x61, 0x74, 0x74, 0x72, 0x73, 0x00, 0x6d, 0x6f, 0x64, 0x75, 0x6c, 0x65,
  0x5f, 0x73, 0x74, 0x61, 0x74, 0x65, 0x00, 0x6d, 0x6b, 0x6f, 0x62, 0x6a,
  0x00, 0x63, 0x6f, 0x75, 0x6e, 0x74, 0x65, 0x72, 0x00, 0x65, 0x6e, 0x76,
  0x70, 0x5f, 0x69, 0x64, 0x78, 0x00, 0x6b, 0x6f, 0x62, 0x6a, 0x5f, 0x75,
  0x65, 0x76, 0x65, 0x6e, 0x74, 0x5f, 0x65, 0x6e, 0x76, 0x00, 0x6b, 0x74,
  0x79, 0x70, 0x65, 0x00, 0x61, 0x74, 0x74, 0x72, 0x00, 0x70, 0x6f, 0x73,
  0x69, 0x78, 0x5f, 0x61, 0x63, 0x6c, 0x00, 0x73, 0x65, 0x71, 0x63, 0x6f,
  0x75, 0x6e, 0x74, 0x5f, 0x74, 0x00, 0x64, 0x5f, 0x6f, 0x70, 0x00, 0x64,
  0x5f, 0x77, 0x65, 0x61, 0x6b, 0x5f, 0x72, 0x65, 0x76, 0x61, 0x6c, 0x69,
  0x64, 0x61, 0x74, 0x65, 0x00, 0x64, 0x5f, 0x63, 0x6f, 0x6d, 0x70, 0x61,
  0x72, 0x65, 0x00, 0x66, 0x69, 0x72, 0x73, 0x74, 0x00, 0x69, 0x5f, 0x6c,
  0x6f, 0x63, 0x6b, 0x5f, 0x6b, 0x65, 0x79, 0x00, 0x71, 0x75, 0x6f, 0x74,
  0x61, 0x5f, 0x72, 0x65, 0x61, 0x64, 0x00, 0x67, 0x69, 0x64, 0x00, 0x63,
  0x6f, 0x75, 0x6e, 0x74, 0x00, 0x73, 0x5f, 0x73, 0x65, 0x63, 0x75, 0x72,
  0x69, 0x74, 0x79, 0x00, 0x70, 0x67, 0x64, 0x00, 0x6d, 0x6d, 0x5f, 0x63,
  0x69, 0x64, 0x00, 0x74, 0x6f, 0x74, 0x61, 0x6c, 0x5f, 0x76, 0x6d, 0x00,
  0x65, 0x78, 0x74, 0x61, 0x62, 0x6c, 0x65, 0x5f, 0x62, 0x61, 0x73, 0x65,
  0x00, 0x73, 0x79, 0x6d, 0x5f, 0x76, 0x64, 0x73, 0x6f, 0x33, 0x32, 0x5f,
  0x73, 0x69, 0x67, 0x72, 0x65, 0x74, 0x75, 0x72, 0x6e, 0x5f, 0x6c, 0x61,
  0x6e, 0x64, 0x69, 0x6e, 0x67, 0x5f, 0x70, 0x61, 0x64, 0x00, 0x6d, 0x6d,
  0x5f, 0x73, 0x74, 0x72, 0x75, 0x63, 0x74, 0x00, 0x70, 0x67, 0x70, 0x72,
  0x6f, 0x74, 0x76, 0x61, 0x6c, 0x5f, 0x74, 0x00, 0x66, 0x69, 0x6c, 0x65,
  0x5f, 0x6c, 0x6f, 0x63, 0x6b, 0x00, 0x73, 0x70, 0x6c, 0x69, 0x63, 0x65,
  0x5f, 0x77, 0x72, 0x69, 0x74, 0x65, 0x00, 0x66, 0x69, 0x6c, 0x65, 0x5f,
  0x6f, 0x70, 0x65, 0x72, 0x61, 0x74, 0x69, 0x6f, 0x6e, 0x73, 0x00, 0x6b,
  0x65, 0x79, 0x74, 0x79, 0x70, 0x65, 0x00, 0x75, 0x6e, 0x69, 0x78, 0x5f,
  0x69, 0x6e, 0x66, 0x6c, 0x69, 0x67, 0x68, 0x74, 0x00, 0x66, 0x5f, 0x70,
  0x61, 0x74, 0x68, 0x00, 0x61, 0x72, 0x63, 0x68, 0x5f, 0x72, 0x77, 0x6c,
  0x6f, 0x63, 0x6b, 0x5f, 0x74, 0x00, 0x70, 0x69, 0x64, 0x5f, 0x74, 0x79,
  0x70, 0x65, 0x00, 0x73, 0x69, 0x67, 0x6e, 0x75, 0x6d, 0x00, 0x6d, 0x6d,
  0x61, 0x70, 0x5f, 0x6d, 0x69, 0x73, 0x73, 0x00, 0x66, 0x72, 0x65, 0x65,
  0x7a, 0x65, 0x5f, 0x75, 0x63, 0x6f, 0x75, 0x6e, 0x74, 0x00, 0x72, 0x65,
  0x63, 0x65, 0x6e, 0x74, 0x5f, 0x75, 0x73, 0x65, 0x64, 0x5f, 0x63, 0x70,
  0x75, 0x00, 0x72, 0x74, 0x5f, 0x70, 0x72, 0x69, 0x6f, 0x72, 0x69, 0x74,
  0x79, 0x00, 0x63, 0x75, 0x73, 0x74, 0x6f, 0x6d, 0x5f, 0x73, 0x6c, 0x69,
  0x63, 0x65, 0x00, 0x75, 0x74, 0x69, 0x6c, 0x5f, 0x73, 0x75, 0x6d, 0x00,
  0x73, 0x65, 0x71, 0x63, 0x6f, 0x75, 0x6e, 0x74, 0x5f, 0x72, 0x61, 0x77,
  0x5f, 0x73, 0x70, 0x69, 0x6e, 0x6c, 0x6f, 0x63, 0x6b, 0x5f, 0x74, 0x00,
  0x69, 0x6e, 0x5f, 0x65, 0x78, 0x65, 0x63, 0x76, 0x65, 0x00, 0x69, 0x6e,
  0x5f, 0x74, 0x68, 0x72, 0x61, 0x73, 0x68, 0x69, 0x6e, 0x67, 0x00, 0x6e,
  0x61, 0x6d, 0x65, 0x69, 0x64, 0x61, 0x74, 0x61, 0x00, 0x66, 0x73, 0x00,
  0x74, 0x61, 0x73, 0x6b, 0x5f, 0x63, 0x70, 0x75, 0x74, 0x69, 0x6d, 0x65,
  0x5f, 0x61, 0x74, 0x6f, 0x6d, 0x69, 0x63, 0x00, 0x63, 0x67, 0x74, 0x69,
  0x6d, 0x65, 0x00, 0x63, 0x6d, 0x69, 0x6e, 0x5f, 0x66, 0x6c, 0x74, 0x00,
  0x72, 0x65, 0x61, 0x64, 0x5f, 0x62, 0x79, 0x74, 0x65, 0x73, 0x00, 0x6f,
  0x6f, 0x6d, 0x5f, 0x73, 0x63, 0x6f, 0x72, 0x65, 0x5f, 0x61, 0x64, 0x6a,
  0x00, 0x73, 0x69, 0x67, 0x68, 0x61, 0x6e, 0x64, 0x5f, 0x73, 0x74, 0x72,
  0x75, 0x63, 0x74, 0x00, 0x62, 0x6c, 0x6b, 0x5f, 0x70, 0x6c, 0x75, 0x67,
  0x00, 0x5f, 0x64, 0x75, 0x6d, 0x6d, 0x79, 0x5f, 0x70, 0x6b, 0x65, 0x79,
  0x00, 0x61, 0x63, 0x63, 0x74, 0x5f, 0x72, 0x73, 0x73, 0x5f, 0x6d, 0x65,
  0x6d, 0x31, 0x00, 0x72, 0x6f, 0x62, 0x75, 0x73, 0x74, 0x5f, 0x6c, 0x69,
  0x73, 0x74, 0x00, 0x66, 0x6c, 0x75, 0x73, 0x68, 0x5f, 0x72, 0x65, 0x71,
  0x75, 0x69, 0x72, 0x65, 0x64, 0x00, 0x64, 0x65, 0x76, 0x5f, 0x70, 0x61,
  0x67, 0x65, 0x6d, 0x61, 0x70, 0x00, 0x64, 0x69, 0x72, 0x74, 0x79, 0x5f,
  0x70, 0x61, 0x75, 0x73, 0x65, 0x64, 0x5f, 0x77, 0x68, 0x65, 0x6e, 0x00,
  0x63, 0x6f, 0x6e, 0x73, 0x75, 0x6d, 0x65, 0x72, 0x73, 0x00, 0x74, 0x69,
  0x6d, 0x65, 0x72, 0x5f, 0x6c, 0x69, 0x73, 0x74, 0x00, 0x61, 0x72, 0x63,
  0x68, 0x5f, 0x75, 0x70, 0x72, 0x6f, 0x62, 0x65, 0x00, 0x66, 0x78, 0x73,
  0x61, 0x76, 0x65, 0x00, 0x72, 0x6d, 0x00, 0x73, 0x5f, 0x64, 0x5f, 0x6f,
  0x70, 0x00, 0x73, 0x65, 0x74, 0x61, 0x74, 0x74, 0x72, 0x00, 0x69, 0x61,
  0x5f, 0x76, 0x66, 0x73, 0x75, 0x69, 0x64, 0x00, 0x6b, 0x73, 0x74, 0x61,
  0x74, 0x00, 0x67, 0x65, 0x74, 0x5f, 0x6f, 0x66, 0x66, 0x73, 0x65, 0x74,
  0x5f, 0x63, 0x74, 0x78, 0x00, 0x5f, 0x68, 0x65, 0x61, 0x64, 0x5f, 0x32,
  0x61, 0x00, 0x61, 0x64, 0x64, 0x72, 0x65, 0x73, 0x73, 0x5f, 0x73, 0x70,
  0x61, 0x63, 0x65, 0x5f, 0x6f, 0x70, 0x65, 0x72, 0x61, 0x74, 0x69, 0x6f,
  0x6e, 0x73, 0x00, 0x75, 0x65, 0x76, 0x65, 0x6e, 0x74, 0x5f, 0x73, 0x75,
  0x70, 0x70, 0x72, 0x65, 0x73, 0x73, 0x00, 0x6b, 0x6f, 0x62, 0x6a, 0x65,
  0x63, 0x74, 0x00, 0x6b, 0x6f, 0x62, 0x6a, 0x5f, 0x63, 0x6f, 0x6d, 0x70,
  0x6c, 0x65, 0x74, 0x69, 0x6f, 0x6e, 0x00, 0x70, 0x61, 0x72, 0x61, 0x6d,
  0x5f, 0x6c, 0x6f, 0x63, 0x6b, 0x00, 0x72, 0x77, 0x5f, 0x63, 0x6f, 0x70,
  0x79, 0x00, 0x61, 0x72, 0x67, 0x73, 0x00, 0x73, 0x72, 0x63, 0x75, 0x5f,
  0x63, 0x62, 0x6c, 0x69, 0x73, 0x74, 0x00, 0x67, 0x72, 0x70, 0x6d, 0x61,
  0x73, 0x6b, 0x00, 0x73, 0x72, 0x63, 0x75, 0x5f, 0x6e, 0x5f, 0x65, 0x78,
  0x70, 0x5f, 0x6e, 0x6f, 0x64, 0x65, 0x6c, 0x61, 0x79, 0x00, 0x6e, 0x75,
  0x6d, 0x5f, 0x62, 0x70, 0x66, 0x5f, 0x72, 0x61, 0x77, 0x5f, 0x65, 0x76,
  0x65, 0x6e, 0x74, 0x73, 0x00, 0x71, 0x73, 0x70, 0x69, 0x6e, 0x6c, 0x6f,
  0x63, 0x6b, 0x00, 0x64, 0x5f, 0x61, 0x75, 0x74, 0x6f, 0x6d, 0x6f, 0x75,
  0x6e, 0x74, 0x00, 0x6c, 0x6f, 0x66, 0x66, 0x5f, 0x74, 0x00, 0x77, 0x72,
  0x69, 0x74, 0x65, 0x5f, 0x69, 0x6e, 0x6f, 0x64, 0x65, 0x00, 0x66, 0x72,
  0x65, 0x65, 0x7a, 0x65, 0x5f, 0x66, 0x73, 0x00, 0x5f, 0x5f, 0x73, 0x36,
  0x34, 0x00, 0x64, 0x71, 0x62, 0x5f, 0x62, 0x68, 0x61, 0x72, 0x64, 0x6c,
  0x69, 0x6d, 0x69, 0x74, 0x00, 0x71, 0x75, 0x6f, 0x74, 0x61, 0x5f, 0x65,
  0x6e, 0x61, 0x62, 0x6c, 0x65, 0x00, 0x73, 0x5f, 0x61, 0x63, 0x74, 0x69,
  0x76, 0x65, 0x00, 0x66, 0x6f, 0x6c, 0x69, 0x6f, 0x71, 0x00, 0x78, 0x61,
  0x5f, 0x6c, 0x6f, 0x63, 0x6b, 0x00, 0x6d, 0x65, 0x6d, 0x62, 0x61, 0x72,
  0x72, 0x69, 0x65, 0x72, 0x5f, 0x73, 0x74, 0x61, 0x74, 0x65, 0x00, 0x74,
  0x69, 0x6d, 0x65, 0x00, 0x72, 0x65, 0x63, 0x65, 0x6e, 0x74, 0x5f, 0x63,
  0x69, 0x64, 0x00, 0x65, 0x6e, 0x64, 0x5f, 0x64, 0x61, 0x74, 0x61, 0x00,
  0x73, 0x79, 0x6d, 0x5f, 0x74, 0x69, 0x6d, 0x65, 0x6e, 0x73, 0x5f, 0x70,
  0x61, 0x67, 0x65, 0x00, 0x6b, 0x69, 0x6f, 0x63, 0x74, 0x78, 0x5f, 0x74,
  0x61, 0x62, 0x6c, 0x65, 0x00, 0x72, 0x62, 0x5f, 0x6c, 0x65, 0x66, 0x74,
  0x00, 0x73, 0x68, 0x6f, 0x77, 0x5f, 0x66, 0x64, 0x69, 0x6e, 0x66, 0x6f,
  0x00, 0x64, 0x65, 0x73, 0x63, 0x72, 0x69, 0x70, 0x74, 0x69, 0x6f, 0x6e,
  0x00, 0x70, 0x72, 0x69, 0x6e, 0x74, 0x65, 0x64, 0x00, 0x77, 0x61, 0x69,
  0x74, 0x5f, 0x71, 0x75, 0x65, 0x75, 0x65, 0x5f, 0x68, 0x65, 0x61, 0x64,
  0x00, 0x71, 0x66, 0x5f, 0x66, 0x6d, 0x74, 0x5f, 0x69, 0x64, 0x00, 0x77,
  0x72, 0x69, 0x74, 0x65, 0x5f, 0x66, 0x69, 0x6c, 0x65, 0x5f, 0x69, 0x6e,
  0x66, 0x6f, 0x00, 0x71, 0x75, 0x6f, 0x74, 0x61, 0x5f, 0x66, 0x6f, 0x72,
  0x6d, 0x61, 0x74, 0x5f, 0x6f, 0x70, 0x73, 0x00, 0x64, 0x71, 0x69, 0x5f,
  0x66, 0x6d, 0x74, 0x5f, 0x69, 0x64, 0x00, 0x6f, 0x6e, 0x5f, 0x63, 0x70,
  0x75, 0x00, 0x76, 0x6c, 0x61, 0x67, 0x00, 0x69, 0x6e, 0x64, 0x65, 0x78,
  0x00, 0x72, 0x75, 0x6e, 0x6e, 0x69, 0x6e, 0x67, 0x00, 0x69, 0x73, 0x5f,
  0x73, 0x6f, 0x66, 0x74, 0x00, 0x73, 0x63, 0x68, 0x65, 0x64, 0x5f, 0x63,
  0x6f, 0x6e, 0x74, 0x72, 0x69, 0x62, 0x75, 0x74, 0x65, 0x73, 0x5f, 0x74,
  0x6f, 0x5f, 0x6c, 0x6f, 0x61, 0x64, 0x00, 0x54, 0x54, 0x5f, 0x4e, 0x4f,
  0x4e, 0x45, 0x00, 0x5f, 0x5f, 0x6b, 0x65, 0x72, 0x6e, 0x65, 0x6c, 0x5f,
  0x74, 0x69, 0x6d, 0x65, 0x73, 0x70, 0x65, 0x63, 0x00, 0x70, 0x6f, 0x6c,
  0x6c, 0x66, 0x64, 0x00, 0x74, 0x68, 0x72, 0x65, 0x61, 0x64, 0x5f, 0x70,
  0x69, 0x64, 0x00, 0x76, 0x66, 0x6f, 0x72, 0x6b, 0x5f, 0x64, 0x6f, 0x6e,
  0x65, 0x00, 0x6d, 0x69, 0x6e, 0x5f, 0x66, 0x6c, 0x74, 0x00, 0x73, 0x74,
  0x61, 0x74, 0x73, 0x5f, 0x6c, 0x6f, 0x63, 0x6b, 0x00, 0x74, 0x61, 0x73,
  0x6b, 0x73, 0x74, 0x61, 0x74, 0x73, 0x00, 0x63, 0x72, 0x65, 0x64, 0x5f,
  0x67, 0x75, 0x61, 0x72, 0x64, 0x5f, 0x6d, 0x75, 0x74, 0x65, 0x78, 0x00,
  0x73, 0x79, 0x73, 0x63, 0x61, 0x6c, 0x6c, 0x5f, 0x75, 0x73, 0x65, 0x72,
  0x5f, 0x64, 0x69, 0x73, 0x70, 0x61, 0x74, 0x63, 0x68, 0x00, 0x63, 0x61,
  0x70, 0x74, 0x75, 0x72, 0x65, 0x5f, 0x63, 0x6f, 0x6e, 0x74, 0x72, 0x6f,
  0x6c, 0x00, 0x5f, 0x73, 0x79, 0x73, 0x63, 0x61, 0x6c, 0x6c, 0x00, 0x6c,
  0x61, 0x73, 0x74, 0x5f, 0x6d, 0x6d, 0x5f, 0x63, 0x69, 0x64, 0x00, 0x6d,
  0x69, 0x67, 0x72, 0x61, 0x74, 0x65, 0x5f, 0x66, 0x72, 0x6f, 0x6d, 0x5f,
  0x63, 0x70, 0x75, 0x00, 0x5f, 0x5f, 0x66, 0x69, 0x6c, 0x6c, 0x65, 0x72,
  0x00, 0x63, 0x68, 0x61, 0x69, 0x6e, 0x65, 0x64, 0x00, 0x72, 0x63, 0x75,
  0x5f, 0x75, 0x73, 0x65, 0x72, 0x73, 0x00, 0x62, 0x70, 0x66, 0x5f, 0x6e,
  0x65, 0x74, 0x5f, 0x63, 0x6f, 0x6e, 0x74, 0x65, 0x78, 0x74, 0x00, 0x6d,
  0x63, 0x65, 0x5f, 0x77, 0x68, 0x6f, 0x6c, 0x65, 0x5f, 0x70, 0x61, 0x67,
  0x65, 0x00, 0x70, 0x00, 0x66, 0x74, 0x6f, 0x70, 0x00, 0x73, 0x77, 0x65,
  0x76, 0x65, 0x6e, 0x74, 0x00, 0x78, 0x72, 0x65, 0x67, 0x73, 0x5f, 0x73,
  0x74, 0x61, 0x74, 0x65, 0x00, 0x6e, 0x72, 0x5f, 0x64, 0x65, 0x66, 0x65,
  0x72, 0x72, 0x65, 0x64, 0x00, 0x6c, 0x69, 0x73, 0x74, 0x5f, 0x6c, 0x72,
  0x75, 0x5f, 0x6f, 0x6e, 0x65, 0x00, 0x73, 0x5f, 0x69, 0x6e, 0x6f, 0x64,
  0x65, 0x5f, 0x77, 0x62, 0x6c, 0x69, 0x73, 0x74, 0x5f, 0x6c, 0x6f, 0x63,
  0x6b, 0x00, 0x69, 0x61, 0x74, 0x74, 0x72, 0x00, 0x61, 0x74, 0x6f, 0x6d,
  0x69, 0x63, 0x5f, 0x77, 0x72, 0x69, 0x74, 0x65, 0x5f, 0x75, 0x6e, 0x69,
  0x74, 0x5f, 0x6d, 0x61, 0x78, 0x00, 0x5f, 0x65, 0x6e, 0x74, 0x69, 0x72,
  0x65, 0x5f, 0x6d, 0x61, 0x70, 0x63, 0x6f, 0x75, 0x6e, 0x74, 0x00, 0x5f,
  0x70, 0x69, 0x6e, 0x63, 0x6f, 0x75, 0x6e, 0x74, 0x00, 0x70, 0x72, 0x69,
  0x76, 0x00, 0x6d, 0x65, 0x6d, 0x00, 0x6f, 0x72, 0x63, 0x5f, 0x75, 0x6e,
  0x77, 0x69, 0x6e, 0x64, 0x5f, 0x69, 0x70, 0x00, 0x74, 0x72, 0x61, 0x63,
  0x65, 0x70, 0x6f, 0x69, 0x6e, 0x74, 0x73, 0x5f, 0x70, 0x74, 0x72, 0x73,
  0x00, 0x73, 0x72, 0x63, 0x75, 0x5f, 0x6c, 0x6f, 0x63, 0x6b, 0x5f, 0x63,
  0x6f, 0x75, 0x6e, 0x74, 0x00, 0x73, 0x65, 0x67, 0x6c, 0x65, 0x6e, 0x00,
  0x63, 0x6f, 0x64, 0x65, 0x00, 0x61, 0x64, 0x64, 0x72, 0x00, 0x74, 0x72,
  0x61, 0x63, 0x65, 0x70, 0x6f, 0x69, 0x6e, 0x74, 0x5f, 0x65, 0x78, 0x74,
  0x00, 0x74, 0x72, 0x61, 0x63, 0x65, 0x5f, 0x65, 0x76, 0x65, 0x6e, 0x74,
  0x5f, 0x63, 0x61, 0x6c, 0x6c, 0x00, 0x2f, 0x68, 0x6f, 0x6d, 0x65, 0x2f,
  0x62, 0x65, 0x67, 0x61, 0x6e, 0x2f, 0x77, 0x6f, 0x72, 0x6b, 0x73, 0x70,
  0x61, 0x63, 0x65, 0x2f, 0x74, 0x68, 0x65, 0x73, 0x69, 0x73, 0x2f, 0x69,
  0x72, 0x6d, 0x2f, 0x72, 0x6f, 0x6f, 0x74, 0x66, 0x73, 0x2f, 0x69, 0x72,
  0x6d, 0x2f, 0x63, 0x2f, 0x69, 0x72, 0x6d, 0x2d, 0x63, 0x2e, 0x63, 0x00,
  0x69, 0x5f, 0x66, 0x6c, 0x61, 0x67, 0x73, 0x00, 0x68, 0x61, 0x73, 0x68,
  0x00, 0x64, 0x5f, 0x69, 0x6e, 0x61, 0x6d, 0x65, 0x00, 0x6d, 0x6e, 0x74,
  0x5f, 0x72, 0x6f, 0x6f, 0x74, 0x00, 0x73, 0x5f, 0x64, 0x65, 0x76, 0x00,
  0x73, 0x5f, 0x62, 0x6c, 0x6f, 0x63, 0x6b, 0x73, 0x69, 0x7a, 0x65, 0x00,
  0x6d, 0x65, 0x6d, 0x5f, 0x64, 0x71, 0x62, 0x6c, 0x6b, 0x00, 0x73, 0x75,
  0x70, 0x65, 0x72, 0x5f, 0x6f, 0x70, 0x65, 0x72, 0x61, 0x74, 0x69, 0x6f,
  0x6e, 0x73, 0x00, 0x72, 0x65, 0x6c, 0x65, 0x61, 0x73, 0x65, 0x5f, 0x64,
  0x71, 0x75, 0x6f, 0x74, 0x00, 0x64, 0x5f, 0x73, 0x70, 0x63, 0x5f, 0x73,
  0x6f, 0x66, 0x74, 0x6c, 0x69, 0x6d, 0x69, 0x74, 0x00, 0x73, 0x5f, 0x62,
  0x64, 0x65, 0x76, 0x00, 0x6d, 0x6d, 0x61, 0x70, 0x5f, 0x62, 0x61, 0x73,
  0x65, 0x00, 0x63, 0x70, 0x75, 0x73, 0x5f, 0x61, 0x6c, 0x6c, 0x6f, 0x77,
  0x65, 0x64, 0x5f, 0x6c, 0x6f, 0x63, 0x6b, 0x00, 0x6d, 0x6d, 0x5f, 0x6c,
  0x6f, 0x63, 0x6b, 0x5f, 0x73, 0x65, 0x71, 0x00, 0x65, 0x78, 0x65, 0x63,
  0x5f, 0x76, 0x6d, 0x00, 0x63, 0x6f, 0x6e, 0x74, 0x65, 0x78, 0x74, 0x00,
  0x73, 0x79, 0x6d, 0x5f, 0x76, 0x76, 0x61, 0x72, 0x5f, 0x73, 0x74, 0x61,
  0x72, 0x74, 0x00, 0x75, 0x73, 0x65, 0x72, 0x5f, 0x6e, 0x73, 0x00, 0x61,
  0x73, 0x79, 0x6e, 0x63, 0x5f, 0x70, 0x75, 0x74, 0x5f, 0x77, 0x6f, 0x72,
  0x6b, 0x00, 0x6f, 0x70, 0x65, 0x6e, 0x00, 0x6c, 0x61, 0x73, 0x74, 0x5f,
  0x75, 0x73, 0x65, 0x64, 0x5f, 0x61, 0x74, 0x00, 0x6c, 0x65, 0x76, 0x65,
  0x6c, 0x00, 0x70, 0x72, 0x65, 0x76, 0x5f, 0x70, 0x6f, 0x73, 0x00, 0x73,
  0x5f, 0x77, 0x72, 0x69, 0x74, 0x65, 0x72, 0x73, 0x00, 0x67, 0x70, 0x5f,
  0x63, 0x6f, 0x75, 0x6e, 0x74, 0x00, 0x6c, 0x6f, 0x61, 0x64, 0x00, 0x74,
  0x69, 0x6d, 0x65, 0x5f, 0x73, 0x6c, 0x69, 0x63, 0x65, 0x00, 0x64, 0x6c,
  0x5f, 0x64, 0x65, 0x6e, 0x73, 0x69, 0x74, 0x79, 0x00, 0x6e, 0x72, 0x5f,
  0x77, 0x61, 0x6b, 0x65, 0x75, 0x70, 0x73, 0x5f, 0x61, 0x66, 0x66, 0x69,
  0x6e, 0x65, 0x00, 0x63, 0x70, 0x75, 0x73, 0x5f, 0x70, 0x74, 0x72, 0x00,
  0x63, 0x70, 0x75, 0x73, 0x5f, 0x6d, 0x61, 0x73, 0x6b, 0x00, 0x73, 0x65,
  0x6d, 0x5f, 0x75, 0x6e, 0x64, 0x6f, 0x5f, 0x6c, 0x69, 0x73, 0x74, 0x00,
  0x61, 0x63, 0x5f, 0x6d, 0x65, 0x6d, 0x00, 0x61, 0x63, 0x5f, 0x6d, 0x69,
  0x6e, 0x66, 0x6c, 0x74, 0x00, 0x6f, 0x6f, 0x6d, 0x5f, 0x73, 0x63, 0x6f,
  0x72, 0x65, 0x5f, 0x61, 0x64, 0x6a, 0x5f, 0x6d, 0x69, 0x6e, 0x00, 0x6f,
  0x6e, 0x5f, 0x64, 0x69, 0x73, 0x70, 0x61, 0x74, 0x63, 0x68, 0x00, 0x5f,
  0x75, 0x69, 0x64, 0x00, 0x5f, 0x66, 0x6c, 0x61, 0x67, 0x73, 0x00, 0x72,
  0x6f, 0x62, 0x75, 0x73, 0x74, 0x5f, 0x6c, 0x69, 0x73, 0x74, 0x5f, 0x68,
  0x65, 0x61, 0x64, 0x00, 0x63, 0x6f, 0x6d, 0x70, 0x61, 0x74, 0x5f, 0x75,
  0x70, 0x74, 0x72, 0x5f, 0x74, 0x00, 0x72, 0x73, 0x65, 0x71, 0x5f, 0x6c,
  0x65, 0x6e, 0x00, 0x6d, 0x61, 0x70, 0x70, 0x69, 0x6e, 0x67, 0x00, 0x74,
  0x69, 0x6d, 0x65, 0x72, 0x5f, 0x73, 0x6c, 0x61, 0x63, 0x6b, 0x5f, 0x6e,
  0x73, 0x00, 0x48, 0x50, 0x52, 0x4f, 0x42, 0x45, 0x5f, 0x53, 0x54, 0x41,
  0x42, 0x4c, 0x45, 0x00, 0x73, 0x72, 0x63, 0x75, 0x5f, 0x69, 0x64, 0x78,
  0x00, 0x64, 0x75, 0x70, 0x5f, 0x78, 0x6f, 0x6c, 0x5f, 0x61, 0x64, 0x64,
  0x72, 0x00, 0x69, 0x6e, 0x73, 0x6e, 0x00, 0x6f, 0x70, 0x63, 0x31, 0x00,
  0x65, 0x73, 0x00, 0x66, 0x70, 0x75, 0x00, 0x72, 0x65, 0x67, 0x73, 0x00,
  0x73, 0x5f, 0x72, 0x65, 0x61, 0x64, 0x6f, 0x6e, 0x6c, 0x79, 0x5f, 0x72,
  0x65, 0x6d, 0x6f, 0x75, 0x6e, 0x74, 0x00, 0x64, 0x5f, 0x66, 0x73, 0x64,
  0x61, 0x74, 0x61, 0x00, 0x64, 0x5f, 0x6c, 0x72, 0x75, 0x00, 0x61, 0x74,
  0x69, 0x6d, 0x65, 0x00, 0x69, 0x5f, 0x73, 0x69, 0x7a, 0x65, 0x00, 0x69,
  0x5f, 0x72, 0x65, 0x61, 0x64, 0x63, 0x6f, 0x75, 0x6e, 0x74, 0x00, 0x69,
  0x5f, 0x6d, 0x6d, 0x61, 0x70, 0x00, 0x61, 0x5f, 0x6f, 0x70, 0x73, 0x00,
  0x72, 0x65, 0x61, 0x64, 0x61, 0x68, 0x65, 0x61, 0x64, 0x5f, 0x63, 0x6f,
  0x6e, 0x74, 0x72, 0x6f, 0x6c, 0x00, 0x73, 0x77, 0x61, 0x70, 0x5f, 0x61,
  0x63, 0x74, 0x69, 0x76, 0x61, 0x74, 0x65, 0x00, 0x6f, 0x72, 0x63, 0x5f,
  0x75, 0x6e, 0x77, 0x69, 0x6e, 0x64, 0x00, 0x45, 0x6c, 0x66, 0x36, 0x34,
  0x5f, 0x57, 0x6f, 0x72, 0x64, 0x00, 0x72, 0x65, 0x67, 0x66, 0x75, 0x6e,
  0x63, 0x00, 0x6e, 0x75, 0x6d, 0x5f, 0x6b, 0x70, 0x72, 0x6f, 0x62, 0x65,
  0x5f, 0x62, 0x6c, 0x61, 0x63, 0x6b, 0x6c, 0x69, 0x73, 0x74, 0x00, 0x5f,
  0x5f, 0x55, 0x4e, 0x49, 0x51, 0x55, 0x45, 0x5f, 0x49, 0x44, 0x5f, 0x5f,
  0x5f, 0x61, 0x64, 0x64, 0x72, 0x65, 0x73, 0x73, 0x61, 0x62, 0x6c, 0x65,
  0x5f, 0x63, 0x6c, 0x65, 0x61, 0x6e, 0x75, 0x70, 0x5f, 0x6d, 0x6f, 0x64,
  0x75, 0x6c, 0x65, 0x33, 0x34, 0x33, 0x00, 0x5f, 0x70, 0x72, 0x69, 0x6e,
  0x74, 0x6b, 0x00, 0x72, 0x61, 0x77, 0x5f, 0x73, 0x70, 0x69, 0x6e, 0x6c,
  0x6f, 0x63, 0x6b, 0x00, 0x64, 0x5f, 0x69, 0x6e, 0x6f, 0x5f, 0x68, 0x61,
  0x72, 0x64, 0x6c, 0x69, 0x6d, 0x69, 0x74, 0x00, 0x62, 0x6c, 0x6f, 0x63,
  0x6b, 0x73, 0x00, 0x6e, 0x65, 0x78, 0x74, 0x65, 0x6e, 0x74, 0x73, 0x00,
  0x73, 0x5f, 0x72, 0x6f, 0x6f, 0x74, 0x73, 0x00, 0x69, 0x6f, 0x76, 0x5f,
  0x6c, 0x65, 0x6e, 0x00, 0x70, 0x69, 0x6e, 0x6e, 0x65, 0x64, 0x5f, 0x76,
  0x6d, 0x00, 0x64, 0x65, 0x66, 0x5f, 0x66, 0x6c, 0x61, 0x67, 0x73, 0x00,
  0x70, 0x65, 0x72, 0x63, 0x70, 0x75, 0x5f, 0x63, 0x6f, 0x75, 0x6e, 0x74,
  0x65, 0x72, 0x00, 0x61, 0x6c, 0x74, 0x00, 0x5f, 0x5f, 0x76, 0x6d, 0x5f,
  0x66, 0x6c, 0x61, 0x67, 0x73, 0x00, 0x76, 0x6d, 0x5f, 0x6c, 0x6f, 0x63,
  0x6b, 0x5f, 0x73, 0x65, 0x71, 0x00, 0x6b, 0x65, 0x79, 0x73, 0x00, 0x6e,
  0x72, 0x5f, 0x6c, 0x65, 0x61, 0x76, 0x65, 0x73, 0x5f, 0x6f, 0x6e, 0x5f,
  0x74, 0x72, 0x65, 0x65, 0x00, 0x61, 0x73, 0x73, 0x6f, 0x63, 0x5f, 0x61,
  0x72, 0x72, 0x61, 0x79, 0x00, 0x66, 0x69, 0x6c, 0x65, 0x5f, 0x72, 0x61,
  0x5f, 0x73, 0x74, 0x61, 0x74, 0x65, 0x00, 0x6f, 0x70, 0x73, 0x00, 0x64,
  0x65, 0x61, 0x64, 0x6c, 0x69, 0x6e, 0x65, 0x00, 0x72, 0x75, 0x6e, 0x6e,
  0x61, 0x62, 0x6c, 0x65, 0x5f, 0x73, 0x75, 0x6d, 0x00, 0x6d, 0x61, 0x78,
  0x5f, 0x68, 0x61, 0x6e, 0x67, 0x5f, 0x74, 0x69, 0x6d, 0x65, 0x00, 0x70,
  0x69, 0x5f, 0x73, 0x65, 0x00, 0x6e, 0x72, 0x5f, 0x77, 0x61, 0x6b, 0x65,
  0x75, 0x70, 0x73, 0x5f, 0x6d, 0x69, 0x67, 0x72, 0x61, 0x74, 0x65, 0x00,
  0x6e, 0x72, 0x5f, 0x77, 0x61, 0x6b, 0x65, 0x75, 0x70, 0x73, 0x5f, 0x61,
  0x66, 0x66, 0x69, 0x6e, 0x65, 0x5f, 0x61, 0x74, 0x74, 0x65, 0x6d, 0x70,
  0x74, 0x73, 0x00, 0x6d, 0x69, 0x67, 0x72, 0x61, 0x74, 0x69, 0x6f, 0x6e,
  0x5f, 0x64, 0x69, 0x73, 0x61, 0x62, 0x6c, 0x65, 0x64, 0x00, 0x72, 0x65,
  0x73, 0x74, 0x6f, 0x72, 0x65, 0x5f, 0x73, 0x69, 0x67, 0x6d, 0x61, 0x73,
  0x6b, 0x00, 0x73, 0x69, 0x62, 0x6c, 0x69, 0x6e, 0x67, 0x00, 0x6e, 0x76,
  0x63, 0x73, 0x77, 0x00, 0x64, 0x75, 0x6d, 0x70, 0x65, 0x72, 0x00, 0x69,
  0x74, 0x00, 0x74, 0x74, 0x79, 0x00, 0x73, 0x79, 0x73, 0x63, 0x77, 0x00,
  0x77, 0x72, 0x69, 0x74, 0x65, 0x5f, 0x62, 0x79, 0x74, 0x65, 0x73, 0x00,
  0x5f, 0x6f, 0x76, 0x65, 0x72, 0x72, 0x75, 0x6e, 0x00, 0x5f, 0x64, 0x61,
  0x74, 0x61, 0x00, 0x69, 0x6c, 0x5f, 0x77, 0x65, 0x69, 0x67, 0x68, 0x74,
  0x00, 0x77, 0x72, 0x69, 0x74, 0x61, 0x62, 0x6c, 0x65, 0x00, 0x74, 0x68,
  0x72, 0x6f, 0x74, 0x74, 0x6c, 0x65, 0x5f, 0x64, 0x69, 0x73, 0x6b, 0x00,
  0x48, 0x50, 0x52, 0x4f, 0x42, 0x45, 0x5f, 0x4c, 0x45, 0x41, 0x53, 0x45,
  0x44, 0x00, 0x73, 0x61, 0x76, 0x65, 0x64, 0x5f, 0x74, 0x66, 0x00, 0x72,
  0x65, 0x74, 0x68, 0x6f, 0x6f, 0x6b, 0x73, 0x00, 0x74, 0x6c, 0x73, 0x5f,
  0x61, 0x72, 0x72, 0x61, 0x79, 0x00, 0x6c, 0x69, 0x6d, 0x69, 0x74, 0x30,
  0x00, 0x63, 0x72, 0x32, 0x00, 0x78, 0x66, 0x64, 0x00, 0x66, 0x69, 0x70,
  0x00, 0x66, 0x78, 0x72, 0x65, 0x67, 0x73, 0x5f, 0x73, 0x74, 0x61, 0x74,
  0x65, 0x00, 0x72, 0x31, 0x35, 0x00, 0x73, 0x5f, 0x66, 0x73, 0x6e, 0x6f,
  0x74, 0x69, 0x66, 0x79, 0x5f, 0x69, 0x6e, 0x66, 0x6f, 0x00, 0x64, 0x5f,
  0x6c, 0x6f, 0x63, 0x6b, 0x72, 0x65, 0x66, 0x00, 0x64, 0x65, 0x6c, 0x61,
  0x79, 0x65, 0x64, 0x5f, 0x63, 0x61, 0x6c, 0x6c, 0x00, 0x72, 0x65, 0x6e,
  0x61, 0x6d, 0x65, 0x00, 0x69, 0x61, 0x5f, 0x75, 0x69, 0x64, 0x00, 0x6d,
  0x6e, 0x74, 0x5f, 0x69, 0x64, 0x00, 0x69, 0x5f, 0x61, 0x74, 0x69, 0x6d,
  0x65, 0x5f, 0x73, 0x65, 0x63, 0x00, 0x57, 0x52, 0x49, 0x54, 0x45, 0x5f,
  0x4c, 0x49, 0x46, 0x45, 0x5f, 0x45, 0x58, 0x54, 0x52, 0x45, 0x4d, 0x45,
  0x00, 0x72, 0x77, 0x5f, 0x68, 0x69, 0x6e, 0x74, 0x00, 0x64, 0x69, 0x72,
  0x74, 0x69, 0x65, 0x64, 0x5f, 0x77, 0x68, 0x65, 0x6e, 0x00, 0x69, 0x5f,
  0x69, 0x6f, 0x5f, 0x6c, 0x69, 0x73, 0x74, 0x00, 0x69, 0x5f, 0x63, 0x6f,
  0x75, 0x6e, 0x74, 0x00, 0x5f, 0x66, 0x6f, 0x6c, 0x69, 0x6f, 0x5f, 0x6e,
  0x72, 0x5f, 0x70, 0x61, 0x67, 0x65, 0x73, 0x00, 0x66, 0x6f, 0x6c, 0x69,
  0x6f, 0x00, 0x4d, 0x49, 0x47, 0x52, 0x41, 0x54, 0x45, 0x5f, 0x41, 0x53,
  0x59, 0x4e, 0x43, 0x00, 0x65, 0x72, 0x72, 0x6f, 0x72, 0x5f, 0x72, 0x65,
  0x6d, 0x6f, 0x76, 0x65, 0x5f, 0x66, 0x6f, 0x6c, 0x69, 0x6f, 0x00, 0x69,
  0x5f, 0x70, 0x72, 0x69, 0x76, 0x61, 0x74, 0x65, 0x5f, 0x6c, 0x69, 0x73,
  0x74, 0x00, 0x73, 0x65, 0x71, 0x5f, 0x6e, 0x65, 0x78, 0x74, 0x00, 0x6e,
  0x75, 0x6d, 0x5f, 0x73, 0x79, 0x6d, 0x73, 0x00, 0x67, 0x70, 0x6c, 0x5f,
  0x63, 0x72, 0x63, 0x73, 0x00, 0x6d, 0x6f, 0x64, 0x75, 0x6c, 0x65, 0x5f,
  0x6d, 0x65, 0x6d, 0x6f, 0x72, 0x79, 0x00, 0x73, 0x72, 0x63, 0x75, 0x5f,
  0x72, 0x65, 0x61, 0x64, 0x65, 0x72, 0x5f, 0x66, 0x6c, 0x61, 0x76, 0x6f,
  0x72, 0x00, 0x73, 0x72, 0x63, 0x75, 0x5f, 0x73, 0x69, 0x7a, 0x65, 0x5f,
  0x6a, 0x69, 0x66, 0x66, 0x69, 0x65, 0x73, 0x00, 0x70, 0x72, 0x6f, 0x62,
  0x65, 0x73, 0x74, 0x75, 0x62, 0x00, 0x5f, 0x5f, 0x55, 0x4e, 0x49, 0x51,
  0x55, 0x45, 0x5f, 0x49, 0x44, 0x5f, 0x6c, 0x69, 0x63, 0x65, 0x6e, 0x73,
  0x65, 0x33, 0x33, 0x38, 0x00, 0x61, 0x72, 0x63, 0x68, 0x5f, 0x73, 0x70,
  0x69, 0x6e, 0x6c, 0x6f, 0x63, 0x6b, 0x5f, 0x74, 0x00, 0x62, 0x75, 0x66,
  0x00, 0x69, 0x5f, 0x6f, 0x70, 0x66, 0x6c, 0x61, 0x67, 0x73, 0x00, 0x5f,
  0x5f, 0x6b, 0x65, 0x72, 0x6e, 0x65, 0x6c, 0x5f, 0x67, 0x69, 0x64, 0x33,
  0x32, 0x5f, 0x74, 0x00, 0x67, 0x69, 0x64, 0x5f, 0x74, 0x00, 0x6c, 0x6f,
  0x63, 0x6b, 0x5f, 0x63, 0x6c, 0x61, 0x73, 0x73, 0x5f, 0x6b, 0x65, 0x79,
  0x00, 0x64, 0x71, 0x62, 0x5f, 0x62, 0x73, 0x6f, 0x66, 0x74, 0x6c, 0x69,
  0x6d, 0x69, 0x74, 0x00, 0x67, 0x65, 0x74, 0x5f, 0x6e, 0x65, 0x78, 0x74,
  0x5f, 0x69, 0x64, 0x00, 0x73, 0x5f, 0x6d, 0x61, 0x67, 0x69, 0x63, 0x00,
  0x77, 0x72, 0x69, 0x74, 0x65, 0x00, 0x62, 0x6f, 0x6f, 0x6c, 0x00, 0x62,
  0x76, 0x65, 0x63, 0x00, 0x70, 0x61, 0x67, 0x65, 0x5f, 0x74, 0x61, 0x62,
  0x6c, 0x65, 0x5f, 0x6c, 0x6f, 0x63, 0x6b, 0x00, 0x65, 0x6e, 0x76, 0x5f,
  0x73, 0x74, 0x61, 0x72, 0x74, 0x00, 0x74, 0x6c, 0x62, 0x5f, 0x67, 0x65,
  0x6e, 0x00, 0x66, 0x6c, 0x5f, 0x6f, 0x77, 0x6e, 0x65, 0x72, 0x5f, 0x74,
  0x00, 0x66, 0x73, 0x79, 0x6e, 0x63, 0x00, 0x73, 0x65, 0x74, 0x6c, 0x65,
  0x61, 0x73, 0x65, 0x00, 0x73, 0x65, 0x72, 0x69, 0x61, 0x6c, 0x5f, 0x6e,
  0x6f, 0x64, 0x65, 0x00, 0x67, 0x72, 0x6f, 0x75, 0x70, 0x5f, 0x69, 0x6e,
  0x66, 0x6f, 0x00, 0x66, 0x5f, 0x77, 0x62, 0x5f, 0x65, 0x72, 0x72, 0x00,
  0x66, 0x72, 0x65, 0x65, 0x7a, 0x65, 0x5f, 0x6b, 0x63, 0x6f, 0x75, 0x6e,
  0x74, 0x00, 0x77, 0x65, 0x69, 0x67, 0x68, 0x74, 0x00, 0x6c, 0x61, 0x73,
  0x74, 0x5f, 0x75, 0x70, 0x64, 0x61, 0x74, 0x65, 0x5f, 0x74, 0x69, 0x6d,
  0x65, 0x00, 0x72, 0x75, 0x6e, 0x74, 0x69, 0x6d, 0x65, 0x00, 0x63, 0x6c,
  0x6f, 0x63, 0x6b, 0x5f, 0x77, 0x61, 0x73, 0x5f, 0x73, 0x65, 0x74, 0x5f,
  0x73, 0x65, 0x71, 0x00, 0x77, 0x61, 0x69, 0x74, 0x5f, 0x73, 0x75, 0x6d,
  0x00, 0x75, 0x73, 0x65, 0x72, 0x5f, 0x63, 0x70, 0x75, 0x73, 0x5f, 0x70,
  0x74, 0x72, 0x00, 0x67, 0x74, 0x69, 0x6d, 0x65, 0x00, 0x73, 0x74, 0x61,
  0x72, 0x74, 0x5f, 0x74, 0x69, 0x6d, 0x65, 0x00, 0x63, 0x6d, 0x61, 0x6a,
  0x5f, 0x66, 0x6c, 0x74, 0x00, 0x6d, 0x61, 0x78, 0x72, 0x73, 0x73, 0x00,
  0x77, 0x63, 0x68, 0x61, 0x72, 0x00, 0x65, 0x78, 0x65, 0x63, 0x5f, 0x75,
  0x70, 0x64, 0x61, 0x74, 0x65, 0x5f, 0x6c, 0x6f, 0x63, 0x6b, 0x00, 0x73,
  0x61, 0x5f, 0x66, 0x6c, 0x61, 0x67, 0x73, 0x00, 0x70, 0x69, 0x5f, 0x62,
  0x6c, 0x6f, 0x63, 0x6b, 0x65, 0x64, 0x5f, 0x6f, 0x6e, 0x00, 0x5f, 0x73,
  0x79, 0x73, 0x5f, 0x70, 0x72, 0x69, 0x76, 0x61, 0x74, 0x65, 0x00, 0x6b,
  0x65, 0x72, 0x6e, 0x65, 0x6c, 0x5f, 0x73, 0x69, 0x67, 0x69, 0x6e, 0x66,
  0x6f, 0x00, 0x72, 0x73, 0x65, 0x71, 0x00, 0x6f, 0x72, 0x69, 0x67, 0x5f,
  0x72, 0x65, 0x74, 0x5f, 0x76, 0x61, 0x64, 0x64, 0x72, 0x00, 0x78, 0x6f,
  0x6c, 0x5f, 0x76, 0x61, 0x64, 0x64, 0x72, 0x00, 0x69, 0x78, 0x6f, 0x6c,
  0x00, 0x64, 0x70, 0x6c, 0x00, 0x74, 0x72, 0x61, 0x70, 0x5f, 0x6e, 0x72,
  0x00, 0x66, 0x70, 0x73, 0x74, 0x61, 0x74, 0x65, 0x00, 0x69, 0x73, 0x5f,
  0x67, 0x75, 0x65, 0x73, 0x74, 0x00, 0x72, 0x64, 0x70, 0x00, 0x72, 0x31,
  0x31, 0x00, 0x69, 0x70, 0x00, 0x65, 0x6e, 0x63, 0x6c, 0x61, 0x76, 0x65,
  0x00, 0x65, 0x78, 0x74, 0x65, 0x6e, 0x64, 0x65, 0x64, 0x5f, 0x73, 0x74,
  0x61, 0x74, 0x65, 0x5f, 0x61, 0x72, 0x65, 0x61, 0x00, 0x6e, 0x6c, 0x69,
  0x6e, 0x6b, 0x00, 0x5f, 0x5f, 0x70, 0x61, 0x67, 0x65, 0x5f, 0x31, 0x00,
  0x73, 0x65, 0x71, 0x5f, 0x73, 0x74, 0x6f, 0x70, 0x00, 0x6e, 0x75, 0x6d,
  0x00, 0x73, 0x72, 0x63, 0x75, 0x5f, 0x68, 0x61, 0x76, 0x65, 0x5f, 0x63,
  0x62, 0x73, 0x00, 0x73, 0x79, 0x73, 0x66, 0x73, 0x5f, 0x6f, 0x70, 0x73,
  0x00, 0x73, 0x69, 0x7a, 0x65, 0x5f, 0x74, 0x00, 0x68, 0x6c, 0x69, 0x73,
  0x74, 0x5f, 0x68, 0x65, 0x61, 0x64, 0x00, 0x64, 0x65, 0x73, 0x74, 0x72,
  0x6f, 0x79, 0x5f, 0x69, 0x6e, 0x6f, 0x64, 0x65, 0x00, 0x64, 0x71, 0x5f,
  0x69, 0x6e, 0x75, 0x73, 0x65, 0x00, 0x6f, 0x70, 0x74, 0x69, 0x6d, 0x69,
  0x73, 0x74, 0x69, 0x63, 0x5f, 0x73, 0x70, 0x69, 0x6e, 0x5f, 0x71, 0x75,
  0x65, 0x75, 0x65, 0x00, 0x47, 0x52, 0x50, 0x51, 0x55, 0x4f, 0x54, 0x41,
  0x00, 0x50, 0x52, 0x4a, 0x51, 0x55, 0x4f, 0x54, 0x41, 0x00, 0x69, 0x6e,
  0x6f, 0x5f, 0x74, 0x69, 0x6d, 0x65, 0x6c, 0x69, 0x6d, 0x69, 0x74, 0x00,
  0x71, 0x63, 0x5f, 0x74, 0x79, 0x70, 0x65, 0x5f, 0x73, 0x74, 0x61, 0x74,
  0x65, 0x00, 0x73, 0x5f, 0x69, 0x66, 0x6c, 0x61, 0x67, 0x73, 0x00, 0x66,
  0x6f, 0x6c, 0x69, 0x6f, 0x71, 0x5f, 0x73, 0x6c, 0x6f, 0x74, 0x00, 0x69,
  0x74, 0x65, 0x72, 0x61, 0x74, 0x65, 0x5f, 0x73, 0x68, 0x61, 0x72, 0x65,
  0x64, 0x00, 0x76, 0x6d, 0x5f, 0x73, 0x74, 0x61, 0x72, 0x74, 0x00, 0x65,
  0x6e, 0x64, 0x5f, 0x63, 0x6f, 0x64, 0x65, 0x00, 0x63, 0x74, 0x78, 0x5f,
  0x69, 0x64, 0x00, 0x73, 0x68, 0x61, 0x72, 0x65, 0x64, 0x00, 0x61, 0x6e,
  0x6f, 0x6e, 0x5f, 0x76, 0x6d, 0x61, 0x5f, 0x63, 0x68, 0x61, 0x69, 0x6e,
  0x00, 0x63, 0x6f, 0x70, 0x79, 0x5f, 0x66, 0x69, 0x6c, 0x65, 0x5f, 0x72,
  0x61, 0x6e, 0x67, 0x65, 0x00, 0x75, 0x72, 0x69, 0x6e, 0x67, 0x5f, 0x63,
  0x6d, 0x64, 0x00, 0x6b, 0x65, 0x79, 0x5f, 0x72, 0x65, 0x73, 0x74, 0x72,
  0x69, 0x63, 0x74, 0x5f, 0x6c, 0x69, 0x6e, 0x6b, 0x5f, 0x66, 0x75, 0x6e,
  0x63, 0x5f, 0x74, 0x00, 0x76, 0x00, 0x67, 0x72, 0x6f, 0x75, 0x70, 0x5f,
  0x6e, 0x6f, 0x64, 0x65, 0x00, 0x73, 0x63, 0x68, 0x65, 0x64, 0x5f, 0x65,
  0x6e, 0x74, 0x69, 0x74, 0x79, 0x00, 0x6b, 0x74, 0x69, 0x6d, 0x65, 0x5f,
  0x74, 0x00, 0x6d, 0x69, 0x67, 0x72, 0x61, 0x74, 0x69, 0x6f, 0x6e, 0x5f,
  0x70, 0x65, 0x6e, 0x64, 0x69, 0x6e, 0x67, 0x00, 0x72, 0x63, 0x75, 0x5f,
  0x74, 0x61, 0x73, 0x6b, 0x73, 0x5f, 0x6e, 0x76, 0x63, 0x73, 0x77, 0x00,
  0x65, 0x78, 0x69, 0x74, 0x5f, 0x73, 0x69, 0x67, 0x6e, 0x61, 0x6c, 0x00,
  0x5f, 0x5f, 0x6b, 0x65, 0x72, 0x6e, 0x65, 0x6c, 0x5f, 0x70, 0x69, 0x64,
  0x5f, 0x74, 0x00, 0x73, 0x69, 0x67, 0x63, 0x6e, 0x74, 0x00, 0x74, 0x68,
  0x72, 0x65, 0x61, 0x64, 0x5f, 0x68, 0x65, 0x61, 0x64, 0x00, 0x63, 0x6e,
  0x69, 0x76, 0x63, 0x73, 0x77, 0x00, 0x73, 0x65, 0x63, 0x63, 0x6f, 0x6d,
  0x70, 0x5f, 0x66, 0x69, 0x6c, 0x74, 0x65, 0x72, 0x00, 0x5f, 0x73, 0x69,
  0x67, 0x66, 0x61, 0x75, 0x6c, 0x74, 0x00, 0x5f, 0x61, 0x64, 0x64, 0x72,
  0x00, 0x5f, 0x61, 0x64, 0x64, 0x72, 0x5f, 0x6c, 0x73, 0x62, 0x00, 0x63,
  0x6f, 0x6d, 0x70, 0x61, 0x74, 0x5f, 0x72, 0x6f, 0x62, 0x75, 0x73, 0x74,
  0x5f, 0x6c, 0x69, 0x73, 0x74, 0x00, 0x63, 0x69, 0x64, 0x5f, 0x77, 0x6f,
  0x72, 0x6b, 0x00, 0x74, 0x61, 0x73, 0x6b, 0x5f, 0x66, 0x72, 0x61, 0x67,
  0x00, 0x70, 0x63, 0x70, 0x5f, 0x6c, 0x69, 0x73, 0x74, 0x00, 0x73, 0x68,
  0x61, 0x72, 0x65, 0x00, 0x6f, 0x6f, 0x6d, 0x5f, 0x72, 0x65, 0x61, 0x70,
  0x65, 0x72, 0x5f, 0x74, 0x69, 0x6d, 0x65, 0x72, 0x00, 0x5f, 0x5f, 0x6d,
  0x63, 0x65, 0x5f, 0x72, 0x65, 0x73, 0x65, 0x72, 0x76, 0x65, 0x64, 0x00,
  0x66, 0x72, 0x65, 0x64, 0x5f, 0x73, 0x73, 0x00, 0x6e, 0x6d, 0x69, 0x00,
  0x73, 0x5f, 0x66, 0x73, 0x5f, 0x69, 0x6e, 0x66, 0x6f, 0x00, 0x6d, 0x6e,
  0x74, 0x5f, 0x69, 0x64, 0x6d, 0x61, 0x70, 0x00, 0x64, 0x5f, 0x72, 0x65,
  0x61, 0x6c, 0x00, 0x61, 0x72, 0x67, 0x00, 0x6c, 0x69, 0x6e, 0x6b, 0x00,
  0x75, 0x6e, 0x6c, 0x69, 0x6e, 0x6b, 0x00, 0x69, 0x61, 0x5f, 0x6d, 0x74,
  0x69, 0x6d, 0x65, 0x00, 0x75, 0x70, 0x64, 0x61, 0x74, 0x65, 0x5f, 0x74,
  0x69, 0x6d, 0x65, 0x00, 0x6e, 0x65, 0x78, 0x74, 0x5f, 0x6f, 0x66, 0x66,
  0x73, 0x65, 0x74, 0x00, 0x69, 0x5f, 0x69, 0x6e, 0x6f, 0x00, 0x69, 0x5f,
  0x62, 0x6c, 0x6f, 0x63, 0x6b, 0x73, 0x00, 0x73, 0x77, 0x61, 0x70, 0x00,
  0x5f, 0x68, 0x75, 0x67, 0x65, 0x74, 0x6c, 0x62, 0x5f, 0x68, 0x77, 0x70,
  0x6f, 0x69, 0x73, 0x6f, 0x6e, 0x00, 0x6d, 0x69, 0x67, 0x72, 0x61, 0x74,
  0x65, 0x5f, 0x6d, 0x6f, 0x64, 0x65, 0x00, 0x6d, 0x6f, 0x64, 0x00, 0x6b,
  0x70, 0x61, 0x72, 0x61, 0x6d, 0x5f, 0x73, 0x74, 0x72, 0x69, 0x6e, 0x67,
  0x00, 0x45, 0x6c, 0x66, 0x36, 0x34, 0x5f, 0x53, 0x79, 0x6d, 0x00, 0x77,
  0x71, 0x00, 0x65, 0x78, 0x61, 0x6d, 0x70, 0x6c, 0x65, 0x5f, 0x69, 0x6e,
  0x69, 0x74, 0x00, 0x73, 0x74, 0x61, 0x74, 0x65, 0x00, 0x6b, 0x6f, 0x62,
  0x6a, 0x00, 0x65, 0x6e, 0x76, 0x70, 0x00, 0x69, 0x5f, 0x75, 0x69, 0x64,
  0x00, 0x75, 0x33, 0x32, 0x00, 0x66, 0x73, 0x5f, 0x73, 0x75, 0x70, 0x65,
  0x72, 0x73, 0x00, 0x67, 0x65, 0x74, 0x5f, 0x64, 0x71, 0x75, 0x6f, 0x74,
  0x73, 0x00, 0x64, 0x71, 0x5f, 0x6c, 0x6f, 0x63, 0x6b, 0x00, 0x71, 0x75,
  0x6f, 0x74, 0x61, 0x5f, 0x6f, 0x6e, 0x00, 0x64, 0x5f, 0x72, 0x74, 0x5f,
  0x73, 0x70, 0x61, 0x63, 0x65, 0x00, 0x5f, 0x5f, 0x69, 0x6f, 0x76, 0x00,
  0x76, 0x6d, 0x5f, 0x72, 0x63, 0x75, 0x00, 0x6d, 0x61, 0x5f, 0x65, 0x78,
  0x74, 0x65, 0x72, 0x6e, 0x61, 0x6c, 0x5f, 0x6c, 0x6f, 0x63, 0x6b, 0x00,
  0x6d, 0x61, 0x5f, 0x72, 0x6f, 0x6f, 0x74, 0x00, 0x6d, 0x6d, 0x5f, 0x75,
  0x73, 0x65, 0x72, 0x73, 0x00, 0x62, 0x69, 0x6e, 0x66, 0x6d, 0x74, 0x00,
  0x65, 0x78, 0x74, 0x61, 0x62, 0x6c, 0x65, 0x00, 0x5f, 0x5f, 0x73, 0x31,
  0x36, 0x00, 0x69, 0x6f, 0x6d, 0x6d, 0x75, 0x5f, 0x6d, 0x6d, 0x5f, 0x64,
  0x61, 0x74, 0x61, 0x00, 0x76, 0x6d, 0x5f, 0x66, 0x69, 0x6c, 0x65, 0x00,
  0x66, 0x5f, 0x66, 0x6c, 0x61, 0x67, 0x73, 0x00, 0x72, 0x65, 0x76, 0x6f,
  0x6b, 0x65, 0x64, 0x5f, 0x61, 0x74, 0x00, 0x6e, 0x61, 0x6d, 0x65, 0x5f,
  0x6c, 0x69, 0x6e, 0x6b, 0x00, 0x66, 0x5f, 0x72, 0x61, 0x00, 0x64, 0x71,
  0x69, 0x5f, 0x6d, 0x61, 0x78, 0x5f, 0x69, 0x6e, 0x6f, 0x5f, 0x6c, 0x69,
  0x6d, 0x69, 0x74, 0x00, 0x64, 0x6c, 0x5f, 0x73, 0x65, 0x72, 0x76, 0x65,
  0x72, 0x00, 0x69, 0x6e, 0x5f, 0x68, 0x72, 0x74, 0x69, 0x72, 0x71, 0x00,
  0x73, 0x6f, 0x66, 0x74, 0x69, 0x72, 0x71, 0x5f, 0x61, 0x63, 0x74, 0x69,
  0x76, 0x61, 0x74, 0x65, 0x64, 0x00, 0x74, 0x61, 0x73, 0x6b, 0x5f, 0x67,
  0x72, 0x6f, 0x75, 0x70, 0x00, 0x73, 0x75, 0x6d, 0x5f, 0x73, 0x6c, 0x65,
  0x65, 0x70, 0x5f, 0x72, 0x75, 0x6e, 0x74, 0x69, 0x6d, 0x65, 0x00, 0x6e,
  0x72, 0x5f, 0x66, 0x61, 0x69, 0x6c, 0x65, 0x64, 0x5f, 0x6d, 0x69, 0x67,
  0x72, 0x61, 0x74, 0x69, 0x6f, 0x6e, 0x73, 0x5f, 0x68, 0x6f, 0x74, 0x00,
  0x62, 0x69, 0x74, 0x73, 0x00, 0x62, 0x00, 0x72, 0x63, 0x75, 0x5f, 0x62,
  0x6c, 0x6f, 0x63, 0x6b, 0x65, 0x64, 0x5f, 0x6e, 0x6f, 0x64, 0x65, 0x00,
  0x73, 0x63, 0x68, 0x65, 0x64, 0x5f, 0x6d, 0x69, 0x67, 0x72, 0x61, 0x74,
  0x65, 0x64, 0x00, 0x72, 0x65, 0x73, 0x74, 0x61, 0x72, 0x74, 0x5f, 0x62,
  0x6c, 0x6f, 0x63, 0x6b, 0x00, 0x62, 0x69, 0x74, 0x73, 0x65, 0x74, 0x00,
  0x6f, 0x6f, 0x6d, 0x5f, 0x6d, 0x6d, 0x00, 0x5f, 0x70, 0x65, 0x72, 0x66,
  0x00, 0x74, 0x6c, 0x62, 0x66, 0x6c, 0x75, 0x73, 0x68, 0x5f, 0x75, 0x6e,
  0x6d, 0x61, 0x70, 0x5f, 0x62, 0x61, 0x74, 0x63, 0x68, 0x00, 0x70, 0x70,
  0x5f, 0x6d, 0x61, 0x67, 0x69, 0x63, 0x00, 0x70, 0x61, 0x67, 0x65, 0x5f,
  0x74, 0x79, 0x70, 0x65, 0x00, 0x55, 0x54, 0x41, 0x53, 0x4b, 0x5f, 0x53,
  0x53, 0x54, 0x45, 0x50, 0x00, 0x68, 0x70, 0x72, 0x6f, 0x62, 0x65, 0x5f,
  0x73, 0x74, 0x61, 0x74, 0x65, 0x00, 0x72, 0x65, 0x74, 0x75, 0x72, 0x6e,
  0x5f, 0x69, 0x6e, 0x73, 0x74, 0x61, 0x6e, 0x63, 0x65, 0x00, 0x73, 0x61,
  0x76, 0x65, 0x64, 0x5f, 0x74, 0x72, 0x61, 0x70, 0x5f, 0x6e, 0x72, 0x00,
  0x75, 0x70, 0x72, 0x6f, 0x62, 0x65, 0x5f, 0x74, 0x61, 0x73, 0x6b, 0x00,
  0x62, 0x61, 0x73, 0x65, 0x32, 0x00, 0x66, 0x6f, 0x70, 0x00, 0x6d, 0x6e,
  0x74, 0x5f, 0x66, 0x6c, 0x61, 0x67, 0x73, 0x00, 0x64, 0x65, 0x76, 0x00,
  0x62, 0x74, 0x69, 0x6d, 0x65, 0x00, 0x57, 0x52, 0x49, 0x54, 0x45, 0x5f,
  0x4c, 0x49, 0x46, 0x45, 0x5f, 0x4e, 0x4f, 0x54, 0x5f, 0x53, 0x45, 0x54,
  0x00, 0x61, 0x74, 0x74, 0x72, 0x69, 0x62, 0x75, 0x74, 0x65, 0x5f, 0x67,
  0x72, 0x6f, 0x75, 0x70, 0x00, 0x6b, 0x61, 0x6c, 0x6c, 0x73, 0x79, 0x6d,
  0x73, 0x00, 0x73, 0x74, 0x5f, 0x76, 0x61, 0x6c, 0x75, 0x65, 0x00, 0x73,
  0x72, 0x63, 0x75, 0x5f, 0x67, 0x70, 0x5f, 0x6d, 0x75, 0x74, 0x65, 0x78,
  0x00, 0x65, 0x78, 0x61, 0x6d, 0x70, 0x6c, 0x65, 0x5f, 0x65, 0x78, 0x69,
  0x74, 0x00, 0x64, 0x65, 0x66, 0x61, 0x75, 0x6c, 0x74, 0x5f, 0x67, 0x72,
  0x6f, 0x75, 0x70, 0x73, 0x00, 0x69, 0x5f, 0x6f, 0x70, 0x00, 0x73, 0x65,
  0x71, 0x63, 0x6f, 0x75, 0x6e, 0x74, 0x00, 0x64, 0x5f, 0x69, 0x6e, 0x69,
  0x74, 0x00, 0x6d, 0x6e, 0x74, 0x5f, 0x73, 0x62, 0x00, 0x5f, 0x5f, 0x6b,
  0x65, 0x72, 0x6e, 0x65, 0x6c, 0x5f, 0x6c, 0x6f, 0x66, 0x66, 0x5f, 0x74,
  0x00, 0x66, 0x73, 0x5f, 0x66, 0x6c, 0x61, 0x67, 0x73, 0x00, 0x46, 0x52,
  0x45, 0x45, 0x5a, 0x45, 0x5f, 0x48, 0x4f, 0x4c, 0x44, 0x45, 0x52, 0x5f,
  0x4b, 0x45, 0x52, 0x4e, 0x45, 0x4c, 0x00, 0x77, 0x61, 0x69, 0x74, 0x5f,
  0x6c, 0x69, 0x73, 0x74, 0x00, 0x71, 0x75, 0x6f, 0x74, 0x61, 0x5f, 0x74,
  0x79, 0x70, 0x65, 0x00, 0x73, 0x68, 0x75, 0x74, 0x64, 0x6f, 0x77, 0x6e,
  0x00, 0x64, 0x5f, 0x72, 0x74, 0x5f, 0x73, 0x70, 0x63, 0x5f, 0x74, 0x69,
  0x6d, 0x65, 0x72, 0x00, 0x73, 0x5f, 0x69, 0x6e, 0x63, 0x6f, 0x72, 0x65,
  0x64, 0x71, 0x73, 0x00, 0x69, 0x6f, 0x5f, 0x63, 0x6f, 0x6d, 0x70, 0x5f,
  0x62, 0x61, 0x74, 0x63, 0x68, 0x00, 0x70, 0x6f, 0x6c, 0x6c, 0x5f, 0x74,
  0x61, 0x62, 0x6c, 0x65, 0x5f, 0x73, 0x74, 0x72, 0x75, 0x63, 0x74, 0x00,
  0x70, 0x67, 0x64, 0x5f, 0x74, 0x00, 0x64, 0x61, 0x74, 0x61, 0x5f, 0x76,
  0x6d, 0x00, 0x73, 0x79, 0x6d, 0x5f, 0x5f, 0x5f, 0x6b, 0x65, 0x72, 0x6e,
  0x65, 0x6c, 0x5f, 0x73, 0x69, 0x67, 0x72, 0x65, 0x74, 0x75, 0x72, 0x6e,
  0x00, 0x73, 0x31, 0x36, 0x00, 0x74, 0x6c, 0x62, 0x5f, 0x66, 0x6c, 0x75,
  0x73, 0x68, 0x5f, 0x62, 0x61, 0x74, 0x63, 0x68, 0x65, 0x64, 0x00, 0x78,
  0x6f, 0x6c, 0x5f, 0x61, 0x72, 0x65, 0x61, 0x00, 0x73, 0x77, 0x61, 0x70,
  0x5f, 0x72, 0x65, 0x61, 0x64, 0x61, 0x68, 0x65, 0x61, 0x64, 0x5f, 0x69,
  0x6e, 0x66, 0x6f, 0x00, 0x76, 0x6d, 0x5f, 0x70, 0x6f, 0x6c, 0x69, 0x63,
  0x79, 0x00, 0x75, 0x73, 0x65, 0x72, 0x66, 0x61, 0x75, 0x6c, 0x74, 0x66,
  0x64, 0x5f, 0x63, 0x74, 0x78, 0x00, 0x73, 0x70, 0x6c, 0x69, 0x63, 0x65,
  0x5f, 0x72, 0x65, 0x61, 0x64, 0x00, 0x73, 0x5f, 0x71, 0x75, 0x6f, 0x74,
  0x61, 0x5f, 0x74, 0x79, 0x70, 0x65, 0x73, 0x00, 0x64, 0x71, 0x69, 0x5f,
  0x70, 0x72, 0x69, 0x76, 0x00, 0x66, 0x72, 0x6f, 0x7a, 0x65, 0x6e, 0x00,
  0x77, 0x72, 0x69, 0x74, 0x65, 0x72, 0x00, 0x73, 0x79, 0x73, 0x63, 0x61,
  0x6c, 0x6c, 0x5f, 0x77, 0x6f, 0x72, 0x6b, 0x00, 0x73, 0x75, 0x6d, 0x5f,
  0x65, 0x78, 0x65, 0x63, 0x5f, 0x72, 0x75, 0x6e, 0x74, 0x69, 0x6d, 0x65,
  0x00, 0x75, 0x74, 0x69, 0x6c, 0x5f, 0x65, 0x73, 0x74, 0x00, 0x64, 0x6c,
  0x5f, 0x74, 0x68, 0x72, 0x6f, 0x74, 0x74, 0x6c, 0x65, 0x64, 0x00, 0x62,
  0x74, 0x72, 0x61, 0x63, 0x65, 0x5f, 0x73, 0x65, 0x71, 0x00, 0x73, 0x00,
  0x72, 0x75, 0x6e, 0x5f, 0x64, 0x65, 0x6c, 0x61, 0x79, 0x00, 0x75, 0x61,
  0x64, 0x64, 0x72, 0x00, 0x6f, 0x6c, 0x64, 0x5f, 0x74, 0x69, 0x6d, 0x65,
  0x73, 0x70, 0x65, 0x63, 0x33, 0x32, 0x00, 0x63, 0x68, 0x69, 0x6c, 0x64,
  0x72, 0x65, 0x6e, 0x00, 0x73, 0x65, 0x74, 0x5f, 0x63, 0x68, 0x69, 0x6c,
  0x64, 0x5f, 0x74, 0x69, 0x64, 0x00, 0x67, 0x72, 0x6f, 0x75, 0x70, 0x5f,
  0x65, 0x78, 0x69, 0x74, 0x5f, 0x63, 0x6f, 0x64, 0x65, 0x00, 0x63, 0x70,
  0x75, 0x74, 0x69, 0x6d, 0x65, 0x72, 0x00, 0x72, 0x6c, 0x69, 0x6d, 0x5f,
  0x6d, 0x61, 0x78, 0x00, 0x5f, 0x74, 0x69, 0x64, 0x00, 0x5f, 0x5f, 0x6b,
  0x65, 0x72, 0x6e, 0x65, 0x6c, 0x5f, 0x74, 0x69, 0x6d, 0x65, 0x72, 0x5f,
  0x74, 0x00, 0x5f, 0x70, 0x6b, 0x65, 0x79, 0x00, 0x5f, 0x73, 0x69, 0x67,
  0x73, 0x79, 0x73, 0x00, 0x5f, 0x5f, 0x73, 0x69, 0x66, 0x69, 0x65, 0x6c,
  0x64, 0x73, 0x00, 0x70, 0x65, 0x72, 0x66, 0x5f, 0x65, 0x76, 0x65, 0x6e,
  0x74, 0x5f, 0x63, 0x74, 0x78, 0x70, 0x00, 0x70, 0x72, 0x65, 0x66, 0x5f,
  0x6e, 0x6f, 0x64, 0x65, 0x5f, 0x66, 0x6f, 0x72, 0x6b, 0x00, 0x62, 0x70,
  0x66, 0x5f, 0x63, 0x74, 0x78, 0x00, 0x69, 0x6f, 0x70, 0x6c, 0x5f, 0x77,
  0x61, 0x72, 0x6e, 0x00, 0x73, 0x77, 0x64, 0x00, 0x73, 0x6f, 0x66, 0x74,
  0x00, 0x63, 0x78, 0x00, 0x69, 0x6e, 0x73, 0x6e, 0x6c, 0x65, 0x6e, 0x00,
  0x78, 0x63, 0x6f, 0x6d, 0x70, 0x5f, 0x62, 0x76, 0x00, 0x5f, 0x5f, 0x66,
  0x70, 0x73, 0x74, 0x61, 0x74, 0x65, 0x00, 0x73, 0x63, 0x61, 0x6e, 0x5f,
  0x6f, 0x62, 0x6a, 0x65, 0x63, 0x74, 0x73, 0x00, 0x73, 0x5f, 0x77, 0x62,
  0x5f, 0x65, 0x72, 0x72, 0x00, 0x44, 0x5f, 0x52, 0x45, 0x41, 0x4c, 0x5f,
  0x44, 0x41, 0x54, 0x41, 0x00, 0x6c, 0x6f, 0x63, 0x6b, 0x5f, 0x63, 0x6f,
  0x75, 0x6e, 0x74, 0x00, 0x72, 0x64, 0x65, 0x76, 0x00, 0x69, 0x5f, 0x77,
  0x72, 0x69, 0x74, 0x65, 0x5f, 0x68, 0x69, 0x6e, 0x74, 0x00, 0x66, 0x69,
  0x6c, 0x65, 0x5f, 0x6c, 0x6f, 0x63, 0x6b, 0x5f, 0x63, 0x6f, 0x6e, 0x74,
  0x65, 0x78, 0x74, 0x00, 0x5f, 0x64, 0x65, 0x66, 0x65, 0x72, 0x72, 0x65,
  0x64, 0x5f, 0x6c, 0x69, 0x73, 0x74, 0x00, 0x77, 0x62, 0x5f, 0x65, 0x72,
  0x72, 0x00, 0x6b, 0x65, 0x72, 0x6e, 0x66, 0x73, 0x5f, 0x65, 0x6c, 0x65,
  0x6d, 0x5f, 0x73, 0x79, 0x6d, 0x6c, 0x69, 0x6e, 0x6b, 0x00, 0x73, 0x74,
  0x61, 0x74, 0x65, 0x5f, 0x69, 0x6e, 0x5f, 0x73, 0x79, 0x73, 0x66, 0x73,
  0x00, 0x66, 0x72, 0x65, 0x65, 0x00, 0x73, 0x74, 0x72, 0x69, 0x6e, 0x67,
  0x00, 0x73, 0x72, 0x63, 0x75, 0x5f, 0x73, 0x69, 0x7a, 0x65, 0x5f, 0x73,
  0x74, 0x61, 0x74, 0x65, 0x00, 0x73, 0x74, 0x61, 0x74, 0x69, 0x63, 0x5f,
  0x6b, 0x65, 0x79, 0x5f, 0x6d, 0x6f, 0x64, 0x00, 0x74, 0x72, 0x61, 0x63,
  0x65, 0x5f, 0x62, 0x70, 0x72, 0x69, 0x6e, 0x74, 0x6b, 0x5f, 0x66, 0x6d,
  0x74, 0x5f, 0x73, 0x74, 0x61, 0x72, 0x74, 0x00, 0x75, 0x6e, 0x66, 0x72,
  0x65, 0x65, 0x7a, 0x65, 0x5f, 0x66, 0x73, 0x00, 0x73, 0x68, 0x6f, 0x77,
  0x5f, 0x6f, 0x70, 0x74, 0x69, 0x6f, 0x6e, 0x73, 0x00, 0x55, 0x53, 0x52,
  0x51, 0x55, 0x4f, 0x54, 0x41, 0x00, 0x6b, 0x71, 0x69, 0x64, 0x00, 0x73,
  0x68, 0x72, 0x69, 0x6e, 0x6b, 0x5f, 0x63, 0x6f, 0x6e, 0x74, 0x72, 0x6f,
  0x6c, 0x00, 0x73, 0x5f, 0x72, 0x6f, 0x6f, 0x74, 0x00, 0x72, 0x65, 0x61,
  0x64, 0x00, 0x69, 0x6f, 0x76, 0x65, 0x63, 0x00, 0x70, 0x6f, 0x6c, 0x6c,
  0x00, 0x6d, 0x6d, 0x61, 0x70, 0x00, 0x6d, 0x6d, 0x61, 0x70, 0x5f, 0x63,
  0x6f, 0x6d, 0x70, 0x61, 0x74, 0x5f, 0x6c, 0x65, 0x67, 0x61, 0x63, 0x79,
  0x5f, 0x62, 0x61, 0x73, 0x65, 0x00, 0x63, 0x69, 0x64, 0x00, 0x68, 0x69,
  0x77, 0x61, 0x74, 0x65, 0x72, 0x5f, 0x76, 0x6d, 0x00, 0x73, 0x74, 0x61,
  0x72, 0x74, 0x5f, 0x63, 0x6f, 0x64, 0x65, 0x00, 0x69, 0x6f, 0x63, 0x74,
  0x78, 0x5f, 0x74, 0x61, 0x62, 0x6c, 0x65, 0x00, 0x70, 0x67, 0x70, 0x72,
  0x6f, 0x74, 0x00, 0x76, 0x6d, 0x5f, 0x61, 0x72, 0x65, 0x61, 0x5f, 0x73,
  0x74, 0x72, 0x75, 0x63, 0x74, 0x00, 0x75, 0x73, 0x61, 0x67, 0x65, 0x00,
  0x72, 0x65, 0x66, 0x73, 0x00, 0x72, 0x65, 0x6d, 0x6f, 0x76, 0x65, 0x64,
  0x00, 0x71, 0x75, 0x6f, 0x74, 0x61, 0x5f, 0x69, 0x6e, 0x66, 0x6f, 0x00,
  0x62, 0x61, 0x63, 0x6b, 0x00, 0x64, 0x6c, 0x5f, 0x70, 0x65, 0x72, 0x69,
  0x6f, 0x64, 0x00, 0x64, 0x6c, 0x5f, 0x64, 0x65, 0x66, 0x65, 0x72, 0x5f,
  0x61, 0x72, 0x6d, 0x65, 0x64, 0x00, 0x68, 0x72, 0x74, 0x69, 0x6d, 0x65,
  0x72, 0x5f, 0x72, 0x65, 0x73, 0x74, 0x61, 0x72, 0x74, 0x00, 0x61, 0x63,
  0x74, 0x69, 0x76, 0x65, 0x00, 0x67, 0x65, 0x74, 0x5f, 0x74, 0x69, 0x6d,
  0x65, 0x00, 0x6e, 0x72, 0x5f, 0x77, 0x61, 0x6b, 0x65, 0x75, 0x70, 0x73,
  0x00, 0x72, 0x63, 0x75, 0x5f, 0x74, 0x61, 0x73, 0x6b, 0x73, 0x5f, 0x69,
  0x64, 0x78, 0x00, 0x74, 0x72, 0x63, 0x5f, 0x62, 0x6c, 0x6b, 0x64, 0x5f,
  0x63, 0x70, 0x75, 0x00, 0x6e, 0x61, 0x6e, 0x6f, 0x73, 0x6c, 0x65, 0x65,
  0x70, 0x00, 0x73, 0x68, 0x6d, 0x5f, 0x63, 0x6c, 0x69, 0x73, 0x74, 0x00,
  0x71, 0x75, 0x69, 0x63, 0x6b, 0x5f, 0x74, 0x68, 0x72, 0x65, 0x61, 0x64,
  0x73, 0x00, 0x68, 0x61, 0x73, 0x5f, 0x63, 0x68, 0x69, 0x6c, 0x64, 0x5f,
  0x73, 0x75, 0x62, 0x72, 0x65, 0x61, 0x70, 0x65, 0x72, 0x00, 0x61, 0x63,
  0x5f, 0x6d, 0x61, 0x6a, 0x66, 0x6c, 0x74, 0x00, 0x5f, 0x6c, 0x6f, 0x77,
  0x65, 0x72, 0x00, 0x5f, 0x74, 0x79, 0x70, 0x65, 0x00, 0x6d, 0x65, 0x6d,
  0x73, 0x5f, 0x61, 0x6c, 0x6c, 0x6f, 0x77, 0x65, 0x64, 0x5f, 0x73, 0x65,
  0x71, 0x00, 0x61, 0x72, 0x63, 0x68, 0x00, 0x55, 0x54, 0x41, 0x53, 0x4b,
  0x5f, 0x53, 0x53, 0x54, 0x45, 0x50, 0x5f, 0x54, 0x52, 0x41, 0x50, 0x50,
  0x45, 0x44, 0x00, 0x66, 0x69, 0x78, 0x75, 0x70, 0x73, 0x00, 0x62, 0x70,
  0x66, 0x5f, 0x72, 0x75, 0x6e, 0x5f, 0x63, 0x74, 0x78, 0x00, 0x62, 0x61,
  0x73, 0x65, 0x31, 0x00, 0x74, 0x61, 0x73, 0x6b, 0x5f, 0x73, 0x74, 0x72,
  0x75, 0x63, 0x74, 0x00, 0x73, 0x5f, 0x73, 0x75, 0x62, 0x74, 0x79, 0x70,
  0x65, 0x00, 0x57, 0x52, 0x49, 0x54, 0x45, 0x5f, 0x4c, 0x49, 0x46, 0x45,
  0x5f, 0x4c, 0x4f, 0x4e, 0x47, 0x00, 0x69, 0x5f, 0x77, 0x62, 0x5f, 0x6c,
  0x69, 0x73, 0x74, 0x00, 0x69, 0x5f, 0x66, 0x73, 0x6e, 0x6f, 0x74, 0x69,
  0x66, 0x79, 0x5f, 0x6d, 0x61, 0x73, 0x6b, 0x00, 0x64, 0x69, 0x72, 0x74,
  0x79, 0x5f, 0x66, 0x6f, 0x6c, 0x69, 0x6f, 0x00, 0x63, 0x75, 0x72, 0x72,
  0x65, 0x6e, 0x74, 0x5f, 0x6d, 0x61, 0x79, 0x5f, 0x6d, 0x6f, 0x75, 0x6e,
  0x74, 0x00, 0x6e, 0x65, 0x74, 0x6c, 0x69, 0x6e, 0x6b, 0x5f, 0x6e, 0x73,
  0x00, 0x69, 0x6e, 0x69, 0x74, 0x69, 0x61, 0x6c, 0x5f, 0x6e, 0x73, 0x00,
  0x6d, 0x6d, 0x61, 0x70, 0x70, 0x65, 0x64, 0x00, 0x67, 0x65, 0x74, 0x00,
  0x67, 0x70, 0x6c, 0x5f, 0x73, 0x79, 0x6d, 0x73, 0x00, 0x73, 0x72, 0x63,
  0x75, 0x5f, 0x67, 0x70, 0x5f, 0x73, 0x74, 0x61, 0x72, 0x74, 0x00, 0x65,
  0x6e, 0x74, 0x72, 0x69, 0x65, 0x73, 0x00, 0x6a, 0x75, 0x6d, 0x70, 0x5f,
  0x65, 0x6e, 0x74, 0x72, 0x69, 0x65, 0x73, 0x00, 0x5f, 0x5f, 0x55, 0x4e,
  0x49, 0x51, 0x55, 0x45, 0x5f, 0x49, 0x44, 0x5f, 0x64, 0x65, 0x70, 0x65,
  0x6e, 0x64, 0x73, 0x33, 0x33, 0x39, 0x00, 0x4d, 0x4f, 0x44, 0x55, 0x4c,
  0x45, 0x5f, 0x53, 0x54, 0x41, 0x54, 0x45, 0x5f, 0x55, 0x4e, 0x46, 0x4f,
  0x52, 0x4d, 0x45, 0x44, 0x00, 0x70, 0x61, 0x72, 0x65, 0x6e, 0x74, 0x00,
  0x5f, 0x5f, 0x6b, 0x65, 0x72, 0x6e, 0x65, 0x6c, 0x5f, 0x73, 0x73, 0x69,
  0x7a, 0x65, 0x5f, 0x74, 0x00, 0x69, 0x73, 0x5f, 0x76, 0x69, 0x73, 0x69,
  0x62, 0x6c, 0x65, 0x00, 0x64, 0x5f, 0x66, 0x6c, 0x61, 0x67, 0x73, 0x00,
  0x68, 0x6c, 0x69, 0x73, 0x74, 0x5f, 0x62, 0x6c, 0x5f, 0x6e, 0x6f, 0x64,
  0x65, 0x00, 0x64, 0x5f, 0x72, 0x65, 0x76, 0x61, 0x6c, 0x69, 0x64, 0x61,
  0x74, 0x65, 0x00, 0x73, 0x5f, 0x6c, 0x6f, 0x63, 0x6b, 0x5f, 0x6b, 0x65,
  0x79, 0x00, 0x73, 0x68, 0x6f, 0x77, 0x5f, 0x70, 0x61, 0x74, 0x68, 0x00,
  0x61, 0x74, 0x6f, 0x6d, 0x69, 0x63, 0x36, 0x34, 0x5f, 0x74, 0x00, 0x67,
  0x66, 0x70, 0x5f, 0x74, 0x00, 0x69, 0x5f, 0x73, 0x70, 0x63, 0x5f, 0x74,
  0x69, 0x6d, 0x65, 0x6c, 0x69, 0x6d, 0x69, 0x74, 0x00, 0x66, 0x69, 0x6c,
  0x65, 0x5f, 0x72, 0x65, 0x66, 0x5f, 0x74, 0x00, 0x6c, 0x6c, 0x73, 0x65,
  0x65, 0x6b, 0x00, 0x73, 0x74, 0x61, 0x63, 0x6b, 0x5f, 0x76, 0x6d, 0x00,
  0x61, 0x72, 0x67, 0x5f, 0x6c, 0x6f, 0x63, 0x6b, 0x00, 0x73, 0x79, 0x6d,
  0x5f, 0x5f, 0x5f, 0x6b, 0x65, 0x72, 0x6e, 0x65, 0x6c, 0x5f, 0x72, 0x74,
  0x5f, 0x73, 0x69, 0x67, 0x72, 0x65, 0x74, 0x75, 0x72, 0x6e, 0x00, 0x73,
  0x79, 0x6d, 0x5f, 0x5f, 0x5f, 0x6b, 0x65, 0x72, 0x6e, 0x65, 0x6c, 0x5f,
  0x76, 0x73, 0x79, 0x73, 0x63, 0x61, 0x6c, 0x6c, 0x00, 0x6e, 0x6f, 0x74,
  0x69, 0x66, 0x69, 0x65, 0x72, 0x5f, 0x73, 0x75, 0x62, 0x73, 0x63, 0x72,
  0x69, 0x70, 0x74, 0x69, 0x6f, 0x6e, 0x73, 0x00, 0x64, 0x65, 0x74, 0x61,
  0x63, 0x68, 0x65, 0x64, 0x00, 0x75, 0x73, 0x65, 0x72, 0x00, 0x6b, 0x65,
  0x79, 0x72, 0x69, 0x6e, 0x67, 0x5f, 0x69, 0x6e, 0x64, 0x65, 0x78, 0x5f,
  0x6b, 0x65, 0x79, 0x00, 0x70, 0x61, 0x79, 0x6c, 0x6f, 0x61, 0x64, 0x00,
  0x70, 0x69, 0x64, 0x5f, 0x6e, 0x61, 0x6d, 0x65, 0x73, 0x70, 0x61, 0x63,
  0x65, 0x00, 0x50, 0x49, 0x44, 0x54, 0x59, 0x50, 0x45, 0x5f, 0x50, 0x47,
  0x49, 0x44, 0x00, 0x66, 0x5f, 0x74, 0x61, 0x73, 0x6b, 0x5f, 0x77, 0x6f,
  0x72, 0x6b, 0x00, 0x73, 0x5f, 0x64, 0x71, 0x75, 0x6f, 0x74, 0x00, 0x66,
  0x69, 0x6c, 0x65, 0x73, 0x00, 0x72, 0x65, 0x61, 0x64, 0x5f, 0x63, 0x6f,
  0x75, 0x6e, 0x74, 0x00, 0x73, 0x74, 0x61, 0x74, 0x75, 0x73, 0x00, 0x63,
  0x70, 0x75, 0x00, 0x75, 0x5f, 0x66, 0x6c, 0x61, 0x67, 0x73, 0x00, 0x70,
  0x72, 0x69, 0x6f, 0x00, 0x66, 0x75, 0x6e, 0x63, 0x74, 0x69, 0x6f, 0x6e,
  0x00, 0x62, 0x61, 0x73, 0x65, 0x00, 0x64, 0x6c, 0x5f, 0x73, 0x65, 0x72,
  0x76, 0x65, 0x72, 0x5f, 0x68, 0x61, 0x73, 0x5f, 0x74, 0x61, 0x73, 0x6b,
  0x73, 0x5f, 0x66, 0x00, 0x6e, 0x72, 0x5f, 0x77, 0x61, 0x6b, 0x65, 0x75,
  0x70, 0x73, 0x5f, 0x72, 0x65, 0x6d, 0x6f, 0x74, 0x65, 0x00, 0x74, 0x68,
  0x72, 0x65, 0x61, 0x64, 0x5f, 0x6e, 0x6f, 0x64, 0x65, 0x00, 0x74, 0x61,
  0x73, 0x6b, 0x5f, 0x6c, 0x69, 0x73, 0x74, 0x00, 0x63, 0x6c, 0x65, 0x61,
  0x72, 0x5f, 0x63, 0x68, 0x69, 0x6c, 0x64, 0x5f, 0x74, 0x69, 0x64, 0x00,
  0x77, 0x61, 0x69, 0x74, 0x5f, 0x63, 0x68, 0x6c, 0x64, 0x65, 0x78, 0x69,
  0x74, 0x00, 0x67, 0x72, 0x6f, 0x75, 0x70, 0x5f, 0x73, 0x74, 0x6f, 0x70,
  0x5f, 0x63, 0x6f, 0x75, 0x6e, 0x74, 0x00, 0x69, 0x74, 0x5f, 0x72, 0x65,
  0x61, 0x6c, 0x5f, 0x69, 0x6e, 0x63, 0x72, 0x00, 0x69, 0x6f, 0x61, 0x63,
  0x00, 0x74, 0x61, 0x73, 0x6b, 0x5f, 0x77, 0x6f, 0x72, 0x6b, 0x73, 0x00,
  0x69, 0x6f, 0x70, 0x72, 0x69, 0x6f, 0x00, 0x5f, 0x74, 0x69, 0x6d, 0x65,
  0x72, 0x00, 0x70, 0x65, 0x72, 0x66, 0x5f, 0x65, 0x76, 0x65, 0x6e, 0x74,
  0x5f, 0x6c, 0x69, 0x73, 0x74, 0x00, 0x70, 0x61, 0x67, 0x65, 0x5f, 0x70,
  0x6f, 0x6f, 0x6c, 0x00, 0x75, 0x74, 0x61, 0x73, 0x6b, 0x00, 0x6c, 0x6c,
  0x69, 0x73, 0x74, 0x5f, 0x68, 0x65, 0x61, 0x64, 0x00, 0x6c, 0x00, 0x67,
  0x73, 0x62, 0x61, 0x73, 0x65, 0x00, 0x75, 0x73, 0x65, 0x72, 0x5f, 0x78,
  0x66, 0x65, 0x61, 0x74, 0x75, 0x72, 0x65, 0x73, 0x00, 0x6d, 0x78, 0x63,
  0x73, 0x72, 0x00, 0x77, 0x66, 0x65, 0x00, 0x78, 0x73, 0x61, 0x76, 0x65,
  0x00, 0x64, 0x5f, 0x6d, 0x61, 0x6e, 0x61, 0x67, 0x65, 0x00, 0x70, 0x65,
  0x72, 0x6d, 0x69, 0x73, 0x73, 0x69, 0x6f, 0x6e, 0x00, 0x6d, 0x74, 0x69,
  0x6d, 0x65, 0x00, 0x63, 0x68, 0x61, 0x6e, 0x67, 0x65, 0x5f, 0x63, 0x6f,
  0x6f, 0x6b, 0x69, 0x65, 0x00, 0x69, 0x6e, 0x76, 0x61, 0x6c, 0x69, 0x64,
  0x61, 0x74, 0x65, 0x5f, 0x6c, 0x6f, 0x63, 0x6b, 0x00, 0x6e, 0x72, 0x70,
  0x61, 0x67, 0x65, 0x73, 0x00, 0x5f, 0x68, 0x75, 0x67, 0x65, 0x74, 0x6c,
  0x62, 0x5f, 0x73, 0x75, 0x62, 0x70, 0x6f, 0x6f, 0x6c, 0x00, 0x62, 0x69,
  0x6e, 0x5f, 0x61, 0x74, 0x74, 0x72, 0x73, 0x00, 0x4b, 0x4f, 0x42, 0x4a,
  0x5f, 0x4e, 0x53, 0x5f, 0x54, 0x59, 0x50, 0x45, 0x5f, 0x4e, 0x45, 0x54,
  0x00, 0x73, 0x64, 0x00, 0x70, 0x72, 0x65, 0x61, 0x6c, 0x6c, 0x6f, 0x63,
  0x5f, 0x6d, 0x75, 0x74, 0x65, 0x78, 0x00, 0x6d, 0x61, 0x78, 0x00, 0x6b,
  0x70, 0x61, 0x72, 0x61, 0x6d, 0x5f, 0x61, 0x72, 0x72, 0x61, 0x79, 0x00,
  0x6e, 0x75, 0x6d, 0x5f, 0x65, 0x78, 0x65, 0x6e, 0x74, 0x72, 0x69, 0x65,
  0x73, 0x00, 0x66, 0x69, 0x78, 0x75, 0x70, 0x00, 0x73, 0x74, 0x5f, 0x69,
  0x6e, 0x66, 0x6f, 0x00, 0x74, 0x69, 0x6d, 0x65, 0x72, 0x00, 0x6a, 0x75,
  0x6d, 0x70, 0x5f, 0x65, 0x6e, 0x74, 0x72, 0x79, 0x00, 0x74, 0x72, 0x61,
  0x63, 0x65, 0x70, 0x6f, 0x69, 0x6e, 0x74, 0x5f, 0x66, 0x75, 0x6e, 0x63,
  0x00, 0x6c, 0x6f, 0x63, 0x6b, 0x65, 0x64, 0x00, 0x75, 0x65, 0x76, 0x65,
  0x6e, 0x74, 0x5f, 0x6f, 0x70, 0x73, 0x00, 0x6d, 0x75, 0x74, 0x65, 0x78,
  0x00, 0x64, 0x71, 0x5f, 0x6f, 0x66, 0x66, 0x00, 0x64, 0x71, 0x62, 0x5f,
  0x62, 0x74, 0x69, 0x6d, 0x65, 0x00, 0x64, 0x71, 0x75, 0x6f, 0x74, 0x00,
  0x67, 0x66, 0x70, 0x5f, 0x6d, 0x61, 0x73, 0x6b, 0x00, 0x64, 0x65, 0x6e,
  0x74, 0x72, 0x79, 0x00, 0x69, 0x6e, 0x6f, 0x00, 0x73, 0x5f, 0x78, 0x61,
  0x74, 0x74, 0x72, 0x00, 0x62, 0x69, 0x6f, 0x5f, 0x76, 0x65, 0x63, 0x00,
  0x73, 0x68, 0x6f, 0x72, 0x74, 0x00, 0x69, 0x6f, 0x63, 0x74, 0x78, 0x5f,
  0x6c, 0x6f, 0x63, 0x6b, 0x00, 0x75, 0x70, 0x72, 0x6f, 0x62, 0x65, 0x73,
  0x5f, 0x73, 0x74, 0x61, 0x74, 0x65, 0x00, 0x63, 0x61, 0x70, 0x5f, 0x69,
  0x6e, 0x68, 0x65, 0x72, 0x69, 0x74, 0x61, 0x62, 0x6c, 0x65, 0x00, 0x69,
  0x6e, 0x64, 0x65, 0x78, 0x5f, 0x6b, 0x65, 0x79, 0x00, 0x64, 0x65, 0x73,
  0x63, 0x00, 0x66, 0x5f, 0x6c, 0x6c, 0x69, 0x73, 0x74, 0x00, 0x6d, 0x74,
  0x64, 0x5f, 0x69, 0x6e, 0x66, 0x6f, 0x00, 0x72, 0x75, 0x6e, 0x5f, 0x6e,
  0x6f, 0x64, 0x65, 0x00, 0x73, 0x63, 0x68, 0x65, 0x64, 0x5f, 0x64, 0x65,
  0x6c, 0x61, 0x79, 0x65, 0x64, 0x00, 0x65, 0x78, 0x65, 0x63, 0x5f, 0x73,
  0x74, 0x61, 0x72, 0x74, 0x00, 0x61, 0x63, 0x74, 0x69, 0x76, 0x65, 0x5f,
  0x62, 0x61, 0x73, 0x65, 0x73, 0x00, 0x63, 0x6c, 0x6f, 0x63, 0x6b, 0x69,
  0x64, 0x00, 0x72, 0x71, 0x00, 0x73, 0x65, 0x72, 0x76, 0x65, 0x72, 0x5f,
  0x70, 0x69, 0x63, 0x6b, 0x5f, 0x74, 0x61, 0x73, 0x6b, 0x00, 0x73, 0x63,
  0x68, 0x65, 0x64, 0x5f, 0x69, 0x6e, 0x66, 0x6f, 0x00, 0x69, 0x73, 0x5f,
  0x63, 0x68, 0x69, 0x6c, 0x64, 0x5f, 0x73, 0x75, 0x62, 0x72, 0x65, 0x61,
  0x70, 0x65, 0x72, 0x00, 0x63, 0x75, 0x74, 0x69, 0x6d, 0x65, 0x00, 0x74,
  0x61, 0x73, 0x6b, 0x5f, 0x69, 0x6f, 0x5f, 0x61, 0x63, 0x63, 0x6f, 0x75,
  0x6e, 0x74, 0x69, 0x6e, 0x67, 0x00, 0x61, 0x63, 0x5f, 0x66, 0x6c, 0x61,
  0x67, 0x00, 0x61, 0x63, 0x5f, 0x73, 0x74, 0x69, 0x6d, 0x65, 0x00, 0x73,
  0x69, 0x67, 0x6e, 0x61, 0x6c, 0x5f, 0x73, 0x74, 0x72, 0x75, 0x63, 0x74,
  0x00, 0x5f, 0x5f, 0x73, 0x69, 0x67, 0x72, 0x65, 0x73, 0x74, 0x6f, 0x72,
  0x65, 0x5f, 0x74, 0x00, 0x73, 0x65, 0x73, 0x73, 0x69, 0x6f, 0x6e, 0x69,
  0x64, 0x00, 0x62, 0x69, 0x6f, 0x5f, 0x6c, 0x69, 0x73, 0x74, 0x00, 0x5f,
  0x73, 0x69, 0x67, 0x76, 0x61, 0x6c, 0x00, 0x5f, 0x73, 0x69, 0x67, 0x63,
  0x68, 0x6c, 0x64, 0x00, 0x70, 0x61, 0x67, 0x65, 0x00, 0x48, 0x50, 0x52,
  0x4f, 0x42, 0x45, 0x5f, 0x47, 0x4f, 0x4e, 0x45, 0x00, 0x48, 0x50, 0x52,
  0x4f, 0x42, 0x45, 0x5f, 0x43, 0x4f, 0x4e, 0x53, 0x55, 0x4d, 0x45, 0x44,
  0x00, 0x61, 0x76, 0x6c, 0x00, 0x70, 0x65, 0x72, 0x66, 0x5f, 0x65, 0x76,
  0x65, 0x6e, 0x74, 0x00, 0x66, 0x70, 0x75, 0x5f, 0x73, 0x74, 0x61, 0x74,
  0x65, 0x5f, 0x70, 0x65, 0x72, 0x6d, 0x00, 0x73, 0x5f, 0x72, 0x65, 0x6d,
  0x6f, 0x76, 0x65, 0x5f, 0x63, 0x6f, 0x75, 0x6e, 0x74, 0x00, 0x73, 0x5f,
  0x64, 0x69, 0x6f, 0x5f, 0x64, 0x6f, 0x6e, 0x65, 0x5f, 0x77, 0x71, 0x00,
  0x64, 0x65, 0x73, 0x74, 0x72, 0x6f, 0x79, 0x5f, 0x77, 0x6f, 0x72, 0x6b,
  0x00, 0x69, 0x5f, 0x72, 0x63, 0x75, 0x00, 0x69, 0x5f, 0x70, 0x69, 0x70,
  0x65, 0x00, 0x5f, 0x68, 0x65, 0x61, 0x64, 0x5f, 0x31, 0x00, 0x4d, 0x49,
  0x47, 0x52, 0x41, 0x54, 0x45, 0x5f, 0x53, 0x59, 0x4e, 0x43, 0x5f, 0x4c,
  0x49, 0x47, 0x48, 0x54, 0x00, 0x6e, 0x61, 0x6d, 0x65, 0x73, 0x70, 0x61,
  0x63, 0x65, 0x00, 0x6b, 0x65, 0x72, 0x6e, 0x66, 0x73, 0x5f, 0x6f, 0x70,
  0x65, 0x6e, 0x5f, 0x66, 0x69, 0x6c, 0x65, 0x00, 0x6b, 0x65, 0x72, 0x6e,
  0x66, 0x73, 0x5f, 0x6f, 0x70, 0x73, 0x00, 0x73, 0x74, 0x5f, 0x6e, 0x61,
  0x6d, 0x65, 0x00, 0x45, 0x6c, 0x66, 0x36, 0x34, 0x5f, 0x58, 0x77, 0x6f,
  0x72, 0x64, 0x00, 0x73, 0x72, 0x63, 0x75, 0x5f, 0x6c, 0x61, 0x73, 0x74,
  0x5f, 0x67, 0x70, 0x5f, 0x65, 0x6e, 0x64, 0x00, 0x73, 0x72, 0x63, 0x75,
  0x5f, 0x6e, 0x5f, 0x6c, 0x6f, 0x63, 0x6b, 0x5f, 0x72, 0x65, 0x74, 0x72,
  0x69, 0x65, 0x73, 0x00, 0x74, 0x72, 0x61, 0x63, 0x65, 0x5f, 0x65, 0x76,
  0x65, 0x6e, 0x74, 0x73, 0x00, 0x73, 0x6f, 0x75, 0x72, 0x63, 0x65, 0x5f,
  0x6c, 0x69, 0x73, 0x74, 0x00, 0x6e, 0x5f, 0x64, 0x65, 0x73, 0x63, 0x73,
  0x7a, 0x00, 0x5f, 0x64, 0x65, 0x73, 0x63, 0x00, 0x73, 0x68, 0x6f, 0x77,
  0x00, 0x70, 0x70, 0x72, 0x65, 0x76, 0x00, 0x6b, 0x69, 0x6c, 0x6c, 0x5f,
  0x73, 0x62, 0x00, 0x64, 0x72, 0x6f, 0x70, 0x5f, 0x69, 0x6e, 0x6f, 0x64,
  0x65, 0x00, 0x6d, 0x65, 0x6d, 0x5f, 0x63, 0x67, 0x72, 0x6f, 0x75, 0x70,
  0x00, 0x69, 0x5f, 0x69, 0x6e, 0x6f, 0x5f, 0x77, 0x61, 0x72, 0x6e, 0x6c,
  0x69, 0x6d, 0x69, 0x74, 0x00, 0x67, 0x65, 0x74, 0x5f, 0x73, 0x74, 0x61,
  0x74, 0x65, 0x00, 0x78, 0x61, 0x5f, 0x66, 0x6c, 0x61, 0x67, 0x73, 0x00,
  0x75, 0x62, 0x75, 0x66, 0x00, 0x6d, 0x61, 0x5f, 0x66, 0x6c, 0x61, 0x67,
  0x73, 0x00, 0x6d, 0x6d, 0x61, 0x70, 0x5f, 0x6c, 0x65, 0x67, 0x61, 0x63,
  0x79, 0x5f, 0x62, 0x61, 0x73, 0x65, 0x00, 0x66, 0x5f, 0x63, 0x72, 0x65,
  0x64, 0x00, 0x75, 0x69, 0x6e, 0x74, 0x33, 0x32, 0x5f, 0x74, 0x00, 0x6b,
  0x65, 0x79, 0x5f, 0x74, 0x61, 0x67, 0x00, 0x68, 0x65, 0x61, 0x64, 0x00,
  0x75, 0x70, 0x69, 0x64, 0x00, 0x66, 0x72, 0x65, 0x65, 0x5f, 0x66, 0x69,
  0x6c, 0x65, 0x5f, 0x69, 0x6e, 0x66, 0x6f, 0x00, 0x72, 0x65, 0x6c, 0x65,
  0x61, 0x73, 0x65, 0x5f, 0x64, 0x71, 0x62, 0x6c, 0x6b, 0x00, 0x63, 0x62,
  0x5f, 0x68, 0x65, 0x61, 0x64, 0x00, 0x5f, 0x5f, 0x73, 0x74, 0x61, 0x74,
  0x65, 0x00, 0x5f, 0x5f, 0x63, 0x61, 0x6c, 0x6c, 0x5f, 0x73, 0x69, 0x6e,
  0x67, 0x6c, 0x65, 0x5f, 0x6e, 0x6f, 0x64, 0x65, 0x00, 0x77, 0x61, 0x6b,
  0x65, 0x5f, 0x63, 0x70, 0x75, 0x00, 0x73, 0x74, 0x61, 0x74, 0x69, 0x63,
  0x5f, 0x70, 0x72, 0x69, 0x6f, 0x00, 0x64, 0x6c, 0x5f, 0x62, 0x77, 0x00,
  0x72, 0x62, 0x5f, 0x6c, 0x65, 0x66, 0x74, 0x6d, 0x6f, 0x73, 0x74, 0x00,
  0x70, 0x65, 0x72, 0x73, 0x6f, 0x6e, 0x61, 0x6c, 0x69, 0x74, 0x79, 0x00,
  0x70, 0x61, 0x73, 0x69, 0x64, 0x5f, 0x61, 0x63, 0x74, 0x69, 0x76, 0x61,
  0x74, 0x65, 0x64, 0x00, 0x54, 0x54, 0x5f, 0x4e, 0x41, 0x54, 0x49, 0x56,
  0x45, 0x00, 0x74, 0x69, 0x6d, 0x65, 0x73, 0x70, 0x65, 0x63, 0x5f, 0x74,
  0x79, 0x70, 0x65, 0x00, 0x74, 0x67, 0x69, 0x64, 0x00, 0x77, 0x61, 0x69,
  0x74, 0x00, 0x75, 0x74, 0x69, 0x6d, 0x65, 0x00, 0x72, 0x65, 0x61, 0x6c,
  0x5f, 0x63, 0x72, 0x65, 0x64, 0x00, 0x75, 0x6e, 0x64, 0x6f, 0x5f, 0x6c,
  0x69, 0x73, 0x74, 0x00, 0x70, 0x6f, 0x73, 0x69, 0x78, 0x5f, 0x74, 0x69,
  0x6d, 0x65, 0x72, 0x73, 0x00, 0x69, 0x6e, 0x62, 0x6c, 0x6f, 0x63, 0x6b,
  0x00, 0x6f, 0x75, 0x62, 0x6c, 0x6f, 0x63, 0x6b, 0x00, 0x61, 0x75, 0x64,
  0x69, 0x74, 0x5f, 0x74, 0x74, 0x79, 0x00, 0x73, 0x61, 0x73, 0x5f, 0x73,
  0x73, 0x5f, 0x66, 0x6c, 0x61, 0x67, 0x73, 0x00, 0x73, 0x69, 0x5f, 0x73,
  0x69, 0x67, 0x6e, 0x6f, 0x00, 0x73, 0x69, 0x5f, 0x65, 0x72, 0x72, 0x6e,
  0x6f, 0x00, 0x5f, 0x75, 0x74, 0x69, 0x6d, 0x65, 0x00, 0x5f, 0x62, 0x61,
  0x6e, 0x64, 0x00, 0x75, 0x70, 0x72, 0x6f, 0x62, 0x65, 0x00, 0x73, 0x61,
  0x76, 0x65, 0x64, 0x5f, 0x73, 0x63, 0x72, 0x61, 0x74, 0x63, 0x68, 0x5f,
  0x72, 0x65, 0x67, 0x69, 0x73, 0x74, 0x65, 0x72, 0x00, 0x69, 0x6e, 0x5f,
  0x75, 0x73, 0x65, 0x00, 0x6c, 0x6d, 0x00, 0x72, 0x65, 0x73, 0x65, 0x72,
  0x76, 0x65, 0x64, 0x00, 0x5f, 0x5f, 0x73, 0x74, 0x61, 0x74, 0x65, 0x5f,
  0x70, 0x65, 0x72, 0x6d, 0x00, 0x5f, 0x5f, 0x75, 0x73, 0x65, 0x72, 0x5f,
  0x73, 0x74, 0x61, 0x74, 0x65, 0x5f, 0x73, 0x69, 0x7a, 0x65, 0x00, 0x6c,
  0x69, 0x73, 0x74, 0x5f, 0x6c, 0x72, 0x75, 0x00, 0x73, 0x5f, 0x73, 0x79,
  0x6e, 0x63, 0x5f, 0x6c, 0x6f, 0x63, 0x6b, 0x00, 0x67, 0x65, 0x74, 0x5f,
  0x69, 0x6e, 0x6f, 0x64, 0x65, 0x5f, 0x61, 0x63, 0x6c, 0x00, 0x72, 0x65,
  0x61, 0x64, 0x6c, 0x69, 0x6e, 0x6b, 0x00, 0x69, 0x61, 0x5f, 0x76, 0x61,
  0x6c, 0x69, 0x64, 0x00, 0x62, 0x6c, 0x6b, 0x73, 0x69, 0x7a, 0x65, 0x00,
  0x61, 0x74, 0x6f, 0x6d, 0x69, 0x63, 0x5f, 0x77, 0x72, 0x69, 0x74, 0x65,
  0x5f, 0x73, 0x65, 0x67, 0x6d, 0x65, 0x6e, 0x74, 0x73, 0x5f, 0x6d, 0x61,
  0x78, 0x00, 0x6f, 0x66, 0x66, 0x73, 0x65, 0x74, 0x5f, 0x63, 0x74, 0x78,
  0x00, 0x69, 0x5f, 0x63, 0x74, 0x69, 0x6d, 0x65, 0x5f, 0x6e, 0x73, 0x65,
  0x63, 0x00, 0x57, 0x52, 0x49, 0x54, 0x45, 0x5f, 0x4c, 0x49, 0x46, 0x45,
  0x5f, 0x4e, 0x4f, 0x4e, 0x45, 0x00, 0x69, 0x5f, 0x6c, 0x72, 0x75, 0x00,
  0x69, 0x5f, 0x64, 0x61, 0x74, 0x61, 0x00, 0x69, 0x5f, 0x64, 0x69, 0x72,
  0x5f, 0x73, 0x65, 0x71, 0x00, 0x5f, 0x6e, 0x72, 0x5f, 0x70, 0x61, 0x67,
  0x65, 0x73, 0x5f, 0x6d, 0x61, 0x70, 0x70, 0x65, 0x64, 0x00, 0x6c, 0x61,
  0x75, 0x6e, 0x64, 0x65, 0x72, 0x5f, 0x66, 0x6f, 0x6c, 0x69, 0x6f, 0x00,
  0x6e, 0x6f, 0x74, 0x69, 0x66, 0x79, 0x5f, 0x6e, 0x65, 0x78, 0x74, 0x00,
  0x73, 0x74, 0x61, 0x74, 0x65, 0x5f, 0x72, 0x65, 0x6d, 0x6f, 0x76, 0x65,
  0x5f, 0x75, 0x65, 0x76, 0x65, 0x6e, 0x74, 0x5f, 0x73, 0x65, 0x6e, 0x74,
  0x00, 0x6b, 0x65, 0x72, 0x6e, 0x65, 0x6c, 0x5f, 0x70, 0x61, 0x72, 0x61,
  0x6d, 0x5f, 0x6f, 0x70, 0x73, 0x00, 0x6e, 0x75, 0x6d, 0x5f, 0x6f, 0x72,
  0x63, 0x73, 0x00, 0x73, 0x72, 0x63, 0x75, 0x5f, 0x75, 0x6e, 0x6c, 0x6f,
  0x63, 0x6b, 0x5f, 0x63, 0x6f, 0x75, 0x6e, 0x74, 0x00, 0x73, 0x73, 0x70,
  0x00, 0x73, 0x72, 0x63, 0x75, 0x5f, 0x73, 0x75, 0x70, 0x00, 0x63, 0x6c,
  0x61, 0x6e, 0x67, 0x20, 0x76, 0x65, 0x72, 0x73, 0x69, 0x6f, 0x6e, 0x20,
  0x31, 0x39, 0x2e, 0x31, 0x2e, 0x37, 0x00, 0x73, 0x74, 0x6f, 0x72, 0x65,
  0x00, 0x75, 0x69, 0x64, 0x5f, 0x74, 0x00, 0x6b, 0x67, 0x69, 0x64, 0x5f,
  0x74, 0x00, 0x64, 0x5f, 0x64, 0x6e, 0x61, 0x6d, 0x65, 0x00, 0x61, 0x6c,
  0x6c, 0x6f, 0x63, 0x5f, 0x69, 0x6e, 0x6f, 0x64, 0x65, 0x00, 0x61, 0x74,
  0x6f, 0x6d, 0x69, 0x63, 0x5f, 0x6c, 0x6f, 0x6e, 0x67, 0x5f, 0x74, 0x00,
  0x70, 0x72, 0x6f, 0x6a, 0x69, 0x64, 0x5f, 0x74, 0x00, 0x6d, 0x61, 0x72,
  0x6b, 0x5f, 0x64, 0x69, 0x72, 0x74, 0x79, 0x00, 0x77, 0x72, 0x69, 0x74,
  0x65, 0x5f, 0x69, 0x6e, 0x66, 0x6f, 0x00, 0x69, 0x5f, 0x73, 0x70, 0x63,
  0x5f, 0x77, 0x61, 0x72, 0x6e, 0x6c, 0x69, 0x6d, 0x69, 0x74, 0x00, 0x65,
  0x78, 0x70, 0x6f, 0x72, 0x74, 0x5f, 0x6f, 0x70, 0x65, 0x72, 0x61, 0x74,
  0x69, 0x6f, 0x6e, 0x73, 0x00, 0x68, 0x6c, 0x69, 0x73, 0x74, 0x5f, 0x62,
  0x6c, 0x5f, 0x68, 0x65, 0x61, 0x64, 0x00, 0x66, 0x5f, 0x6d, 0x6f, 0x64,
  0x65, 0x00, 0x6b, 0x69, 0x5f, 0x66, 0x69, 0x6c, 0x70, 0x00, 0x6d, 0x6d,
  0x5f, 0x63, 0x69, 0x64, 0x5f, 0x6e, 0x65, 0x78, 0x74, 0x5f, 0x73, 0x63,
  0x61, 0x6e, 0x00, 0x6c, 0x6f, 0x63, 0x6b, 0x00, 0x61, 0x6c, 0x74, 0x5f,
  0x6c, 0x65, 0x6e, 0x00, 0x63, 0x70, 0x75, 0x5f, 0x62, 0x69, 0x74, 0x6d,
  0x61, 0x70, 0x00, 0x76, 0x6d, 0x61, 0x5f, 0x6c, 0x6f, 0x63, 0x6b, 0x00,
  0x66, 0x6c, 0x6f, 0x63, 0x6b, 0x00, 0x6a, 0x69, 0x74, 0x5f, 0x6b, 0x65,
  0x79, 0x72, 0x69, 0x6e, 0x67, 0x00, 0x67, 0x72, 0x61, 0x76, 0x65, 0x79,
  0x61, 0x72, 0x64, 0x5f, 0x6c, 0x69, 0x6e, 0x6b, 0x00, 0x62, 0x65, 0x67,
  0x69, 0x6e, 0x00, 0x5f, 0x5f, 0x6c, 0x73, 0x74, 0x61, 0x74, 0x65, 0x00,
  0x6e, 0x72, 0x00, 0x50, 0x49, 0x44, 0x54, 0x59, 0x50, 0x45, 0x5f, 0x50,
  0x49, 0x44, 0x00, 0x71, 0x66, 0x5f, 0x6e, 0x65, 0x78, 0x74, 0x00, 0x74,
  0x68, 0x72, 0x65, 0x61, 0x64, 0x5f, 0x69, 0x6e, 0x66, 0x6f, 0x00, 0x73,
  0x72, 0x63, 0x00, 0x73, 0x63, 0x68, 0x65, 0x64, 0x5f, 0x72, 0x74, 0x5f,
  0x65, 0x6e, 0x74, 0x69, 0x74, 0x79, 0x00, 0x64, 0x6c, 0x5f, 0x79, 0x69,
  0x65, 0x6c, 0x64, 0x65, 0x64, 0x00, 0x63, 0x6c, 0x6f, 0x63, 0x6b, 0x69,
  0x64, 0x5f, 0x74, 0x00, 0x73, 0x65, 0x71, 0x00, 0x73, 0x63, 0x68, 0x65,
  0x64, 0x5f, 0x64, 0x6c, 0x5f, 0x65, 0x6e, 0x74, 0x69, 0x74, 0x79, 0x00,
  0x72, 0x63, 0x75, 0x5f, 0x72, 0x65, 0x61, 0x64, 0x5f, 0x75, 0x6e, 0x6c,
  0x6f, 0x63, 0x6b, 0x5f, 0x73, 0x70, 0x65, 0x63, 0x69, 0x61, 0x6c, 0x00,
  0x72, 0x63, 0x75, 0x5f, 0x6e, 0x6f, 0x64, 0x65, 0x5f, 0x65, 0x6e, 0x74,
  0x72, 0x79, 0x00, 0x70, 0x75, 0x73, 0x68, 0x61, 0x62, 0x6c, 0x65, 0x5f,
  0x74, 0x61, 0x73, 0x6b, 0x73, 0x00, 0x6a, 0x6f, 0x62, 0x63, 0x74, 0x6c,
  0x00, 0x5f, 0x5f, 0x6b, 0x65, 0x72, 0x6e, 0x65, 0x6c, 0x5f, 0x74, 0x69,
  0x6d, 0x65, 0x36, 0x34, 0x5f, 0x74, 0x00, 0x63, 0x6f, 0x6d, 0x70, 0x6c,
  0x65, 0x74, 0x69, 0x6f, 0x6e, 0x00, 0x70, 0x6f, 0x73, 0x69, 0x78, 0x5f,
  0x63, 0x70, 0x75, 0x74, 0x69, 0x6d, 0x65, 0x72, 0x5f, 0x62, 0x61, 0x73,
  0x65, 0x00, 0x73, 0x79, 0x73, 0x76, 0x5f, 0x73, 0x68, 0x6d, 0x00, 0x72,
  0x6c, 0x69, 0x6d, 0x69, 0x74, 0x00, 0x73, 0x69, 0x67, 0x68, 0x61, 0x6e,
  0x64, 0x00, 0x72, 0x65, 0x61, 0x6c, 0x5f, 0x62, 0x6c, 0x6f, 0x63, 0x6b,
  0x65, 0x64, 0x00, 0x73, 0x69, 0x76, 0x61, 0x6c, 0x5f, 0x70, 0x74, 0x72,
  0x00, 0x6c, 0x69, 0x73, 0x74, 0x5f, 0x6f, 0x70, 0x5f, 0x70, 0x65, 0x6e,
  0x64, 0x69, 0x6e, 0x67, 0x00, 0x70, 0x70, 0x00, 0x70, 0x70, 0x5f, 0x72,
  0x65, 0x66, 0x5f, 0x63, 0x6f, 0x75, 0x6e, 0x74, 0x00, 0x6e, 0x72, 0x5f,
  0x64, 0x69, 0x72, 0x74, 0x69, 0x65, 0x64, 0x5f, 0x70, 0x61, 0x75, 0x73,
  0x65, 0x00, 0x6f, 0x66, 0x66, 0x73, 0x00, 0x6b, 0x72, 0x65, 0x74, 0x70,
  0x72, 0x6f, 0x62, 0x65, 0x5f, 0x69, 0x6e, 0x73, 0x74, 0x61, 0x6e, 0x63,
  0x65, 0x73, 0x00, 0x62, 0x61, 0x73, 0x65, 0x30, 0x00, 0x70, 0x74, 0x72,
  0x61, 0x63, 0x65, 0x5f, 0x62, 0x70, 0x73, 0x00, 0x73, 0x6c, 0x00, 0x73,
  0x5f, 0x75, 0x75, 0x69, 0x64, 0x00, 0x73, 0x5f, 0x76, 0x66, 0x73, 0x5f,
  0x72, 0x65, 0x6e, 0x61, 0x6d, 0x65, 0x5f, 0x6d, 0x75, 0x74, 0x65, 0x78,
  0x00, 0x73, 0x65, 0x65, 0x6b, 0x73, 0x00, 0x64, 0x5f, 0x74, 0x69, 0x6d,
  0x65, 0x00, 0x61, 0x74, 0x6f, 0x6d, 0x69, 0x63, 0x5f, 0x77, 0x72, 0x69,
  0x74, 0x65, 0x5f, 0x75, 0x6e, 0x69, 0x74, 0x5f, 0x6d, 0x69, 0x6e, 0x00,
  0x69, 0x5f, 0x6d, 0x74, 0x69, 0x6d, 0x65, 0x5f, 0x73, 0x65, 0x63, 0x00,
  0x69, 0x5f, 0x6d, 0x74, 0x69, 0x6d, 0x65, 0x5f, 0x6e, 0x73, 0x65, 0x63,
  0x00, 0x57, 0x52, 0x49, 0x54, 0x45, 0x5f, 0x4c, 0x49, 0x46, 0x45, 0x5f,
  0x4d, 0x45, 0x44, 0x49, 0x55, 0x4d, 0x00, 0x5f, 0x68, 0x75, 0x67, 0x65,
  0x74, 0x6c, 0x62, 0x5f, 0x63, 0x67, 0x72, 0x6f, 0x75, 0x70, 0x5f, 0x72,
  0x73, 0x76, 0x64, 0x00, 0x5f, 0x66, 0x6c, 0x61, 0x67, 0x73, 0x5f, 0x32,
  0x61, 0x00, 0x72, 0x65, 0x61, 0x64, 0x61, 0x68, 0x65, 0x61, 0x64, 0x00,
  0x6d, 0x69, 0x67, 0x72, 0x61, 0x74, 0x65, 0x5f, 0x66, 0x6f, 0x6c, 0x69,
  0x6f, 0x00, 0x5f, 0x5f, 0x73, 0x38, 0x00, 0x62, 0x75, 0x67, 0x5f, 0x6c,
  0x69, 0x73, 0x74, 0x00, 0x65, 0x6c, 0x66, 0x36, 0x34, 0x5f, 0x73, 0x79,
  0x6d, 0x00, 0x73, 0x72, 0x63, 0x75, 0x5f, 0x64, 0x61, 0x74, 0x61, 0x5f,
  0x68, 0x61, 0x76, 0x65, 0x5f, 0x63, 0x62, 0x73, 0x00, 0x6c, 0x6f, 0x63,
  0x6b, 0x64, 0x65, 0x70, 0x5f, 0x6d, 0x61, 0x70, 0x00, 0x73, 0x72, 0x63,
  0x75, 0x5f, 0x63, 0x62, 0x5f, 0x6d, 0x75, 0x74, 0x65, 0x78, 0x00, 0x6e,
  0x75, 0x6d, 0x5f, 0x74, 0x72, 0x61, 0x63, 0x65, 0x5f, 0x65, 0x76, 0x65,
  0x6e, 0x74, 0x73, 0x00, 0x75, 0x6e, 0x73, 0x69, 0x67, 0x6e, 0x65, 0x64,
  0x20, 0x63, 0x68, 0x61, 0x72, 0x00, 0x73, 0x70, 0x69, 0x6e, 0x6c, 0x6f,
  0x63, 0x6b, 0x5f, 0x74, 0x00, 0x66, 0x69, 0x6c, 0x74, 0x65, 0x72, 0x00,
  0x64, 0x5f, 0x70, 0x61, 0x72, 0x65, 0x6e, 0x74, 0x00, 0x73, 0x5f, 0x74,
  0x79, 0x70, 0x65, 0x00, 0x73, 0x5f, 0x75, 0x6d, 0x6f, 0x75, 0x6e, 0x74,
  0x5f, 0x6b, 0x65, 0x79, 0x00, 0x73, 0x74, 0x61, 0x74, 0x66, 0x73, 0x00,
  0x71, 0x75, 0x6f, 0x74, 0x61, 0x5f, 0x6f, 0x66, 0x66, 0x00, 0x69, 0x5f,
  0x69, 0x6e, 0x6f, 0x5f, 0x74, 0x69, 0x6d, 0x65, 0x6c, 0x69, 0x6d, 0x69,
  0x74, 0x00, 0x67, 0x65, 0x74, 0x5f, 0x6e, 0x65, 0x78, 0x74, 0x64, 0x71,
  0x62, 0x6c, 0x6b, 0x00, 0x71, 0x63, 0x5f, 0x73, 0x74, 0x61, 0x74, 0x65,
  0x00, 0x73, 0x5f, 0x62, 0x64, 0x65, 0x76, 0x5f, 0x66, 0x69, 0x6c, 0x65,
  0x00, 0x66, 0x6f, 0x70, 0x5f, 0x66, 0x6c, 0x61, 0x67, 0x73, 0x5f, 0x74,
  0x00, 0x6d, 0x61, 0x5f, 0x6c, 0x6f, 0x63, 0x6b, 0x00, 0x6c, 0x6f, 0x63,
  0x6b, 0x64, 0x65, 0x70, 0x5f, 0x6d, 0x61, 0x70, 0x5f, 0x70, 0x00, 0x6e,
  0x72, 0x5f, 0x63, 0x70, 0x75, 0x73, 0x5f, 0x61, 0x6c, 0x6c, 0x6f, 0x77,
  0x65, 0x64, 0x00, 0x6c, 0x64, 0x74, 0x5f, 0x73, 0x74, 0x72, 0x75, 0x63,
  0x74, 0x00, 0x65, 0x78, 0x74, 0x61, 0x62, 0x6c, 0x65, 0x5f, 0x6c, 0x65,
  0x6e, 0x00, 0x72, 0x62, 0x00, 0x76, 0x6d, 0x5f, 0x6f, 0x70, 0x73, 0x00,
  0x73, 0x65, 0x63, 0x75, 0x72, 0x65, 0x62, 0x69, 0x74, 0x73, 0x00, 0x63,
  0x61, 0x70, 0x5f, 0x65, 0x66, 0x66, 0x65, 0x63, 0x74, 0x69, 0x76, 0x65,
  0x00, 0x63, 0x61, 0x70, 0x5f, 0x62, 0x73, 0x65, 0x74, 0x00, 0x72, 0x63,
  0x75, 0x00, 0x6b, 0x65, 0x79, 0x5f, 0x72, 0x65, 0x73, 0x74, 0x72, 0x69,
  0x63, 0x74, 0x69, 0x6f, 0x6e, 0x00, 0x66, 0x5f, 0x70, 0x69, 0x70, 0x65,
  0x00, 0x6e, 0x73, 0x00, 0x72, 0x65, 0x61, 0x64, 0x5f, 0x66, 0x69, 0x6c,
  0x65, 0x5f, 0x69, 0x6e, 0x66, 0x6f, 0x00, 0x6e, 0x6f, 0x72, 0x6d, 0x61,
  0x6c, 0x5f, 0x70, 0x72, 0x69, 0x6f, 0x00, 0x69, 0x6e, 0x76, 0x5f, 0x77,
  0x65, 0x69, 0x67, 0x68, 0x74, 0x00, 0x72, 0x74, 0x00, 0x5f, 0x73, 0x6f,
  0x66, 0x74, 0x65, 0x78, 0x70, 0x69, 0x72, 0x65, 0x73, 0x00, 0x73, 0x65,
  0x71, 0x63, 0x6f, 0x75, 0x6e, 0x74, 0x5f, 0x72, 0x61, 0x77, 0x5f, 0x73,
  0x70, 0x69, 0x6e, 0x6c, 0x6f, 0x63, 0x6b, 0x00, 0x68, 0x72, 0x74, 0x69,
  0x6d, 0x65, 0x72, 0x00, 0x6e, 0x72, 0x5f, 0x77, 0x61, 0x6b, 0x65, 0x75,
  0x70, 0x73, 0x5f, 0x69, 0x64, 0x6c, 0x65, 0x00, 0x70, 0x74, 0x72, 0x61,
  0x63, 0x65, 0x72, 0x5f, 0x63, 0x72, 0x65, 0x64, 0x00, 0x73, 0x69, 0x67,
  0x70, 0x65, 0x6e, 0x64, 0x69, 0x6e, 0x67, 0x00, 0x63, 0x6f, 0x72, 0x65,
  0x5f, 0x73, 0x74, 0x61, 0x74, 0x65, 0x00, 0x72, 0x65, 0x61, 0x6c, 0x5f,
  0x74, 0x69, 0x6d, 0x65, 0x72, 0x00, 0x73, 0x65, 0x71, 0x6c, 0x6f, 0x63,
  0x6b, 0x5f, 0x74, 0x00, 0x63, 0x73, 0x74, 0x69, 0x6d, 0x65, 0x00, 0x73,
  0x61, 0x5f, 0x6d, 0x61, 0x73, 0x6b, 0x00, 0x73, 0x61, 0x76, 0x65, 0x64,
  0x5f, 0x73, 0x69, 0x67, 0x6d, 0x61, 0x73, 0x6b, 0x00, 0x77, 0x61, 0x6b,
  0x65, 0x5f, 0x71, 0x00, 0x5f, 0x6b, 0x69, 0x6c, 0x6c, 0x00, 0x73, 0x69,
  0x67, 0x76, 0x61, 0x6c, 0x5f, 0x74, 0x00, 0x66, 0x75, 0x74, 0x65, 0x78,
  0x5f, 0x73, 0x74, 0x61, 0x74, 0x65, 0x00, 0x64, 0x65, 0x6c, 0x61, 0x79,
  0x73, 0x00, 0x72, 0x65, 0x74, 0x75, 0x72, 0x6e, 0x5f, 0x69, 0x6e, 0x73,
  0x74, 0x61, 0x6e, 0x63, 0x65, 0x73, 0x00, 0x6d, 0x63, 0x65, 0x5f, 0x61,
  0x64, 0x64, 0x72, 0x00, 0x76, 0x69, 0x72, 0x74, 0x75, 0x61, 0x6c, 0x5f,
  0x64, 0x72, 0x36, 0x00, 0x73, 0x68, 0x73, 0x74, 0x6b, 0x00, 0x74, 0x77,
  0x64, 0x00, 0x6d, 0x78, 0x63, 0x73, 0x72, 0x5f, 0x6d, 0x61, 0x73, 0x6b,
  0x00, 0x61, 0x78, 0x00, 0x73, 0x68, 0x72, 0x69, 0x6e, 0x6b, 0x65, 0x72,
  0x00, 0x67, 0x65, 0x74, 0x5f, 0x61, 0x63, 0x6c, 0x00, 0x73, 0x65, 0x74,
  0x5f, 0x61, 0x63, 0x6c, 0x00, 0x66, 0x69, 0x6c, 0x65, 0x61, 0x74, 0x74,
  0x72, 0x5f, 0x73, 0x65, 0x74, 0x00, 0x66, 0x69, 0x6c, 0x65, 0x61, 0x74,
  0x74, 0x72, 0x00, 0x69, 0x5f, 0x73, 0x65, 0x71, 0x75, 0x65, 0x6e, 0x63,
  0x65, 0x00, 0x77, 0x72, 0x69, 0x74, 0x65, 0x62, 0x61, 0x63, 0x6b, 0x5f,
  0x69, 0x6e, 0x64, 0x65, 0x78, 0x00, 0x5f, 0x5f, 0x70, 0x61, 0x67, 0x65,
  0x5f, 0x32, 0x00, 0x4b, 0x4f, 0x42, 0x4a, 0x5f, 0x4e, 0x53, 0x5f, 0x54,
  0x59, 0x50, 0x45, 0x53, 0x00, 0x73, 0x6f, 0x63, 0x6b, 0x00, 0x6b, 0x72,
  0x65, 0x66, 0x00, 0x73, 0x74, 0x61, 0x74, 0x65, 0x5f, 0x61, 0x64, 0x64,
  0x5f, 0x75, 0x65, 0x76, 0x65, 0x6e, 0x74, 0x5f, 0x73, 0x65, 0x6e, 0x74,
  0x00, 0x76, 0x65, 0x72, 0x73, 0x69, 0x6f, 0x6e, 0x00, 0x75, 0x73, 0x69,
  0x6e, 0x67, 0x5f, 0x67, 0x70, 0x6c, 0x6f, 0x6e, 0x6c, 0x79, 0x5f, 0x73,
  0x79, 0x6d, 0x62, 0x6f, 0x6c, 0x73, 0x00, 0x65, 0x78, 0x63, 0x65, 0x70,
  0x74, 0x69, 0x6f, 0x6e, 0x5f, 0x74, 0x61, 0x62, 0x6c, 0x65, 0x5f, 0x65,
  0x6e, 0x74, 0x72, 0x79, 0x00, 0x62, 0x75, 0x67, 0x5f, 0x61, 0x64, 0x64,
  0x72, 0x5f, 0x64, 0x69, 0x73, 0x70, 0x00, 0x6e, 0x6f, 0x69, 0x6e, 0x73,
  0x74, 0x72, 0x5f, 0x74, 0x65, 0x78, 0x74, 0x5f, 0x73, 0x74, 0x61, 0x72,
  0x74, 0x00, 0x73, 0x72, 0x63, 0x75, 0x5f, 0x67, 0x70, 0x5f, 0x73, 0x65,
  0x71, 0x5f, 0x6e, 0x65, 0x65, 0x64, 0x65, 0x64, 0x00, 0x67, 0x72, 0x70,
  0x68, 0x69, 0x00, 0x6e, 0x75, 0x6d, 0x5f, 0x74, 0x72, 0x61, 0x63, 0x65,
  0x5f, 0x65, 0x76, 0x61, 0x6c, 0x73, 0x00, 0x63, 0x68, 0x61, 0x72, 0x00,
  0x69, 0x6e, 0x74, 0x00, 0x6c, 0x69, 0x73, 0x74, 0x5f, 0x68, 0x65, 0x61,
  0x64, 0x00, 0x74, 0x61, 0x69, 0x6c, 0x00, 0x61, 0x72, 0x67, 0x76, 0x00,
  0x73, 0x65, 0x71, 0x63, 0x6f, 0x75, 0x6e, 0x74, 0x5f, 0x73, 0x70, 0x69,
  0x6e, 0x6c, 0x6f, 0x63, 0x6b, 0x00, 0x5f, 0x5f, 0x75, 0x36, 0x34, 0x00,
  0x64, 0x5f, 0x72, 0x65, 0x6c, 0x65, 0x61, 0x73, 0x65, 0x00, 0x70, 0x61,
  0x72, 0x61, 0x6d, 0x65, 0x74, 0x65, 0x72, 0x73, 0x00, 0x69, 0x5f, 0x6d,
  0x75, 0x74, 0x65, 0x78, 0x5f, 0x6b, 0x65, 0x79, 0x00, 0x66, 0x72, 0x65,
  0x65, 0x7a, 0x65, 0x5f, 0x73, 0x75, 0x70, 0x65, 0x72, 0x00, 0x74, 0x69,
  0x6d, 0x65, 0x36, 0x34, 0x5f, 0x74, 0x00, 0x64, 0x71, 0x62, 0x5f, 0x69,
  0x74, 0x69, 0x6d, 0x65, 0x00, 0x71, 0x75, 0x6f, 0x74, 0x61, 0x5f, 0x64,
  0x69, 0x73, 0x61, 0x62, 0x6c, 0x65, 0x00, 0x64, 0x5f, 0x66, 0x69, 0x65,
  0x6c, 0x64, 0x6d, 0x61, 0x73, 0x6b, 0x00, 0x64, 0x5f, 0x69, 0x6e, 0x6f,
  0x5f, 0x77, 0x61, 0x72, 0x6e, 0x73, 0x00, 0x64, 0x5f, 0x73, 0x70, 0x63,
  0x5f, 0x77, 0x61, 0x72, 0x6e, 0x73, 0x00, 0x6b, 0x69, 0x5f, 0x70, 0x6f,
  0x73, 0x00, 0x6b, 0x69, 0x5f, 0x69, 0x6f, 0x70, 0x72, 0x69, 0x6f, 0x00,
  0x76, 0x6d, 0x5f, 0x6d, 0x6d, 0x00, 0x70, 0x67, 0x74, 0x61, 0x62, 0x6c,
  0x65, 0x73, 0x5f, 0x62, 0x79, 0x74, 0x65, 0x73, 0x00, 0x63, 0x6f, 0x75,
  0x6e, 0x74, 0x65, 0x72, 0x73, 0x00, 0x5f, 0x5f, 0x73, 0x33, 0x32, 0x00,
  0x73, 0x79, 0x6d, 0x5f, 0x70, 0x76, 0x63, 0x6c, 0x6f, 0x63, 0x6b, 0x5f,
  0x70, 0x61, 0x67, 0x65, 0x00, 0x66, 0x5f, 0x69, 0x6e, 0x6f, 0x64, 0x65,
  0x00, 0x73, 0x65, 0x73, 0x73, 0x69, 0x6f, 0x6e, 0x5f, 0x6b, 0x65, 0x79,
  0x72, 0x69, 0x6e, 0x67, 0x00, 0x78, 0x00, 0x70, 0x69, 0x64, 0x00, 0x72,
  0x61, 0x5f, 0x70, 0x61, 0x67, 0x65, 0x73, 0x00, 0x72, 0x65, 0x61, 0x64,
  0x5f, 0x64, 0x71, 0x62, 0x6c, 0x6b, 0x00, 0x64, 0x71, 0x69, 0x5f, 0x62,
  0x67, 0x72, 0x61, 0x63, 0x65, 0x00, 0x6d, 0x69, 0x6e, 0x5f, 0x76, 0x72,
  0x75, 0x6e, 0x74, 0x69, 0x6d, 0x65, 0x00, 0x6d, 0x69, 0x6e, 0x5f, 0x73,
  0x6c, 0x69, 0x63, 0x65, 0x00, 0x64, 0x6c, 0x00, 0x64, 0x6c, 0x5f, 0x6e,
  0x6f, 0x6e, 0x5f, 0x63, 0x6f, 0x6e, 0x74, 0x65, 0x6e, 0x64, 0x69, 0x6e,
  0x67, 0x00, 0x73, 0x6f, 0x66, 0x74, 0x69, 0x72, 0x71, 0x5f, 0x65, 0x78,
  0x70, 0x69, 0x72, 0x65, 0x73, 0x5f, 0x6e, 0x65, 0x78, 0x74, 0x00, 0x6e,
  0x72, 0x5f, 0x66, 0x61, 0x69, 0x6c, 0x65, 0x64, 0x5f, 0x6d, 0x69, 0x67,
  0x72, 0x61, 0x74, 0x69, 0x6f, 0x6e, 0x73, 0x5f, 0x61, 0x66, 0x66, 0x69,
  0x6e, 0x65, 0x00, 0x6e, 0x72, 0x5f, 0x66, 0x61, 0x69, 0x6c, 0x65, 0x64,
  0x5f, 0x6d, 0x69, 0x67, 0x72, 0x61, 0x74, 0x69, 0x6f, 0x6e, 0x73, 0x5f,
  0x72, 0x75, 0x6e, 0x6e, 0x69, 0x6e, 0x67, 0x00, 0x69, 0x6f, 0x5f, 0x75,
  0x72, 0x69, 0x6e, 0x67, 0x00, 0x63, 0x6f, 0x75, 0x62, 0x6c, 0x6f, 0x63,
  0x6b, 0x00, 0x61, 0x63, 0x74, 0x69, 0x6f, 0x6e, 0x00, 0x5f, 0x73, 0x74,
  0x69, 0x6d, 0x65, 0x00, 0x6d, 0x6d, 0x5f, 0x63, 0x69, 0x64, 0x5f, 0x61,
  0x63, 0x74, 0x69, 0x76, 0x65, 0x00, 0x64, 0x6d, 0x61, 0x5f, 0x61, 0x64,
  0x64, 0x72, 0x00, 0x70, 0x61, 0x67, 0x65, 0x5f, 0x66, 0x72, 0x61, 0x67,
  0x00, 0x64, 0x65, 0x66, 0x61, 0x75, 0x6c, 0x74, 0x5f, 0x74, 0x69, 0x6d,
  0x65, 0x72, 0x5f, 0x73, 0x6c, 0x61, 0x63, 0x6b, 0x5f, 0x6e, 0x73, 0x00,
  0x69, 0x64, 0x00, 0x61, 0x75, 0x70, 0x72, 0x6f, 0x62, 0x65, 0x00, 0x6d,
  0x63, 0x65, 0x5f, 0x6b, 0x66, 0x6c, 0x61, 0x67, 0x73, 0x00, 0x65, 0x72,
  0x72, 0x6f, 0x72, 0x5f, 0x63, 0x6f, 0x64, 0x65, 0x00, 0x66, 0x72, 0x65,
  0x67, 0x73, 0x5f, 0x73, 0x74, 0x61, 0x74, 0x65, 0x00, 0x70, 0x61, 0x64,
  0x64, 0x69, 0x6e, 0x67, 0x00, 0x6c, 0x6f, 0x6f, 0x6b, 0x61, 0x68, 0x65,
  0x61, 0x64, 0x00, 0x76, 0x66, 0x73, 0x6d, 0x6f, 0x75, 0x6e, 0x74, 0x00,
  0x69, 0x61, 0x5f, 0x63, 0x74, 0x69, 0x6d, 0x65, 0x00, 0x6d, 0x74, 0x00,
  0x69, 0x5f, 0x62, 0x6c, 0x6b, 0x62, 0x69, 0x74, 0x73, 0x00, 0x73, 0x77,
  0x61, 0x70, 0x5f, 0x64, 0x65, 0x61, 0x63, 0x74, 0x69, 0x76, 0x61, 0x74,
  0x65, 0x00, 0x61, 0x74, 0x74, 0x72, 0x73, 0x00, 0x73, 0x65, 0x71, 0x5f,
  0x73, 0x68, 0x6f, 0x77, 0x00, 0x70, 0x72, 0x65, 0x61, 0x6c, 0x6c, 0x6f,
  0x63, 0x00, 0x65, 0x6c, 0x65, 0x6d, 0x00, 0x70, 0x65, 0x72, 0x63, 0x70,
  0x75, 0x5f, 0x73, 0x69, 0x7a, 0x65, 0x00, 0x73, 0x72, 0x63, 0x75, 0x5f,
  0x64, 0x61, 0x74, 0x61, 0x00, 0x64, 0x65, 0x70, 0x5f, 0x6d, 0x61, 0x70,
  0x00, 0x73, 0x72, 0x63, 0x75, 0x5f, 0x67, 0x70, 0x5f, 0x73, 0x65, 0x71,
  0x00, 0x73, 0x72, 0x63, 0x75, 0x5f, 0x75, 0x73, 0x61, 0x67, 0x65, 0x00,
  0x62, 0x70, 0x66, 0x5f, 0x72, 0x61, 0x77, 0x5f, 0x65, 0x76, 0x65, 0x6e,
  0x74, 0x5f, 0x6d, 0x61, 0x70, 0x00, 0x6e, 0x5f, 0x6e, 0x61, 0x6d, 0x65,
  0x73, 0x7a, 0x00, 0x61, 0x74, 0x6f, 0x6d, 0x69, 0x63, 0x5f, 0x74, 0x00,
  0x69, 0x6e, 0x69, 0x74, 0x5f, 0x66, 0x73, 0x5f, 0x63, 0x6f, 0x6e, 0x74,
  0x65, 0x78, 0x74, 0x00, 0x64, 0x71, 0x62, 0x5f, 0x72, 0x73, 0x76, 0x73,
  0x70, 0x61, 0x63, 0x65, 0x00, 0x72, 0x65, 0x66, 0x63, 0x6e, 0x74, 0x00,
  0x66, 0x6d, 0x6f, 0x64, 0x65, 0x5f, 0x74, 0x00, 0x69, 0x6f, 0x76, 0x5f,
  0x62, 0x61, 0x73, 0x65, 0x00, 0x61, 0x63, 0x74, 0x6f, 0x72, 0x00, 0x63,
  0x61, 0x6c, 0x6c, 0x62, 0x61, 0x63, 0x6b, 0x5f, 0x68, 0x65, 0x61, 0x64,
  0x00, 0x73, 0x61, 0x76, 0x65, 0x64, 0x5f, 0x61, 0x75, 0x78, 0x76, 0x00,
  0x72, 0x62, 0x5f, 0x73, 0x75, 0x62, 0x74, 0x72, 0x65, 0x65, 0x5f, 0x6c,
  0x61, 0x73, 0x74, 0x00, 0x76, 0x6d, 0x5f, 0x6f, 0x70, 0x65, 0x72, 0x61,
  0x74, 0x69, 0x6f, 0x6e, 0x73, 0x5f, 0x73, 0x74, 0x72, 0x75, 0x63, 0x74,
  0x00, 0x72, 0x65, 0x66, 0x63, 0x6f, 0x75, 0x6e, 0x74, 0x5f, 0x73, 0x74,
  0x72, 0x75, 0x63, 0x74, 0x00, 0x73, 0x65, 0x63, 0x75, 0x72, 0x69, 0x74,
  0x79, 0x00, 0x70, 0x72, 0x6f, 0x63, 0x65, 0x73, 0x73, 0x5f, 0x6b, 0x65,
  0x79, 0x72, 0x69, 0x6e, 0x67, 0x00, 0x74, 0x68, 0x72, 0x65, 0x61, 0x64,
  0x5f, 0x6b, 0x65, 0x79, 0x72, 0x69, 0x6e, 0x67, 0x00, 0x72, 0x65, 0x71,
  0x75, 0x65, 0x73, 0x74, 0x5f, 0x6b, 0x65, 0x79, 0x5f, 0x61, 0x75, 0x74,
  0x68, 0x00, 0x6e, 0x72, 0x5f, 0x77, 0x61, 0x6b, 0x65, 0x75, 0x70, 0x73,
  0x5f, 0x73, 0x79, 0x6e, 0x63, 0x00, 0x62, 0x6c, 0x6f, 0x63, 0x6b, 0x65,
  0x64, 0x00, 0x72, 0x63, 0x75, 0x5f, 0x74, 0x61, 0x73, 0x6b, 0x73, 0x5f,
  0x69, 0x64, 0x6c, 0x65, 0x5f, 0x63, 0x70, 0x75, 0x00, 0x70, 0x72, 0x69,
  0x6f, 0x5f, 0x6c, 0x69, 0x73, 0x74, 0x00, 0x73, 0x63, 0x68, 0x65, 0x64,
  0x5f, 0x72, 0x74, 0x5f, 0x6d, 0x75, 0x74, 0x65, 0x78, 0x00, 0x72, 0x65,
  0x70, 0x6f, 0x72, 0x74, 0x65, 0x64, 0x5f, 0x73, 0x70, 0x6c, 0x69, 0x74,
  0x5f, 0x6c, 0x6f, 0x63, 0x6b, 0x00, 0x6f, 0x6c, 0x64, 0x5f, 0x74, 0x69,
  0x6d, 0x65, 0x33, 0x32, 0x5f, 0x74, 0x00, 0x73, 0x68, 0x61, 0x72, 0x65,
  0x64, 0x5f, 0x70, 0x65, 0x6e, 0x64, 0x69, 0x6e, 0x67, 0x00, 0x63, 0x70,
  0x75, 0x74, 0x69, 0x6d, 0x65, 0x5f, 0x61, 0x74, 0x6f, 0x6d, 0x69, 0x63,
  0x00, 0x74, 0x68, 0x72, 0x65, 0x61, 0x64, 0x5f, 0x67, 0x72, 0x6f, 0x75,
  0x70, 0x5f, 0x63, 0x70, 0x75, 0x74, 0x69, 0x6d, 0x65, 0x72, 0x00, 0x73,
  0x61, 0x00, 0x5f, 0x5f, 0x72, 0x65, 0x73, 0x74, 0x6f, 0x72, 0x65, 0x66,
  0x6e, 0x5f, 0x74, 0x00, 0x73, 0x65, 0x63, 0x63, 0x6f, 0x6d, 0x70, 0x00,
  0x70, 0x6c, 0x75, 0x67, 0x00, 0x73, 0x69, 0x5f, 0x63, 0x6f, 0x64, 0x65,
  0x00, 0x5f, 0x75, 0x70, 0x70, 0x65, 0x72, 0x00, 0x6e, 0x6f, 0x64, 0x65,
  0x6d, 0x61, 0x73, 0x6b, 0x5f, 0x74, 0x00, 0x70, 0x69, 0x5f, 0x73, 0x74,
  0x61, 0x74, 0x65, 0x5f, 0x6c, 0x69, 0x73, 0x74, 0x00, 0x66, 0x75, 0x74,
  0x65, 0x78, 0x5f, 0x70, 0x69, 0x5f, 0x73, 0x74, 0x61, 0x74, 0x65, 0x00,
  0x6c, 0x72, 0x75, 0x00, 0x74, 0x72, 0x61, 0x63, 0x65, 0x5f, 0x72, 0x65,
  0x63, 0x75, 0x72, 0x73, 0x69, 0x6f, 0x6e, 0x00, 0x61, 0x6c, 0x69, 0x6d,
  0x69, 0x74, 0x00, 0x5f, 0x5f, 0x5f, 0x6f, 0x72, 0x69, 0x67, 0x5f, 0x65,
  0x69, 0x70, 0x00, 0x62, 0x70, 0x00, 0x72, 0x39, 0x00, 0x64, 0x69, 0x00,
  0x73, 0x62, 0x5f, 0x77, 0x72, 0x69, 0x74, 0x65, 0x72, 0x73, 0x00, 0x73,
  0x5f, 0x66, 0x73, 0x6e, 0x6f, 0x74, 0x69, 0x66, 0x79, 0x5f, 0x6d, 0x61,
  0x73, 0x6b, 0x00, 0x75, 0x75, 0x69, 0x64, 0x5f, 0x74, 0x00, 0x64, 0x65,
  0x6e, 0x74, 0x72, 0x79, 0x5f, 0x6f, 0x70, 0x65, 0x72, 0x61, 0x74, 0x69,
  0x6f, 0x6e, 0x73, 0x00, 0x67, 0x65, 0x74, 0x5f, 0x6c, 0x69, 0x6e, 0x6b,
  0x00, 0x6d, 0x6b, 0x64, 0x69, 0x72, 0x00, 0x67, 0x65, 0x74, 0x61, 0x74,
  0x74, 0x72, 0x00, 0x64, 0x69, 0x72, 0x74, 0x69, 0x65, 0x64, 0x5f, 0x74,
  0x69, 0x6d, 0x65, 0x5f, 0x77, 0x68, 0x65, 0x6e, 0x00, 0x69, 0x5f, 0x77,
  0x72, 0x69, 0x74, 0x65, 0x63, 0x6f, 0x75, 0x6e, 0x74, 0x00, 0x66, 0x73,
  0x6e, 0x6f, 0x74, 0x69, 0x66, 0x79, 0x5f, 0x6d, 0x61, 0x72, 0x6b, 0x5f,
  0x63, 0x6f, 0x6e, 0x6e, 0x65, 0x63, 0x74, 0x6f, 0x72, 0x00, 0x74, 0x65,
  0x73, 0x74, 0x00, 0x73, 0x38, 0x00, 0x69, 0x6e, 0x69, 0x74, 0x00, 0x62,
  0x70, 0x5f, 0x6f, 0x66, 0x66, 0x73, 0x65, 0x74, 0x00, 0x73, 0x72, 0x63,
  0x75, 0x5f, 0x73, 0x74, 0x72, 0x75, 0x63, 0x74, 0x5f, 0x70, 0x74, 0x72,
  0x73, 0x00, 0x72, 0x63, 0x75, 0x5f, 0x73, 0x65, 0x67, 0x63, 0x62, 0x6c,
  0x69, 0x73, 0x74, 0x00, 0x72, 0x65, 0x73, 0x63, 0x68, 0x65, 0x64, 0x75,
  0x6c, 0x65, 0x5f, 0x63, 0x6f, 0x75, 0x6e, 0x74, 0x00, 0x6e, 0x75, 0x6d,
  0x5f, 0x6a, 0x75, 0x6d, 0x70, 0x5f, 0x65, 0x6e, 0x74, 0x72, 0x69, 0x65,
  0x73, 0x00, 0x70, 0x72, 0x65, 0x76, 0x00, 0x62, 0x75, 0x66, 0x6c, 0x65,
  0x6e, 0x00, 0x5f, 0x5f, 0x6b, 0x65, 0x72, 0x6e, 0x65, 0x6c, 0x5f, 0x75,
  0x6c, 0x6f, 0x6e, 0x67, 0x5f, 0x74, 0x00, 0x73, 0x5f, 0x62, 0x6c, 0x6f,
  0x63, 0x6b, 0x73, 0x69, 0x7a, 0x65, 0x5f, 0x62, 0x69, 0x74, 0x73, 0x00,
  0x73, 0x5f, 0x6f, 0x70, 0x00, 0x71, 0x75, 0x6f, 0x74, 0x61, 0x5f, 0x77,
  0x72, 0x69, 0x74, 0x65, 0x00, 0x75, 0x69, 0x64, 0x00, 0x70, 0x72, 0x6f,
  0x6a, 0x69, 0x64, 0x00, 0x64, 0x71, 0x5f, 0x66, 0x6c, 0x61, 0x67, 0x73,
  0x00, 0x64, 0x71, 0x75, 0x6f, 0x74, 0x5f, 0x6f, 0x70, 0x65, 0x72, 0x61,
  0x74, 0x69, 0x6f, 0x6e, 0x73, 0x00, 0x73, 0x5f, 0x75, 0x6d, 0x6f, 0x75,
  0x6e, 0x74, 0x00, 0x66, 0x6f, 0x70, 0x5f, 0x66, 0x6c, 0x61, 0x67, 0x73,
  0x00, 0x78, 0x61, 0x72, 0x72, 0x61, 0x79, 0x00, 0x74, 0x61, 0x73, 0x6b,
  0x5f, 0x73, 0x69, 0x7a, 0x65, 0x00, 0x70, 0x6b, 0x65, 0x79, 0x5f, 0x61,
  0x6c, 0x6c, 0x6f, 0x63, 0x61, 0x74, 0x69, 0x6f, 0x6e, 0x5f, 0x6d, 0x61,
  0x70, 0x00, 0x74, 0x6c, 0x62, 0x5f, 0x66, 0x6c, 0x75, 0x73, 0x68, 0x5f,
  0x70, 0x65, 0x6e, 0x64, 0x69, 0x6e, 0x67, 0x00, 0x76, 0x6d, 0x5f, 0x70,
  0x72, 0x69, 0x76, 0x61, 0x74, 0x65, 0x5f, 0x64, 0x61, 0x74, 0x61, 0x00,
  0x76, 0x6d, 0x5f, 0x75, 0x73, 0x65, 0x72, 0x66, 0x61, 0x75, 0x6c, 0x74,
  0x66, 0x64, 0x5f, 0x63, 0x74, 0x78, 0x00, 0x69, 0x6e, 0x6f, 0x64, 0x65,
  0x73, 0x00, 0x73, 0x5f, 0x69, 0x6e, 0x73, 0x74, 0x61, 0x6e, 0x63, 0x65,
  0x73, 0x00, 0x64, 0x71, 0x69, 0x5f, 0x66, 0x6f, 0x72, 0x6d, 0x61, 0x74,
  0x00, 0x64, 0x71, 0x69, 0x5f, 0x64, 0x69, 0x72, 0x74, 0x79, 0x5f, 0x6c,
  0x69, 0x73, 0x74, 0x00, 0x67, 0x70, 0x5f, 0x73, 0x74, 0x61, 0x74, 0x65,
  0x00, 0x73, 0x6c, 0x69, 0x63, 0x65, 0x00, 0x61, 0x76, 0x67, 0x00, 0x74,
  0x72, 0x63, 0x5f, 0x68, 0x6f, 0x6c, 0x64, 0x6f, 0x75, 0x74, 0x5f, 0x6c,
  0x69, 0x73, 0x74, 0x00, 0x70, 0x75, 0x73, 0x68, 0x61, 0x62, 0x6c, 0x65,
  0x5f, 0x64, 0x6c, 0x5f, 0x74, 0x61, 0x73, 0x6b, 0x73, 0x00, 0x75, 0x61,
  0x64, 0x64, 0x72, 0x32, 0x00, 0x75, 0x66, 0x64, 0x73, 0x00, 0x72, 0x65,
  0x61, 0x6c, 0x5f, 0x70, 0x61, 0x72, 0x65, 0x6e, 0x74, 0x00, 0x6e, 0x65,
  0x78, 0x74, 0x65, 0x76, 0x74, 0x00, 0x63, 0x6e, 0x76, 0x63, 0x73, 0x77,
  0x00, 0x63, 0x69, 0x6e, 0x62, 0x6c, 0x6f, 0x63, 0x6b, 0x00, 0x73, 0x79,
  0x73, 0x63, 0x72, 0x00, 0x61, 0x63, 0x5f, 0x75, 0x74, 0x69, 0x6d, 0x65,
  0x00, 0x6f, 0x6f, 0x6d, 0x5f, 0x66, 0x6c, 0x61, 0x67, 0x5f, 0x6f, 0x72,
  0x69, 0x67, 0x69, 0x6e, 0x00, 0x73, 0x61, 0x5f, 0x72, 0x65, 0x73, 0x74,
  0x6f, 0x72, 0x65, 0x72, 0x00, 0x61, 0x6c, 0x6c, 0x6f, 0x63, 0x5f, 0x6c,
  0x6f, 0x63, 0x6b, 0x00, 0x61, 0x63, 0x74, 0x69, 0x76, 0x65, 0x5f, 0x72,
  0x65, 0x66, 0x00, 0x5f, 0x73, 0x69, 0x66, 0x69, 0x65, 0x6c, 0x64, 0x73,
  0x00, 0x70, 0x65, 0x72, 0x66, 0x5f, 0x65, 0x76, 0x65, 0x6e, 0x74, 0x5f,
  0x63, 0x6f, 0x6e, 0x74, 0x65, 0x78, 0x74, 0x00, 0x75, 0x70, 0x72, 0x6f,
  0x62, 0x65, 0x5f, 0x74, 0x61, 0x73, 0x6b, 0x5f, 0x73, 0x74, 0x61, 0x74,
  0x65, 0x00, 0x6f, 0x6f, 0x6d, 0x5f, 0x72, 0x65, 0x61, 0x70, 0x65, 0x72,
  0x5f, 0x6c, 0x69, 0x73, 0x74, 0x00, 0x76, 0x6d, 0x5f, 0x73, 0x74, 0x72,
  0x75, 0x63, 0x74, 0x00, 0x73, 0x70, 0x00, 0x6c, 0x61, 0x73, 0x74, 0x5f,
  0x63, 0x70, 0x75, 0x00, 0x66, 0x73, 0x61, 0x76, 0x65, 0x00, 0x72, 0x31,
  0x32, 0x00, 0x5f, 0x5f, 0x74, 0x61, 0x73, 0x6b, 0x5f, 0x66, 0x70, 0x73,
  0x74, 0x61, 0x74, 0x65, 0x00, 0x64, 0x5f, 0x63, 0x68, 0x69, 0x6c, 0x64,
  0x72, 0x65, 0x6e, 0x00, 0x64, 0x5f, 0x72, 0x63, 0x75, 0x00, 0x72, 0x65,
  0x73, 0x75, 0x6c, 0x74, 0x5f, 0x6d, 0x61, 0x73, 0x6b, 0x00, 0x66, 0x69,
  0x65, 0x6d, 0x61, 0x70, 0x00, 0x69, 0x5f, 0x73, 0x65, 0x63, 0x75, 0x72,
  0x69, 0x74, 0x79, 0x00, 0x69, 0x5f, 0x6c, 0x6f, 0x63, 0x6b, 0x00, 0x57,
  0x52, 0x49, 0x54, 0x45, 0x5f, 0x4c, 0x49, 0x46, 0x45, 0x5f, 0x53, 0x48,
  0x4f, 0x52, 0x54, 0x00, 0x5f, 0x66, 0x6c, 0x61, 0x67, 0x73, 0x5f, 0x32,
  0x00, 0x73, 0x65, 0x71, 0x5f, 0x73, 0x74, 0x61, 0x72, 0x74, 0x00, 0x6b,
  0x65, 0x72, 0x6e, 0x66, 0x73, 0x5f, 0x69, 0x61, 0x74, 0x74, 0x72, 0x73,
  0x00, 0x6d, 0x6f, 0x64, 0x75, 0x6c, 0x65, 0x5f, 0x6b, 0x6f, 0x62, 0x6a,
  0x65, 0x63, 0x74, 0x00, 0x6d, 0x6f, 0x64, 0x75, 0x6c, 0x65, 0x5f, 0x61,
  0x74, 0x74, 0x72, 0x69, 0x62, 0x75, 0x74, 0x65, 0x00, 0x73, 0x79, 0x6d,
  0x73, 0x00, 0x6d, 0x61, 0x78, 0x6c, 0x65, 0x6e, 0x00, 0x73, 0x74, 0x5f,
  0x6f, 0x74, 0x68, 0x65, 0x72, 0x00, 0x45, 0x6c, 0x66, 0x36, 0x34, 0x5f,
  0x41, 0x64, 0x64, 0x72, 0x00, 0x74, 0x72, 0x61, 0x63, 0x65, 0x70, 0x6f,
  0x69, 0x6e, 0x74, 0x5f, 0x70, 0x74, 0x72, 0x5f, 0x74, 0x00, 0x65, 0x78,
  0x74, 0x00, 0x6b, 0x70, 0x72, 0x6f, 0x62, 0x65, 0x73, 0x5f, 0x74, 0x65,
  0x78, 0x74, 0x5f, 0x73, 0x74, 0x61, 0x72, 0x74, 0x00, 0x73, 0x63, 0x72,
  0x69, 0x70, 0x74, 0x73, 0x2f, 0x6d, 0x6f, 0x64, 0x75, 0x6c, 0x65, 0x2d,
  0x63, 0x6f, 0x6d, 0x6d, 0x6f, 0x6e, 0x2e, 0x63, 0x00, 0x6f, 0x72, 0x63,
  0x5f, 0x68, 0x65, 0x61, 0x64, 0x65, 0x72, 0x00, 0x6e, 0x5f, 0x74, 0x79,
  0x70, 0x65, 0x00, 0x5f, 0x5f, 0x55, 0x4e, 0x49, 0x51, 0x55, 0x45, 0x5f,
  0x49, 0x44, 0x5f, 0x64, 0x65, 0x73, 0x63, 0x72, 0x69, 0x70, 0x74, 0x69,
  0x6f, 0x6e, 0x33, 0x34, 0x30, 0x00, 0x4d, 0x4f, 0x44, 0x55, 0x4c, 0x45,
  0x5f, 0x53, 0x54, 0x41, 0x54, 0x45, 0x5f, 0x47, 0x4f, 0x49, 0x4e, 0x47,
  0x00, 0x64, 0x65, 0x76, 0x5f, 0x74, 0x00, 0x69, 0x6e, 0x76, 0x61, 0x6c,
  0x69, 0x64, 0x61, 0x74, 0x65, 0x5f, 0x6c, 0x6f, 0x63, 0x6b, 0x5f, 0x6b,
  0x65, 0x79, 0x00, 0x64, 0x69, 0x72, 0x74, 0x79, 0x5f, 0x69, 0x6e, 0x6f,
  0x64, 0x65, 0x00, 0x6b, 0x73, 0x74, 0x61, 0x74, 0x66, 0x73, 0x00, 0x73,
  0x65, 0x71, 0x5f, 0x66, 0x69, 0x6c, 0x65, 0x00, 0x64, 0x71, 0x5f, 0x64,
  0x71, 0x62, 0x00, 0x64, 0x71, 0x62, 0x5f, 0x69, 0x68, 0x61, 0x72, 0x64,
  0x6c, 0x69, 0x6d, 0x69, 0x74, 0x00, 0x73, 0x65, 0x74, 0x5f, 0x69, 0x6e,
  0x66, 0x6f, 0x00, 0x73, 0x5f, 0x73, 0x74, 0x61, 0x74, 0x65, 0x00, 0x72,
  0x77, 0x5f, 0x73, 0x65, 0x6d, 0x61, 0x70, 0x68, 0x6f, 0x72, 0x65, 0x00,
  0x64, 0x61, 0x74, 0x61, 0x5f, 0x73, 0x6f, 0x75, 0x72, 0x63, 0x65, 0x00,
  0x78, 0x61, 0x5f, 0x68, 0x65, 0x61, 0x64, 0x00, 0x6d, 0x61, 0x70, 0x6c,
  0x65, 0x5f, 0x74, 0x72, 0x65, 0x65, 0x00, 0x77, 0x72, 0x69, 0x74, 0x65,
  0x5f, 0x70, 0x72, 0x6f, 0x74, 0x65, 0x63, 0x74, 0x5f, 0x73, 0x65, 0x71,
  0x00, 0x66, 0x61, 0x64, 0x76, 0x69, 0x73, 0x65, 0x00, 0x70, 0x65, 0x72,
  0x6d, 0x00, 0x72, 0x6f, 0x6f, 0x74, 0x00, 0x6e, 0x75, 0x6d, 0x62, 0x65,
  0x72, 0x73, 0x00, 0x66, 0x5f, 0x73, 0x62, 0x5f, 0x65, 0x72, 0x72, 0x00,
  0x74, 0x61, 0x73, 0x6b, 0x00, 0x61, 0x5f, 0x66, 0x6c, 0x61, 0x67, 0x73,
  0x00, 0x6f, 0x6e, 0x5f, 0x6c, 0x69, 0x73, 0x74, 0x00, 0x64, 0x6c, 0x5f,
  0x6f, 0x76, 0x65, 0x72, 0x72, 0x75, 0x6e, 0x00, 0x6e, 0x65, 0x78, 0x74,
  0x5f, 0x74, 0x69, 0x6d, 0x65, 0x72, 0x00, 0x62, 0x6c, 0x6f, 0x63, 0x6b,
  0x5f, 0x73, 0x74, 0x61, 0x72, 0x74, 0x00, 0x6e, 0x72, 0x5f, 0x6d, 0x69,
  0x67, 0x72, 0x61, 0x74, 0x69, 0x6f, 0x6e, 0x73, 0x5f, 0x63, 0x6f, 0x6c,
  0x64, 0x00, 0x6c, 0x61, 0x73, 0x74, 0x5f, 0x71, 0x75, 0x65, 0x75, 0x65,
  0x64, 0x00, 0x65, 0x78, 0x69, 0x74, 0x5f, 0x63, 0x6f, 0x64, 0x65, 0x00,
  0x67, 0x72, 0x6f, 0x75, 0x70, 0x5f, 0x6c, 0x65, 0x61, 0x64, 0x65, 0x72,
  0x00, 0x73, 0x69, 0x67, 0x00, 0x69, 0x67, 0x6e, 0x6f, 0x72, 0x65, 0x64,
  0x5f, 0x70, 0x6f, 0x73, 0x69, 0x78, 0x5f, 0x74, 0x69, 0x6d, 0x65, 0x72,
  0x73, 0x00, 0x63, 0x70, 0x75, 0x5f, 0x69, 0x74, 0x69, 0x6d, 0x65, 0x72,
  0x00, 0x70, 0x69, 0x5f, 0x6c, 0x6f, 0x63, 0x6b, 0x00, 0x69, 0x6f, 0x5f,
  0x63, 0x6f, 0x6e, 0x74, 0x65, 0x78, 0x74, 0x00, 0x73, 0x69, 0x67, 0x76,
  0x61, 0x6c, 0x00, 0x5f, 0x64, 0x75, 0x6d, 0x6d, 0x79, 0x5f, 0x62, 0x6e,
  0x64, 0x00, 0x5f, 0x61, 0x64, 0x64, 0x72, 0x5f, 0x70, 0x6b, 0x65, 0x79,
  0x00, 0x69, 0x6c, 0x5f, 0x70, 0x72, 0x65, 0x76, 0x00, 0x5f, 0x70, 0x70,
  0x5f, 0x6d, 0x61, 0x70, 0x70, 0x69, 0x6e, 0x67, 0x5f, 0x70, 0x61, 0x64,
  0x00, 0x5f, 0x6d, 0x61, 0x70, 0x63, 0x6f, 0x75, 0x6e, 0x74, 0x00, 0x63,
  0x6f, 0x6f, 0x6b, 0x69, 0x65, 0x00, 0x69, 0x73, 0x5f, 0x76, 0x61, 0x6c,
  0x6c, 0x6f, 0x63, 0x00, 0x66, 0x6f, 0x73, 0x00, 0x6d, 0x61, 0x74, 0x68,
  0x5f, 0x65, 0x6d, 0x75, 0x5f, 0x69, 0x6e, 0x66, 0x6f, 0x00, 0x78, 0x73,
  0x74, 0x61, 0x74, 0x65, 0x5f, 0x68, 0x65, 0x61, 0x64, 0x65, 0x72, 0x00,
  0x74, 0x68, 0x72, 0x65, 0x61, 0x64, 0x5f, 0x73, 0x74, 0x72, 0x75, 0x63,
  0x74, 0x00, 0x62, 0x61, 0x74, 0x63, 0x68, 0x00, 0x72, 0x6d, 0x64, 0x69,
  0x72, 0x00, 0x76, 0x66, 0x73, 0x75, 0x69, 0x64, 0x5f, 0x74, 0x00, 0x69,
  0x5f, 0x61, 0x74, 0x69, 0x6d, 0x65, 0x5f, 0x6e, 0x73, 0x65, 0x63, 0x00,
  0x63, 0x64, 0x65, 0x76, 0x00, 0x69, 0x5f, 0x66, 0x73, 0x6e, 0x6f, 0x74,
  0x69, 0x66, 0x79, 0x5f, 0x6d, 0x61, 0x72, 0x6b, 0x73, 0x00, 0x77, 0x72,
  0x69, 0x74, 0x65, 0x70, 0x61, 0x67, 0x65, 0x73, 0x00, 0x63, 0x68, 0x69,
  0x6c, 0x64, 0x5f, 0x6e, 0x73, 0x5f, 0x74, 0x79, 0x70, 0x65, 0x00, 0x4b,
  0x4f, 0x42, 0x4a, 0x5f, 0x4e, 0x53, 0x5f, 0x54, 0x59, 0x50, 0x45, 0x5f,
  0x4e, 0x4f, 0x4e, 0x45, 0x00, 0x6b, 0x6f, 0x62, 0x6a, 0x5f, 0x74, 0x79,
  0x70, 0x65, 0x00, 0x6d, 0x6f, 0x64, 0x5f, 0x74, 0x72, 0x65, 0x65, 0x5f,
  0x6e, 0x6f, 0x64, 0x65, 0x00, 0x62, 0x70, 0x5f, 0x72, 0x65, 0x67, 0x00,
  0x66, 0x69, 0x6c, 0x65, 0x5f, 0x64, 0x69, 0x73, 0x70, 0x00, 0x73, 0x74,
  0x5f, 0x73, 0x69, 0x7a, 0x65, 0x00, 0x73, 0x72, 0x63, 0x75, 0x5f, 0x62,
  0x61, 0x72, 0x72, 0x69, 0x65, 0x72, 0x5f, 0x68, 0x65, 0x61, 0x64, 0x00,
  0x73, 0x72, 0x63, 0x75, 0x5f, 0x62, 0x61, 0x72, 0x72, 0x69, 0x65, 0x72,
  0x5f, 0x6d, 0x75, 0x74, 0x65, 0x78, 0x00, 0x73, 0x72, 0x63, 0x75, 0x5f,
  0x73, 0x74, 0x72, 0x75, 0x63, 0x74, 0x00, 0x62, 0x70, 0x66, 0x5f, 0x72,
  0x61, 0x77, 0x5f, 0x65, 0x76, 0x65, 0x6e, 0x74, 0x73, 0x00, 0x6b, 0x70,
  0x72, 0x6f, 0x62, 0x65, 0x73, 0x5f, 0x74, 0x65, 0x78, 0x74, 0x5f, 0x73,
  0x69, 0x7a, 0x65, 0x00, 0x5f, 0x5f, 0x55, 0x4e, 0x49, 0x51, 0x55, 0x45,
  0x5f, 0x49, 0x44, 0x5f, 0x6e, 0x61, 0x6d, 0x65, 0x33, 0x33, 0x38, 0x00,
  0x76, 0x61, 0x6c, 0x00, 0x73, 0x70, 0x69, 0x6e, 0x6c, 0x6f, 0x63, 0x6b,
  0x00, 0x69, 0x5f, 0x67, 0x69, 0x64, 0x00, 0x64, 0x5f, 0x6e, 0x61, 0x6d,
  0x65, 0x00, 0x73, 0x5f, 0x77, 0x72, 0x69, 0x74, 0x65, 0x72, 0x73, 0x5f,
  0x6b, 0x65, 0x79, 0x00, 0x73, 0x68, 0x6f, 0x77, 0x5f, 0x64, 0x65, 0x76,
  0x6e, 0x61, 0x6d, 0x65, 0x00, 0x64, 0x71, 0x62, 0x5f, 0x63, 0x75, 0x72,
  0x69, 0x6e, 0x6f, 0x64, 0x65, 0x73, 0x00, 0x73, 0x5f, 0x71, 0x63, 0x6f,
  0x70, 0x00, 0x70, 0x61, 0x74, 0x68, 0x00, 0x71, 0x63, 0x5f, 0x69, 0x6e,
  0x66, 0x6f, 0x00, 0x64, 0x5f, 0x69, 0x6e, 0x6f, 0x5f, 0x73, 0x6f, 0x66,
  0x74, 0x6c, 0x69, 0x6d, 0x69, 0x74, 0x00, 0x72, 0x74, 0x5f, 0x73, 0x70,
  0x63, 0x5f, 0x74, 0x69, 0x6d, 0x65, 0x6c, 0x69, 0x6d, 0x69, 0x74, 0x00,
  0x6b, 0x69, 0x5f, 0x77, 0x61, 0x69, 0x74, 0x71, 0x00, 0x77, 0x61, 0x69,
  0x74, 0x5f, 0x70, 0x61, 0x67, 0x65, 0x5f, 0x71, 0x75, 0x65, 0x75, 0x65,
  0x00, 0x65, 0x6e, 0x76, 0x5f, 0x65, 0x6e, 0x64, 0x00, 0x72, 0x73, 0x73,
  0x5f, 0x73, 0x74, 0x61, 0x74, 0x00, 0x73, 0x79, 0x6d, 0x5f, 0x56, 0x44,
  0x53, 0x4f, 0x33, 0x32, 0x5f, 0x4e, 0x4f, 0x54, 0x45, 0x5f, 0x4d, 0x41,
  0x53, 0x4b, 0x00, 0x70, 0x72, 0x69, 0x76, 0x61, 0x74, 0x65, 0x5f, 0x64,
  0x61, 0x74, 0x61, 0x00, 0x63, 0x61, 0x70, 0x5f, 0x61, 0x6d, 0x62, 0x69,
  0x65, 0x6e, 0x74, 0x00, 0x6b, 0x65, 0x79, 0x00, 0x72, 0x77, 0x6c, 0x6f,
  0x63, 0x6b, 0x5f, 0x74, 0x00, 0x73, 0x74, 0x61, 0x73, 0x68, 0x65, 0x64,
  0x00, 0x62, 0x61, 0x63, 0x6b, 0x69, 0x6e, 0x67, 0x5f, 0x64, 0x65, 0x76,
  0x5f, 0x69, 0x6e, 0x66, 0x6f, 0x00, 0x73, 0x74, 0x61, 0x63, 0x6b, 0x00,
  0x76, 0x72, 0x75, 0x6e, 0x74, 0x69, 0x6d, 0x65, 0x00, 0x72, 0x75, 0x6e,
  0x6e, 0x61, 0x62, 0x6c, 0x65, 0x5f, 0x61, 0x76, 0x67, 0x00, 0x64, 0x6c,
  0x5f, 0x64, 0x65, 0x66, 0x65, 0x72, 0x00, 0x64, 0x6c, 0x5f, 0x74, 0x69,
  0x6d, 0x65, 0x72, 0x00, 0x69, 0x6f, 0x77, 0x61, 0x69, 0x74, 0x5f, 0x63,
  0x6f, 0x75, 0x6e, 0x74, 0x00, 0x6e, 0x6f, 0x64, 0x65, 0x5f, 0x6c, 0x69,
  0x73, 0x74, 0x00, 0x73, 0x63, 0x68, 0x65, 0x64, 0x5f, 0x72, 0x65, 0x73,
  0x65, 0x74, 0x5f, 0x6f, 0x6e, 0x5f, 0x66, 0x6f, 0x72, 0x6b, 0x00, 0x75,
  0x73, 0x65, 0x5f, 0x6d, 0x65, 0x6d, 0x64, 0x65, 0x6c, 0x61, 0x79, 0x00,
  0x66, 0x75, 0x74, 0x65, 0x78, 0x00, 0x54, 0x54, 0x5f, 0x43, 0x4f, 0x4d,
  0x50, 0x41, 0x54, 0x00, 0x68, 0x61, 0x73, 0x5f, 0x74, 0x69, 0x6d, 0x65,
  0x6f, 0x75, 0x74, 0x00, 0x63, 0x61, 0x63, 0x68, 0x65, 0x64, 0x5f, 0x72,
  0x65, 0x71, 0x75, 0x65, 0x73, 0x74, 0x65, 0x64, 0x5f, 0x6b, 0x65, 0x79,
  0x00, 0x73, 0x69, 0x67, 0x61, 0x63, 0x74, 0x69, 0x6f, 0x6e, 0x00, 0x72,
  0x65, 0x66, 0x63, 0x6f, 0x75, 0x6e, 0x74, 0x00, 0x73, 0x69, 0x76, 0x61,
  0x6c, 0x5f, 0x69, 0x6e, 0x74, 0x00, 0x5f, 0x63, 0x61, 0x6c, 0x6c, 0x5f,
  0x61, 0x64, 0x64, 0x72, 0x00, 0x63, 0x70, 0x75, 0x73, 0x65, 0x74, 0x5f,
  0x6d, 0x65, 0x6d, 0x5f, 0x73, 0x70, 0x72, 0x65, 0x61, 0x64, 0x5f, 0x72,
  0x6f, 0x74, 0x6f, 0x72, 0x00, 0x63, 0x73, 0x73, 0x5f, 0x73, 0x65, 0x74,
  0x00, 0x74, 0x6c, 0x62, 0x5f, 0x75, 0x62, 0x63, 0x00, 0x67, 0x65, 0x6e,
  0x64, 0x69, 0x73, 0x6b, 0x00, 0x6d, 0x63, 0x65, 0x5f, 0x6b, 0x69, 0x6c,
  0x6c, 0x5f, 0x6d, 0x65, 0x00, 0x69, 0x6f, 0x70, 0x6c, 0x5f, 0x65, 0x6d,
  0x75, 0x6c, 0x00, 0x63, 0x77, 0x64, 0x00, 0x63, 0x73, 0x78, 0x00, 0x68,
  0x65, 0x61, 0x64, 0x65, 0x72, 0x00, 0x6c, 0x6f, 0x63, 0x6b, 0x72, 0x65,
  0x66, 0x00, 0x64, 0x5f, 0x61, 0x6c, 0x69, 0x61, 0x73, 0x00, 0x6d, 0x6b,
  0x6e, 0x6f, 0x64, 0x00, 0x74, 0x69, 0x6d, 0x65, 0x73, 0x70, 0x65, 0x63,
  0x36, 0x34, 0x00, 0x64, 0x69, 0x6f, 0x5f, 0x6d, 0x65, 0x6d, 0x5f, 0x61,
  0x6c, 0x69, 0x67, 0x6e, 0x00, 0x5f, 0x68, 0x75, 0x67, 0x65, 0x74, 0x6c,
  0x62, 0x5f, 0x63, 0x67, 0x72, 0x6f, 0x75, 0x70, 0x00, 0x73, 0x65, 0x63,
  0x74, 0x6f, 0x72, 0x5f, 0x74, 0x00, 0x73, 0x75, 0x62, 0x64, 0x69, 0x72,
  0x73, 0x00, 0x73, 0x65, 0x74, 0x75, 0x70, 0x00, 0x6e, 0x75, 0x6d, 0x5f,
  0x6b, 0x70, 0x00, 0x6e, 0x75, 0x6d, 0x5f, 0x67, 0x70, 0x6c, 0x5f, 0x73,
  0x79, 0x6d, 0x73, 0x00, 0x63, 0x6f, 0x72, 0x65, 0x5f, 0x6b, 0x61, 0x6c,
  0x6c, 0x73, 0x79, 0x6d, 0x73, 0x00, 0x73, 0x72, 0x63, 0x75, 0x5f, 0x67,
  0x70, 0x5f, 0x73, 0x65, 0x71, 0x5f, 0x6e, 0x65, 0x65, 0x64, 0x65, 0x64,
  0x5f, 0x65, 0x78, 0x70, 0x00, 0x73, 0x72, 0x63, 0x75, 0x5f, 0x62, 0x61,
  0x72, 0x72, 0x69, 0x65, 0x72, 0x5f, 0x63, 0x6f, 0x6d, 0x70, 0x6c, 0x65,
  0x74, 0x69, 0x6f, 0x6e, 0x00, 0x73, 0x69, 0x74, 0x65, 0x73, 0x00, 0x75,
  0x6e, 0x72, 0x65, 0x67, 0x66, 0x75, 0x6e, 0x63, 0x00, 0x62, 0x70, 0x66,
  0x5f, 0x66, 0x75, 0x6e, 0x63, 0x00, 0x2f, 0x68, 0x6f, 0x6d, 0x65, 0x2f,
  0x62, 0x65, 0x67, 0x61, 0x6e, 0x2f, 0x77, 0x6f, 0x72, 0x6b, 0x73, 0x70,
  0x61, 0x63, 0x65, 0x2f, 0x74, 0x68, 0x65, 0x73, 0x69, 0x73, 0x2f, 0x69,
  0x72, 0x6d, 0x2f, 0x72, 0x6f, 0x6f, 0x74, 0x66, 0x73, 0x2f, 0x69, 0x72,
  0x6d, 0x2f, 0x63, 0x2f, 0x69, 0x72, 0x6d, 0x2d, 0x63, 0x2e, 0x6d, 0x6f,
  0x64, 0x2e, 0x63, 0x00, 0x5f, 0x5f, 0x74, 0x68, 0x69, 0x73, 0x5f, 0x6d,
  0x6f, 0x64, 0x75, 0x6c, 0x65, 0x00, 0x70, 0x65, 0x6e, 0x64, 0x69, 0x6e,
  0x67, 0x00, 0x72, 0x65, 0x6c, 0x65, 0x61, 0x73, 0x65, 0x00, 0x61, 0x74,
  0x74, 0x72, 0x69, 0x62, 0x75, 0x74, 0x65, 0x00, 0x5f, 0x5f, 0x6b, 0x65,
  0x72, 0x6e, 0x65, 0x6c, 0x5f, 0x75, 0x69, 0x64, 0x33, 0x32, 0x5f, 0x74,
  0x00, 0x64, 0x5f, 0x69, 0x6e, 0x6f, 0x64, 0x65, 0x00, 0x65, 0x76, 0x69,
  0x63, 0x74, 0x5f, 0x69, 0x6e, 0x6f, 0x64, 0x65, 0x00, 0x64, 0x71, 0x5f,
  0x68, 0x61, 0x73, 0x68, 0x00, 0x64, 0x69, 0x6f, 0x5f, 0x63, 0x6f, 0x6d,
  0x70, 0x6c, 0x65, 0x74, 0x65, 0x00, 0x69, 0x6f, 0x76, 0x5f, 0x69, 0x74,
  0x65, 0x72, 0x00, 0x73, 0x74, 0x61, 0x72, 0x74, 0x5f, 0x64, 0x61, 0x74,
  0x61, 0x00, 0x76, 0x64, 0x73, 0x6f, 0x5f, 0x69, 0x6d, 0x61, 0x67, 0x65,
  0x00, 0x6d, 0x6d, 0x5f, 0x63, 0x6f, 0x6e, 0x74, 0x65, 0x78, 0x74, 0x5f,
  0x74, 0x00, 0x65, 0x75, 0x69, 0x64, 0x00, 0x72, 0x63, 0x75, 0x5f, 0x64,
  0x61, 0x74, 0x61, 0x30, 0x00, 0x75, 0x63, 0x6f, 0x75, 0x6e, 0x74, 0x73,
  0x00, 0x71, 0x66, 0x5f, 0x6f, 0x70, 0x73, 0x00, 0x72, 0x73, 0x73, 0x00,
  0x6c, 0x6c, 0x69, 0x73, 0x74, 0x00, 0x6c, 0x6f, 0x61, 0x64, 0x5f, 0x61,
  0x76, 0x67, 0x00, 0x73, 0x63, 0x68, 0x65, 0x64, 0x5f, 0x74, 0x61, 0x73,
  0x6b, 0x5f, 0x67, 0x72, 0x6f, 0x75, 0x70, 0x00, 0x62, 0x6c, 0x6f, 0x63,
  0x6b, 0x5f, 0x6d, 0x61, 0x78, 0x00, 0x73, 0x79, 0x73, 0x76, 0x73, 0x68,
  0x6d, 0x00, 0x69, 0x6f, 0x5f, 0x75, 0x72, 0x69, 0x6e, 0x67, 0x5f, 0x74,
  0x61, 0x73, 0x6b, 0x00, 0x69, 0x6e, 0x63, 0x72, 0x00, 0x70, 0x69, 0x64,
  0x73, 0x00, 0x6b, 0x65, 0x72, 0x6e, 0x65, 0x6c, 0x5f, 0x73, 0x69, 0x67,
  0x69, 0x6e, 0x66, 0x6f, 0x5f, 0x74, 0x00, 0x62, 0x72, 0x61, 0x6e, 0x63,
  0x68, 0x00, 0x6c, 0x31, 0x64, 0x5f, 0x66, 0x6c, 0x75, 0x73, 0x68, 0x5f,
  0x6b, 0x69, 0x6c, 0x6c, 0x00, 0x67, 0x73, 0x69, 0x6e, 0x64, 0x65, 0x78,
  0x00, 0x70, 0x74, 0x72, 0x61, 0x63, 0x65, 0x5f, 0x64, 0x72, 0x37, 0x00,
  0x70, 0x6b, 0x72, 0x75, 0x00, 0x69, 0x73, 0x5f, 0x63, 0x6f, 0x6e, 0x66,
  0x69, 0x64, 0x65, 0x6e, 0x74, 0x69, 0x61, 0x6c, 0x00, 0x66, 0x63, 0x73,
  0x00, 0x72, 0x38, 0x00, 0x73, 0x74, 0x69, 0x00, 0x65, 0x6e, 0x74, 0x72,
  0x79, 0x5f, 0x65, 0x69, 0x70, 0x00, 0x77, 0x6f, 0x72, 0x6b, 0x71, 0x75,
  0x65, 0x75, 0x65, 0x5f, 0x73, 0x74, 0x72, 0x75, 0x63, 0x74, 0x00, 0x73,
  0x5f, 0x70, 0x69, 0x6e, 0x73, 0x00, 0x69, 0x6e, 0x6f, 0x64, 0x65, 0x5f,
  0x6f, 0x70, 0x65, 0x72, 0x61, 0x74, 0x69, 0x6f, 0x6e, 0x73, 0x00, 0x69,
  0x5f, 0x64, 0x69, 0x6f, 0x5f, 0x63, 0x6f, 0x75, 0x6e, 0x74, 0x00, 0x69,
  0x5f, 0x66, 0x6c, 0x63, 0x74, 0x78, 0x00, 0x69, 0x5f, 0x70, 0x72, 0x69,
  0x76, 0x61, 0x74, 0x65, 0x00, 0x77, 0x72, 0x69, 0x74, 0x65, 0x5f, 0x62,
  0x65, 0x67, 0x69, 0x6e, 0x00, 0x67, 0x72, 0x61, 0x62, 0x5f, 0x63, 0x75,
  0x72, 0x72, 0x65, 0x6e, 0x74, 0x5f, 0x6e, 0x73, 0x00, 0x61, 0x73, 0x79,
  0x6e, 0x63, 0x5f, 0x70, 0x72, 0x6f, 0x62, 0x65, 0x5f, 0x72, 0x65, 0x71,
  0x75, 0x65, 0x73, 0x74, 0x65, 0x64, 0x00, 0x6e, 0x75, 0x6d, 0x5f, 0x62,
  0x75, 0x67, 0x73, 0x00, 0x6e, 0x6f, 0x69, 0x6e, 0x73, 0x74, 0x72, 0x5f,
  0x74, 0x65, 0x78, 0x74, 0x5f, 0x73, 0x69, 0x7a, 0x65, 0x00, 0x65, 0x6c,
  0x66, 0x33, 0x32, 0x5f, 0x6e, 0x6f, 0x74, 0x65, 0x00, 0x75, 0x6e, 0x73,
  0x69, 0x67, 0x6e, 0x65, 0x64, 0x20, 0x69, 0x6e, 0x74, 0x00, 0x69, 0x73,
  0x5f, 0x62, 0x69, 0x6e, 0x5f, 0x76, 0x69, 0x73, 0x69, 0x62, 0x6c, 0x65,
  0x00, 0x73, 0x65, 0x71, 0x63, 0x6f, 0x75, 0x6e, 0x74, 0x5f, 0x73, 0x70,
  0x69, 0x6e, 0x6c, 0x6f, 0x63, 0x6b, 0x5f, 0x74, 0x00, 0x66, 0x72, 0x65,
  0x65, 0x5f, 0x69, 0x6e, 0x6f, 0x64, 0x65, 0x00, 0x73, 0x79, 0x6e, 0x63,
  0x5f, 0x66, 0x73, 0x00, 0x66, 0x72, 0x65, 0x65, 0x7a, 0x65, 0x5f, 0x68,
  0x6f, 0x6c, 0x64, 0x65, 0x72, 0x00, 0x72, 0x65, 0x61, 0x64, 0x5f, 0x69,
  0x74, 0x65, 0x72, 0x00, 0x75, 0x6e, 0x6c, 0x6f, 0x63, 0x6b, 0x65, 0x64,
  0x5f, 0x69, 0x6f, 0x63, 0x74, 0x6c, 0x00, 0x76, 0x6d, 0x5f, 0x65, 0x6e,
  0x64, 0x00, 0x70, 0x67, 0x64, 0x76, 0x61, 0x6c, 0x5f, 0x74, 0x00, 0x6d,
  0x6d, 0x61, 0x70, 0x5f, 0x6c, 0x6f, 0x63, 0x6b, 0x00, 0x61, 0x72, 0x67,
  0x5f, 0x65, 0x6e, 0x64, 0x00, 0x6c, 0x64, 0x74, 0x00, 0x65, 0x78, 0x65,
  0x5f, 0x66, 0x69, 0x6c, 0x65, 0x00, 0x72, 0x62, 0x5f, 0x72, 0x69, 0x67,
  0x68, 0x74, 0x00, 0x63, 0x68, 0x65, 0x63, 0x6b, 0x5f, 0x66, 0x6c, 0x61,
  0x67, 0x73, 0x00, 0x70, 0x69, 0x70, 0x65, 0x5f, 0x69, 0x6e, 0x6f, 0x64,
  0x65, 0x5f, 0x69, 0x6e, 0x66, 0x6f, 0x00, 0x6b, 0x65, 0x72, 0x6e, 0x65,
  0x6c, 0x5f, 0x63, 0x61, 0x70, 0x5f, 0x74, 0x00, 0x63, 0x61, 0x70, 0x5f,
  0x70, 0x65, 0x72, 0x6d, 0x69, 0x74, 0x74, 0x65, 0x64, 0x00, 0x6b, 0x65,
  0x79, 0x5f, 0x70, 0x65, 0x72, 0x6d, 0x5f, 0x74, 0x00, 0x71, 0x75, 0x6f,
  0x74, 0x61, 0x6c, 0x65, 0x6e, 0x00, 0x64, 0x61, 0x74, 0x61, 0x6c, 0x65,
  0x6e, 0x00, 0x71, 0x72, 0x77, 0x6c, 0x6f, 0x63, 0x6b, 0x00, 0x66, 0x6f,
  0x77, 0x6e, 0x5f, 0x73, 0x74, 0x72, 0x75, 0x63, 0x74, 0x00, 0x66, 0x5f,
  0x65, 0x70, 0x00, 0x63, 0x6f, 0x6d, 0x6d, 0x69, 0x74, 0x5f, 0x64, 0x71,
  0x62, 0x6c, 0x6b, 0x00, 0x6d, 0x65, 0x6d, 0x5f, 0x64, 0x71, 0x69, 0x6e,
  0x66, 0x6f, 0x00, 0x64, 0x65, 0x70, 0x74, 0x68, 0x00, 0x74, 0x69, 0x6d,
  0x65, 0x6f, 0x75, 0x74, 0x00, 0x68, 0x72, 0x74, 0x69, 0x6d, 0x65, 0x72,
  0x5f, 0x63, 0x70, 0x75, 0x5f, 0x62, 0x61, 0x73, 0x65, 0x00, 0x72, 0x62,
  0x5f, 0x72, 0x6f, 0x6f, 0x74, 0x5f, 0x63, 0x61, 0x63, 0x68, 0x65, 0x64,
  0x00, 0x69, 0x6e, 0x61, 0x63, 0x74, 0x69, 0x76, 0x65, 0x5f, 0x74, 0x69,
  0x6d, 0x65, 0x72, 0x00, 0x77, 0x61, 0x69, 0x74, 0x5f, 0x73, 0x74, 0x61,
  0x72, 0x74, 0x00, 0x77, 0x61, 0x69, 0x74, 0x5f, 0x63, 0x6f, 0x75, 0x6e,
  0x74, 0x00, 0x6e, 0x65, 0x65, 0x64, 0x5f, 0x71, 0x73, 0x00, 0x72, 0x63,
  0x75, 0x5f, 0x73, 0x70, 0x65, 0x63, 0x69, 0x61, 0x6c, 0x00, 0x72, 0x63,
  0x75, 0x5f, 0x74, 0x61, 0x73, 0x6b, 0x73, 0x5f, 0x68, 0x6f, 0x6c, 0x64,
  0x6f, 0x75, 0x74, 0x00, 0x69, 0x6e, 0x5f, 0x65, 0x76, 0x65, 0x6e, 0x74,
  0x66, 0x64, 0x00, 0x61, 0x72, 0x63, 0x68, 0x5f, 0x64, 0x61, 0x74, 0x61,
  0x00, 0x74, 0x76, 0x5f, 0x73, 0x65, 0x63, 0x00, 0x6e, 0x73, 0x70, 0x72,
  0x6f, 0x78, 0x79, 0x00, 0x67, 0x72, 0x6f, 0x75, 0x70, 0x5f, 0x65, 0x78,
  0x65, 0x63, 0x5f, 0x74, 0x61, 0x73, 0x6b, 0x00, 0x73, 0x74, 0x61, 0x72,
  0x74, 0x75, 0x70, 0x00, 0x73, 0x61, 0x73, 0x5f, 0x73, 0x73, 0x5f, 0x73,
  0x69, 0x7a, 0x65, 0x00, 0x61, 0x63, 0x63, 0x74, 0x5f, 0x76, 0x6d, 0x5f,
  0x6d, 0x65, 0x6d, 0x31, 0x00, 0x61, 0x63, 0x74, 0x69, 0x76, 0x65, 0x5f,
  0x75, 0x70, 0x72, 0x6f, 0x62, 0x65, 0x00, 0x70, 0x61, 0x64, 0x64, 0x69,
  0x6e, 0x67, 0x31, 0x00, 0x73, 0x69, 0x00, 0x66, 0x72, 0x65, 0x64, 0x5f,
  0x63, 0x73, 0x00, 0x73, 0x5f, 0x73, 0x79, 0x73, 0x66, 0x73, 0x5f, 0x6e,
  0x61, 0x6d, 0x65, 0x00, 0x73, 0x5f, 0x75, 0x73, 0x65, 0x72, 0x5f, 0x6e,
  0x73, 0x00, 0x73, 0x5f, 0x64, 0x65, 0x6e, 0x74, 0x72, 0x79, 0x5f, 0x6c,
  0x72, 0x75, 0x00, 0x61, 0x74, 0x74, 0x72, 0x69, 0x62, 0x75, 0x74, 0x65,
  0x73, 0x5f, 0x6d, 0x61, 0x73, 0x6b, 0x00, 0x69, 0x5f, 0x63, 0x74, 0x69,
  0x6d, 0x65, 0x5f, 0x73, 0x65, 0x63, 0x00, 0x69, 0x5f, 0x70, 0x61, 0x67,
  0x65, 0x73, 0x00, 0x69, 0x5f, 0x70, 0x72, 0x69, 0x76, 0x61, 0x74, 0x65,
  0x5f, 0x64, 0x61, 0x74, 0x61, 0x00, 0x6b, 0x6f, 0x62, 0x6a, 0x5f, 0x6e,
  0x73, 0x5f, 0x74, 0x79, 0x70, 0x65, 0x5f, 0x6f, 0x70, 0x65, 0x72, 0x61,
  0x74, 0x69, 0x6f, 0x6e, 0x73, 0x00, 0x67, 0x65, 0x74, 0x5f, 0x6f, 0x77,
  0x6e, 0x65, 0x72, 0x73, 0x68, 0x69, 0x70, 0x00, 0x72, 0x65, 0x76, 0x00,
  0x6b, 0x65, 0x72, 0x6e, 0x66, 0x73, 0x5f, 0x65, 0x6c, 0x65, 0x6d, 0x5f,
  0x64, 0x69, 0x72, 0x00, 0x6b, 0x65, 0x72, 0x6e, 0x66, 0x73, 0x5f, 0x65,
  0x6c, 0x65, 0x6d, 0x5f, 0x61, 0x74, 0x74, 0x72, 0x00, 0x6b, 0x65, 0x72,
  0x6e, 0x66, 0x73, 0x5f, 0x6e, 0x6f, 0x64, 0x65, 0x00, 0x62, 0x75, 0x67,
  0x5f, 0x74, 0x61, 0x62, 0x6c, 0x65, 0x00, 0x6c, 0x69, 0x6e, 0x65, 0x00,
  0x62, 0x75, 0x67, 0x5f, 0x65, 0x6e, 0x74, 0x72, 0x79, 0x00, 0x73, 0x72,
  0x63, 0x75, 0x5f, 0x62, 0x61, 0x72, 0x72, 0x69, 0x65, 0x72, 0x5f, 0x73,
  0x65, 0x71, 0x00, 0x66, 0x75, 0x6e, 0x63, 0x73, 0x00, 0x74, 0x61, 0x72,
  0x67, 0x65, 0x74, 0x5f, 0x6c, 0x69, 0x73, 0x74, 0x00, 0x5f, 0x5f, 0x55,
  0x4e, 0x49, 0x51, 0x55, 0x45, 0x5f, 0x49, 0x44, 0x5f, 0x73, 0x72, 0x63,
  0x76, 0x65, 0x72, 0x73, 0x69, 0x6f, 0x6e, 0x33, 0x34, 0x30, 0x00, 0x5f,
  0x5f, 0x55, 0x4e, 0x49, 0x51, 0x55, 0x45, 0x5f, 0x49, 0x44, 0x5f, 0x61,
  0x75, 0x74, 0x68, 0x6f, 0x72, 0x33, 0x33, 0x39, 0x00, 0x6e, 0x65, 0x78,
  0x74, 0x00, 0x72, 0x6c, 0x6f, 0x63, 0x6b, 0x00, 0x75, 0x31, 0x36, 0x00,
  0x69, 0x5f, 0x6d, 0x6f, 0x64, 0x65, 0x00, 0x69, 0x5f, 0x64, 0x65, 0x66,
  0x61, 0x75, 0x6c, 0x74, 0x5f, 0x61, 0x63, 0x6c, 0x00, 0x75, 0x36, 0x34,
  0x00, 0x64, 0x5f, 0x64, 0x65, 0x6c, 0x65, 0x74, 0x65, 0x00, 0x66, 0x73,
  0x5f, 0x63, 0x6f, 0x6e, 0x74, 0x65, 0x78, 0x74, 0x00, 0x68, 0x6c, 0x69,
  0x73, 0x74, 0x5f, 0x6e, 0x6f, 0x64, 0x65, 0x00, 0x77, 0x72, 0x69, 0x74,
  0x65, 0x62, 0x61, 0x63, 0x6b, 0x5f, 0x63, 0x6f, 0x6e, 0x74, 0x72, 0x6f,
  0x6c, 0x00, 0x73, 0x68, 0x6f, 0x77, 0x5f, 0x73, 0x74, 0x61, 0x74, 0x73,
  0x00, 0x6e, 0x72, 0x5f, 0x74, 0x6f, 0x5f, 0x73, 0x63, 0x61, 0x6e, 0x00,
  0x67, 0x65, 0x74, 0x5f, 0x69, 0x6e, 0x6f, 0x64, 0x65, 0x5f, 0x75, 0x73,
  0x61, 0x67, 0x65, 0x00, 0x67, 0x65, 0x74, 0x5f, 0x64, 0x71, 0x62, 0x6c,
  0x6b, 0x00, 0x71, 0x63, 0x5f, 0x64, 0x71, 0x62, 0x6c, 0x6b, 0x00, 0x66,
  0x5f, 0x72, 0x65, 0x66, 0x00, 0x6b, 0x69, 0x5f, 0x66, 0x6c, 0x61, 0x67,
  0x73, 0x00, 0x6e, 0x6f, 0x66, 0x61, 0x75, 0x6c, 0x74, 0x00, 0x5f, 0x5f,
  0x75, 0x62, 0x75, 0x66, 0x5f, 0x69, 0x6f, 0x76, 0x65, 0x63, 0x00, 0x6c,
  0x69, 0x6e, 0x75, 0x78, 0x5f, 0x62, 0x69, 0x6e, 0x66, 0x6d, 0x74, 0x00,
  0x61, 0x6e, 0x6f, 0x6e, 0x5f, 0x76, 0x6d, 0x61, 0x00, 0x6b, 0x65, 0x79,
  0x5f, 0x74, 0x79, 0x70, 0x65, 0x00, 0x6b, 0x65, 0x79, 0x5f, 0x70, 0x61,
  0x79, 0x6c, 0x6f, 0x61, 0x64, 0x00, 0x72, 0x65, 0x73, 0x74, 0x72, 0x69,
  0x63, 0x74, 0x5f, 0x6c, 0x69, 0x6e, 0x6b, 0x00, 0x6d, 0x69, 0x73, 0x73,
  0x65, 0x64, 0x00, 0x72, 0x61, 0x74, 0x65, 0x6c, 0x69, 0x6d, 0x69, 0x74,
  0x5f, 0x73, 0x74, 0x61, 0x74, 0x65, 0x00, 0x71, 0x75, 0x6f, 0x74, 0x61,
  0x5f, 0x66, 0x6f, 0x72, 0x6d, 0x61, 0x74, 0x5f, 0x74, 0x79, 0x70, 0x65,
  0x00, 0x64, 0x71, 0x69, 0x5f, 0x66, 0x6c, 0x61, 0x67, 0x73, 0x00, 0x6c,
  0x6f, 0x61, 0x64, 0x5f, 0x73, 0x75, 0x6d, 0x00, 0x75, 0x74, 0x69, 0x6c,
  0x5f, 0x61, 0x76, 0x67, 0x00, 0x64, 0x6c, 0x5f, 0x72, 0x75, 0x6e, 0x74,
  0x69, 0x6d, 0x65, 0x00, 0x6f, 0x6e, 0x6c, 0x69, 0x6e, 0x65, 0x00, 0x74,
  0x69, 0x6d, 0x65, 0x72, 0x71, 0x75, 0x65, 0x75, 0x65, 0x5f, 0x68, 0x65,
  0x61, 0x64, 0x00, 0x73, 0x74, 0x61, 0x74, 0x73, 0x00, 0x73, 0x6c, 0x69,
  0x63, 0x65, 0x5f, 0x6d, 0x61, 0x78, 0x00, 0x6e, 0x65, 0x65, 0x64, 0x5f,
  0x6d, 0x62, 0x00, 0x65, 0x78, 0x69, 0x74, 0x5f, 0x73, 0x74, 0x61, 0x74,
  0x65, 0x00, 0x70, 0x69, 0x64, 0x5f, 0x74, 0x00, 0x73, 0x77, 0x61, 0x69,
  0x74, 0x5f, 0x71, 0x75, 0x65, 0x75, 0x65, 0x5f, 0x68, 0x65, 0x61, 0x64,
  0x00, 0x70, 0x72, 0x65, 0x76, 0x5f, 0x63, 0x70, 0x75, 0x74, 0x69, 0x6d,
  0x65, 0x00, 0x6e, 0x69, 0x76, 0x63, 0x73, 0x77, 0x00, 0x6d, 0x61, 0x6a,
  0x5f, 0x66, 0x6c, 0x74, 0x00, 0x62, 0x61, 0x73, 0x65, 0x73, 0x00, 0x74,
  0x69, 0x6d, 0x65, 0x72, 0x73, 0x5f, 0x61, 0x63, 0x74, 0x69, 0x76, 0x65,
  0x00, 0x70, 0x6f, 0x73, 0x69, 0x78, 0x5f, 0x63, 0x70, 0x75, 0x74, 0x69,
  0x6d, 0x65, 0x72, 0x73, 0x5f, 0x77, 0x6f, 0x72, 0x6b, 0x00, 0x73, 0x79,
  0x73, 0x76, 0x73, 0x65, 0x6d, 0x00, 0x63, 0x6f, 0x72, 0x65, 0x5f, 0x74,
  0x68, 0x72, 0x65, 0x61, 0x64, 0x00, 0x73, 0x61, 0x5f, 0x68, 0x61, 0x6e,
  0x64, 0x6c, 0x65, 0x72, 0x00, 0x6c, 0x6f, 0x67, 0x69, 0x6e, 0x75, 0x69,
  0x64, 0x00, 0x72, 0x65, 0x63, 0x6c, 0x61, 0x69, 0x6d, 0x5f, 0x73, 0x74,
  0x61, 0x74, 0x65, 0x00, 0x5f, 0x61, 0x72, 0x63, 0x68, 0x00, 0x63, 0x67,
  0x72, 0x6f, 0x75, 0x70, 0x73, 0x00, 0x63, 0x67, 0x5f, 0x6c, 0x69, 0x73,
  0x74, 0x00, 0x66, 0x75, 0x74, 0x65, 0x78, 0x5f, 0x6f, 0x66, 0x66, 0x73,
  0x65, 0x74, 0x00, 0x63, 0x70, 0x75, 0x5f, 0x69, 0x64, 0x00, 0x68, 0x70,
  0x72, 0x6f, 0x62, 0x65, 0x00, 0x64, 0x75, 0x70, 0x5f, 0x78, 0x6f, 0x6c,
  0x5f, 0x77, 0x6f, 0x72, 0x6b, 0x00, 0x6c, 0x69, 0x6d, 0x69, 0x74, 0x31,
  0x00, 0x66, 0x73, 0x69, 0x6e, 0x64, 0x65, 0x78, 0x00, 0x66, 0x65, 0x61,
  0x74, 0x75, 0x72, 0x65, 0x73, 0x5f, 0x6c, 0x6f, 0x63, 0x6b, 0x65, 0x64,
  0x00, 0x74, 0x68, 0x72, 0x65, 0x61, 0x64, 0x5f, 0x73, 0x68, 0x73, 0x74,
  0x6b, 0x00, 0x72, 0x69, 0x70, 0x00, 0x6e, 0x6f, 0x5f, 0x75, 0x70, 0x64,
  0x61, 0x74, 0x65, 0x00, 0x72, 0x31, 0x34, 0x00, 0x76, 0x65, 0x63, 0x74,
  0x6f, 0x72, 0x00, 0x5f, 0x5f, 0x70, 0x61, 0x64, 0x64, 0x69, 0x6e, 0x67,
  0x00, 0x66, 0x70, 0x72, 0x65, 0x67, 0x73, 0x5f, 0x73, 0x74, 0x61, 0x74,
  0x65, 0x00, 0x66, 0x73, 0x6e, 0x6f, 0x74, 0x69, 0x66, 0x79, 0x5f, 0x73,
  0x62, 0x5f, 0x69, 0x6e, 0x66, 0x6f, 0x00, 0x73, 0x5f, 0x6d, 0x61, 0x78,
  0x5f, 0x6c, 0x69, 0x6e, 0x6b, 0x73, 0x00, 0x73, 0x5f, 0x69, 0x6e, 0x6f,
  0x64, 0x65, 0x73, 0x5f, 0x77, 0x62, 0x00, 0x64, 0x5f, 0x77, 0x61, 0x69,
  0x74, 0x00, 0x73, 0x79, 0x6d, 0x6c, 0x69, 0x6e, 0x6b, 0x00, 0x64, 0x69,
  0x6f, 0x5f, 0x6f, 0x66, 0x66, 0x73, 0x65, 0x74, 0x5f, 0x61, 0x6c, 0x69,
  0x67, 0x6e, 0x00, 0x69, 0x6e, 0x6f, 0x64, 0x65, 0x00, 0x72, 0x65, 0x6c,
  0x65, 0x61, 0x73, 0x65, 0x5f, 0x66, 0x6f, 0x6c, 0x69, 0x6f, 0x00, 0x66,
  0x72, 0x65, 0x65, 0x5f, 0x66, 0x6f, 0x6c, 0x69, 0x6f, 0x00, 0x69, 0x5f,
  0x70, 0x72, 0x69, 0x76, 0x61, 0x74, 0x65, 0x5f, 0x6c, 0x6f, 0x63, 0x6b,
  0x00, 0x64, 0x72, 0x6f, 0x70, 0x5f, 0x6e, 0x73, 0x00, 0x6b, 0x6e, 0x00,
  0x65, 0x6c, 0x65, 0x6d, 0x73, 0x69, 0x7a, 0x65, 0x00, 0x6f, 0x72, 0x63,
  0x5f, 0x65, 0x6e, 0x74, 0x72, 0x79, 0x00, 0x74, 0x79, 0x70, 0x65, 0x74,
  0x61, 0x62, 0x00, 0x6d, 0x6f, 0x64, 0x5f, 0x6b, 0x61, 0x6c, 0x6c, 0x73,
  0x79, 0x6d, 0x73, 0x00, 0x6e, 0x6f, 0x74, 0x65, 0x73, 0x5f, 0x61, 0x74,
  0x74, 0x72, 0x73, 0x00, 0x70, 0x65, 0x72, 0x63, 0x70, 0x75, 0x00, 0x64,
  0x65, 0x6c, 0x61, 0x79, 0x65, 0x64, 0x5f, 0x77, 0x6f, 0x72, 0x6b, 0x00,
  0x73, 0x74, 0x61, 0x74, 0x69, 0x63, 0x5f, 0x63, 0x61, 0x6c, 0x6c, 0x5f,
  0x73, 0x69, 0x74, 0x65, 0x73, 0x00, 0x5f, 0x5f, 0x41, 0x52, 0x52, 0x41,
  0x59, 0x5f, 0x53, 0x49, 0x5a, 0x45, 0x5f, 0x54, 0x59, 0x50, 0x45, 0x5f,
  0x5f, 0x00, 0x4d, 0x4f, 0x44, 0x55, 0x4c, 0x45, 0x5f, 0x53, 0x54, 0x41,
  0x54, 0x45, 0x5f, 0x43, 0x4f, 0x4d, 0x49, 0x4e, 0x47, 0x00, 0x6e, 0x61,
  0x6d, 0x65, 0x00, 0x68, 0x6f, 0x73, 0x74, 0x00, 0x73, 0x5f, 0x6c, 0x69,
  0x73, 0x74, 0x00, 0x5f, 0x5f, 0x6b, 0x65, 0x72, 0x6e, 0x65, 0x6c, 0x5f,
  0x64, 0x65, 0x76, 0x5f, 0x74, 0x00, 0x6c, 0x6f, 0x6e, 0x67, 0x20, 0x6c,
  0x6f, 0x6e, 0x67, 0x00, 0x64, 0x71, 0x5f, 0x66, 0x72, 0x65, 0x65, 0x00,
  0x6e, 0x72, 0x5f, 0x63, 0x61, 0x63, 0x68, 0x65, 0x64, 0x5f, 0x6f, 0x62,
  0x6a, 0x65, 0x63, 0x74, 0x73, 0x00, 0x64, 0x65, 0x73, 0x74, 0x72, 0x6f,
  0x79, 0x5f, 0x64, 0x71, 0x75, 0x6f, 0x74, 0x00, 0x67, 0x65, 0x74, 0x5f,
  0x70, 0x72, 0x6f, 0x6a, 0x69, 0x64, 0x00, 0x6b, 0x76, 0x65, 0x63, 0x00,
  0x70, 0x63, 0x70, 0x75, 0x5f, 0x63, 0x69, 0x64, 0x00, 0x6d, 0x6d, 0x6c,
  0x69, 0x73, 0x74, 0x00, 0x6c, 0x64, 0x74, 0x5f, 0x75, 0x73, 0x72, 0x5f,
  0x73, 0x65, 0x6d, 0x00, 0x6d, 0x6d, 0x75, 0x5f, 0x6e, 0x6f, 0x74, 0x69,
  0x66, 0x69, 0x65, 0x72, 0x5f, 0x73, 0x75, 0x62, 0x73, 0x63, 0x72, 0x69,
  0x70, 0x74, 0x69, 0x6f, 0x6e, 0x73, 0x00, 0x77, 0x6f, 0x72, 0x6b, 0x5f,
  0x73, 0x74, 0x72, 0x75, 0x63, 0x74, 0x00, 0x63, 0x74, 0x78, 0x00, 0x69,
  0x6e, 0x74, 0x33, 0x32, 0x5f, 0x74, 0x00, 0x64, 0x6f, 0x6d, 0x61, 0x69,
  0x6e, 0x5f, 0x74, 0x61, 0x67, 0x00, 0x61, 0x73, 0x73, 0x6f, 0x63, 0x5f,
  0x61, 0x72, 0x72, 0x61, 0x79, 0x5f, 0x70, 0x74, 0x72, 0x00, 0x5f, 0x5f,
  0x63, 0x6f, 0x75, 0x6e, 0x74, 0x00, 0x75, 0x69, 0x64, 0x68, 0x61, 0x73,
  0x68, 0x5f, 0x6e, 0x6f, 0x64, 0x65, 0x00, 0x65, 0x72, 0x72, 0x73, 0x65,
  0x71, 0x5f, 0x74, 0x00, 0x66, 0x5f, 0x66, 0x72, 0x65, 0x65, 0x70, 0x74,
  0x72, 0x00, 0x64, 0x71, 0x69, 0x6f, 0x5f, 0x73, 0x65, 0x6d, 0x00, 0x73,
  0x65, 0x00, 0x72, 0x75, 0x6e, 0x6e, 0x61, 0x62, 0x6c, 0x65, 0x5f, 0x77,
  0x65, 0x69, 0x67, 0x68, 0x74, 0x00, 0x73, 0x6c, 0x65, 0x65, 0x70, 0x5f,
  0x6d, 0x61, 0x78, 0x00, 0x6e, 0x72, 0x5f, 0x77, 0x61, 0x6b, 0x65, 0x75,
  0x70, 0x73, 0x5f, 0x6c, 0x6f, 0x63, 0x61, 0x6c, 0x00, 0x77, 0x6f, 0x72,
  0x6b, 0x65, 0x72, 0x5f, 0x70, 0x72, 0x69, 0x76, 0x61, 0x74, 0x65, 0x00,
  0x66, 0x73, 0x5f, 0x73, 0x74, 0x72, 0x75, 0x63, 0x74, 0x00, 0x73, 0x69,
  0x67, 0x6e, 0x61, 0x6c, 0x00, 0x72, 0x6c, 0x69, 0x6d, 0x00, 0x5f, 0x5f,
  0x73, 0x69, 0x67, 0x68, 0x61, 0x6e, 0x64, 0x6c, 0x65, 0x72, 0x5f, 0x74,
  0x00, 0x72, 0x73, 0x65, 0x71, 0x5f, 0x65, 0x76, 0x65, 0x6e, 0x74, 0x5f,
  0x6d, 0x61, 0x73, 0x6b, 0x00, 0x55, 0x54, 0x41, 0x53, 0x4b, 0x5f, 0x53,
  0x53, 0x54, 0x45, 0x50, 0x5f, 0x41, 0x43, 0x4b, 0x00, 0x73, 0x74, 0x61,
  0x63, 0x6b, 0x5f, 0x72, 0x65, 0x66, 0x63, 0x6f, 0x75, 0x6e, 0x74, 0x00,
  0x6d, 0x63, 0x65, 0x5f, 0x76, 0x61, 0x64, 0x64, 0x72, 0x00, 0x6d, 0x63,
  0x65, 0x5f, 0x72, 0x69, 0x70, 0x76, 0x00, 0x69, 0x6f, 0x5f, 0x62, 0x69,
  0x74, 0x6d, 0x61, 0x70, 0x00, 0x62, 0x78, 0x00, 0x6e, 0x65, 0x73, 0x74,
  0x65, 0x64, 0x00, 0x69, 0x33, 0x38, 0x37, 0x00, 0x73, 0x5f, 0x74, 0x69,
  0x6d, 0x65, 0x5f, 0x6d, 0x69, 0x6e, 0x00, 0x69, 0x61, 0x5f, 0x61, 0x74,
  0x69, 0x6d, 0x65, 0x00, 0x69, 0x5f, 0x67, 0x65, 0x6e, 0x65, 0x72, 0x61,
  0x74, 0x69, 0x6f, 0x6e, 0x00, 0x69, 0x5f, 0x66, 0x6f, 0x70, 0x00, 0x69,
  0x5f, 0x63, 0x64, 0x65, 0x76, 0x00, 0x5f, 0x6c, 0x61, 0x72, 0x67, 0x65,
  0x5f, 0x6d, 0x61, 0x70, 0x63, 0x6f, 0x75, 0x6e, 0x74, 0x00, 0x73, 0x77,
  0x61, 0x70, 0x5f, 0x72, 0x77, 0x00, 0x74, 0x61, 0x72, 0x67, 0x65, 0x74,
  0x5f, 0x6b, 0x6e, 0x00, 0x65, 0x76, 0x65, 0x6e, 0x74, 0x00, 0x73, 0x69,
  0x67, 0x6e, 0x65, 0x64, 0x20, 0x63, 0x68, 0x61, 0x72, 0x00, 0x73, 0x64,
  0x61, 0x00, 0x72, 0x65, 0x73, 0x63, 0x68, 0x65, 0x64, 0x75, 0x6c, 0x65,
  0x5f, 0x6a, 0x69, 0x66, 0x66, 0x69, 0x65, 0x73, 0x00, 0x73, 0x74, 0x61,
  0x74, 0x69, 0x63, 0x5f, 0x6b, 0x65, 0x79, 0x00, 0x73, 0x74, 0x61, 0x74,
  0x69, 0x63, 0x5f, 0x6b, 0x65, 0x79, 0x5f, 0x66, 0x61, 0x6c, 0x73, 0x65,
  0x00, 0x6d, 0x6f, 0x64, 0x73, 0x00, 0x74, 0x72, 0x61, 0x63, 0x65, 0x5f,
  0x65, 0x76, 0x61, 0x6c, 0x73, 0x00, 0x5f, 0x5f, 0x55, 0x4e, 0x49, 0x51,
  0x55, 0x45, 0x5f, 0x49, 0x44, 0x5f, 0x5f, 0x5f, 0x61, 0x64, 0x64, 0x72,
  0x65, 0x73, 0x73, 0x61, 0x62, 0x6c, 0x65, 0x5f, 0x69, 0x6e, 0x69, 0x74,
  0x5f, 0x6d, 0x6f, 0x64, 0x75, 0x6c, 0x65, 0x33, 0x34, 0x32, 0x00, 0x75,
  0x65, 0x76, 0x65, 0x6e, 0x74, 0x00, 0x73, 0x73, 0x69, 0x7a, 0x65, 0x5f,
  0x74, 0x00, 0x6d, 0x6f, 0x75, 0x6e, 0x74, 0x00, 0x6f, 0x77, 0x6e, 0x65,
  0x72, 0x00, 0x64, 0x71, 0x5f, 0x64, 0x69, 0x72, 0x74, 0x79, 0x00, 0x64,
  0x71, 0x5f, 0x69, 0x64, 0x00, 0x74, 0x79, 0x70, 0x65, 0x00, 0x64, 0x71,
  0x62, 0x5f, 0x63, 0x75, 0x72, 0x73, 0x70, 0x61, 0x63, 0x65, 0x00, 0x66,
  0x72, 0x65, 0x65, 0x5f, 0x63, 0x61, 0x63, 0x68, 0x65, 0x64, 0x5f, 0x6f,
  0x62, 0x6a, 0x65, 0x63, 0x74, 0x73, 0x00, 0x64, 0x71, 0x5f, 0x6f, 0x70,
  0x00, 0x69, 0x5f, 0x72, 0x74, 0x5f, 0x73, 0x70, 0x63, 0x5f, 0x77, 0x61,
  0x72, 0x6e, 0x6c, 0x69, 0x6d, 0x69, 0x74, 0x00, 0x66, 0x6c, 0x61, 0x67,
  0x73, 0x00, 0x73, 0x70, 0x63, 0x5f, 0x77, 0x61, 0x72, 0x6e, 0x6c, 0x69,
  0x6d, 0x69, 0x74, 0x00, 0x71, 0x75, 0x6f, 0x74, 0x61, 0x63, 0x74, 0x6c,
  0x5f, 0x6f, 0x70, 0x73, 0x00, 0x73, 0x5f, 0x65, 0x78, 0x70, 0x6f, 0x72,
  0x74, 0x5f, 0x6f, 0x70, 0x00, 0x66, 0x6f, 0x6c, 0x69, 0x6f, 0x5f, 0x71,
  0x75, 0x65, 0x75, 0x65, 0x00, 0x63, 0x6f, 0x6d, 0x70, 0x61, 0x74, 0x5f,
  0x69, 0x6f, 0x63, 0x74, 0x6c, 0x00, 0x6d, 0x6d, 0x5f, 0x63, 0x6f, 0x75,
  0x6e, 0x74, 0x00, 0x68, 0x69, 0x77, 0x61, 0x74, 0x65, 0x72, 0x5f, 0x72,
  0x73, 0x73, 0x00, 0x69, 0x6f, 0x6d, 0x6d, 0x75, 0x5f, 0x6d, 0x6d, 0x00,
  0x66, 0x6c, 0x75, 0x73, 0x68, 0x00, 0x70, 0x69, 0x70, 0x65, 0x5f, 0x62,
  0x75, 0x66, 0x73, 0x00, 0x73, 0x5f, 0x62, 0x64, 0x69, 0x00, 0x70, 0x74,
  0x72, 0x61, 0x63, 0x65, 0x00, 0x6c, 0x61, 0x73, 0x74, 0x5f, 0x77, 0x61,
  0x6b, 0x65, 0x65, 0x00, 0x70, 0x65, 0x72, 0x69, 0x6f, 0x64, 0x5f, 0x63,
  0x6f, 0x6e, 0x74, 0x72, 0x69, 0x62, 0x00, 0x48, 0x52, 0x54, 0x49, 0x4d,
  0x45, 0x52, 0x5f, 0x4e, 0x4f, 0x52, 0x45, 0x53, 0x54, 0x41, 0x52, 0x54,
  0x00, 0x73, 0x75, 0x6d, 0x5f, 0x62, 0x6c, 0x6f, 0x63, 0x6b, 0x5f, 0x72,
  0x75, 0x6e, 0x74, 0x69, 0x6d, 0x65, 0x00, 0x6d, 0x69, 0x67, 0x72, 0x61,
  0x74, 0x69, 0x6f, 0x6e, 0x5f, 0x66, 0x6c, 0x61, 0x67, 0x73, 0x00, 0x72,
  0x63, 0x75, 0x5f, 0x72, 0x65, 0x61, 0x64, 0x5f, 0x6c, 0x6f, 0x63, 0x6b,
  0x5f, 0x6e, 0x65, 0x73, 0x74, 0x69, 0x6e, 0x67, 0x00, 0x72, 0x63, 0x75,
  0x5f, 0x74, 0x61, 0x73, 0x6b, 0x73, 0x5f, 0x68, 0x6f, 0x6c, 0x64, 0x6f,
  0x75, 0x74, 0x5f, 0x6c, 0x69, 0x73, 0x74, 0x00, 0x72, 0x63, 0x75, 0x5f,
  0x74, 0x61, 0x73, 0x6b, 0x73, 0x5f, 0x65, 0x78, 0x69, 0x74, 0x5f, 0x63,
  0x70, 0x75, 0x00, 0x70, 0x6c, 0x69, 0x73, 0x74, 0x5f, 0x6e, 0x6f, 0x64,
  0x65, 0x00, 0x72, 0x6d, 0x74, 0x70, 0x00, 0x74, 0x76, 0x5f, 0x6e, 0x73,
  0x65, 0x63, 0x00, 0x6e, 0x66, 0x64, 0x73, 0x00, 0x64, 0x6f, 0x6e, 0x65,
  0x00, 0x65, 0x78, 0x70, 0x69, 0x72, 0x79, 0x5f, 0x61, 0x63, 0x74, 0x69,
  0x76, 0x65, 0x00, 0x6c, 0x69, 0x76, 0x65, 0x00, 0x72, 0x63, 0x68, 0x61,
  0x72, 0x00, 0x61, 0x75, 0x64, 0x69, 0x74, 0x5f, 0x63, 0x6f, 0x6e, 0x74,
  0x65, 0x78, 0x74, 0x00, 0x70, 0x61, 0x72, 0x65, 0x6e, 0x74, 0x5f, 0x65,
  0x78, 0x65, 0x63, 0x5f, 0x69, 0x64, 0x00, 0x77, 0x61, 0x6b, 0x65, 0x5f,
  0x71, 0x5f, 0x6e, 0x6f, 0x64, 0x65, 0x00, 0x6a, 0x6f, 0x75, 0x72, 0x6e,
  0x61, 0x6c, 0x5f, 0x69, 0x6e, 0x66, 0x6f, 0x00, 0x61, 0x63, 0x63, 0x74,
  0x5f, 0x74, 0x69, 0x6d, 0x65, 0x78, 0x70, 0x64, 0x00, 0x74, 0x61, 0x73,
  0x6b, 0x5f, 0x64, 0x65, 0x6c, 0x61, 0x79, 0x5f, 0x69, 0x6e, 0x66, 0x6f,
  0x00, 0x76, 0x61, 0x64, 0x64, 0x72, 0x00, 0x73, 0x74, 0x61, 0x63, 0x6b,
  0x5f, 0x76, 0x6d, 0x5f, 0x61, 0x72, 0x65, 0x61, 0x00, 0x64, 0x00, 0x64,
  0x65, 0x73, 0x63, 0x5f, 0x73, 0x74, 0x72, 0x75, 0x63, 0x74, 0x00, 0x66,
  0x65, 0x61, 0x74, 0x75, 0x72, 0x65, 0x73, 0x00, 0x75, 0x73, 0x65, 0x72,
  0x5f, 0x73, 0x69, 0x7a, 0x65, 0x00, 0x72, 0x31, 0x33, 0x00, 0x70, 0x74,
  0x5f, 0x72, 0x65, 0x67, 0x73, 0x00, 0x73, 0x5f, 0x74, 0x69, 0x6d, 0x65,
  0x5f, 0x6d, 0x61, 0x78, 0x00, 0x73, 0x5f, 0x73, 0x68, 0x72, 0x69, 0x6e,
  0x6b, 0x00, 0x73, 0x5f, 0x69, 0x6e, 0x6f, 0x64, 0x65, 0x5f, 0x6c, 0x69,
  0x73, 0x74, 0x5f, 0x6c, 0x6f, 0x63, 0x6b, 0x00, 0x64, 0x5f, 0x69, 0x6e,
  0x5f, 0x6c, 0x6f, 0x6f, 0x6b, 0x75, 0x70, 0x5f, 0x68, 0x61, 0x73, 0x68,
  0x00, 0x69, 0x61, 0x5f, 0x6d, 0x6f, 0x64, 0x65, 0x00, 0x69, 0x61, 0x5f,
  0x67, 0x69, 0x64, 0x00, 0x6c, 0x69, 0x73, 0x74, 0x78, 0x61, 0x74, 0x74,
  0x72, 0x00, 0x66, 0x69, 0x65, 0x6d, 0x61, 0x70, 0x5f, 0x65, 0x78, 0x74,
  0x65, 0x6e, 0x74, 0x5f, 0x69, 0x6e, 0x66, 0x6f, 0x00, 0x72, 0x65, 0x61,
  0x64, 0x5f, 0x66, 0x6f, 0x6c, 0x69, 0x6f, 0x00, 0x62, 0x69, 0x6e, 0x5f,
  0x61, 0x74, 0x74, 0x72, 0x69, 0x62, 0x75, 0x74, 0x65, 0x00, 0x73, 0x74,
  0x61, 0x74, 0x65, 0x5f, 0x69, 0x6e, 0x69, 0x74, 0x69, 0x61, 0x6c, 0x69,
  0x7a, 0x65, 0x64, 0x00, 0x64, 0x72, 0x69, 0x76, 0x65, 0x72, 0x73, 0x5f,
  0x64, 0x69, 0x72, 0x00, 0x6d, 0x6f, 0x64, 0x75, 0x6c, 0x65, 0x5f, 0x70,
  0x61, 0x72, 0x61, 0x6d, 0x5f, 0x61, 0x74, 0x74, 0x72, 0x73, 0x00, 0x63,
  0x72, 0x63, 0x73, 0x00, 0x6d, 0x74, 0x6e, 0x00, 0x73, 0x74, 0x5f, 0x73,
  0x68, 0x6e, 0x64, 0x78, 0x00, 0x6e, 0x75, 0x6d, 0x5f, 0x74, 0x72, 0x61,
  0x63, 0x65, 0x70, 0x6f, 0x69, 0x6e, 0x74, 0x73, 0x00, 0x74, 0x61, 0x69,
  0x6c, 0x73, 0x00, 0x73, 0x72, 0x63, 0x75, 0x5f, 0x63, 0x62, 0x6c, 0x69,
  0x73, 0x74, 0x5f, 0x69, 0x6e, 0x76, 0x6f, 0x6b, 0x69, 0x6e, 0x67, 0x00,
  0x67, 0x72, 0x70, 0x6c, 0x6f, 0x00, 0x73, 0x64, 0x61, 0x5f, 0x69, 0x73,
  0x5f, 0x73, 0x74, 0x61, 0x74, 0x69, 0x63, 0x00, 0x74, 0x61, 0x72, 0x67,
  0x65, 0x74, 0x00, 0x69, 0x74, 0x65, 0x72, 0x61, 0x74, 0x6f, 0x72, 0x00,
  0x5f, 0x6e, 0x6f, 0x74, 0x65, 0x5f, 0x31, 0x39, 0x00, 0x2f, 0x68, 0x6f,
  0x6d, 0x65, 0x2f, 0x62, 0x65, 0x67, 0x61, 0x6e, 0x2f, 0x77, 0x6f, 0x72,
  0x6b, 0x73, 0x70, 0x61, 0x63, 0x65, 0x2f, 0x74, 0x68, 0x65, 0x73, 0x69,
  0x73, 0x2f, 0x69, 0x72, 0x6d, 0x2f, 0x6c, 0x69, 0x6e, 0x75, 0x78, 0x2d,
  0x72, 0x75, 0x73, 0x74, 0x2d, 0x6e, 0x65, 0x78, 0x74, 0x00, 0x72, 0x61,
  0x77, 0x5f, 0x6c, 0x6f, 0x63, 0x6b, 0x00, 0x5f, 0x5f, 0x6b, 0x65, 0x72,
  0x6e, 0x65, 0x6c, 0x5f, 0x6c, 0x6f, 0x6e, 0x67, 0x5f, 0x74, 0x00, 0x6b,
  0x75, 0x69, 0x64, 0x5f, 0x74, 0x00, 0x68, 0x61, 0x73, 0x68, 0x5f, 0x6c,
  0x65, 0x6e, 0x00, 0x46, 0x52, 0x45, 0x45, 0x5a, 0x45, 0x5f, 0x48, 0x4f,
  0x4c, 0x44, 0x45, 0x52, 0x5f, 0x55, 0x53, 0x45, 0x52, 0x53, 0x50, 0x41,
  0x43, 0x45, 0x00, 0x74, 0x68, 0x61, 0x77, 0x5f, 0x73, 0x75, 0x70, 0x65,
  0x72, 0x00, 0x64, 0x71, 0x5f, 0x63, 0x6f, 0x75, 0x6e, 0x74, 0x00, 0x64,
  0x71, 0x5f, 0x73, 0x62, 0x00, 0x6b, 0x70, 0x72, 0x6f, 0x6a, 0x69, 0x64,
  0x5f, 0x74, 0x00, 0x61, 0x63, 0x71, 0x75, 0x69, 0x72, 0x65, 0x5f, 0x64,
  0x71, 0x75, 0x6f, 0x74, 0x00, 0x64, 0x5f, 0x73, 0x70, 0x63, 0x5f, 0x74,
  0x69, 0x6d, 0x65, 0x72, 0x00, 0x64, 0x5f, 0x72, 0x74, 0x5f, 0x73, 0x70,
  0x63, 0x5f, 0x77, 0x61, 0x72, 0x6e, 0x73, 0x00, 0x73, 0x5f, 0x66, 0x6c,
  0x61, 0x67, 0x73, 0x00, 0x6d, 0x61, 0x78, 0x5f, 0x6e, 0x72, 0x5f, 0x63,
  0x69, 0x64, 0x00, 0x64, 0x61, 0x74, 0x61, 0x00, 0x73, 0x79, 0x6d, 0x5f,
  0x68, 0x76, 0x63, 0x6c, 0x6f, 0x63, 0x6b, 0x5f, 0x70, 0x61, 0x67, 0x65,
  0x00, 0x72, 0x62, 0x5f, 0x6e, 0x6f, 0x64, 0x65, 0x00, 0x66, 0x69, 0x6c,
  0x65, 0x5f, 0x6c, 0x65, 0x61, 0x73, 0x65, 0x00, 0x65, 0x67, 0x69, 0x64,
  0x00, 0x73, 0x65, 0x72, 0x69, 0x61, 0x6c, 0x00, 0x66, 0x5f, 0x70, 0x6f,
  0x73, 0x5f, 0x6c, 0x6f, 0x63, 0x6b, 0x00, 0x77, 0x6c, 0x6f, 0x63, 0x6b,
  0x65, 0x64, 0x00, 0x77, 0x61, 0x69, 0x74, 0x5f, 0x71, 0x75, 0x65, 0x75,
  0x65, 0x5f, 0x68, 0x65, 0x61, 0x64, 0x5f, 0x74, 0x00, 0x6c, 0x6c, 0x69,
  0x73, 0x74, 0x5f, 0x6e, 0x6f, 0x64, 0x65, 0x00, 0x73, 0x61, 0x76, 0x65,
  0x64, 0x5f, 0x73, 0x74, 0x61, 0x74, 0x65, 0x00, 0x77, 0x61, 0x6b, 0x65,
  0x5f, 0x65, 0x6e, 0x74, 0x72, 0x79, 0x00, 0x70, 0x72, 0x65, 0x76, 0x5f,
  0x73, 0x75, 0x6d, 0x5f, 0x65, 0x78, 0x65, 0x63, 0x5f, 0x72, 0x75, 0x6e,
  0x74, 0x69, 0x6d, 0x65, 0x00, 0x64, 0x6c, 0x5f, 0x64, 0x65, 0x66, 0x65,
  0x72, 0x5f, 0x72, 0x75, 0x6e, 0x6e, 0x69, 0x6e, 0x67, 0x00, 0x65, 0x78,
  0x70, 0x69, 0x72, 0x65, 0x73, 0x00, 0x74, 0x69, 0x6d, 0x65, 0x72, 0x71,
  0x75, 0x65, 0x75, 0x65, 0x5f, 0x6e, 0x6f, 0x64, 0x65, 0x00, 0x6e, 0x72,
  0x5f, 0x72, 0x65, 0x74, 0x72, 0x69, 0x65, 0x73, 0x00, 0x6e, 0x72, 0x5f,
  0x68, 0x61, 0x6e, 0x67, 0x73, 0x00, 0x77, 0x61, 0x69, 0x74, 0x5f, 0x6d,
  0x61, 0x78, 0x00, 0x6e, 0x72, 0x5f, 0x77, 0x61, 0x6b, 0x65, 0x75, 0x70,
  0x73, 0x5f, 0x70, 0x61, 0x73, 0x73, 0x69, 0x76, 0x65, 0x00, 0x63, 0x6f,
  0x6d, 0x70, 0x61, 0x74, 0x5f, 0x72, 0x6d, 0x74, 0x70, 0x00, 0x70, 0x74,
  0x72, 0x61, 0x63, 0x65, 0x64, 0x00, 0x73, 0x63, 0x68, 0x65, 0x64, 0x75,
  0x6c, 0x65, 0x64, 0x00, 0x63, 0x75, 0x72, 0x72, 0x5f, 0x74, 0x61, 0x72,
  0x67, 0x65, 0x74, 0x00, 0x73, 0x75, 0x6d, 0x5f, 0x73, 0x63, 0x68, 0x65,
  0x64, 0x5f, 0x72, 0x75, 0x6e, 0x74, 0x69, 0x6d, 0x65, 0x00, 0x73, 0x69,
  0x67, 0x6c, 0x6f, 0x63, 0x6b, 0x00, 0x73, 0x65, 0x6c, 0x65, 0x63, 0x74,
  0x6f, 0x72, 0x00, 0x70, 0x65, 0x72, 0x66, 0x5f, 0x72, 0x65, 0x63, 0x75,
  0x72, 0x73, 0x69, 0x6f, 0x6e, 0x00, 0x65, 0x6e, 0x64, 0x00, 0x5f, 0x72,
  0x65, 0x66, 0x63, 0x6f, 0x75, 0x6e, 0x74, 0x00, 0x66, 0x73, 0x62, 0x61,
  0x73, 0x65, 0x00, 0x72, 0x63, 0x75, 0x77, 0x61, 0x69, 0x74, 0x00, 0x62,
  0x6c, 0x6f, 0x63, 0x6b, 0x00, 0x70, 0x65, 0x72, 0x63, 0x70, 0x75, 0x5f,
  0x72, 0x77, 0x5f, 0x73, 0x65, 0x6d, 0x61, 0x70, 0x68, 0x6f, 0x72, 0x65,
  0x00, 0x73, 0x75, 0x70, 0x65, 0x72, 0x5f, 0x62, 0x6c, 0x6f, 0x63, 0x6b,
  0x00, 0x64, 0x5f, 0x72, 0x65, 0x61, 0x6c, 0x5f, 0x74, 0x79, 0x70, 0x65,
  0x00, 0x69, 0x61, 0x5f, 0x73, 0x69, 0x7a, 0x65, 0x00, 0x66, 0x69, 0x6c,
  0x65, 0x61, 0x74, 0x74, 0x72, 0x5f, 0x67, 0x65, 0x74, 0x00, 0x69, 0x5f,
  0x72, 0x77, 0x73, 0x65, 0x6d, 0x00, 0x69, 0x5f, 0x68, 0x61, 0x73, 0x68,
  0x00, 0x69, 0x5f, 0x64, 0x65, 0x76, 0x69, 0x63, 0x65, 0x73, 0x00, 0x77,
  0x72, 0x69, 0x74, 0x65, 0x70, 0x61, 0x67, 0x65, 0x00, 0x5f, 0x66, 0x6c,
  0x61, 0x67, 0x73, 0x5f, 0x31, 0x00, 0x5f, 0x68, 0x65, 0x61, 0x64, 0x5f,
  0x32, 0x00, 0x77, 0x72, 0x69, 0x74, 0x65, 0x5f, 0x65, 0x6e, 0x64, 0x00,
  0x64, 0x69, 0x72, 0x00, 0x6c, 0x61, 0x74, 0x63, 0x68, 0x5f, 0x74, 0x72,
  0x65, 0x65, 0x5f, 0x6e, 0x6f, 0x64, 0x65, 0x00, 0x73, 0x70, 0x5f, 0x6f,
  0x66, 0x66, 0x73, 0x65, 0x74, 0x00, 0x73, 0x72, 0x63, 0x75, 0x5f, 0x70,
  0x61, 0x72, 0x65, 0x6e, 0x74, 0x00, 0x73, 0x74, 0x61, 0x74, 0x69, 0x63,
  0x5f, 0x63, 0x61, 0x6c, 0x6c, 0x5f, 0x6b, 0x65, 0x79, 0x00, 0x73, 0x74,
  0x61, 0x74, 0x69, 0x63, 0x5f, 0x63, 0x61, 0x6c, 0x6c, 0x5f, 0x6d, 0x6f,
  0x64, 0x00, 0x73, 0x74, 0x61, 0x74, 0x69, 0x63, 0x5f, 0x63, 0x61, 0x6c,
  0x6c, 0x5f, 0x74, 0x72, 0x61, 0x6d, 0x70, 0x00, 0x65, 0x6e, 0x74, 0x72,
  0x79, 0x00, 0x75, 0x6d, 0x6f, 0x64, 0x65, 0x5f, 0x74, 0x00, 0x71, 0x73,
  0x74, 0x72, 0x00, 0x73, 0x5f, 0x6d, 0x61, 0x78, 0x62, 0x79, 0x74, 0x65,
  0x73, 0x00, 0x66, 0x73, 0x5f, 0x70, 0x61, 0x72, 0x61, 0x6d, 0x65, 0x74,
  0x65, 0x72, 0x5f, 0x73, 0x70, 0x65, 0x63, 0x00, 0x66, 0x69, 0x6c, 0x65,
  0x5f, 0x73, 0x79, 0x73, 0x74, 0x65, 0x6d, 0x5f, 0x74, 0x79, 0x70, 0x65,
  0x00, 0x72, 0x61, 0x77, 0x5f, 0x73, 0x70, 0x69, 0x6e, 0x6c, 0x6f, 0x63,
  0x6b, 0x5f, 0x74, 0x00, 0x64, 0x71, 0x62, 0x5f, 0x69, 0x73, 0x6f, 0x66,
  0x74, 0x6c, 0x69, 0x6d, 0x69, 0x74, 0x00, 0x78, 0x61, 0x74, 0x74, 0x72,
  0x5f, 0x68, 0x61, 0x6e, 0x64, 0x6c, 0x65, 0x72, 0x00, 0x73, 0x79, 0x6d,
  0x5f, 0x69, 0x6e, 0x74, 0x38, 0x30, 0x5f, 0x6c, 0x61, 0x6e, 0x64, 0x69,
  0x6e, 0x67, 0x5f, 0x70, 0x61, 0x64, 0x00, 0x5f, 0x5f, 0x72, 0x62, 0x5f,
  0x70, 0x61, 0x72, 0x65, 0x6e, 0x74, 0x5f, 0x63, 0x6f, 0x6c, 0x6f, 0x72,
  0x00, 0x69, 0x6f, 0x5f, 0x75, 0x72, 0x69, 0x6e, 0x67, 0x5f, 0x63, 0x6d,
  0x64, 0x00, 0x6b, 0x65, 0x79, 0x5f, 0x73, 0x65, 0x72, 0x69, 0x61, 0x6c,
  0x5f, 0x74, 0x00, 0x63, 0x68, 0x65, 0x63, 0x6b, 0x00, 0x6e, 0x67, 0x72,
  0x6f, 0x75, 0x70, 0x73, 0x00, 0x50, 0x49, 0x44, 0x54, 0x59, 0x50, 0x45,
  0x5f, 0x4d, 0x41, 0x58, 0x00, 0x61, 0x73, 0x79, 0x6e, 0x63, 0x5f, 0x73,
  0x69, 0x7a, 0x65, 0x00, 0x71, 0x66, 0x5f, 0x6f, 0x77, 0x6e, 0x65, 0x72,
  0x00, 0x6f, 0x6e, 0x5f, 0x72, 0x71, 0x00, 0x72, 0x65, 0x6c, 0x5f, 0x64,
  0x65, 0x61, 0x64, 0x6c, 0x69, 0x6e, 0x65, 0x00, 0x6e, 0x72, 0x5f, 0x6d,
  0x69, 0x67, 0x72, 0x61, 0x74, 0x69, 0x6f, 0x6e, 0x73, 0x00, 0x63, 0x66,
  0x73, 0x5f, 0x72, 0x71, 0x00, 0x6d, 0x79, 0x5f, 0x71, 0x00, 0x6f, 0x66,
  0x66, 0x73, 0x65, 0x74, 0x00, 0x72, 0x63, 0x75, 0x5f, 0x74, 0x61, 0x73,
  0x6b, 0x73, 0x5f, 0x65, 0x78, 0x69, 0x74, 0x5f, 0x6c, 0x69, 0x73, 0x74,
  0x00, 0x61, 0x63, 0x74, 0x69, 0x76, 0x65, 0x5f, 0x6d, 0x6d, 0x00, 0x63,
  0x6f, 0x6d, 0x6d, 0x00, 0x74, 0x74, 0x79, 0x5f, 0x6f, 0x6c, 0x64, 0x5f,
  0x70, 0x67, 0x72, 0x70, 0x00, 0x63, 0x61, 0x6e, 0x63, 0x65, 0x6c, 0x6c,
  0x65, 0x64, 0x5f, 0x77, 0x72, 0x69, 0x74, 0x65, 0x5f, 0x62, 0x79, 0x74,
  0x65, 0x73, 0x00, 0x72, 0x6c, 0x69, 0x6d, 0x5f, 0x63, 0x75, 0x72, 0x00,
  0x70, 0x61, 0x63, 0x63, 0x74, 0x00, 0x74, 0x74, 0x79, 0x5f, 0x61, 0x75,
  0x64, 0x69, 0x74, 0x5f, 0x62, 0x75, 0x66, 0x00, 0x72, 0x73, 0x65, 0x71,
  0x5f, 0x63, 0x73, 0x00, 0x75, 0x70, 0x72, 0x6f, 0x62, 0x65, 0x5f, 0x78,
  0x6f, 0x6c, 0x5f, 0x6f, 0x70, 0x73, 0x00, 0x62, 0x70, 0x66, 0x5f, 0x73,
  0x74, 0x6f, 0x72, 0x61, 0x67, 0x65, 0x00, 0x62, 0x70, 0x66, 0x5f, 0x6c,
  0x6f, 0x63, 0x61, 0x6c, 0x5f, 0x73, 0x74, 0x6f, 0x72, 0x61, 0x67, 0x65,
  0x00, 0x72, 0x31, 0x30, 0x00, 0x64, 0x78, 0x00, 0x77, 0x61, 0x69, 0x74,
  0x65, 0x72, 0x73, 0x00, 0x64, 0x5f, 0x73, 0x62, 0x00, 0x64, 0x5f, 0x75,
  0x00, 0x61, 0x74, 0x74, 0x72, 0x69, 0x62, 0x75, 0x74, 0x65, 0x73, 0x00,
  0x69, 0x73, 0x5f, 0x70, 0x61, 0x72, 0x74, 0x69, 0x61, 0x6c, 0x6c, 0x79,
  0x5f, 0x75, 0x70, 0x74, 0x6f, 0x64, 0x61, 0x74, 0x65, 0x00, 0x73, 0x74,
  0x72, 0x00, 0x66, 0x61, 0x75, 0x6c, 0x74, 0x61, 0x62, 0x6c, 0x65, 0x00,
  0x5f, 0x6e, 0x6f, 0x74, 0x65, 0x5f, 0x31, 0x38, 0x00, 0x5f, 0x6e, 0x61,
  0x6d, 0x65, 0x00, 0x4d, 0x4f, 0x44, 0x55, 0x4c, 0x45, 0x5f, 0x53, 0x54,
  0x41, 0x54, 0x45, 0x5f, 0x4c, 0x49, 0x56, 0x45, 0x00, 0x75, 0x6e, 0x73,
  0x69, 0x67, 0x6e, 0x65, 0x64, 0x20, 0x6c, 0x6f, 0x6e, 0x67, 0x00, 0x64,
  0x5f, 0x73, 0x65, 0x71, 0x00, 0x71, 0x73, 0x69, 0x7a, 0x65, 0x5f, 0x74,
  0x00, 0x69, 0x5f, 0x72, 0x74, 0x5f, 0x73, 0x70, 0x63, 0x5f, 0x74, 0x69,
  0x6d, 0x65, 0x6c, 0x69, 0x6d, 0x69, 0x74, 0x00, 0x64, 0x5f, 0x73, 0x70,
  0x63, 0x5f, 0x68, 0x61, 0x72, 0x64, 0x6c, 0x69, 0x6d, 0x69, 0x74, 0x00,
  0x72, 0x6d, 0x5f, 0x78, 0x71, 0x75, 0x6f, 0x74, 0x61, 0x00, 0x66, 0x5f,
  0x6f, 0x70, 0x00, 0x6b, 0x69, 0x5f, 0x63, 0x6f, 0x6d, 0x70, 0x6c, 0x65,
  0x74, 0x65, 0x00, 0x69, 0x74, 0x65, 0x72, 0x5f, 0x74, 0x79, 0x70, 0x65,
  0x00, 0x77, 0x72, 0x69, 0x74, 0x65, 0x5f, 0x69, 0x74, 0x65, 0x72, 0x00,
  0x73, 0x74, 0x61, 0x72, 0x74, 0x5f, 0x62, 0x72, 0x6b, 0x00, 0x76, 0x6d,
  0x5f, 0x66, 0x6c, 0x61, 0x67, 0x73, 0x5f, 0x74, 0x00, 0x76, 0x6d, 0x5f,
  0x70, 0x67, 0x6f, 0x66, 0x66, 0x00, 0x66, 0x5f, 0x69, 0x6f, 0x63, 0x62,
  0x5f, 0x66, 0x6c, 0x61, 0x67, 0x73, 0x00, 0x63, 0x72, 0x65, 0x64, 0x00,
  0x66, 0x5f, 0x70, 0x6f, 0x73, 0x00, 0x66, 0x5f, 0x73, 0x65, 0x63, 0x75,
  0x72, 0x69, 0x74, 0x79, 0x00, 0x77, 0x61, 0x69, 0x74, 0x5f, 0x70, 0x69,
  0x64, 0x66, 0x64, 0x00, 0x50, 0x49, 0x44, 0x54, 0x59, 0x50, 0x45, 0x5f,
  0x54, 0x47, 0x49, 0x44, 0x00, 0x64, 0x71, 0x69, 0x5f, 0x69, 0x67, 0x72,
  0x61, 0x63, 0x65, 0x00, 0x72, 0x63, 0x75, 0x5f, 0x73, 0x79, 0x6e, 0x63,
  0x00, 0x6c, 0x6f, 0x61, 0x64, 0x5f, 0x77, 0x65, 0x69, 0x67, 0x68, 0x74,
  0x00, 0x73, 0x63, 0x68, 0x65, 0x64, 0x5f, 0x61, 0x76, 0x67, 0x00, 0x63,
  0x70, 0x75, 0x5f, 0x62, 0x61, 0x73, 0x65, 0x00, 0x72, 0x62, 0x5f, 0x72,
  0x6f, 0x6f, 0x74, 0x00, 0x69, 0x73, 0x5f, 0x68, 0x61, 0x72, 0x64, 0x00,
  0x73, 0x63, 0x68, 0x65, 0x64, 0x5f, 0x73, 0x74, 0x61, 0x74, 0x69, 0x73,
  0x74, 0x69, 0x63, 0x73, 0x00, 0x70, 0x6f, 0x6c, 0x69, 0x63, 0x79, 0x00,
  0x72, 0x63, 0x75, 0x5f, 0x6e, 0x6f, 0x64, 0x65, 0x00, 0x74, 0x72, 0x63,
  0x5f, 0x62, 0x6c, 0x6b, 0x64, 0x5f, 0x6e, 0x6f, 0x64, 0x65, 0x00, 0x69,
  0x6e, 0x5f, 0x69, 0x6f, 0x77, 0x61, 0x69, 0x74, 0x00, 0x66, 0x6e, 0x00,
  0x70, 0x69, 0x5f, 0x77, 0x61, 0x69, 0x74, 0x65, 0x72, 0x73, 0x00, 0x63,
  0x6f, 0x6d, 0x70, 0x61, 0x74, 0x5f, 0x6c, 0x6f, 0x6e, 0x67, 0x5f, 0x74,
  0x00, 0x63, 0x70, 0x75, 0x5f, 0x69, 0x64, 0x5f, 0x73, 0x74, 0x61, 0x72,
  0x74, 0x00, 0x6e, 0x6f, 0x64, 0x65, 0x5f, 0x69, 0x64, 0x00, 0x55, 0x54,
  0x41, 0x53, 0x4b, 0x5f, 0x52, 0x55, 0x4e, 0x4e, 0x49, 0x4e, 0x47, 0x00,
  0x63, 0x6f, 0x6e, 0x73, 0x75, 0x6d, 0x65, 0x72, 0x73, 0x5f, 0x63, 0x6e,
  0x74, 0x00, 0x72, 0x65, 0x67, 0x5f, 0x6f, 0x66, 0x66, 0x73, 0x65, 0x74,
  0x00, 0x6b, 0x6d, 0x61, 0x70, 0x5f, 0x63, 0x74, 0x72, 0x6c, 0x00, 0x70,
  0x61, 0x67, 0x65, 0x66, 0x61, 0x75, 0x6c, 0x74, 0x5f, 0x64, 0x69, 0x73,
  0x61, 0x62, 0x6c, 0x65, 0x64, 0x00, 0x73, 0x73, 0x78, 0x00, 0x6c, 0x69,
  0x73, 0x74, 0x5f, 0x6c, 0x72, 0x75, 0x5f, 0x6e, 0x6f, 0x64, 0x65, 0x00,
  0x5f, 0x5f, 0x69, 0x5f, 0x6e, 0x6c, 0x69, 0x6e, 0x6b, 0x00, 0x69, 0x5f,
  0x73, 0x74, 0x61, 0x74, 0x65, 0x00, 0x69, 0x73, 0x5f, 0x64, 0x69, 0x72,
  0x74, 0x79, 0x5f, 0x77, 0x72, 0x69, 0x74, 0x65, 0x62, 0x61, 0x63, 0x6b,
  0x00, 0x6b, 0x6f, 0x62, 0x6a, 0x5f, 0x6e, 0x73, 0x5f, 0x74, 0x79, 0x70,
  0x65, 0x00, 0x6b, 0x65, 0x72, 0x6e, 0x66, 0x73, 0x5f, 0x72, 0x6f, 0x6f,
  0x74, 0x00, 0x61, 0x74, 0x6f, 0x6d, 0x69, 0x63, 0x5f, 0x77, 0x72, 0x69,
  0x74, 0x65, 0x5f, 0x6c, 0x65, 0x6e, 0x00, 0x73, 0x72, 0x63, 0x76, 0x65,
  0x72, 0x73, 0x69, 0x6f, 0x6e, 0x00, 0x6b, 0x70, 0x00, 0x73, 0x72, 0x63,
  0x75, 0x5f, 0x6e, 0x6f, 0x64, 0x65, 0x00, 0x65, 0x6e, 0x61, 0x62, 0x6c,
  0x65, 0x64, 0x00, 0x6e, 0x75, 0x6d, 0x5f, 0x73, 0x74, 0x61, 0x74, 0x69,
  0x63, 0x5f, 0x63, 0x61, 0x6c, 0x6c, 0x5f, 0x73, 0x69, 0x74, 0x65, 0x73,
  0x00, 0x6d, 0x6f, 0x64, 0x75, 0x6c, 0x65, 0x00, 0x45, 0x6c, 0x66, 0x33,
  0x32, 0x5f, 0x57, 0x6f, 0x72, 0x64, 0x00, 0x5f, 0x5f, 0x55, 0x4e, 0x49,
  0x51, 0x55, 0x45, 0x5f, 0x49, 0x44, 0x5f, 0x72, 0x65, 0x74, 0x70, 0x6f,
  0x6c, 0x69, 0x6e, 0x65, 0x33, 0x33, 0x39, 0x00, 0x6c, 0x69, 0x73, 0x74,
  0x00, 0x6b, 0x73, 0x65, 0x74, 0x00, 0x5f, 0x5f, 0x75, 0x38, 0x00, 0x6d,
  0x6f, 0x64, 0x65, 0x00, 0x73, 0x69, 0x7a, 0x65, 0x00, 0x64, 0x5f, 0x70,
  0x72, 0x75, 0x6e, 0x65, 0x00, 0x70, 0x75, 0x74, 0x5f, 0x73, 0x75, 0x70,
  0x65, 0x72, 0x00, 0x6f, 0x73, 0x71, 0x00, 0x71, 0x75, 0x6f, 0x74, 0x61,
  0x5f, 0x73, 0x79, 0x6e, 0x63, 0x00, 0x69, 0x5f, 0x66, 0x69, 0x65, 0x6c,
  0x64, 0x6d, 0x61, 0x73, 0x6b, 0x00, 0x64, 0x5f, 0x73, 0x70, 0x61, 0x63,
  0x65, 0x00, 0x73, 0x5f, 0x63, 0x6f, 0x75, 0x6e, 0x74, 0x00, 0x73, 0x5f,
  0x6d, 0x6f, 0x75, 0x6e, 0x74, 0x73, 0x00, 0x6b, 0x69, 0x6f, 0x63, 0x62,
  0x00, 0x5f, 0x42, 0x6f, 0x6f, 0x6c, 0x00, 0x69, 0x6f, 0x76, 0x5f, 0x6f,
  0x66, 0x66, 0x73, 0x65, 0x74, 0x00, 0x6e, 0x72, 0x5f, 0x73, 0x65, 0x67,
  0x73, 0x00, 0x73, 0x79, 0x6d, 0x5f, 0x76, 0x64, 0x73, 0x6f, 0x33, 0x32,
  0x5f, 0x72, 0x74, 0x5f, 0x73, 0x69, 0x67, 0x72, 0x65, 0x74, 0x75, 0x72,
  0x6e, 0x5f, 0x6c, 0x61, 0x6e, 0x64, 0x69, 0x6e, 0x67, 0x5f, 0x70, 0x61,
  0x64, 0x00, 0x77, 0x6f, 0x72, 0x6b, 0x5f, 0x66, 0x75, 0x6e, 0x63, 0x5f,
  0x74, 0x00, 0x76, 0x6d, 0x5f, 0x70, 0x61, 0x67, 0x65, 0x5f, 0x70, 0x72,
  0x6f, 0x74, 0x00, 0x6d, 0x65, 0x6d, 0x70, 0x6f, 0x6c, 0x69, 0x63, 0x79,
  0x00, 0x67, 0x65, 0x74, 0x5f, 0x75, 0x6e, 0x6d, 0x61, 0x70, 0x70, 0x65,
  0x64, 0x5f, 0x61, 0x72, 0x65, 0x61, 0x00, 0x66, 0x73, 0x75, 0x69, 0x64,
  0x00, 0x66, 0x73, 0x67, 0x69, 0x64, 0x00, 0x64, 0x65, 0x73, 0x63, 0x5f,
  0x6c, 0x65, 0x6e, 0x00, 0x69, 0x6e, 0x74, 0x65, 0x72, 0x76, 0x61, 0x6c,
  0x00, 0x75, 0x73, 0x65, 0x72, 0x5f, 0x73, 0x74, 0x72, 0x75, 0x63, 0x74,
  0x00, 0x66, 0x69, 0x6c, 0x65, 0x00, 0x63, 0x6e, 0x74, 0x73, 0x00, 0x74,
  0x61, 0x73, 0x6b, 0x73, 0x00, 0x50, 0x49, 0x44, 0x54, 0x59, 0x50, 0x45,
  0x5f, 0x53, 0x49, 0x44, 0x00, 0x63, 0x68, 0x65, 0x63, 0x6b, 0x5f, 0x71,
  0x75, 0x6f, 0x74, 0x61, 0x5f, 0x66, 0x69, 0x6c, 0x65, 0x00, 0x72, 0x77,
  0x5f, 0x73, 0x65, 0x6d, 0x00, 0x77, 0x61, 0x6b, 0x65, 0x65, 0x5f, 0x66,
  0x6c, 0x69, 0x70, 0x5f, 0x64, 0x65, 0x63, 0x61, 0x79, 0x5f, 0x74, 0x73,
  0x00, 0x77, 0x61, 0x74, 0x63, 0x68, 0x64, 0x6f, 0x67, 0x5f, 0x73, 0x74,
  0x61, 0x6d, 0x70, 0x00, 0x68, 0x72, 0x65, 0x73, 0x5f, 0x61, 0x63, 0x74,
  0x69, 0x76, 0x65, 0x00, 0x73, 0x65, 0x72, 0x76, 0x65, 0x72, 0x5f, 0x68,
  0x61, 0x73, 0x5f, 0x74, 0x61, 0x73, 0x6b, 0x73, 0x00, 0x73, 0x63, 0x68,
  0x65, 0x64, 0x5f, 0x63, 0x6c, 0x61, 0x73, 0x73, 0x00, 0x69, 0x6f, 0x77,
  0x61, 0x69, 0x74, 0x5f, 0x73, 0x75, 0x6d, 0x00, 0x74, 0x72, 0x63, 0x5f,
  0x72, 0x65, 0x61, 0x64, 0x65, 0x72, 0x5f, 0x73, 0x70, 0x65, 0x63, 0x69,
  0x61, 0x6c, 0x00, 0x6c, 0x61, 0x73, 0x74, 0x5f, 0x61, 0x72, 0x72, 0x69,
  0x76, 0x61, 0x6c, 0x00, 0x70, 0x64, 0x65, 0x61, 0x74, 0x68, 0x5f, 0x73,
  0x69, 0x67, 0x6e, 0x61, 0x6c, 0x00, 0x73, 0x74, 0x61, 0x72, 0x74, 0x5f,
  0x62, 0x6f, 0x6f, 0x74, 0x74, 0x69, 0x6d, 0x65, 0x00, 0x66, 0x69, 0x6c,
  0x74, 0x65, 0x72, 0x5f, 0x63, 0x6f, 0x75, 0x6e, 0x74, 0x00, 0x5f, 0x73,
  0x74, 0x61, 0x74, 0x75, 0x73, 0x00, 0x5f, 0x66, 0x64, 0x00, 0x73, 0x70,
  0x6c, 0x69, 0x63, 0x65, 0x5f, 0x70, 0x69, 0x70, 0x65, 0x00, 0x6d, 0x6c,
  0x6f, 0x63, 0x6b, 0x5f, 0x63, 0x6f, 0x75, 0x6e, 0x74, 0x00, 0x63, 0x6f,
  0x6d, 0x70, 0x6f, 0x75, 0x6e, 0x64, 0x5f, 0x68, 0x65, 0x61, 0x64, 0x00,
  0x69, 0x6c, 0x65, 0x6e, 0x00, 0x64, 0x65, 0x66, 0x70, 0x61, 0x72, 0x61,
  0x6d, 0x00, 0x73, 0x74, 0x5f, 0x73, 0x70, 0x61, 0x63, 0x65, 0x00, 0x6f,
  0x72, 0x69, 0x67, 0x5f, 0x61, 0x78, 0x00, 0x73, 0x73, 0x00, 0x73, 0x5f,
  0x73, 0x74, 0x61, 0x63, 0x6b, 0x5f, 0x64, 0x65, 0x70, 0x74, 0x68, 0x00,
  0x73, 0x5f, 0x69, 0x6e, 0x6f, 0x64, 0x65, 0x73, 0x00, 0x69, 0x5f, 0x6d,
  0x61, 0x70, 0x70, 0x69, 0x6e, 0x67, 0x00, 0x69, 0x5f, 0x6d, 0x6d, 0x61,
  0x70, 0x5f, 0x72, 0x77, 0x73, 0x65, 0x6d, 0x00, 0x72, 0x65, 0x6c, 0x65,
  0x61, 0x73, 0x65, 0x64, 0x00, 0x73, 0x70, 0x5f, 0x72, 0x65, 0x67, 0x00,
  0x64, 0x65, 0x6c, 0x61, 0x79, 0x5f, 0x77, 0x6f, 0x72, 0x6b, 0x00, 0x6d,
  0x79, 0x6e, 0x6f, 0x64, 0x65, 0x00, 0x73, 0x72, 0x63, 0x75, 0x5f, 0x73,
  0x73, 0x70, 0x00, 0x74, 0x72, 0x61, 0x63, 0x65, 0x70, 0x6f, 0x69, 0x6e,
  0x74, 0x00, 0x6e, 0x75, 0x6d, 0x5f, 0x61, 0x72, 0x67, 0x73, 0x00, 0x6e,
  0x75, 0x6d, 0x5f, 0x74, 0x72, 0x61, 0x63, 0x65, 0x5f, 0x62, 0x70, 0x72,
  0x69, 0x6e, 0x74, 0x6b, 0x5f, 0x66, 0x6d, 0x74, 0x00, 0x6b, 0x70, 0x72,
  0x6f, 0x62, 0x65, 0x5f, 0x62, 0x6c, 0x61, 0x63, 0x6b, 0x6c, 0x69, 0x73,
  0x74, 0x00, 0x5f, 0x5f, 0x55, 0x4e, 0x49, 0x51, 0x55, 0x45, 0x5f, 0x49,
  0x44, 0x5f, 0x76, 0x65, 0x72, 0x6d, 0x61, 0x67, 0x69, 0x63, 0x33, 0x33,
  0x38, 0x00, 0x5f, 0x5f, 0x55, 0x4e, 0x49, 0x51, 0x55, 0x45, 0x5f, 0x49,
  0x44, 0x5f, 0x76, 0x65, 0x72, 0x73, 0x69, 0x6f, 0x6e, 0x33, 0x34, 0x31,
  0x00, 0x6c, 0x6f, 0x63, 0x6b, 0x65, 0x64, 0x5f, 0x70, 0x65, 0x6e, 0x64,
  0x69, 0x6e, 0x67, 0x00, 0x6b, 0x73, 0x65, 0x74, 0x5f, 0x75, 0x65, 0x76,
  0x65, 0x6e, 0x74, 0x5f, 0x6f, 0x70, 0x73, 0x00, 0x6c, 0x6f, 0x6f, 0x6b,
  0x75, 0x70, 0x00, 0x64, 0x5f, 0x69, 0x70, 0x75, 0x74, 0x00, 0x73, 0x5f,
  0x76, 0x66, 0x73, 0x5f, 0x72, 0x65, 0x6e, 0x61, 0x6d, 0x65, 0x5f, 0x6b,
  0x65, 0x79, 0x00, 0x64, 0x5f, 0x72, 0x74, 0x5f, 0x73, 0x70, 0x63, 0x5f,
  0x73, 0x6f, 0x66, 0x74, 0x6c, 0x69, 0x6d, 0x69, 0x74, 0x00, 0x62, 0x6c,
  0x6f, 0x63, 0x6b, 0x5f, 0x64, 0x65, 0x76, 0x69, 0x63, 0x65, 0x00, 0x66,
  0x5f, 0x6c, 0x6f, 0x63, 0x6b, 0x00, 0x64, 0x69, 0x72, 0x5f, 0x63, 0x6f,
  0x6e, 0x74, 0x65, 0x78, 0x74, 0x00, 0x73, 0x79, 0x6d, 0x5f, 0x76, 0x76,
  0x61, 0x72, 0x5f, 0x70, 0x61, 0x67, 0x65, 0x00, 0x73, 0x75, 0x69, 0x64,
  0x00, 0x73, 0x67, 0x69, 0x64, 0x00, 0x65, 0x78, 0x70, 0x69, 0x72, 0x79,
  0x00, 0x64, 0x71, 0x69, 0x5f, 0x6d, 0x61, 0x78, 0x5f, 0x73, 0x70, 0x63,
  0x5f, 0x6c, 0x69, 0x6d, 0x69, 0x74, 0x00, 0x67, 0x70, 0x5f, 0x77, 0x61,
  0x69, 0x74, 0x00, 0x72, 0x75, 0x6e, 0x5f, 0x6c, 0x69, 0x73, 0x74, 0x00,
  0x63, 0x6c, 0x6f, 0x63, 0x6b, 0x5f, 0x62, 0x61, 0x73, 0x65, 0x00, 0x73,
  0x6c, 0x65, 0x65, 0x70, 0x5f, 0x73, 0x74, 0x61, 0x72, 0x74, 0x00, 0x63,
  0x70, 0x75, 0x6d, 0x61, 0x73, 0x6b, 0x00, 0x74, 0x72, 0x63, 0x5f, 0x69,
  0x70, 0x69, 0x5f, 0x74, 0x6f, 0x5f, 0x63, 0x70, 0x75, 0x00, 0x6d, 0x6d,
  0x00, 0x70, 0x6f, 0x73, 0x69, 0x78, 0x5f, 0x63, 0x70, 0x75, 0x74, 0x69,
  0x6d, 0x65, 0x72, 0x73, 0x00, 0x73, 0x79, 0x73, 0x76, 0x5f, 0x73, 0x65,
  0x6d, 0x00, 0x66, 0x69, 0x6c, 0x65, 0x73, 0x5f, 0x73, 0x74, 0x72, 0x75,
  0x63, 0x74, 0x00, 0x6e, 0x65, 0x78, 0x74, 0x5f, 0x70, 0x6f, 0x73, 0x69,
  0x78, 0x5f, 0x74, 0x69, 0x6d, 0x65, 0x72, 0x5f, 0x69, 0x64, 0x00, 0x74,
  0x74, 0x79, 0x5f, 0x73, 0x74, 0x72, 0x75, 0x63, 0x74, 0x00, 0x6b, 0x5f,
  0x73, 0x69, 0x67, 0x61, 0x63, 0x74, 0x69, 0x6f, 0x6e, 0x00, 0x5f, 0x5f,
  0x6b, 0x65, 0x72, 0x6e, 0x65, 0x6c, 0x5f, 0x63, 0x6c, 0x6f, 0x63, 0x6b,
  0x5f, 0x74, 0x00, 0x5f, 0x74, 0x72, 0x61, 0x70, 0x6e, 0x6f, 0x00, 0x62,
  0x75, 0x64, 0x64, 0x79, 0x5f, 0x6c, 0x69, 0x73, 0x74, 0x00, 0x70, 0x67,
  0x6d, 0x61, 0x70, 0x00, 0x7a, 0x6f, 0x6e, 0x65, 0x5f, 0x64, 0x65, 0x76,
  0x69, 0x63, 0x65, 0x5f, 0x64, 0x61, 0x74, 0x61, 0x00, 0x61, 0x72, 0x63,
  0x68, 0x5f, 0x75, 0x70, 0x72, 0x6f, 0x62, 0x65, 0x5f, 0x74, 0x61, 0x73,
  0x6b, 0x00, 0x67, 0x00, 0x61, 0x76, 0x78, 0x35, 0x31, 0x32, 0x5f, 0x74,
  0x69, 0x6d, 0x65, 0x73, 0x74, 0x61, 0x6d, 0x70, 0x00, 0x63, 0x68, 0x61,
  0x6e, 0x67, 0x65, 0x64, 0x00, 0x73, 0x77, 0x72, 0x65, 0x67, 0x73, 0x5f,
  0x73, 0x74, 0x61, 0x74, 0x65, 0x00, 0x73, 0x5f, 0x69, 0x6e, 0x6f, 0x64,
  0x65, 0x5f, 0x6c, 0x72, 0x75, 0x00, 0x63, 0x74, 0x69, 0x6d, 0x65, 0x00,
  0x61, 0x74, 0x6f, 0x6d, 0x69, 0x63, 0x5f, 0x6f, 0x70, 0x65, 0x6e, 0x00,
  0x69, 0x5f, 0x72, 0x64, 0x65, 0x76, 0x00, 0x69, 0x5f, 0x76, 0x65, 0x72,
  0x73, 0x69, 0x6f, 0x6e, 0x00, 0x69, 0x5f, 0x6c, 0x69, 0x6e, 0x6b, 0x00,
  0x73, 0x77, 0x70, 0x5f, 0x65, 0x6e, 0x74, 0x72, 0x79, 0x5f, 0x74, 0x00,
  0x62, 0x6d, 0x61, 0x70, 0x00, 0x70, 0x72, 0x65, 0x61, 0x6c, 0x6c, 0x6f,
  0x63, 0x5f, 0x62, 0x75, 0x66, 0x00, 0x6d, 0x6f, 0x64, 0x69, 0x6e, 0x66,
  0x6f, 0x5f, 0x61, 0x74, 0x74, 0x72, 0x73, 0x00, 0x74, 0x61, 0x69, 0x6e,
  0x74, 0x73, 0x00, 0x6c, 0x69, 0x73, 0x74, 0x5f, 0x6c, 0x6f, 0x63, 0x6b,
  0x00, 0x5f, 0x5f, 0x6b, 0x65, 0x72, 0x6e, 0x65, 0x6c, 0x5f, 0x73, 0x69,
  0x7a, 0x65, 0x5f, 0x74, 0x00, 0x5f, 0x5f, 0x75, 0x33, 0x32, 0x00, 0x72,
  0x65, 0x6d, 0x6f, 0x75, 0x6e, 0x74, 0x5f, 0x66, 0x73, 0x00, 0x77, 0x61,
  0x69, 0x74, 0x5f, 0x6c, 0x6f, 0x63, 0x6b, 0x00, 0x6e, 0x72, 0x5f, 0x73,
  0x63, 0x61, 0x6e, 0x6e, 0x65, 0x64, 0x00, 0x6d, 0x6e, 0x74, 0x00, 0x64,
  0x5f, 0x72, 0x74, 0x5f, 0x73, 0x70, 0x63, 0x5f, 0x68, 0x61, 0x72, 0x64,
  0x6c, 0x69, 0x6d, 0x69, 0x74, 0x00, 0x73, 0x65, 0x74, 0x5f, 0x64, 0x71,
  0x62, 0x6c, 0x6b, 0x00, 0x69, 0x6e, 0x6f, 0x5f, 0x77, 0x61, 0x72, 0x6e,
  0x6c, 0x69, 0x6d, 0x69, 0x74, 0x00, 0x5f, 0x5f, 0x70, 0x6f, 0x6c, 0x6c,
  0x5f, 0x74, 0x00, 0x6d, 0x6d, 0x61, 0x70, 0x5f, 0x63, 0x6f, 0x6d, 0x70,
  0x61, 0x74, 0x5f, 0x62, 0x61, 0x73, 0x65, 0x00, 0x62, 0x72, 0x6b, 0x00,
  0x66, 0x61, 0x73, 0x79, 0x6e, 0x63, 0x00, 0x73, 0x65, 0x6d, 0x00, 0x6c,
  0x65, 0x6e, 0x5f, 0x64, 0x65, 0x73, 0x63, 0x00, 0x65, 0x70, 0x6f, 0x6c,
  0x6c, 0x5f, 0x77, 0x61, 0x74, 0x63, 0x68, 0x65, 0x73, 0x00, 0x62, 0x75,
  0x72, 0x73, 0x74, 0x00, 0x66, 0x72, 0x65, 0x65, 0x70, 0x74, 0x72, 0x5f,
  0x74, 0x00, 0x73, 0x5f, 0x6d, 0x74, 0x64, 0x00, 0x77, 0x61, 0x6b, 0x65,
  0x65, 0x5f, 0x66, 0x6c, 0x69, 0x70, 0x73, 0x00, 0x6e, 0x6f, 0x64, 0x65,
  0x00, 0x68, 0x61, 0x6e, 0x67, 0x5f, 0x64, 0x65, 0x74, 0x65, 0x63, 0x74,
  0x65, 0x64, 0x00, 0x6e, 0x72, 0x5f, 0x65, 0x76, 0x65, 0x6e, 0x74, 0x73,
  0x00, 0x65, 0x78, 0x70, 0x69, 0x72, 0x65, 0x73, 0x5f, 0x6e, 0x65, 0x78,
  0x74, 0x00, 0x69, 0x73, 0x5f, 0x72, 0x65, 0x6c, 0x00, 0x6d, 0x61, 0x78,
  0x5f, 0x61, 0x6c, 0x6c, 0x6f, 0x77, 0x65, 0x64, 0x5f, 0x63, 0x61, 0x70,
  0x61, 0x63, 0x69, 0x74, 0x79, 0x00, 0x65, 0x78, 0x70, 0x5f, 0x68, 0x69,
  0x6e, 0x74, 0x00, 0x74, 0x72, 0x63, 0x5f, 0x72, 0x65, 0x61, 0x64, 0x65,
  0x72, 0x5f, 0x6e, 0x65, 0x73, 0x74, 0x69, 0x6e, 0x67, 0x00, 0x73, 0x63,
  0x68, 0x65, 0x64, 0x5f, 0x72, 0x65, 0x6d, 0x6f, 0x74, 0x65, 0x5f, 0x77,
  0x61, 0x6b, 0x65, 0x75, 0x70, 0x00, 0x61, 0x74, 0x6f, 0x6d, 0x69, 0x63,
  0x5f, 0x66, 0x6c, 0x61, 0x67, 0x73, 0x00, 0x74, 0x71, 0x68, 0x65, 0x61,
  0x64, 0x00, 0x77, 0x6f, 0x72, 0x6b, 0x00, 0x6c, 0x65, 0x61, 0x64, 0x65,
  0x72, 0x00, 0x73, 0x61, 0x73, 0x5f, 0x73, 0x73, 0x5f, 0x73, 0x70, 0x00,
  0x73, 0x79, 0x73, 0x63, 0x61, 0x6c, 0x6c, 0x5f, 0x64, 0x69, 0x73, 0x70,
  0x61, 0x74, 0x63, 0x68, 0x00, 0x70, 0x69, 0x5f, 0x74, 0x6f, 0x70, 0x5f,
  0x74, 0x61, 0x73, 0x6b, 0x00, 0x72, 0x74, 0x5f, 0x6d, 0x75, 0x74, 0x65,
  0x78, 0x5f, 0x77, 0x61, 0x69, 0x74, 0x65, 0x72, 0x00, 0x6c, 0x61, 0x73,
  0x74, 0x5f, 0x73, 0x69, 0x67, 0x69, 0x6e, 0x66, 0x6f, 0x00, 0x5f, 0x61,
  0x64, 0x64, 0x72, 0x5f, 0x62, 0x6e, 0x64, 0x00, 0x70, 0x69, 0x5f, 0x73,
  0x74, 0x61, 0x74, 0x65, 0x5f, 0x63, 0x61, 0x63, 0x68, 0x65, 0x00, 0x72,
  0x73, 0x65, 0x71, 0x5f, 0x73, 0x69, 0x67, 0x00, 0x72, 0x65, 0x74, 0x75,
  0x72, 0x6e, 0x5f, 0x63, 0x6f, 0x6e, 0x73, 0x75, 0x6d, 0x65, 0x72, 0x00,
  0x61, 0x75, 0x74, 0x61, 0x73, 0x6b, 0x00, 0x74, 0x68, 0x72, 0x65, 0x61,
  0x64, 0x00, 0x73, 0x77, 0x5f, 0x72, 0x65, 0x73, 0x65, 0x72, 0x76, 0x65,
  0x64, 0x00, 0x73, 0x5f, 0x74, 0x69, 0x6d, 0x65, 0x5f, 0x67, 0x72, 0x61,
  0x6e, 0x00, 0x6e, 0x72, 0x5f, 0x69, 0x74, 0x65, 0x6d, 0x73, 0x00, 0x69,
  0x61, 0x5f, 0x66, 0x69, 0x6c, 0x65, 0x00, 0x69, 0x5f, 0x6e, 0x6c, 0x69,
  0x6e, 0x6b, 0x00, 0x69, 0x5f, 0x73, 0x62, 0x5f, 0x6c, 0x69, 0x73, 0x74,
  0x00, 0x69, 0x5f, 0x64, 0x65, 0x6e, 0x74, 0x72, 0x79, 0x00, 0x73, 0x77,
  0x61, 0x70, 0x5f, 0x69, 0x6e, 0x66, 0x6f, 0x5f, 0x73, 0x74, 0x72, 0x75,
  0x63, 0x74, 0x00, 0x6b, 0x65, 0x72, 0x6e, 0x66, 0x73, 0x5f, 0x6f, 0x70,
  0x65, 0x6e, 0x5f, 0x6e, 0x6f, 0x64, 0x65, 0x00, 0x6b, 0x65, 0x72, 0x6e,
  0x65, 0x6c, 0x5f, 0x73, 0x79, 0x6d, 0x62, 0x6f, 0x6c, 0x00, 0x61, 0x72,
  0x72, 0x00, 0x6b, 0x65, 0x72, 0x6e, 0x65, 0x6c, 0x5f, 0x70, 0x61, 0x72,
  0x61, 0x6d, 0x00, 0x69, 0x73, 0x5f, 0x72, 0x6f, 0x78, 0x00, 0x6e, 0x75,
  0x6d, 0x5f, 0x73, 0x79, 0x6d, 0x74, 0x61, 0x62, 0x00, 0x73, 0x74, 0x72,
  0x74, 0x61, 0x62, 0x00, 0x6d, 0x6f, 0x64, 0x75, 0x6c, 0x65, 0x5f, 0x73,
  0x65, 0x63, 0x74, 0x5f, 0x61, 0x74, 0x74, 0x72, 0x73, 0x00, 0x6e, 0x75,
  0x6d, 0x5f, 0x73, 0x72, 0x63, 0x75, 0x5f, 0x73, 0x74, 0x72, 0x75, 0x63,
  0x74, 0x73, 0x00, 0x74, 0x70, 0x00, 0x74, 0x72, 0x61, 0x63, 0x65, 0x5f,
  0x65, 0x76, 0x61, 0x6c, 0x5f, 0x6d, 0x61, 0x70, 0x00, 0x65, 0x78, 0x69,
  0x74, 0x00, 0x5f, 0x6e, 0x68, 0x64, 0x72, 0x00, 0x64, 0x00, 0x00, 0x00,
  0x05, 0x00, 0x08, 0x00, 0x00, 0x00, 0x00, 0x00, 0x00, 0x00, 0x00, 0x00,
  0x00, 0x00, 0x00, 0x00, 0x00, 0x00, 0x00, 0x00, 0x00, 0x00, 0x00, 0x00,
  0x00, 0x00, 0x00, 0x00, 0x00, 0x00, 0x00, 0x00, 0x00, 0x00, 0x00, 0x00,
  0x00, 0x00, 0x00, 0x00, 0x00, 0x00, 0x00, 0x00, 0x00, 0x00, 0x00, 0x00,
  0x00, 0x00, 0x00, 0x00, 0x00, 0x00, 0x00, 0x00, 0x00, 0x00, 0x00, 0x00,
  0x00, 0x00, 0x00, 0x00, 0x00, 0x00, 0x00, 0x00, 0x00, 0x00, 0x00, 0x00,
  0x00, 0x00, 0x00, 0x00, 0x00, 0x00, 0x00, 0x00, 0x00, 0x00, 0x00, 0x00,
  0x00, 0x00, 0x00, 0x00, 0x00, 0x00, 0x00, 0x00, 0x00, 0x00, 0x00, 0x00,
  0x00, 0x00, 0x00, 0x00, 0x24, 0x00, 0x00, 0x00, 0x05, 0x00, 0x08, 0x00,
  0x00, 0x00, 0x00, 0x00, 0x00, 0x00, 0x00, 0x00, 0x00, 0x00, 0x00, 0x00,
  0x00, 0x00, 0x00, 0x00, 0x00, 0x00, 0x00, 0x00, 0x00, 0x00, 0x00, 0x00,
  0x00, 0x00, 0x00, 0x00, 0x00, 0x00, 0x00, 0x00, 0x2c, 0x00, 0x00, 0x00,
  0x05, 0x00, 0x08, 0x00, 0x00, 0x00, 0x00, 0x00, 0x00, 0x00, 0x00, 0x00,
  0x00, 0x00, 0x00, 0x00, 0x00, 0x00, 0x00, 0x00, 0x00, 0x00, 0x00, 0x00,
  0x00, 0x00, 0x00, 0x00, 0x00, 0x00, 0x00, 0x00, 0x00, 0x00, 0x00, 0x00,
  0x00, 0x00, 0x00, 0x00, 0x00, 0x00, 0x00, 0x00, 0x08, 0x00, 0x00, 0x00,
  0x00, 0x00, 0x00, 0x00, 0x01, 0x00, 0x00, 0x00, 0x0e, 0x00, 0x00, 0x00,
  0x00, 0x00, 0x00, 0x00, 0x00, 0x00, 0x00, 0x00, 0x10, 0x00, 0x00, 0x00,
  0x00, 0x00, 0x00, 0x00, 0x01, 0x00, 0x00, 0x00, 0x0e, 0x00, 0x00, 0x00,
  0x0c, 0x00, 0x00, 0x00, 0x00, 0x00, 0x00, 0x00, 0x18, 0x00, 0x00, 0x00,
  0x00, 0x00, 0x00, 0x00, 0x01, 0x00, 0x00, 0x00, 0x0e, 0x00, 0x00, 0x00,
  0x1b, 0x00, 0x00, 0x00, 0x00, 0x00, 0x00, 0x00, 0x20, 0x00, 0x00, 0x00,
  0x00, 0x00, 0x00, 0x00, 0x01, 0x00, 0x00, 0x00, 0x0e, 0x00, 0x00, 0x00,
  0x2d, 0x00, 0x00, 0x00, 0x00, 0x00, 0x00, 0x00, 0x28, 0x00, 0x00, 0x00,
  0x00, 0x00, 0x00, 0x00, 0x01, 0x00, 0x00, 0x00, 0x0f, 0x00, 0x00, 0x00,
  0x00, 0x00, 0x00, 0x00, 0x00, 0x00, 0x00, 0x00, 0x30, 0x00, 0x00, 0x00,
  0x00, 0x00, 0x00, 0x00, 0x01, 0x00, 0x00, 0x00, 0x10, 0x00, 0x00, 0x00,
  0x00, 0x00, 0x00, 0x00, 0x00, 0x00, 0x00, 0x00, 0x38, 0x00, 0x00, 0x00,
  0x00, 0x00, 0x00, 0x00, 0x01, 0x00, 0x00, 0x00, 0x2a, 0x00, 0x00, 0x00,
  0x00, 0x00, 0x00, 0x00, 0x00, 0x00, 0x00, 0x00, 0x40, 0x00, 0x00, 0x00,
  0x00, 0x00, 0x00, 0x00, 0x01, 0x00, 0x00, 0x00, 0x2a, 0x00, 0x00, 0x00,
  0x11, 0x00, 0x00, 0x00, 0x00, 0x00, 0x00, 0x00, 0x48, 0x00, 0x00, 0x00,
  0x00, 0x00, 0x00, 0x00, 0x01, 0x00, 0x00, 0x00, 0x0c, 0x00, 0x00, 0x00,
  0x10, 0x00, 0x00, 0x00, 0x00, 0x00, 0x00, 0x00, 0x50, 0x00, 0x00, 0x00,
  0x00, 0x00, 0x00, 0x00, 0x01, 0x00, 0x00, 0x00, 0x0c, 0x00, 0x00, 0x00,
  0x20, 0x00, 0x00, 0x00, 0x00, 0x00, 0x00, 0x00, 0x58, 0x00, 0x00, 0x00,
  0x00, 0x00, 0x00, 0x00, 0x01, 0x00, 0x00, 0x00, 0x0d, 0x00, 0x00, 0x00,
  0x10, 0x00, 0x00, 0x00, 0x00, 0x00, 0x00, 0x00, 0x60, 0x00, 0x00, 0x00,
  0x00, 0x00, 0x00, 0x00, 0x01, 0x00, 0x00, 0x00, 0x0d, 0x00, 0x00, 0x00,
  0x1b, 0x00, 0x00, 0x00, 0x00, 0x00, 0x00, 0x00, 0x70, 0x00, 0x00, 0x00,
  0x00, 0x00, 0x00, 0x00, 0x01, 0x00, 0x00, 0x00, 0x0e, 0x00, 0x00, 0x00,
  0x3a, 0x00, 0x00, 0x00, 0x00, 0x00, 0x00, 0x00, 0x78, 0x00, 0x00, 0x00,
  0x00, 0x00, 0x00, 0x00, 0x01, 0x00, 0x00, 0x00, 0x34, 0x00, 0x00, 0x00,
  0x00, 0x00, 0x00, 0x00, 0x00, 0x00, 0x00, 0x00, 0x80, 0x00, 0x00, 0x00,
  0x00, 0x00, 0x00, 0x00, 0x01, 0x00, 0x00, 0x00, 0x0e, 0x00, 0x00, 0x00,
  0x45, 0x00, 0x00, 0x00, 0x00, 0x00, 0x00, 0x00, 0x88, 0x00, 0x00, 0x00,
  0x00, 0x00, 0x00, 0x00, 0x01, 0x00, 0x00, 0x00, 0x0e, 0x00, 0x00, 0x00,
  0x4e, 0x00, 0x00, 0x00, 0x00, 0x00, 0x00, 0x00, 0x98, 0x00, 0x00, 0x00,
  0x00, 0x00, 0x00, 0x00, 0x01, 0x00, 0x00, 0x00, 0x28, 0x00, 0x00, 0x00,
  0x00, 0x00, 0x00, 0x00, 0x00, 0x00, 0x00, 0x00, 0xa0, 0x00, 0x00, 0x00,
  0x00, 0x00, 0x00, 0x00, 0x01, 0x00, 0x00, 0x00, 0x29, 0x00, 0x00, 0x00,
  0x00, 0x00, 0x00, 0x00, 0x00, 0x00, 0x00, 0x00, 0xa8, 0x00, 0x00, 0x00,
  0x00, 0x00, 0x00, 0x00, 0x01, 0x00, 0x00, 0x00, 0x29, 0x00, 0x00, 0x00,
  0x18, 0x00, 0x00, 0x00, 0x00, 0x00, 0x00, 0x00, 0xb0, 0x00, 0x00, 0x00,
  0x00, 0x00, 0x00, 0x00, 0x01, 0x00, 0x00, 0x00, 0x0e, 0x00, 0x00, 0x00,
  0x71, 0x00, 0x00, 0x00, 0x00, 0x00, 0x00, 0x00, 0xb8, 0x00, 0x00, 0x00,
  0x00, 0x00, 0x00, 0x00, 0x01, 0x00, 0x00, 0x00, 0x0e, 0x00, 0x00, 0x00,
  0x99, 0x00, 0x00, 0x00, 0x00, 0x00, 0x00, 0x00, 0x00, 0x63, 0x6c, 0x61,
  0x6e, 0x67, 0x20, 0x76, 0x65, 0x72, 0x73, 0x69, 0x6f, 0x6e, 0x20, 0x31,
  0x39, 0x2e, 0x31, 0x2e, 0x37, 0x00, 0x00, 0x00, 0x14, 0x00, 0x00, 0x00,
  0xff, 0xff, 0xff, 0xff, 0x04, 0x00, 0x08, 0x00, 0x01, 0x78, 0x10, 0x0c,
  0x07, 0x08, 0x90, 0x01, 0x00, 0x00, 0x00, 0x00, 0x14, 0x00, 0x00, 0x00,
  0x00, 0x00, 0x00, 0x00, 0x00, 0x00, 0x00, 0x00, 0x00, 0x00, 0x00, 0x00,
  0x18, 0x00, 0x00, 0x00, 0x00, 0x00, 0x00, 0x00, 0x14, 0x00, 0x00, 0x00,
  0x00, 0x00, 0x00, 0x00, 0x00, 0x00, 0x00, 0x00, 0x00, 0x00, 0x00, 0x00,
  0x10, 0x00, 0x00, 0x00, 0x00, 0x00, 0x00, 0x00, 0x1c, 0x00, 0x00, 0x00,
  0x00, 0x00, 0x00, 0x00, 0x0a, 0x00, 0x00, 0x00, 0x16, 0x00, 0x00, 0x00,
  0x00, 0x00, 0x00, 0x00, 0x00, 0x00, 0x00, 0x00, 0x20, 0x00, 0x00, 0x00,
  0x00, 0x00, 0x00, 0x00, 0x01, 0x00, 0x00, 0x00, 0x0c, 0x00, 0x00, 0x00,
  0x10, 0x00, 0x00, 0x00, 0x00, 0x00, 0x00, 0x00, 0x34, 0x00, 0x00, 0x00,
  0x00, 0x00, 0x00, 0x00, 0x0a, 0x00, 0x00, 0x00, 0x16, 0x00, 0x00, 0x00,
  0x00, 0x00, 0x00, 0x00, 0x00, 0x00, 0x00, 0x00, 0x38, 0x00, 0x00, 0x00,
  0x00, 0x00, 0x00, 0x00, 0x01, 0x00, 0x00, 0x00, 0x0d, 0x00, 0x00, 0x00,
  0x10, 0x00, 0x00, 0x00, 0x00, 0x00, 0x00, 0x00, 0xa0, 0x00, 0x00, 0x00,
  0x05, 0x00, 0x08, 0x00, 0x69, 0x00, 0x00, 0x00, 0x01, 0x01, 0x01, 0xfb,
  0x0e, 0x0d, 0x00, 0x01, 0x01, 0x01, 0x01, 0x00, 0x00, 0x00, 0x01, 0x00,
  0x00, 0x01, 0x01, 0x01, 0x1f, 0x03, 0x00, 0x00, 0x00, 0x00, 0x00, 0x00,
  0x00, 0x00, 0x00, 0x00, 0x00, 0x00, 0x03, 0x01, 0x1f, 0x02, 0x0f, 0x05,
  0x1e, 0x03, 0x00, 0x00, 0x00, 0x00, 0x00, 0xa2, 0x2e, 0x0a, 0xab, 0x84,
  0x1d, 0x84, 0x84, 0x17, 0x2e, 0xd5, 0x0f, 0xa2, 0x78, 0x7c, 0x01, 0x00,
  0x00, 0x00, 0x00, 0x01, 0xa2, 0x2e, 0x0a, 0xab, 0x84, 0x1d, 0x84, 0x84,
  0x17, 0x2e, 0xd5, 0x0f, 0xa2, 0x78, 0x7c, 0x01, 0x00, 0x00, 0x00, 0x00,
  0x02, 0x5f, 0x46, 0x5a, 0xa7, 0x46, 0x57, 0x97, 0xb1, 0x08, 0x91, 0xa3,
  0x8f, 0x1e, 0x02, 0x61, 0xdc, 0x00, 0x09, 0x02, 0x00, 0x00, 0x00, 0x00,
  0x00, 0x00, 0x00, 0x00, 0x03, 0x09, 0x01, 0x05, 0x03, 0x0a, 0x4b, 0xbb,
  0x02, 0x08, 0x00, 0x01, 0x01, 0x00, 0x09, 0x02, 0x00, 0x00, 0x00, 0x00,
  0x00, 0x00, 0x00, 0x00, 0x03, 0x0e, 0x01, 0x05, 0x29, 0x0a, 0x4a, 0x02,
  0x0c, 0x00, 0x01, 0x01, 0x93, 0x0a, 0x00, 0x00, 0x05, 0x00, 0x08, 0x00,
  0x8b, 0x0a, 0x00, 0x00, 0x01, 0x01, 0x01, 0xfb, 0x0e, 0x0d, 0x00, 0x01,
  0x01, 0x01, 0x01, 0x00, 0x00, 0x00, 0x01, 0x00, 0x00, 0x01, 0x01, 0x01,
  0x1f, 0x0b, 0x00, 0x00, 0x00, 0x00, 0x00, 0x00, 0x00, 0x00, 0x00, 0x00,
  0x00, 0x00, 0x00, 0x00, 0x00, 0x00, 0x00, 0x00, 0x00, 0x00, 0x00, 0x00,
  0x00, 0x00, 0x00, 0x00, 0x00, 0x00, 0x00, 0x00, 0x00, 0x00, 0x00, 0x00,
  0x00, 0x00, 0x00, 0x00, 0x00, 0x00, 0x00, 0x00, 0x00, 0x00, 0x03, 0x01,
  0x1f, 0x02, 0x0f, 0x05, 0x1e, 0x7d, 0x00, 0x00, 0x00, 0x00, 0x00, 0x9c,
  0xcd, 0x9d, 0x1d, 0xe0, 0xea, 0x1e, 0x4f, 0xf8, 0x7d, 0xe9, 0x84, 0x41,
  0x36, 0x42, 0x41, 0x00, 0x00, 0x00, 0x00, 0x01, 0x9c, 0xcd, 0x9d, 0x1d,
  0xe0, 0xea, 0x1e, 0x4f, 0xf8, 0x7d, 0xe9, 0x84, 0x41, 0x36, 0x42, 0x41,
  0x00, 0x00, 0x00, 0x00, 0x02, 0xea, 0x3b, 0x57, 0x35, 0x55, 0x0a, 0xad,
  0x0e, 0x8f, 0xdf, 0x77, 0x68, 0x4f, 0xc8, 0xba, 0x76, 0x00, 0x00, 0x00,
  0x00, 0x02, 0x78, 0x87, 0x6a, 0xdc, 0x9c, 0xb1, 0xab, 0x1c, 0xc8, 0x76,
  0x3f, 0x12, 0xdb, 0x45, 0xdd, 0xd5, 0x00, 0x00, 0x00, 0x00, 0x02, 0x96,
  0x53, 0x68, 0x93, 0xf9, 0x7d, 0x04, 0x88, 0x06, 0x8d, 0x77, 0xe7, 0xff,
  0xdc, 0x8b, 0x2c, 0x00, 0x00, 0x00, 0x00, 0x03, 0x2a, 0x12, 0x36, 0xed,
  0xa9, 0xa1, 0x25, 0xc2, 0xce, 0x03, 0xb9, 0xa3, 0x45, 0x49, 0x1b, 0x46,
  0x00, 0x00, 0x00, 0x00, 0x04, 0xf4, 0xd0, 0xec, 0x5b, 0xcd, 0xd8, 0x4e,
  0x82, 0x5a, 0x78, 0xa7, 0xad, 0xd3, 0x9d, 0x54, 0xdd, 0x00, 0x00, 0x00,
  0x00, 0x03, 0x12, 0xca, 0x7b, 0xdb, 0x62, 0x93, 0x52, 0xcc, 0x4c, 0x9a,
  0x49, 0x2f, 0x86, 0xb4, 0x35, 0xa7, 0x00, 0x00, 0x00, 0x00, 0x02, 0x9b,
  0xbd, 0xf3, 0x0c, 0xd3, 0x39, 0xc0, 0xa2, 0x1e, 0x6a, 0x00, 0x4b, 0xaf,
  0xba, 0x78, 0xe0, 0x00, 0x00, 0x00, 0x00, 0x02, 0xfc, 0x79, 0x50, 0x47,
  0x1f, 0xfd, 0xc1, 0x76, 0xb6, 0xc1, 0x33, 0xb1, 0xf7, 0x37, 0x0f, 0x88,
  0x00, 0x00, 0x00, 0x00, 0x04, 0x02, 0x14, 0x4a, 0x99, 0x3b, 0x28, 0x77,
  0x8c, 0x1e, 0x6c, 0x05, 0xbf, 0x0b, 0x9f, 0x51, 0xdb, 0x00, 0x00, 0x00,
  0x00, 0x02, 0xe3, 0x86, 0x77, 0xca, 0x7e, 0x6f, 0xe0, 0x54, 0xe7, 0x69,
  0xdb, 0xb3, 0xe7, 0xef, 0x0e, 0xb8, 0x00, 0x00, 0x00, 0x00, 0x02, 0x37,
  0xe3, 0xf3, 0xc7, 0xd0, 0xcd, 0xbe, 0xc1, 0xa3, 0xeb, 0x82, 0xbb, 0xa8,
  0xa3, 0xfb, 0xd2, 0x00, 0x00, 0x00, 0x00, 0x02, 0x77, 0x59, 0xf4, 0x0d,
  0x63, 0x1f, 0x3b, 0x3d, 0xf1, 0x84, 0xa9, 0xe1, 0xd5, 0x22, 0x0c, 0x1a,
  0x00, 0x00, 0x00, 0x00, 0x02, 0xf4, 0x40, 0xfd, 0xc5, 0x5d, 0xff, 0xe4,
  0xf1, 0xfd, 0x8a, 0x35, 0x4a, 0x6b, 0xf3, 0x16, 0x63, 0x00, 0x00, 0x00,
  0x00, 0x02, 0xda, 0xdd, 0x9d, 0x49, 0x71, 0x95, 0x98, 0x29, 0xa5, 0x7f,
  0xf5, 0x72, 0x21, 0x28, 0xb2, 0xa8, 0x00, 0x00, 0x00, 0x00, 0x02, 0x35,
  0xbd, 0x43, 0x6f, 0x1f, 0x61, 0x59, 0xee, 0xf1, 0x57, 0xd0, 0x9c, 0xf8,
  0x39, 0xdf, 0x5b, 0x00, 0x00, 0x00, 0x00, 0x02, 0x5f, 0x79, 0x89, 0x54,
  0x2e, 0x99, 0x5c, 0xf4, 0x04, 0xc3, 0x0d, 0xba, 0x38, 0xfb, 0x6b, 0x86,
  0x00, 0x00, 0x00, 0x00, 0x02, 0xfa, 0x28, 0x8e, 0xc4, 0x81, 0x01, 0xba,
  0x35, 0x17, 0x45, 0x64, 0x0d, 0x19, 0x5b, 0x65, 0x97, 0x00, 0x00, 0x00,
  0x00, 0x02, 0xd2, 0xfa, 0x05, 0x61, 0x91, 0x23, 0x97, 0x16, 0xe9, 0x5c,
  0xbd, 0xb5, 0x79, 0x89, 0xd0, 0xa1, 0x00, 0x00, 0x00, 0x00, 0x05, 0xc6,
  0x44, 0xfb, 0x2f, 0xca, 0x49, 0x59, 0xb7, 0x14, 0x4a, 0x3c, 0x6d, 0xef,
  0xc7, 0x93, 0x64, 0x00, 0x00, 0x00, 0x00, 0x02, 0x8a, 0xee, 0xfd, 0xc3,
  0xdd, 0x3f, 0x72, 0x26, 0x71, 0x0d, 0xf2, 0xfc, 0x51, 0xa2, 0xf7, 0x23,
  0x00, 0x00, 0x00, 0x00, 0x02, 0x1b, 0x38, 0xac, 0x17, 0xe4, 0x59, 0xd3,
  0x35, 0x2f, 0xc4, 0x00, 0x3b, 0xa7, 0xb0, 0x67, 0xe6, 0x00, 0x00, 0x00,
  0x00, 0x02, 0x05, 0xe7, 0xf9, 0x96, 0x07, 0xde, 0xcf, 0x45, 0x35, 0x3a,
  0xdf, 0x86, 0x21, 0x37, 0xf5, 0x4e, 0x00, 0x00, 0x00, 0x00, 0x02, 0xd5,
  0x97, 0x82, 0x74, 0x74, 0xcd, 0x37, 0xab, 0x3c, 0x64, 0xb0, 0xe0, 0x7d,
  0x23, 0x7c, 0xd6, 0x00, 0x00, 0x00, 0x00, 0x02, 0x70, 0xd1, 0x4e, 0x58,
  0x09, 0x5f, 0xaf, 0x53, 0xe3, 0xe8, 0xbf, 0x17, 0x29, 0xfa, 0x89, 0x67,
  0x00, 0x00, 0x00, 0x00, 0x02, 0xca, 0x44, 0x7e, 0xe1, 0x5c, 0x3d, 0xc9,
  0x40, 0xe8, 0x17, 0xab, 0x41, 0x16, 0x35, 0x41, 0x08, 0x00, 0x00, 0x00,
  0x00, 0x02, 0x6f, 0xf9, 0x03, 0x15, 0x08, 0xc8, 0x97, 0xed, 0x71, 0x3a,
  0x6a, 0x65, 0xdb, 0x7f, 0xb4, 0xb2, 0x00, 0x00, 0x00, 0x00, 0x02, 0x47,
  0x21, 0x84, 0x4a, 0x48, 0xab, 0xa8, 0x8b, 0x1b, 0xb8, 0xf3, 0x1a, 0x52,
  0x12, 0x2d, 0x4a, 0x00, 0x00, 0x00, 0x00, 0x02, 0x18, 0xdd, 0x97, 0x2f,
  0x1b, 0xbc, 0x5b, 0x8d, 0x2a, 0x3f, 0xb4, 0x51, 0xe2, 0xc8, 0x11, 0x69,
  0x00, 0x00, 0x00, 0x00, 0x06, 0x6e, 0x31, 0x8e, 0xef, 0x63, 0xb7, 0xa9,
  0xf6, 0x13, 0x57, 0x8c, 0xcb, 0x53, 0x68, 0x6e, 0xb8, 0x00, 0x00, 0x00,
  0x00, 0x02, 0x0e, 0x6c, 0x58, 0xdb, 0xb8, 0x45, 0x54, 0x9b, 0xda, 0x9b,
  0x7b, 0xad, 0xbf, 0x73, 0x41, 0x6c, 0x00, 0x00, 0x00, 0x00, 0x06, 0x01,
  0x3c, 0xac, 0xf9, 0xb9, 0xa5, 0x6e, 0x43, 0x27, 0xd8, 0xec, 0x39, 0x3f,
  0x8d, 0x42, 0x1f, 0x00, 0x00, 0x00, 0x00, 0x02, 0x70, 0xfd, 0x6e, 0x35,
  0x8d, 0x68, 0x47, 0x54, 0xbe, 0x4b, 0xd3, 0xe4, 0x6a, 0xd1, 0x7e, 0x60,
  0x00, 0x00, 0x00, 0x00, 0x02, 0x86, 0x4e, 0x5e, 0xe7, 0x19, 0x53, 0x12,
  0x3b, 0xec, 0xf1, 0x21, 0x7a, 0xa4, 0x65, 0x1c, 0xa2, 0x00, 0x00, 0x00,
  0x00, 0x07, 0x3a, 0xcd, 0x71, 0xe0, 0xd1, 0x85, 0x1c, 0x07, 0x1c, 0xba,
  0x2e, 0x0e, 0x4c, 0x3c, 0xf7, 0x4d, 0x00, 0x00, 0x00, 0x00, 0x07, 0xfa,
  0x70, 0x44, 0x87, 0x99, 0xc4, 0xb7, 0xe6, 0xd8, 0xb1, 0xcb, 0xb1, 0xb0,
  0x3f, 0x88, 0x1f, 0x00, 0x00, 0x00, 0x00, 0x02, 0x4e, 0x64, 0xe7, 0xda,
  0x84, 0x6c, 0xe9, 0x75, 0xd9, 0xd4, 0x9f, 0x9b, 0xd4, 0x3a, 0x5c, 0x92,
  0x00, 0x00, 0x00, 0x00, 0x07, 0x84, 0x32, 0x77, 0x5e, 0x76, 0x58, 0x6b,
  0x60, 0x26, 0xe9, 0x94, 0x29, 0x03, 0xb5, 0x41, 0xa7, 0x00, 0x00, 0x00,
  0x00, 0x07, 0x60, 0xd5, 0x7d, 0xd5, 0x65, 0x9a, 0x98, 0x06, 0x79, 0x48,
  0x48, 0xb1, 0xea, 0xed, 0x4b, 0xc5, 0x00, 0x00, 0x00, 0x00, 0x02, 0xa1,
  0xb8, 0xc7, 0x3d, 0x6c, 0xe0, 0xb9, 0x0b, 0x71, 0x60, 0x5c, 0x5f, 0x22,
  0xb7, 0x47, 0x81, 0x00, 0x00, 0x00, 0x00, 0x02, 0x16, 0xc6, 0x85, 0x74,
  0xdd, 0x11, 0xdc, 0x9c, 0xe8, 0x4d, 0x23, 0xc4, 0x1a, 0xc2, 0x31, 0xf3,
  0x00, 0x00, 0x00, 0x00, 0x02, 0x84, 0x17, 0xaf, 0x8a, 0x8b, 0xff, 0x2c,
  0x6b, 0x1a, 0x54, 0x59, 0x02, 0xa3, 0xb2, 0x85, 0xde, 0x00, 0x00, 0x00,
  0x00, 0x02, 0x58, 0x60, 0x4d, 0xb9, 0xda, 0x89, 0x89, 0x5b, 0x69, 0x81,
  0xe4, 0x82, 0x29, 0xd3, 0xd6, 0x64, 0x00, 0x00, 0x00, 0x00, 0x02, 0x84,
  0x4d, 0x16, 0xbb, 0xc1, 0xc5, 0xd5, 0xdd, 0xd3, 0xd4, 0xdd, 0x45, 0xf5,
  0x5b, 0xc1, 0xeb, 0x00, 0x00, 0x00, 0x00, 0x02, 0x36, 0xff, 0xe3, 0xce,
  0xd1, 0x35, 0x8e, 0x99, 0x34, 0x8a, 0x85, 0xb7, 0xf3, 0x5e, 0x3f, 0xa8,
  0x00, 0x00, 0x00, 0x00, 0x02, 0xd2, 0x03, 0x84, 0xea, 0x9f, 0x83, 0x7c,
  0x88, 0x1e, 0xc6, 0xa8, 0xe6, 0x1c, 0xc6, 0x14, 0x96, 0x00, 0x00, 0x00,
  0x00, 0x02, 0x12, 0xa7, 0x0c, 0x11, 0x03, 0x7d, 0xeb, 0xe2, 0x70, 0xcf,
  0x6b, 0x50, 0x65, 0x89, 0x45, 0x9e, 0x00, 0x00, 0x00, 0x00, 0x08, 0x5b,
  0x9b, 0x72, 0x8b, 0x5d, 0xaa, 0x06, 0x48, 0xe6, 0x4b, 0x85, 0x85, 0x5f,
  0x2d, 0x2d, 0x7d, 0x00, 0x00, 0x00, 0x00, 0x02, 0xe8, 0x20, 0x0e, 0x5c,
  0x8c, 0xb2, 0x57, 0x43, 0x2c, 0x44, 0xa5, 0x40, 0x73, 0xab, 0x5e, 0x0f,
  0x00, 0x00, 0x00, 0x00, 0x03, 0x72, 0x4e, 0x2b, 0xc1, 0xaf, 0xab, 0xb3,
  0xb7, 0xb6, 0x86, 0x0c, 0x97, 0x99, 0xb9, 0xcd, 0x27, 0x00, 0x00, 0x00,
  0x00, 0x02, 0xdf, 0xf8, 0x0c, 0x89, 0xec, 0x65, 0x51, 0xb7, 0xd5, 0x6a,
  0xe9, 0xff, 0x53, 0x87, 0xa2, 0x40, 0x00, 0x00, 0x00, 0x00, 0x02, 0xc7,
  0xe2, 0x1d, 0xbe, 0x45, 0xa1, 0x93, 0x16, 0x5e, 0xae, 0x6b, 0x93, 0xf0,
  0xdc, 0x96, 0x51, 0x00, 0x00, 0x00, 0x00, 0x02, 0xe7, 0x85, 0x4a, 0xae,
  0xf5, 0x95, 0x78, 0xa7, 0xf2, 0x74, 0x17, 0x7a, 0xf3, 0x30, 0xfd, 0x80,
  0x00, 0x00, 0x00, 0x00, 0x02, 0xea, 0x87, 0xa3, 0x6f, 0xed, 0xa6, 0x4b,
  0xf3, 0x4e, 0xe1, 0x15, 0xd0, 0x27, 0x67, 0x70, 0x2b, 0x00, 0x00, 0x00,
  0x00, 0x02, 0x4d, 0x2a, 0x47, 0xb2, 0x03, 0x46, 0x0b, 0xf1, 0xca, 0x46,
  0x99, 0x12, 0x9d, 0x5b, 0x0e, 0xe9, 0x00, 0x00, 0x00, 0x00, 0x02, 0xd2,
  0x3d, 0x40, 0xc1, 0x41, 0x74, 0x14, 0x8f, 0x54, 0x0e, 0x8d, 0x27, 0xc8,
  0x60, 0x3f, 0x36, 0x00, 0x00, 0x00, 0x00, 0x02, 0x07, 0x0d, 0x95, 0xcb,
  0x0e, 0xde, 0xa1, 0xf3, 0x1b, 0xb0, 0x92, 0x5e, 0x75, 0xe5, 0x8d, 0x15,
  0x00, 0x00, 0x00, 0x00, 0x02, 0x0f, 0xac, 0xa0, 0xba, 0xf4, 0xd2, 0x59,
  0x9b, 0xda, 0xb3, 0x65, 0x2f, 0xbd, 0x51, 0xda, 0x1f, 0x00, 0x00, 0x00,
  0x00, 0x02, 0xec, 0xdd, 0xd1, 0x9e, 0xde, 0x40, 0xc4, 0x83, 0x00, 0x88,
  0xfe, 0x5b, 0x2f, 0xd3, 0xd1, 0x59, 0x00, 0x00, 0x00, 0x00, 0x07, 0x4b,
  0x80, 0x5b, 0x2b, 0x79, 0x63, 0xeb, 0xd6, 0xf7, 0x76, 0xb6, 0x71, 0x87,
  0x1b, 0x9f, 0x97, 0x00, 0x00, 0x00, 0x00, 0x02, 0x8a, 0x30, 0x1d, 0x64,
  0x49, 0x99, 0xad, 0x96, 0x79, 0x9a, 0xda, 0x9b, 0xcc, 0x19, 0x7a, 0xb8,
  0x00, 0x00, 0x00, 0x00, 0x02, 0x54, 0x19, 0xd1, 0x78, 0xc2, 0x68, 0x89,
  0x55, 0x1d, 0xca, 0xe0, 0x47, 0x51, 0xed, 0xcc, 0x21, 0x00, 0x00, 0x00,
  0x00, 0x02, 0xf9, 0x37, 0x58, 0x94, 0x32, 0x5e, 0x95, 0x3a, 0x65, 0x69,
  0x22, 0x2d, 0x3f, 0xba, 0x0a, 0xa9, 0x00, 0x00, 0x00, 0x00, 0x02, 0x93,
  0xb5, 0x4f, 0xf0, 0x30, 0x38, 0x05, 0x91, 0x6f, 0x6b, 0x4f, 0xb6, 0x5b,
  0x38, 0x22, 0xc5, 0x00, 0x00, 0x00, 0x00, 0x02, 0x98, 0x90, 0x82, 0x12,
  0xb1, 0xfe, 0x86, 0x50, 0x6e, 0x1c, 0x8a, 0x09, 0x6d, 0xa6, 0x47, 0x7f,
  0x00, 0x00, 0x00, 0x00, 0x02, 0x14, 0x00, 0x07, 0xf3, 0x80, 0x05, 0x6e,
  0xd7, 0x6e, 0x87, 0x0d, 0x51, 0x65, 0x86, 0xe9, 0xf0, 0x00, 0x00, 0x00,
  0x00, 0x02, 0xff, 0x82, 0x2e, 0xf9, 0x47, 0xcf, 0x3b, 0x0b, 0x6a, 0x5f,
  0xce, 0xe4, 0x8d, 0x06, 0x3c, 0xe2, 0x00, 0x00, 0x00, 0x00, 0x02, 0x7d,
  0xa5, 0x35, 0x23, 0xd9, 0x55, 0x7b, 0x98, 0x84, 0x37, 0x3e, 0x8e, 0x62,
  0xb1, 0x82, 0xe8, 0x00, 0x00, 0x00, 0x00, 0x06, 0xca, 0xeb, 0xe0, 0xf0,
  0xae, 0x09, 0xab, 0xba, 0x9c, 0xc0, 0x1c, 0xa1, 0x74, 0x9c, 0x16, 0xbf,
  0x00, 0x00, 0x00, 0x00, 0x09, 0x72, 0xb5, 0xce, 0x34, 0x9b, 0x0f, 0x5d,
  0x74, 0x30, 0xb5, 0x76, 0x1f, 0x04, 0x16, 0xad, 0x5e, 0x00, 0x00, 0x00,
  0x00, 0x02, 0xb0, 0x5d, 0x3a, 0xb7, 0xeb, 0x02, 0xdc, 0x86, 0xab, 0x22,
  0xca, 0xbf, 0xb4, 0xa3, 0x14, 0xbb, 0x00, 0x00, 0x00, 0x00, 0x02, 0x14,
  0xc0, 0x2f, 0xe6, 0x88, 0xb7, 0x99, 0xb9, 0xb5, 0x95, 0x37, 0xa2, 0x34,
  0x76, 0x6f, 0xbe, 0x00, 0x00, 0x00, 0x00, 0x02, 0x47, 0x8c, 0x00, 0xaa,
  0xac, 0x76, 0xbc, 0x36, 0x01, 0x44, 0x72, 0x95, 0x5c, 0x37, 0xc1, 0xb7,
  0x00, 0x00, 0x00, 0x00, 0x02, 0x87, 0x58, 0x96, 0x24, 0x5c, 0x64, 0x21,
  0xe1, 0x46, 0x70, 0x36, 0xee, 0xe1, 0xd8, 0xc5, 0x09, 0x00, 0x00, 0x00,
  0x00, 0x02, 0xd8, 0x7a, 0xd9, 0xc7, 0xb5, 0xe3, 0x26, 0xeb, 0x79, 0xf2,
  0xc3, 0x9b, 0xcb, 0xa5, 0x66, 0x0a, 0x00, 0x00, 0x00, 0x00, 0x08, 0x50,
  0xd5, 0xf9, 0xd3, 0x1e, 0xee, 0x63, 0x53, 0xe1, 0xba, 0x65, 0x07, 0x6b,
  0xbe, 0x39, 0xf9, 0x00, 0x00, 0x00, 0x00, 0x02, 0x95, 0xbe, 0x1c, 0xb4,
  0x62, 0x39, 0xcf, 0xd0, 0x9f, 0x9f, 0x00, 0x97, 0x2d, 0x22, 0x5a, 0x32,
  0x00, 0x00, 0x00, 0x00, 0x07, 0x17, 0xc5, 0x93, 0x7f, 0x64, 0xff, 0x6b,
  0xd1, 0x43, 0x4a, 0x69, 0xce, 0xb9, 0xa6, 0xc5, 0x63, 0x00, 0x00, 0x00,
  0x00, 0x02, 0xf1, 0x16, 0x38, 0x83, 0xa6, 0xb1, 0xa5, 0xe3, 0x39, 0x2a,
  0x18, 0xac, 0x19, 0xb3, 0x6a, 0x07, 0x00, 0x00, 0x00, 0x00, 0x06, 0xc8,
  0xcf, 0xde, 0x99, 0xfa, 0x9f, 0x78, 0x3d, 0x88, 0x83, 0x56, 0x61, 0x0f,
  0xa3, 0xe0, 0x82, 0x00, 0x00, 0x00, 0x00, 0x04, 0xb2, 0xc8, 0xf0, 0x56,
  0xe3, 0x57, 0x77, 0xbe, 0x7e, 0x12, 0x7e, 0xbb, 0xe5, 0xef, 0xe1, 0x7a,
  0x00, 0x00, 0x00, 0x00, 0x02, 0x0e, 0xff, 0x61, 0x87, 0x5d, 0x11, 0x1f,
  0xb2, 0xd7, 0xc1, 0xfc, 0x87, 0x21, 0x02, 0xf9, 0x4a, 0x00, 0x00, 0x00,
  0x00, 0x02, 0xc2, 0x28, 0x0e, 0x38, 0xe7, 0xa6, 0x11, 0xcd, 0x07, 0xb1,
  0xce, 0xee, 0x35, 0x7b, 0xcc, 0x0d, 0x00, 0x00, 0x00, 0x00, 0x02, 0x66,
  0x93, 0x29, 0xe5, 0xd8, 0x99, 0x6a, 0x71, 0xda, 0x7f, 0xa0, 0xb3, 0x21,
  0x76, 0x05, 0x90, 0x00, 0x00, 0x00, 0x00, 0x04, 0x6b, 0x0f, 0x3a, 0xb1,
  0x64, 0xaf, 0xeb, 0xc2, 0x66, 0xb4, 0xf6, 0x39, 0xe4, 0x25, 0x62, 0x21,
  0x00, 0x00, 0x00, 0x00, 0x02, 0x22, 0xcb, 0x55, 0x51, 0x03, 0x3d, 0x75,
  0x68, 0xf0, 0x83, 0x24, 0xd4, 0x7e, 0xa2, 0xbf, 0x2e, 0x00, 0x00, 0x00,
  0x00, 0x03, 0x78, 0x9d, 0xd2, 0x0e, 0x69, 0x44, 0xb4, 0x21, 0x1a, 0x8b,
  0xe3, 0x8f, 0xb9, 0xd0, 0xb2, 0x45, 0x00, 0x00, 0x00, 0x00, 0x02, 0xca,
  0xe4, 0x03, 0x0d, 0xf2, 0x73, 0xc4, 0xc0, 0xf3, 0xe2, 0xce, 0xe0, 0xef,
  0xe2, 0x45, 0xfb, 0x00, 0x00, 0x00, 0x00, 0x06, 0x14, 0xee, 0x3f, 0xd2,
  0xd5, 0xd9, 0xbc, 0x34, 0xe2, 0xa3, 0x60, 0x70, 0xaf, 0x8a, 0xc5, 0xed,
  0x00, 0x00, 0x00, 0x00, 0x07, 0xa9, 0xb5, 0xc2, 0x59, 0x0b, 0xec, 0x40,
  0x0e, 0x33, 0x98, 0x04, 0xa9, 0x3b, 0x42, 0x60, 0xd5, 0x00, 0x00, 0x00,
  0x00, 0x02, 0x78, 0x18, 0xe7, 0x4f, 0x70, 0xa4, 0xdc, 0x90, 0x54, 0xa5,
  0xa3, 0x88, 0xab, 0x0a, 0x68, 0x9e, 0x00, 0x00, 0x00, 0x00, 0x07, 0xd2,
  0xe9, 0x6e, 0xcb, 0x2d, 0x43, 0xea, 0xd2, 0x2e, 0xef, 0xb8, 0xc4, 0x9d,
  0xa2, 0xf0, 0x03, 0x00, 0x00, 0x00, 0x00, 0x02, 0xfc, 0x64, 0x4f, 0xad,
  0x45, 0xb1, 0x42, 0x30, 0x81, 0xc7, 0x31, 0x4a, 0x2b, 0x8c, 0x6d, 0xd2,
  0x00, 0x00, 0x00, 0x00, 0x07, 0x7f, 0xc8, 0x7a, 0x91, 0xd3, 0x23, 0xa4,
  0x10, 0x75, 0xbf, 0x29, 0x71, 0x25, 0x66, 0x20, 0xa7, 0x00, 0x00, 0x00,
  0x00, 0x07, 0x31, 0x7c, 0xee, 0x07, 0x1b, 0x54, 0xe1, 0xb5, 0x5a, 0x0a,
  0xdf, 0xb9, 0x83, 0x67, 0x44, 0x9f, 0x00, 0x00, 0x00, 0x00, 0x07, 0xef,
  0x0f, 0xaf, 0x3c, 0x97, 0xa2, 0xec, 0x5c, 0xb7, 0x8a, 0x2e, 0xc0, 0x13,
  0x8e, 0x71, 0x0b, 0x00, 0x00, 0x00, 0x00, 0x0a, 0x34, 0xb8, 0x81, 0x90,
  0x8b, 0x6f, 0x83, 0x75, 0x40, 0x42, 0x24, 0x50, 0x4e, 0x72, 0x97, 0x38,
  0x00, 0x00, 0x00, 0x00, 0x07, 0xeb, 0x60, 0xf5, 0xd8, 0x24, 0xdf, 0x9c,
  0xa3, 0x7a, 0xa3, 0x04, 0x87, 0x95, 0x39, 0x96, 0xa9, 0x00, 0x00, 0x00,
  0x00, 0x07, 0x74, 0x42, 0x9e, 0x3c, 0x5d, 0xac, 0x35, 0xfb, 0x5f, 0x77,
  0xbb, 0x31, 0xb1, 0x9a, 0xb4, 0x5c, 0x00, 0x00, 0x00, 0x00, 0x02, 0x9d,
  0x16, 0xd7, 0x9f, 0x18, 0x14, 0x71, 0x7e, 0xdc, 0xda, 0x6c, 0x89, 0x1e,
  0xdd, 0xf7, 0xa7, 0x00, 0x00, 0x00, 0x00, 0x02, 0x2e, 0x89, 0xc1, 0xc0,
  0xbf, 0x06, 0x46, 0x40, 0x63, 0xae, 0x8a, 0x1a, 0x93, 0x6c, 0xf7, 0x72,
  0x00, 0x00, 0x00, 0x00, 0x02, 0xd1, 0x6a, 0xb9, 0x6a, 0x94, 0xf6, 0xed,
  0x8a, 0xf7, 0xca, 0xa4, 0x66, 0xd1, 0x5b, 0x6c, 0xf1, 0x00, 0x00, 0x00,
  0x00, 0x02, 0xe2, 0xe2, 0xc4, 0x4a, 0x44, 0x56, 0x0f, 0x0f, 0xc3, 0xc2,
  0xb6, 0x49, 0xfe, 0x35, 0x4d, 0x0c, 0x00, 0x00, 0x00, 0x00, 0x02, 0xe6,
  0x1e, 0xb3, 0x2d, 0xe8, 0x4d, 0xec, 0x9b, 0x8b, 0x54, 0x5d, 0x0e, 0xa3,
  0x30, 0x61, 0x1b, 0x00, 0x00, 0x00, 0x00, 0x02, 0x0c, 0x91, 0xb7, 0x82,
  0x2f, 0xa2, 0x32, 0x31, 0xc4, 0xe9, 0x26, 0xf8, 0x8d, 0xea, 0x1d, 0x18,
  0x00, 0x00, 0x00, 0x00, 0x02, 0xb1, 0x8f, 0xf8, 0x98, 0xe0, 0x98, 0x67,
  0x51, 0x44, 0xed, 0x2e, 0xa4, 0xbe, 0xf7, 0x10, 0x40, 0x00, 0x00, 0x00,
  0x00, 0x02, 0xc8, 0xe6, 0x83, 0xef, 0x38, 0xa0, 0xd8, 0x41, 0x84, 0xf0,
  0x41, 0x58, 0xb1, 0xe0, 0x12, 0xf8, 0x00, 0x00, 0x00, 0x00, 0x02, 0x29,
  0x83, 0x4b, 0xc2, 0xb8, 0x07, 0x22, 0xdf, 0x4a, 0x96, 0xbb, 0x47, 0x36,
  0x57, 0xfd, 0xa3, 0x00, 0x00, 0x00, 0x00, 0x02, 0x11, 0x7a, 0x42, 0xfe,
  0xa5, 0x34, 0x55, 0xe8, 0xa5, 0x09, 0x42, 0x49, 0x88, 0xd0, 0xa1, 0xf9,
  0x00, 0x00, 0x00, 0x00, 0x02, 0xdb, 0xa4, 0xaf, 0xde, 0x64, 0xa9, 0x9a,
  0xd0, 0xb3, 0xf5, 0x41, 0x55, 0x4b, 0xa8, 0x20, 0x1f, 0x00, 0x00, 0x00,
  0x00, 0x02, 0x15, 0x54, 0xb4, 0x86, 0x52, 0x2f, 0xa9, 0x0d, 0x95, 0xfe,
  0x03, 0x70, 0xc1, 0x60, 0xb0, 0xab, 0x00, 0x00, 0x00, 0x00, 0x02, 0xcd,
  0xcc, 0xce, 0x03, 0x02, 0xd5, 0xf7, 0xb4, 0xb2, 0x0b, 0xc6, 0x3b, 0x53,
  0x72, 0xf4, 0x77, 0x00, 0x00, 0x00, 0x00, 0x07, 0x7a, 0xc4, 0xe7, 0x6e,
  0x38, 0x1a, 0x47, 0xeb, 0xaf, 0x36, 0xfd, 0xbb, 0x41, 0x9a, 0x11, 0x5d,
  0x00, 0x00, 0x00, 0x00, 0x02, 0x4d, 0x53, 0xb9, 0xf3, 0x38, 0xd7, 0xcf,
  0x8c, 0xa7, 0xe3, 0x75, 0xea, 0x67, 0xb5, 0xa2, 0xaf, 0x00, 0x00, 0x00,
  0x00, 0x07, 0xbc, 0x56, 0x64, 0x4b, 0xb7, 0xe3, 0x2f, 0x0b, 0xb7, 0xcb,
  0x15, 0x6e, 0x8d, 0x71, 0xb2, 0xcf, 0x00, 0x00, 0x00, 0x00, 0x07, 0x21,
  0x7b, 0x54, 0xc7, 0x5f, 0xf5, 0x5a, 0x9b, 0xf8, 0xec, 0xac, 0xfb, 0x45,
  0xd2, 0xcb, 0x41, 0x00, 0x00, 0x00, 0x00, 0x03, 0xfe, 0xb7, 0xcf, 0x68,
  0x5e, 0x35, 0x30, 0x3b, 0x6f, 0x5c, 0x15, 0xd1, 0x67, 0x84, 0x30, 0x99,
  0x00, 0x00, 0x00, 0x00, 0x06, 0xd0, 0xd0, 0xdb, 0x3c, 0xd4, 0xa7, 0x62,
  0x7b, 0x49, 0xcc, 0xfa, 0xbd, 0x6c, 0x66, 0x9d, 0x49, 0x00, 0x00, 0x00,
  0x00, 0x02, 0x5c, 0xd2, 0x76, 0x10, 0x62, 0xda, 0xad, 0x2d, 0x0c, 0x39,
  0x60, 0x17, 0x94, 0x7b, 0xfe, 0x45, 0x00, 0x00, 0x00, 0x00, 0x02, 0x77,
  0x7e, 0xfb, 0x09, 0xa5, 0x31, 0x40, 0xd8, 0x34, 0x80, 0x3a, 0xc5, 0x1b,
  0x3d, 0x58, 0x4e, 0x00, 0x00, 0x00, 0x00, 0x02, 0x79, 0xef, 0x9d, 0xb5,
  0xd1, 0x2c, 0xd6, 0xf3, 0xe6, 0xc0, 0x24, 0x6c, 0x22, 0x35, 0x90, 0xa3,
  0x00, 0x00, 0x00, 0x00, 0x02, 0xa7, 0xe0, 0x41, 0x71, 0xb2, 0x7b, 0x1b,
  0x16, 0x8e, 0x69, 0xcf, 0xa5, 0x69, 0x95, 0xf0, 0x87, 0x00, 0x00, 0x00,
  0x00, 0x02, 0xcb, 0xd2, 0x66, 0x89, 0xc4, 0xd4, 0x10, 0x35, 0xd7, 0x88,
  0xa7, 0x0a, 0xc7, 0xef, 0x10, 0xa9, 0x00, 0x00, 0x00, 0x00, 0x02, 0xd6,
  0xc4, 0x82, 0x78, 0x8c, 0x28, 0x84, 0x5c, 0xbc, 0x42, 0x05, 0x38, 0x0e,
  0x7c, 0xd7, 0xfd, 0x8a, 0x00, 0x00, 0x00, 0x05, 0x00, 0x08, 0x00, 0x82,
  0x00, 0x00, 0x00, 0x01, 0x01, 0x01, 0xfb, 0x0e, 0x0d, 0x00, 0x01, 0x01,
  0x01, 0x01, 0x00, 0x00, 0x00, 0x01, 0x00, 0x00, 0x01, 0x01, 0x01, 0x1f,
  0x04, 0x00, 0x00, 0x00, 0x00, 0x00, 0x00, 0x00, 0x00, 0x00, 0x00, 0x00,
  0x00, 0x00, 0x00, 0x00, 0x00, 0x03, 0x01, 0x1f, 0x02, 0x0f, 0x05, 0x1e,
  0x04, 0x00, 0x00, 0x00, 0x00, 0x00, 0x3c, 0x0c, 0x4f, 0x0f, 0xba, 0xff,
  0xaf, 0x5d, 0x61, 0x64, 0x0b, 0x14, 0x97, 0x99, 0x8d, 0x4f, 0x00, 0x00,
  0x00, 0x00, 0x01, 0xf4, 0xd0, 0xec, 0x5b, 0xcd, 0xd8, 0x4e, 0x82, 0x5a,
  0x78, 0xa7, 0xad, 0xd3, 0x9d, 0x54, 0xdd, 0x00, 0x00, 0x00, 0x00, 0x02,
  0x12, 0xca, 0x7b, 0xdb, 0x62, 0x93, 0x52, 0xcc, 0x4c, 0x9a, 0x49, 0x2f,
  0x86, 0xb4, 0x35, 0xa7, 0x00, 0x00, 0x00, 0x00, 0x03, 0xd0, 0xd0, 0xdb,
  0x3c, 0xd4, 0xa7, 0x62, 0x7b, 0x49, 0xcc, 0xfa, 0xbd, 0x6c, 0x66, 0x9d,
  0x49, 0x00, 0x00, 0x00, 0x00, 0x00, 0x00, 0x00, 0x22, 0x00, 0x00, 0x00,
  0x00, 0x00, 0x00, 0x00, 0x0a, 0x00, 0x00, 0x00, 0x2d, 0x00, 0x00, 0x00,
  0x3e, 0x06, 0x00, 0x00, 0x00, 0x00, 0x00, 0x00, 0x26, 0x00, 0x00, 0x00,
  0x00, 0x00, 0x00, 0x00, 0x0a, 0x00, 0x00, 0x00, 0x2d, 0x00, 0x00, 0x00,
  0xc6, 0x05, 0x00, 0x00, 0x00, 0x00, 0x00, 0x00, 0x2a, 0x00, 0x00, 0x00,
  0x00, 0x00, 0x00, 0x00, 0x0a, 0x00, 0x00, 0x00, 0x2d, 0x00, 0x00, 0x00,
  0x91, 0x06, 0x00, 0x00, 0x00, 0x00, 0x00, 0x00, 0x36, 0x00, 0x00, 0x00,
  0x00, 0x00, 0x00, 0x00, 0x0a, 0x00, 0x00, 0x00, 0x2d, 0x00, 0x00, 0x00,
  0xe7, 0x00, 0x00, 0x00, 0x00, 0x00, 0x00, 0x00, 0x4b, 0x00, 0x00, 0x00,
  0x00, 0x00, 0x00, 0x00, 0x0a, 0x00, 0x00, 0x00, 0x2d, 0x00, 0x00, 0x00,
  0x67, 0x01, 0x00, 0x00, 0x00, 0x00, 0x00, 0x00, 0x60, 0x00, 0x00, 0x00,
  0x00, 0x00, 0x00, 0x00, 0x0a, 0x00, 0x00, 0x00, 0x2d, 0x00, 0x00, 0x00,
  0x00, 0x00, 0x00, 0x00, 0x00, 0x00, 0x00, 0x00, 0x78, 0x00, 0x00, 0x00,
  0x00, 0x00, 0x00, 0x00, 0x01, 0x00, 0x00, 0x00, 0x0c, 0x00, 0x00, 0x00,
  0x10, 0x00, 0x00, 0x00, 0x00, 0x00, 0x00, 0x00, 0x90, 0x00, 0x00, 0x00,
  0x00, 0x00, 0x00, 0x00, 0x01, 0x00, 0x00, 0x00, 0x0d, 0x00, 0x00, 0x00,
  0x10, 0x00, 0x00, 0x00, 0x00, 0x00, 0x00, 0x00, 0xc6, 0x00, 0x00, 0x00,
  0x00, 0x00, 0x00, 0x00, 0x0a, 0x00, 0x00, 0x00, 0x2d, 0x00, 0x00, 0x00,
  0x3e, 0x06, 0x00, 0x00, 0x00, 0x00, 0x00, 0x00, 0xca, 0x00, 0x00, 0x00,
  0x00, 0x00, 0x00, 0x00, 0x0a, 0x00, 0x00, 0x00, 0x2d, 0x00, 0x00, 0x00,
  0xc6, 0x05, 0x00, 0x00, 0x00, 0x00, 0x00, 0x00, 0xce, 0x00, 0x00, 0x00,
  0x00, 0x00, 0x00, 0x00, 0x0a, 0x00, 0x00, 0x00, 0x2d, 0x00, 0x00, 0x00,
  0x91, 0x06, 0x00, 0x00, 0x00, 0x00, 0x00, 0x00, 0xd2, 0x00, 0x00, 0x00,
  0x00, 0x00, 0x00, 0x00, 0x0a, 0x00, 0x00, 0x00, 0x2d, 0x00, 0x00, 0x00,
  0xe7, 0x05, 0x00, 0x00, 0x00, 0x00, 0x00, 0x00, 0xd6, 0x00, 0x00, 0x00,
  0x00, 0x00, 0x00, 0x00, 0x0a, 0x00, 0x00, 0x00, 0x2d, 0x00, 0x00, 0x00,
  0x7c, 0x01, 0x00, 0x00, 0x00, 0x00, 0x00, 0x00, 0xda, 0x00, 0x00, 0x00,
  0x00, 0x00, 0x00, 0x00, 0x0a, 0x00, 0x00, 0x00, 0x2d, 0x00, 0x00, 0x00,
  0xf6, 0x06, 0x00, 0x00, 0x00, 0x00, 0x00, 0x00, 0xde, 0x00, 0x00, 0x00,
  0x00, 0x00, 0x00, 0x00, 0x0a, 0x00, 0x00, 0x00, 0x2d, 0x00, 0x00, 0x00,
  0xb1, 0x02, 0x00, 0x00, 0x00, 0x00, 0x00, 0x00, 0xe2, 0x00, 0x00, 0x00,
  0x00, 0x00, 0x00, 0x00, 0x0a, 0x00, 0x00, 0x00, 0x2d, 0x00, 0x00, 0x00,
  0x8a, 0x03, 0x00, 0x00, 0x00, 0x00, 0x00, 0x00, 0xe6, 0x00, 0x00, 0x00,
  0x00, 0x00, 0x00, 0x00, 0x0a, 0x00, 0x00, 0x00, 0x2d, 0x00, 0x00, 0x00,
  0x2f, 0x03, 0x00, 0x00, 0x00, 0x00, 0x00, 0x00, 0xea, 0x00, 0x00, 0x00,
  0x00, 0x00, 0x00, 0x00, 0x0a, 0x00, 0x00, 0x00, 0x2d, 0x00, 0x00, 0x00,
  0xa1, 0x03, 0x00, 0x00, 0x00, 0x00, 0x00, 0x00, 0xee, 0x00, 0x00, 0x00,
  0x00, 0x00, 0x00, 0x00, 0x0a, 0x00, 0x00, 0x00, 0x2d, 0x00, 0x00, 0x00,
  0x1d, 0x01, 0x00, 0x00, 0x00, 0x00, 0x00, 0x00, 0xfa, 0x00, 0x00, 0x00,
  0x00, 0x00, 0x00, 0x00, 0x0a, 0x00, 0x00, 0x00, 0x2d, 0x00, 0x00, 0x00,
  0xe9, 0x04, 0x00, 0x00, 0x00, 0x00, 0x00, 0x00, 0x0f, 0x01, 0x00, 0x00,
  0x00, 0x00, 0x00, 0x00, 0x0a, 0x00, 0x00, 0x00, 0x2d, 0x00, 0x00, 0x00,
  0x97, 0x01, 0x00, 0x00, 0x00, 0x00, 0x00, 0x00, 0x24, 0x01, 0x00, 0x00,
  0x00, 0x00, 0x00, 0x00, 0x0a, 0x00, 0x00, 0x00, 0x2d, 0x00, 0x00, 0x00,
  0xfd, 0x02, 0x00, 0x00, 0x00, 0x00, 0x00, 0x00, 0x39, 0x01, 0x00, 0x00,
  0x00, 0x00, 0x00, 0x00, 0x0a, 0x00, 0x00, 0x00, 0x2d, 0x00, 0x00, 0x00,
  0x96, 0x04, 0x00, 0x00, 0x00, 0x00, 0x00, 0x00, 0x4e, 0x01, 0x00, 0x00,
  0x00, 0x00, 0x00, 0x00, 0x0a, 0x00, 0x00, 0x00, 0x2d, 0x00, 0x00, 0x00,
  0x23, 0x05, 0x00, 0x00, 0x00, 0x00, 0x00, 0x00, 0x63, 0x01, 0x00, 0x00,
  0x00, 0x00, 0x00, 0x00, 0x0a, 0x00, 0x00, 0x00, 0x2d, 0x00, 0x00, 0x00,
  0x49, 0x02, 0x00, 0x00, 0x00, 0x00, 0x00, 0x00, 0x78, 0x01, 0x00, 0x00,
  0x00, 0x00, 0x00, 0x00, 0x0a, 0x00, 0x00, 0x00, 0x2d, 0x00, 0x00, 0x00,
  0x8d, 0x02, 0x00, 0x00, 0x00, 0x00, 0x00, 0x00, 0x8d, 0x01, 0x00, 0x00,
  0x00, 0x00, 0x00, 0x00, 0x0a, 0x00, 0x00, 0x00, 0x2d, 0x00, 0x00, 0x00,
  0x8d, 0x02, 0x00, 0x00, 0x00, 0x00, 0x00, 0x00, 0xa2, 0x01, 0x00, 0x00,
  0x00, 0x00, 0x00, 0x00, 0x0a, 0x00, 0x00, 0x00, 0x2d, 0x00, 0x00, 0x00,
  0x4f, 0x05, 0x00, 0x00, 0x00, 0x00, 0x00, 0x00, 0xb7, 0x01, 0x00, 0x00,
  0x00, 0x00, 0x00, 0x00, 0x0a, 0x00, 0x00, 0x00, 0x2d, 0x00, 0x00, 0x00,
  0xb0, 0x03, 0x00, 0x00, 0x00, 0x00, 0x00, 0x00, 0xcc, 0x01, 0x00, 0x00,
  0x00, 0x00, 0x00, 0x00, 0x0a, 0x00, 0x00, 0x00, 0x2d, 0x00, 0x00, 0x00,
  0x0d, 0x07, 0x00, 0x00, 0x00, 0x00, 0x00, 0x00, 0xe1, 0x01, 0x00, 0x00,
  0x00, 0x00, 0x00, 0x00, 0x0a, 0x00, 0x00, 0x00, 0x2d, 0x00, 0x00, 0x00,
  0x9e, 0x04, 0x00, 0x00, 0x00, 0x00, 0x00, 0x00, 0xf6, 0x01, 0x00, 0x00,
  0x00, 0x00, 0x00, 0x00, 0x0a, 0x00, 0x00, 0x00, 0x2d, 0x00, 0x00, 0x00,
  0xc6, 0x02, 0x00, 0x00, 0x00, 0x00, 0x00, 0x00, 0x0b, 0x02, 0x00, 0x00,
  0x00, 0x00, 0x00, 0x00, 0x0a, 0x00, 0x00, 0x00, 0x2d, 0x00, 0x00, 0x00,
  0x48, 0x00, 0x00, 0x00, 0x00, 0x00, 0x00, 0x00, 0x20, 0x02, 0x00, 0x00,
  0x00, 0x00, 0x00, 0x00, 0x0a, 0x00, 0x00, 0x00, 0x2d, 0x00, 0x00, 0x00,
  0xc1, 0x03, 0x00, 0x00, 0x00, 0x00, 0x00, 0x00, 0x35, 0x02, 0x00, 0x00,
  0x00, 0x00, 0x00, 0x00, 0x0a, 0x00, 0x00, 0x00, 0x2d, 0x00, 0x00, 0x00,
  0x5b, 0x02, 0x00, 0x00, 0x00, 0x00, 0x00, 0x00, 0x4a, 0x02, 0x00, 0x00,
  0x00, 0x00, 0x00, 0x00, 0x0a, 0x00, 0x00, 0x00, 0x2d, 0x00, 0x00, 0x00,
  0x38, 0x01, 0x00, 0x00, 0x00, 0x00, 0x00, 0x00, 0x5f, 0x02, 0x00, 0x00,
  0x00, 0x00, 0x00, 0x00, 0x0a, 0x00, 0x00, 0x00, 0x2d, 0x00, 0x00, 0x00,
  0x2d, 0x05, 0x00, 0x00, 0x00, 0x00, 0x00, 0x00, 0x74, 0x02, 0x00, 0x00,
  0x00, 0x00, 0x00, 0x00, 0x0a, 0x00, 0x00, 0x00, 0x2d, 0x00, 0x00, 0x00,
  0x98, 0x02, 0x00, 0x00, 0x00, 0x00, 0x00, 0x00, 0x89, 0x02, 0x00, 0x00,
  0x00, 0x00, 0x00, 0x00, 0x0a, 0x00, 0x00, 0x00, 0x2d, 0x00, 0x00, 0x00,
  0x6f, 0x06, 0x00, 0x00, 0x00, 0x00, 0x00, 0x00, 0x9e, 0x02, 0x00, 0x00,
  0x00, 0x00, 0x00, 0x00, 0x0a, 0x00, 0x00, 0x00, 0x2d, 0x00, 0x00, 0x00,
  0x45, 0x03, 0x00, 0x00, 0x00, 0x00, 0x00, 0x00, 0xb3, 0x02, 0x00, 0x00,
  0x00, 0x00, 0x00, 0x00, 0x0a, 0x00, 0x00, 0x00, 0x2d, 0x00, 0x00, 0x00,
  0x9b, 0x00, 0x00, 0x00, 0x00, 0x00, 0x00, 0x00, 0xc8, 0x02, 0x00, 0x00,
  0x00, 0x00, 0x00, 0x00, 0x0a, 0x00, 0x00, 0x00, 0x2d, 0x00, 0x00, 0x00,
  0x42, 0x01, 0x00, 0x00, 0x00, 0x00, 0x00, 0x00, 0xdd, 0x02, 0x00, 0x00,
  0x00, 0x00, 0x00, 0x00, 0x0a, 0x00, 0x00, 0x00, 0x2d, 0x00, 0x00, 0x00,
  0xa8, 0x02, 0x00, 0x00, 0x00, 0x00, 0x00, 0x00, 0xf2, 0x02, 0x00, 0x00,
  0x00, 0x00, 0x00, 0x00, 0x0a, 0x00, 0x00, 0x00, 0x2d, 0x00, 0x00, 0x00,
  0x53, 0x03, 0x00, 0x00, 0x00, 0x00, 0x00, 0x00, 0x07, 0x03, 0x00, 0x00,
  0x00, 0x00, 0x00, 0x00, 0x0a, 0x00, 0x00, 0x00, 0x2d, 0x00, 0x00, 0x00,
  0x06, 0x03, 0x00, 0x00, 0x00, 0x00, 0x00, 0x00, 0x1c, 0x03, 0x00, 0x00,
  0x00, 0x00, 0x00, 0x00, 0x0a, 0x00, 0x00, 0x00, 0x2d, 0x00, 0x00, 0x00,
  0xa9, 0x00, 0x00, 0x00, 0x00, 0x00, 0x00, 0x00, 0x31, 0x03, 0x00, 0x00,
  0x00, 0x00, 0x00, 0x00, 0x0a, 0x00, 0x00, 0x00, 0x2d, 0x00, 0x00, 0x00,
  0x34, 0x00, 0x00, 0x00, 0x00, 0x00, 0x00, 0x00, 0x46, 0x03, 0x00, 0x00,
  0x00, 0x00, 0x00, 0x00, 0x0a, 0x00, 0x00, 0x00, 0x2d, 0x00, 0x00, 0x00,
  0x11, 0x03, 0x00, 0x00, 0x00, 0x00, 0x00, 0x00, 0x5b, 0x03, 0x00, 0x00,
  0x00, 0x00, 0x00, 0x00, 0x0a, 0x00, 0x00, 0x00, 0x2d, 0x00, 0x00, 0x00,
  0x91, 0x05, 0x00, 0x00, 0x00, 0x00, 0x00, 0x00, 0x70, 0x03, 0x00, 0x00,
  0x00, 0x00, 0x00, 0x00, 0x0a, 0x00, 0x00, 0x00, 0x2d, 0x00, 0x00, 0x00,
  0x91, 0x05, 0x00, 0x00, 0x00, 0x00, 0x00, 0x00, 0x85, 0x03, 0x00, 0x00,
  0x00, 0x00, 0x00, 0x00, 0x0a, 0x00, 0x00, 0x00, 0x2d, 0x00, 0x00, 0x00,
  0xcb, 0x02, 0x00, 0x00, 0x00, 0x00, 0x00, 0x00, 0x9a, 0x03, 0x00, 0x00,
  0x00, 0x00, 0x00, 0x00, 0x0a, 0x00, 0x00, 0x00, 0x2d, 0x00, 0x00, 0x00,
  0x96, 0x04, 0x00, 0x00, 0x00, 0x00, 0x00, 0x00, 0xaf, 0x03, 0x00, 0x00,
  0x00, 0x00, 0x00, 0x00, 0x0a, 0x00, 0x00, 0x00, 0x2d, 0x00, 0x00, 0x00,
  0xa6, 0x04, 0x00, 0x00, 0x00, 0x00, 0x00, 0x00, 0xc4, 0x03, 0x00, 0x00,
  0x00, 0x00, 0x00, 0x00, 0x0a, 0x00, 0x00, 0x00, 0x2d, 0x00, 0x00, 0x00,
  0xa1, 0x06, 0x00, 0x00, 0x00, 0x00, 0x00, 0x00, 0xd9, 0x03, 0x00, 0x00,
  0x00, 0x00, 0x00, 0x00, 0x0a, 0x00, 0x00, 0x00, 0x2d, 0x00, 0x00, 0x00,
  0x57, 0x00, 0x00, 0x00, 0x00, 0x00, 0x00, 0x00, 0xee, 0x03, 0x00, 0x00,
  0x00, 0x00, 0x00, 0x00, 0x0a, 0x00, 0x00, 0x00, 0x2d, 0x00, 0x00, 0x00,
  0xae, 0x06, 0x00, 0x00, 0x00, 0x00, 0x00, 0x00, 0x03, 0x04, 0x00, 0x00,
  0x00, 0x00, 0x00, 0x00, 0x0a, 0x00, 0x00, 0x00, 0x2d, 0x00, 0x00, 0x00,
  0xb0, 0x00, 0x00, 0x00, 0x00, 0x00, 0x00, 0x00, 0x18, 0x04, 0x00, 0x00,
  0x00, 0x00, 0x00, 0x00, 0x0a, 0x00, 0x00, 0x00, 0x2d, 0x00, 0x00, 0x00,
  0xca, 0x03, 0x00, 0x00, 0x00, 0x00, 0x00, 0x00, 0x2d, 0x04, 0x00, 0x00,
  0x00, 0x00, 0x00, 0x00, 0x0a, 0x00, 0x00, 0x00, 0x2d, 0x00, 0x00, 0x00,
  0x1c, 0x03, 0x00, 0x00, 0x00, 0x00, 0x00, 0x00, 0x42, 0x04, 0x00, 0x00,
  0x00, 0x00, 0x00, 0x00, 0x0a, 0x00, 0x00, 0x00, 0x2d, 0x00, 0x00, 0x00,
  0x1a, 0x04, 0x00, 0x00, 0x00, 0x00, 0x00, 0x00, 0x57, 0x04, 0x00, 0x00,
  0x00, 0x00, 0x00, 0x00, 0x0a, 0x00, 0x00, 0x00, 0x2d, 0x00, 0x00, 0x00,
  0xda, 0x01, 0x00, 0x00, 0x00, 0x00, 0x00, 0x00, 0x6c, 0x04, 0x00, 0x00,
  0x00, 0x00, 0x00, 0x00, 0x0a, 0x00, 0x00, 0x00, 0x2d, 0x00, 0x00, 0x00,
  0xd4, 0x06, 0x00, 0x00, 0x00, 0x00, 0x00, 0x00, 0x81, 0x04, 0x00, 0x00,
  0x00, 0x00, 0x00, 0x00, 0x0a, 0x00, 0x00, 0x00, 0x2d, 0x00, 0x00, 0x00,
  0x54, 0x04, 0x00, 0x00, 0x00, 0x00, 0x00, 0x00, 0x96, 0x04, 0x00, 0x00,
  0x00, 0x00, 0x00, 0x00, 0x0a, 0x00, 0x00, 0x00, 0x2d, 0x00, 0x00, 0x00,
  0xc1, 0x00, 0x00, 0x00, 0x00, 0x00, 0x00, 0x00, 0xab, 0x04, 0x00, 0x00,
  0x00, 0x00, 0x00, 0x00, 0x0a, 0x00, 0x00, 0x00, 0x2d, 0x00, 0x00, 0x00,
  0xd0, 0x03, 0x00, 0x00, 0x00, 0x00, 0x00, 0x00, 0xc0, 0x04, 0x00, 0x00,
  0x00, 0x00, 0x00, 0x00, 0x0a, 0x00, 0x00, 0x00, 0x2d, 0x00, 0x00, 0x00,
  0x4d, 0x01, 0x00, 0x00, 0x00, 0x00, 0x00, 0x00, 0xd5, 0x04, 0x00, 0x00,
  0x00, 0x00, 0x00, 0x00, 0x0a, 0x00, 0x00, 0x00, 0x2d, 0x00, 0x00, 0x00,
  0xf9, 0x03, 0x00, 0x00, 0x00, 0x00, 0x00, 0x00, 0xea, 0x04, 0x00, 0x00,
  0x00, 0x00, 0x00, 0x00, 0x0a, 0x00, 0x00, 0x00, 0x2d, 0x00, 0x00, 0x00,
  0x6b, 0x02, 0x00, 0x00, 0x00, 0x00, 0x00, 0x00, 0xff, 0x04, 0x00, 0x00,
  0x00, 0x00, 0x00, 0x00, 0x0a, 0x00, 0x00, 0x00, 0x2d, 0x00, 0x00, 0x00,
  0xa5, 0x05, 0x00, 0x00, 0x00, 0x00, 0x00, 0x00, 0x14, 0x05, 0x00, 0x00,
  0x00, 0x00, 0x00, 0x00, 0x0a, 0x00, 0x00, 0x00, 0x2d, 0x00, 0x00, 0x00,
  0xb0, 0x01, 0x00, 0x00, 0x00, 0x00, 0x00, 0x00, 0x29, 0x05, 0x00, 0x00,
  0x00, 0x00, 0x00, 0x00, 0x0a, 0x00, 0x00, 0x00, 0x2d, 0x00, 0x00, 0x00,
  0x5c, 0x03, 0x00, 0x00, 0x00, 0x00, 0x00, 0x00, 0x3e, 0x05, 0x00, 0x00,
  0x00, 0x00, 0x00, 0x00, 0x0a, 0x00, 0x00, 0x00, 0x2d, 0x00, 0x00, 0x00,
  0xf4, 0x01, 0x00, 0x00, 0x00, 0x00, 0x00, 0x00, 0x53, 0x05, 0x00, 0x00,
  0x00, 0x00, 0x00, 0x00, 0x0a, 0x00, 0x00, 0x00, 0x2d, 0x00, 0x00, 0x00,
  0x09, 0x00, 0x00, 0x00, 0x00, 0x00, 0x00, 0x00, 0x68, 0x05, 0x00, 0x00,
  0x00, 0x00, 0x00, 0x00, 0x0a, 0x00, 0x00, 0x00, 0x2d, 0x00, 0x00, 0x00,
  0xfd, 0x05, 0x00, 0x00, 0x00, 0x00, 0x00, 0x00, 0x7d, 0x05, 0x00, 0x00,
  0x00, 0x00, 0x00, 0x00, 0x0a, 0x00, 0x00, 0x00, 0x2d, 0x00, 0x00, 0x00,
  0xbe, 0x06, 0x00, 0x00, 0x00, 0x00, 0x00, 0x00, 0x92, 0x05, 0x00, 0x00,
  0x00, 0x00, 0x00, 0x00, 0x0a, 0x00, 0x00, 0x00, 0x2d, 0x00, 0x00, 0x00,
  0x35, 0x05, 0x00, 0x00, 0x00, 0x00, 0x00, 0x00, 0xa7, 0x05, 0x00, 0x00,
  0x00, 0x00, 0x00, 0x00, 0x0a, 0x00, 0x00, 0x00, 0x2d, 0x00, 0x00, 0x00,
  0xce, 0x00, 0x00, 0x00, 0x00, 0x00, 0x00, 0x00, 0xbc, 0x05, 0x00, 0x00,
  0x00, 0x00, 0x00, 0x00, 0x0a, 0x00, 0x00, 0x00, 0x2d, 0x00, 0x00, 0x00,
  0x10, 0x00, 0x00, 0x00, 0x00, 0x00, 0x00, 0x00, 0xd1, 0x05, 0x00, 0x00,
  0x00, 0x00, 0x00, 0x00, 0x0a, 0x00, 0x00, 0x00, 0x2d, 0x00, 0x00, 0x00,
  0xb7, 0x05, 0x00, 0x00, 0x00, 0x00, 0x00, 0x00, 0xe6, 0x05, 0x00, 0x00,
  0x00, 0x00, 0x00, 0x00, 0x0a, 0x00, 0x00, 0x00, 0x2d, 0x00, 0x00, 0x00,
  0x6a, 0x00, 0x00, 0x00, 0x00, 0x00, 0x00, 0x00, 0xfb, 0x05, 0x00, 0x00,
  0x00, 0x00, 0x00, 0x00, 0x0a, 0x00, 0x00, 0x00, 0x2d, 0x00, 0x00, 0x00,
  0xe1, 0x03, 0x00, 0x00, 0x00, 0x00, 0x00, 0x00, 0x10, 0x06, 0x00, 0x00,
  0x00, 0x00, 0x00, 0x00, 0x0a, 0x00, 0x00, 0x00, 0x2d, 0x00, 0x00, 0x00,
  0xfa, 0x01, 0x00, 0x00, 0x00, 0x00, 0x00, 0x00, 0x25, 0x06, 0x00, 0x00,
  0x00, 0x00, 0x00, 0x00, 0x0a, 0x00, 0x00, 0x00, 0x2d, 0x00, 0x00, 0x00,
  0x07, 0x04, 0x00, 0x00, 0x00, 0x00, 0x00, 0x00, 0x3a, 0x06, 0x00, 0x00,
  0x00, 0x00, 0x00, 0x00, 0x0a, 0x00, 0x00, 0x00, 0x2d, 0x00, 0x00, 0x00,
  0x77, 0x06, 0x00, 0x00, 0x00, 0x00, 0x00, 0x00, 0x4f, 0x06, 0x00, 0x00,
  0x00, 0x00, 0x00, 0x00, 0x0a, 0x00, 0x00, 0x00, 0x2d, 0x00, 0x00, 0x00,
  0x72, 0x02, 0x00, 0x00, 0x00, 0x00, 0x00, 0x00, 0x64, 0x06, 0x00, 0x00,
  0x00, 0x00, 0x00, 0x00, 0x0a, 0x00, 0x00, 0x00, 0x2d, 0x00, 0x00, 0x00,
  0xd9, 0x04, 0x00, 0x00, 0x00, 0x00, 0x00, 0x00, 0x79, 0x06, 0x00, 0x00,
  0x00, 0x00, 0x00, 0x00, 0x0a, 0x00, 0x00, 0x00, 0x2d, 0x00, 0x00, 0x00,
  0x64, 0x05, 0x00, 0x00, 0x00, 0x00, 0x00, 0x00, 0x8e, 0x06, 0x00, 0x00,
  0x00, 0x00, 0x00, 0x00, 0x0a, 0x00, 0x00, 0x00, 0x2d, 0x00, 0x00, 0x00,
  0x72, 0x05, 0x00, 0x00, 0x00, 0x00, 0x00, 0x00, 0xa3, 0x06, 0x00, 0x00,
  0x00, 0x00, 0x00, 0x00, 0x0a, 0x00, 0x00, 0x00, 0x2d, 0x00, 0x00, 0x00,
  0xc7, 0x06, 0x00, 0x00, 0x00, 0x00, 0x00, 0x00, 0xb8, 0x06, 0x00, 0x00,
  0x00, 0x00, 0x00, 0x00, 0x0a, 0x00, 0x00, 0x00, 0x2d, 0x00, 0x00, 0x00,
  0x09, 0x06, 0x00, 0x00, 0x00, 0x00, 0x00, 0x00, 0xcd, 0x06, 0x00, 0x00,
  0x00, 0x00, 0x00, 0x00, 0x0a, 0x00, 0x00, 0x00, 0x2d, 0x00, 0x00, 0x00,
  0xb1, 0x04, 0x00, 0x00, 0x00, 0x00, 0x00, 0x00, 0xe2, 0x06, 0x00, 0x00,
  0x00, 0x00, 0x00, 0x00, 0x0a, 0x00, 0x00, 0x00, 0x2d, 0x00, 0x00, 0x00,
  0x68, 0x04, 0x00, 0x00, 0x00, 0x00, 0x00, 0x00, 0xf7, 0x06, 0x00, 0x00,
  0x00, 0x00, 0x00, 0x00, 0x0a, 0x00, 0x00, 0x00, 0x2d, 0x00, 0x00, 0x00,
  0x1b, 0x07, 0x00, 0x00, 0x00, 0x00, 0x00, 0x00, 0x0c, 0x07, 0x00, 0x00,
  0x00, 0x00, 0x00, 0x00, 0x0a, 0x00, 0x00, 0x00, 0x2d, 0x00, 0x00, 0x00,
  0x81, 0x02, 0x00, 0x00, 0x00, 0x00, 0x00, 0x00, 0x21, 0x07, 0x00, 0x00,
  0x00, 0x00, 0x00, 0x00, 0x0a, 0x00, 0x00, 0x00, 0x2d, 0x00, 0x00, 0x00,
  0xc0, 0x01, 0x00, 0x00, 0x00, 0x00, 0x00, 0x00, 0x36, 0x07, 0x00, 0x00,
  0x00, 0x00, 0x00, 0x00, 0x0a, 0x00, 0x00, 0x00, 0x2d, 0x00, 0x00, 0x00,
  0x1b, 0x00, 0x00, 0x00, 0x00, 0x00, 0x00, 0x00, 0x4b, 0x07, 0x00, 0x00,
  0x00, 0x00, 0x00, 0x00, 0x0a, 0x00, 0x00, 0x00, 0x2d, 0x00, 0x00, 0x00,
  0x82, 0x05, 0x00, 0x00, 0x00, 0x00, 0x00, 0x00, 0x60, 0x07, 0x00, 0x00,
  0x00, 0x00, 0x00, 0x00, 0x0a, 0x00, 0x00, 0x00, 0x2d, 0x00, 0x00, 0x00,
  0x1b, 0x00, 0x00, 0x00, 0x00, 0x00, 0x00, 0x00, 0x75, 0x07, 0x00, 0x00,
  0x00, 0x00, 0x00, 0x00, 0x0a, 0x00, 0x00, 0x00, 0x2d, 0x00, 0x00, 0x00,
  0x24, 0x04, 0x00, 0x00, 0x00, 0x00, 0x00, 0x00, 0x8a, 0x07, 0x00, 0x00,
  0x00, 0x00, 0x00, 0x00, 0x0a, 0x00, 0x00, 0x00, 0x2d, 0x00, 0x00, 0x00,
  0x39, 0x04, 0x00, 0x00, 0x00, 0x00, 0x00, 0x00, 0x9f, 0x07, 0x00, 0x00,
  0x00, 0x00, 0x00, 0x00, 0x0a, 0x00, 0x00, 0x00, 0x2d, 0x00, 0x00, 0x00,
  0xbe, 0x04, 0x00, 0x00, 0x00, 0x00, 0x00, 0x00, 0xb4, 0x07, 0x00, 0x00,
  0x00, 0x00, 0x00, 0x00, 0x0a, 0x00, 0x00, 0x00, 0x2d, 0x00, 0x00, 0x00,
  0x12, 0x06, 0x00, 0x00, 0x00, 0x00, 0x00, 0x00, 0xc9, 0x07, 0x00, 0x00,
  0x00, 0x00, 0x00, 0x00, 0x0a, 0x00, 0x00, 0x00, 0x2d, 0x00, 0x00, 0x00,
  0x06, 0x02, 0x00, 0x00, 0x00, 0x00, 0x00, 0x00, 0xde, 0x07, 0x00, 0x00,
  0x00, 0x00, 0x00, 0x00, 0x0a, 0x00, 0x00, 0x00, 0x2d, 0x00, 0x00, 0x00,
  0x3c, 0x00, 0x00, 0x00, 0x00, 0x00, 0x00, 0x00, 0xf3, 0x07, 0x00, 0x00,
  0x00, 0x00, 0x00, 0x00, 0x0a, 0x00, 0x00, 0x00, 0x2d, 0x00, 0x00, 0x00,
  0x87, 0x06, 0x00, 0x00, 0x00, 0x00, 0x00, 0x00, 0x08, 0x08, 0x00, 0x00,
  0x00, 0x00, 0x00, 0x00, 0x0a, 0x00, 0x00, 0x00, 0x2d, 0x00, 0x00, 0x00,
  0x22, 0x06, 0x00, 0x00, 0x00, 0x00, 0x00, 0x00, 0x1d, 0x08, 0x00, 0x00,
  0x00, 0x00, 0x00, 0x00, 0x0a, 0x00, 0x00, 0x00, 0x2d, 0x00, 0x00, 0x00,
  0xe9, 0x03, 0x00, 0x00, 0x00, 0x00, 0x00, 0x00, 0x32, 0x08, 0x00, 0x00,
  0x00, 0x00, 0x00, 0x00, 0x0a, 0x00, 0x00, 0x00, 0x2d, 0x00, 0x00, 0x00,
  0xe9, 0x03, 0x00, 0x00, 0x00, 0x00, 0x00, 0x00, 0x47, 0x08, 0x00, 0x00,
  0x00, 0x00, 0x00, 0x00, 0x0a, 0x00, 0x00, 0x00, 0x2d, 0x00, 0x00, 0x00,
  0xf2, 0x03, 0x00, 0x00, 0x00, 0x00, 0x00, 0x00, 0x5c, 0x08, 0x00, 0x00,
  0x00, 0x00, 0x00, 0x00, 0x0a, 0x00, 0x00, 0x00, 0x2d, 0x00, 0x00, 0x00,
  0x53, 0x01, 0x00, 0x00, 0x00, 0x00, 0x00, 0x00, 0x71, 0x08, 0x00, 0x00,
  0x00, 0x00, 0x00, 0x00, 0x0a, 0x00, 0x00, 0x00, 0x2d, 0x00, 0x00, 0x00,
  0x78, 0x00, 0x00, 0x00, 0x00, 0x00, 0x00, 0x00, 0x86, 0x08, 0x00, 0x00,
  0x00, 0x00, 0x00, 0x00, 0x0a, 0x00, 0x00, 0x00, 0x2d, 0x00, 0x00, 0x00,
  0x1a, 0x04, 0x00, 0x00, 0x00, 0x00, 0x00, 0x00, 0x9b, 0x08, 0x00, 0x00,
  0x00, 0x00, 0x00, 0x00, 0x0a, 0x00, 0x00, 0x00, 0x2d, 0x00, 0x00, 0x00,
  0x97, 0x05, 0x00, 0x00, 0x00, 0x00, 0x00, 0x00, 0xb0, 0x08, 0x00, 0x00,
  0x00, 0x00, 0x00, 0x00, 0x0a, 0x00, 0x00, 0x00, 0x2d, 0x00, 0x00, 0x00,
  0x24, 0x02, 0x00, 0x00, 0x00, 0x00, 0x00, 0x00, 0xc5, 0x08, 0x00, 0x00,
  0x00, 0x00, 0x00, 0x00, 0x0a, 0x00, 0x00, 0x00, 0x2d, 0x00, 0x00, 0x00,
  0xd5, 0x00, 0x00, 0x00, 0x00, 0x00, 0x00, 0x00, 0xda, 0x08, 0x00, 0x00,
  0x00, 0x00, 0x00, 0x00, 0x0a, 0x00, 0x00, 0x00, 0x2d, 0x00, 0x00, 0x00,
  0xec, 0x01, 0x00, 0x00, 0x00, 0x00, 0x00, 0x00, 0xef, 0x08, 0x00, 0x00,
  0x00, 0x00, 0x00, 0x00, 0x0a, 0x00, 0x00, 0x00, 0x2d, 0x00, 0x00, 0x00,
  0x96, 0x04, 0x00, 0x00, 0x00, 0x00, 0x00, 0x00, 0x04, 0x09, 0x00, 0x00,
  0x00, 0x00, 0x00, 0x00, 0x0a, 0x00, 0x00, 0x00, 0x2d, 0x00, 0x00, 0x00,
  0xd4, 0x02, 0x00, 0x00, 0x00, 0x00, 0x00, 0x00, 0x19, 0x09, 0x00, 0x00,
  0x00, 0x00, 0x00, 0x00, 0x0a, 0x00, 0x00, 0x00, 0x2d, 0x00, 0x00, 0x00,
  0x5e, 0x01, 0x00, 0x00, 0x00, 0x00, 0x00, 0x00, 0x2e, 0x09, 0x00, 0x00,
  0x00, 0x00, 0x00, 0x00, 0x0a, 0x00, 0x00, 0x00, 0x2d, 0x00, 0x00, 0x00,
  0xc6, 0x01, 0x00, 0x00, 0x00, 0x00, 0x00, 0x00, 0x43, 0x09, 0x00, 0x00,
  0x00, 0x00, 0x00, 0x00, 0x0a, 0x00, 0x00, 0x00, 0x2d, 0x00, 0x00, 0x00,
  0x30, 0x02, 0x00, 0x00, 0x00, 0x00, 0x00, 0x00, 0x58, 0x09, 0x00, 0x00,
  0x00, 0x00, 0x00, 0x00, 0x0a, 0x00, 0x00, 0x00, 0x2d, 0x00, 0x00, 0x00,
  0x33, 0x06, 0x00, 0x00, 0x00, 0x00, 0x00, 0x00, 0x6d, 0x09, 0x00, 0x00,
  0x00, 0x00, 0x00, 0x00, 0x0a, 0x00, 0x00, 0x00, 0x2d, 0x00, 0x00, 0x00,
  0x88, 0x00, 0x00, 0x00, 0x00, 0x00, 0x00, 0x00, 0x82, 0x09, 0x00, 0x00,
  0x00, 0x00, 0x00, 0x00, 0x0a, 0x00, 0x00, 0x00, 0x2d, 0x00, 0x00, 0x00,
  0xdf, 0x02, 0x00, 0x00, 0x00, 0x00, 0x00, 0x00, 0x97, 0x09, 0x00, 0x00,
  0x00, 0x00, 0x00, 0x00, 0x0a, 0x00, 0x00, 0x00, 0x2d, 0x00, 0x00, 0x00,
  0x44, 0x04, 0x00, 0x00, 0x00, 0x00, 0x00, 0x00, 0xac, 0x09, 0x00, 0x00,
  0x00, 0x00, 0x00, 0x00, 0x0a, 0x00, 0x00, 0x00, 0x2d, 0x00, 0x00, 0x00,
  0xe3, 0x06, 0x00, 0x00, 0x00, 0x00, 0x00, 0x00, 0xc1, 0x09, 0x00, 0x00,
  0x00, 0x00, 0x00, 0x00, 0x0a, 0x00, 0x00, 0x00, 0x2d, 0x00, 0x00, 0x00,
  0x24, 0x00, 0x00, 0x00, 0x00, 0x00, 0x00, 0x00, 0xd6, 0x09, 0x00, 0x00,
  0x00, 0x00, 0x00, 0x00, 0x0a, 0x00, 0x00, 0x00, 0x2d, 0x00, 0x00, 0x00,
  0xee, 0x02, 0x00, 0x00, 0x00, 0x00, 0x00, 0x00, 0xeb, 0x09, 0x00, 0x00,
  0x00, 0x00, 0x00, 0x00, 0x0a, 0x00, 0x00, 0x00, 0x2d, 0x00, 0x00, 0x00,
  0x5b, 0x04, 0x00, 0x00, 0x00, 0x00, 0x00, 0x00, 0x00, 0x0a, 0x00, 0x00,
  0x00, 0x00, 0x00, 0x00, 0x0a, 0x00, 0x00, 0x00, 0x2d, 0x00, 0x00, 0x00,
  0x92, 0x00, 0x00, 0x00, 0x00, 0x00, 0x00, 0x00, 0x15, 0x0a, 0x00, 0x00,
  0x00, 0x00, 0x00, 0x00, 0x0a, 0x00, 0x00, 0x00, 0x2d, 0x00, 0x00, 0x00,
  0x37, 0x02, 0x00, 0x00, 0x00, 0x00, 0x00, 0x00, 0x2a, 0x0a, 0x00, 0x00,
  0x00, 0x00, 0x00, 0x00, 0x0a, 0x00, 0x00, 0x00, 0x2d, 0x00, 0x00, 0x00,
  0x70, 0x04, 0x00, 0x00, 0x00, 0x00, 0x00, 0x00, 0x3f, 0x0a, 0x00, 0x00,
  0x00, 0x00, 0x00, 0x00, 0x0a, 0x00, 0x00, 0x00, 0x2d, 0x00, 0x00, 0x00,
  0xd0, 0x01, 0x00, 0x00, 0x00, 0x00, 0x00, 0x00, 0x54, 0x0a, 0x00, 0x00,
  0x00, 0x00, 0x00, 0x00, 0x0a, 0x00, 0x00, 0x00, 0x2d, 0x00, 0x00, 0x00,
  0x6b, 0x03, 0x00, 0x00, 0x00, 0x00, 0x00, 0x00, 0x69, 0x0a, 0x00, 0x00,
  0x00, 0x00, 0x00, 0x00, 0x0a, 0x00, 0x00, 0x00, 0x2d, 0x00, 0x00, 0x00,
  0xfd, 0x02, 0x00, 0x00, 0x00, 0x00, 0x00, 0x00, 0x7e, 0x0a, 0x00, 0x00,
  0x00, 0x00, 0x00, 0x00, 0x0a, 0x00, 0x00, 0x00, 0x2d, 0x00, 0x00, 0x00,
  0xea, 0x06, 0x00, 0x00, 0x00, 0x00, 0x00, 0x00, 0x93, 0x0a, 0x00, 0x00,
  0x00, 0x00, 0x00, 0x00, 0x0a, 0x00, 0x00, 0x00, 0x2d, 0x00, 0x00, 0x00,
  0x2e, 0x00, 0x00, 0x00, 0x00, 0x00, 0x00, 0x00, 0xa8, 0x0a, 0x00, 0x00,
  0x00, 0x00, 0x00, 0x00, 0x0a, 0x00, 0x00, 0x00, 0x2d, 0x00, 0x00, 0x00,
  0xe1, 0x00, 0x00, 0x00, 0x00, 0x00, 0x00, 0x00, 0xbd, 0x0a, 0x00, 0x00,
  0x00, 0x00, 0x00, 0x00, 0x0a, 0x00, 0x00, 0x00, 0x2d, 0x00, 0x00, 0x00,
  0x3d, 0x05, 0x00, 0x00, 0x00, 0x00, 0x00, 0x00, 0xd2, 0x0a, 0x00, 0x00,
  0x00, 0x00, 0x00, 0x00, 0x0a, 0x00, 0x00, 0x00, 0x2d, 0x00, 0x00, 0x00,
  0x3e, 0x02, 0x00, 0x00, 0x00, 0x00, 0x00, 0x00, 0xe7, 0x0a, 0x00, 0x00,
  0x00, 0x00, 0x00, 0x00, 0x0a, 0x00, 0x00, 0x00, 0x2d, 0x00, 0x00, 0x00,
  0x7a, 0x03, 0x00, 0x00, 0x00, 0x00, 0x00, 0x00, 0xfc, 0x0a, 0x00, 0x00,
  0x00, 0x00, 0x00, 0x00, 0x0a, 0x00, 0x00, 0x00, 0x2d, 0x00, 0x00, 0x00,
  0x23, 0x03, 0x00, 0x00, 0x00, 0x00, 0x00, 0x00, 0x11, 0x0b, 0x00, 0x00,
  0x00, 0x00, 0x00, 0x00, 0x0a, 0x00, 0x00, 0x00, 0x2d, 0x00, 0x00, 0x00,
  0xcc, 0x04, 0x00, 0x00, 0x00, 0x00, 0x00, 0x00, 0x26, 0x0b, 0x00, 0x00,
  0x00, 0x00, 0x00, 0x00, 0x0a, 0x00, 0x00, 0x00, 0x2d, 0x00, 0x00, 0x00,
  0x30, 0x07, 0x00, 0x00, 0x00, 0x00, 0x00, 0x00, 0x5d, 0x0b, 0x00, 0x00,
  0x00, 0x00, 0x00, 0x00, 0x0a, 0x00, 0x00, 0x00, 0x2d, 0x00, 0x00, 0x00,
  0x3e, 0x06, 0x00, 0x00, 0x00, 0x00, 0x00, 0x00, 0x61, 0x0b, 0x00, 0x00,
  0x00, 0x00, 0x00, 0x00, 0x0a, 0x00, 0x00, 0x00, 0x2d, 0x00, 0x00, 0x00,
  0x7c, 0x01, 0x00, 0x00, 0x00, 0x00, 0x00, 0x00, 0x65, 0x0b, 0x00, 0x00,
  0x00, 0x00, 0x00, 0x00, 0x0a, 0x00, 0x00, 0x00, 0x2d, 0x00, 0x00, 0x00,
  0xe7, 0x05, 0x00, 0x00, 0x00, 0x00, 0x00, 0x00, 0x69, 0x0b, 0x00, 0x00,
  0x00, 0x00, 0x00, 0x00, 0x0a, 0x00, 0x00, 0x00, 0x2d, 0x00, 0x00, 0x00,
  0xb1, 0x02, 0x00, 0x00, 0x00, 0x00, 0x00, 0x00, 0x75, 0x0b, 0x00, 0x00,
  0x00, 0x00, 0x00, 0x00, 0x0a, 0x00, 0x00, 0x00, 0x2d, 0x00, 0x00, 0x00,
  0x7e, 0x04, 0x00, 0x00, 0x00, 0x00, 0x00, 0x00, 0x8a, 0x0b, 0x00, 0x00,
  0x00, 0x00, 0x00, 0x00, 0x0a, 0x00, 0x00, 0x00, 0x2d, 0x00, 0x00, 0x00,
  0x8d, 0x02, 0x00, 0x00, 0x00, 0x00, 0x00, 0x00, 0x9f, 0x0b, 0x00, 0x00,
  0x00, 0x00, 0x00, 0x00, 0x0a, 0x00, 0x00, 0x00, 0x2d, 0x00, 0x00, 0x00,
  0x8d, 0x02, 0x00, 0x00, 0x00, 0x00, 0x00, 0x00, 0xb4, 0x0b, 0x00, 0x00,
  0x00, 0x00, 0x00, 0x00, 0x0a, 0x00, 0x00, 0x00, 0x2d, 0x00, 0x00, 0x00,
  0xe1, 0x00, 0x00, 0x00, 0x00, 0x00, 0x00, 0x00, 0x70, 0x72, 0x69, 0x6e,
  0x74, 0x6b, 0x2e, 0x68, 0x00, 0x77, 0x61, 0x69, 0x74, 0x2e, 0x68, 0x00,
  0x72, 0x63, 0x75, 0x5f, 0x73, 0x79, 0x6e, 0x63, 0x2e, 0x68, 0x00, 0x73,
  0x69, 0x67, 0x6e, 0x61, 0x6c, 0x2e, 0x68, 0x00, 0x72, 0x77, 0x5f, 0x68,
  0x69, 0x6e, 0x74, 0x2e, 0x68, 0x00, 0x62, 0x75, 0x67, 0x2e, 0x68, 0x00,
  0x72, 0x77, 0x73, 0x65, 0x6d, 0x2e, 0x68, 0x00, 0x69, 0x6f, 0x63, 0x6f,
  0x6e, 0x74, 0x65, 0x78, 0x74, 0x2e, 0x68, 0x00, 0x75, 0x69, 0x64, 0x67,
  0x69, 0x64, 0x5f, 0x74, 0x79, 0x70, 0x65, 0x73, 0x2e, 0x68, 0x00, 0x70,
  0x67, 0x74, 0x61, 0x62, 0x6c, 0x65, 0x5f, 0x36, 0x34, 0x5f, 0x74, 0x79,
  0x70, 0x65, 0x73, 0x2e, 0x68, 0x00, 0x74, 0x68, 0x72, 0x65, 0x61, 0x64,
  0x5f, 0x69, 0x6e, 0x66, 0x6f, 0x2e, 0x68, 0x00, 0x6d, 0x6d, 0x5f, 0x74,
  0x79, 0x70, 0x65, 0x73, 0x5f, 0x74, 0x61, 0x73, 0x6b, 0x2e, 0x68, 0x00,
  0x6c, 0x6f, 0x63, 0x6b, 0x72, 0x65, 0x66, 0x2e, 0x68, 0x00, 0x6b, 0x65,
  0x72, 0x6e, 0x66, 0x73, 0x2e, 0x68, 0x00, 0x6d, 0x75, 0x74, 0x65, 0x78,
  0x5f, 0x74, 0x79, 0x70, 0x65, 0x73, 0x2e, 0x68, 0x00, 0x70, 0x61, 0x74,
  0x68, 0x2e, 0x68, 0x00, 0x70, 0x65, 0x72, 0x63, 0x70, 0x75, 0x5f, 0x63,
  0x6f, 0x75, 0x6e, 0x74, 0x65, 0x72, 0x2e, 0x68, 0x00, 0x63, 0x61, 0x70,
  0x61, 0x62, 0x69, 0x6c, 0x69, 0x74, 0x79, 0x2e, 0x68, 0x00, 0x73, 0x6c,
  0x61, 0x62, 0x2e, 0x68, 0x00, 0x70, 0x72, 0x6f, 0x63, 0x65, 0x73, 0x73,
  0x6f, 0x72, 0x2e, 0x68, 0x00, 0x65, 0x6c, 0x66, 0x2e, 0x68, 0x00, 0x2f,
  0x68, 0x6f, 0x6d, 0x65, 0x2f, 0x62, 0x65, 0x67, 0x61, 0x6e, 0x2f, 0x77,
  0x6f, 0x72, 0x6b, 0x73, 0x70, 0x61, 0x63, 0x65, 0x2f, 0x74, 0x68, 0x65,
  0x73, 0x69, 0x73, 0x2f, 0x69, 0x72, 0x6d, 0x2f, 0x72, 0x6f, 0x6f, 0x74,
  0x66, 0x73, 0x2f, 0x69, 0x72, 0x6d, 0x2f, 0x63, 0x2f, 0x69, 0x72, 0x6d,
  0x2d, 0x63, 0x2e, 0x63, 0x00, 0x2e, 0x2f, 0x61, 0x72, 0x63, 0x68, 0x2f,
  0x78, 0x38, 0x36, 0x2f, 0x69, 0x6e, 0x63, 0x6c, 0x75, 0x64, 0x65, 0x2f,
  0x61, 0x73, 0x6d, 0x2f, 0x66, 0x70, 0x75, 0x00, 0x6c, 0x69, 0x73, 0x74,
  0x5f, 0x62, 0x6c, 0x2e, 0x68, 0x00, 0x6f, 0x73, 0x71, 0x5f, 0x6c, 0x6f,
  0x63, 0x6b, 0x2e, 0x68, 0x00, 0x6b, 0x65, 0x79, 0x2e, 0x68, 0x00, 0x74,
  0x6c, 0x62, 0x62, 0x61, 0x74, 0x63, 0x68, 0x2e, 0x68, 0x00, 0x70, 0x74,
  0x72, 0x61, 0x63, 0x65, 0x2e, 0x68, 0x00, 0x72, 0x6f, 0x6f, 0x74, 0x66,
  0x73, 0x2f, 0x69, 0x72, 0x6d, 0x2f, 0x63, 0x2f, 0x69, 0x72, 0x6d, 0x2d,
  0x63, 0x2e, 0x63, 0x00, 0x2e, 0x2f, 0x69, 0x6e, 0x63, 0x6c, 0x75, 0x64,
  0x65, 0x2f, 0x75, 0x61, 0x70, 0x69, 0x2f, 0x61, 0x73, 0x6d, 0x2d, 0x67,
  0x65, 0x6e, 0x65, 0x72, 0x69, 0x63, 0x00, 0x72, 0x6f, 0x6f, 0x74, 0x66,
  0x73, 0x2f, 0x69, 0x72, 0x6d, 0x2f, 0x63, 0x2f, 0x69, 0x72, 0x6d, 0x2d,
  0x63, 0x2e, 0x6d, 0x6f, 0x64, 0x2e, 0x63, 0x00, 0x71, 0x72, 0x77, 0x6c,
  0x6f, 0x63, 0x6b, 0x5f, 0x74, 0x79, 0x70, 0x65, 0x73, 0x2e, 0x68, 0x00,
  0x73, 0x68, 0x6d, 0x2e, 0x68, 0x00, 0x72, 0x63, 0x75, 0x77, 0x61, 0x69,
  0x74, 0x2e, 0x68, 0x00, 0x65, 0x78, 0x74, 0x61, 0x62, 0x6c, 0x65, 0x2e,
  0x68, 0x00, 0x77, 0x6f, 0x72, 0x6b, 0x71, 0x75, 0x65, 0x75, 0x65, 0x5f,
  0x74, 0x79, 0x70, 0x65, 0x73, 0x2e, 0x68, 0x00, 0x73, 0x68, 0x73, 0x74,
  0x6b, 0x2e, 0x68, 0x00, 0x70, 0x69, 0x64, 0x2e, 0x68, 0x00, 0x73, 0x6d,
  0x70, 0x5f, 0x74, 0x79, 0x70, 0x65, 0x73, 0x2e, 0x68, 0x00, 0x73, 0x79,
  0x73, 0x63, 0x61, 0x6c, 0x6c, 0x5f, 0x75, 0x73, 0x65, 0x72, 0x5f, 0x64,
  0x69, 0x73, 0x70, 0x61, 0x74, 0x63, 0x68, 0x5f, 0x74, 0x79, 0x70, 0x65,
  0x73, 0x2e, 0x68, 0x00, 0x64, 0x65, 0x73, 0x63, 0x5f, 0x64, 0x65, 0x66,
  0x73, 0x2e, 0x68, 0x00, 0x75, 0x75, 0x69, 0x64, 0x2e, 0x68, 0x00, 0x6b,
  0x72, 0x65, 0x66, 0x2e, 0x68, 0x00, 0x73, 0x72, 0x63, 0x75, 0x74, 0x72,
  0x65, 0x65, 0x2e, 0x68, 0x00, 0x71, 0x73, 0x70, 0x69, 0x6e, 0x6c, 0x6f,
  0x63, 0x6b, 0x5f, 0x74, 0x79, 0x70, 0x65, 0x73, 0x2e, 0x68, 0x00, 0x73,
  0x65, 0x71, 0x6c, 0x6f, 0x63, 0x6b, 0x5f, 0x74, 0x79, 0x70, 0x65, 0x73,
  0x2e, 0x68, 0x00, 0x75, 0x73, 0x65, 0x72, 0x2e, 0x68, 0x00, 0x68, 0x72,
  0x74, 0x69, 0x6d, 0x65, 0x72, 0x5f, 0x64, 0x65, 0x66, 0x73, 0x2e, 0x68,
  0x00, 0x73, 0x65, 0x6d, 0x5f, 0x74, 0x79, 0x70, 0x65, 0x73, 0x2e, 0x68,
  0x00, 0x69, 0x6e, 0x74, 0x2d, 0x6c, 0x6c, 0x36, 0x34, 0x2e, 0x68, 0x00,
  0x6c, 0x6f, 0x63, 0x6b, 0x64, 0x65, 0x70, 0x5f, 0x74, 0x79, 0x70, 0x65,
  0x73, 0x2e, 0x68, 0x00, 0x70, 0x72, 0x6f, 0x6a, 0x69, 0x64, 0x2e, 0x68,
  0x00, 0x2e, 0x2f, 0x69, 0x6e, 0x63, 0x6c, 0x75, 0x64, 0x65, 0x2f, 0x75,
  0x61, 0x70, 0x69, 0x2f, 0x6c, 0x69, 0x6e, 0x75, 0x78, 0x00, 0x66, 0x73,
  0x2e, 0x68, 0x00, 0x78, 0x61, 0x72, 0x72, 0x61, 0x79, 0x2e, 0x68, 0x00,
  0x6d, 0x61, 0x74, 0x68, 0x5f, 0x65, 0x6d, 0x75, 0x2e, 0x68, 0x00, 0x64,
  0x65, 0x6c, 0x61, 0x79, 0x65, 0x64, 0x5f, 0x63, 0x61, 0x6c, 0x6c, 0x2e,
  0x68, 0x00, 0x6d, 0x69, 0x67, 0x72, 0x61, 0x74, 0x65, 0x5f, 0x6d, 0x6f,
  0x64, 0x65, 0x2e, 0x68, 0x00, 0x6d, 0x6f, 0x64, 0x75, 0x6c, 0x65, 0x2e,
  0x68, 0x00, 0x73, 0x68, 0x72, 0x69, 0x6e, 0x6b, 0x65, 0x72, 0x2e, 0x68,
  0x00, 0x66, 0x69, 0x6c, 0x65, 0x5f, 0x72, 0x65, 0x66, 0x2e, 0x68, 0x00,
  0x76, 0x64, 0x73, 0x6f, 0x2e, 0x68, 0x00, 0x77, 0x6f, 0x72, 0x6b, 0x71,
  0x75, 0x65, 0x75, 0x65, 0x2e, 0x68, 0x00, 0x2e, 0x2f, 0x69, 0x6e, 0x63,
  0x6c, 0x75, 0x64, 0x65, 0x2f, 0x6c, 0x69, 0x6e, 0x75, 0x78, 0x2f, 0x73,
  0x63, 0x68, 0x65, 0x64, 0x00, 0x61, 0x74, 0x6f, 0x6d, 0x69, 0x63, 0x2d,
  0x6c, 0x6f, 0x6e, 0x67, 0x2e, 0x68, 0x00, 0x74, 0x69, 0x6d, 0x65, 0x36,
  0x34, 0x2e, 0x68, 0x00, 0x72, 0x77, 0x6c, 0x6f, 0x63, 0x6b, 0x5f, 0x74,
  0x79, 0x70, 0x65, 0x73, 0x2e, 0x68, 0x00, 0x72, 0x62, 0x74, 0x72, 0x65,
  0x65, 0x5f, 0x6c, 0x61, 0x74, 0x63, 0x68, 0x2e, 0x68, 0x00, 0x72, 0x63,
  0x75, 0x5f, 0x73, 0x65, 0x67, 0x63, 0x62, 0x6c, 0x69, 0x73, 0x74, 0x2e,
  0x68, 0x00, 0x2e, 0x2f, 0x61, 0x72, 0x63, 0x68, 0x2f, 0x78, 0x38, 0x36,
  0x2f, 0x69, 0x6e, 0x63, 0x6c, 0x75, 0x64, 0x65, 0x2f, 0x61, 0x73, 0x6d,
  0x00, 0x2e, 0x2f, 0x69, 0x6e, 0x63, 0x6c, 0x75, 0x64, 0x65, 0x2f, 0x76,
  0x64, 0x73, 0x6f, 0x00, 0x73, 0x70, 0x69, 0x6e, 0x6c, 0x6f, 0x63, 0x6b,
  0x5f, 0x74, 0x79, 0x70, 0x65, 0x73, 0x2e, 0x68, 0x00, 0x64, 0x63, 0x61,
  0x63, 0x68, 0x65, 0x2e, 0x68, 0x00, 0x6d, 0x6d, 0x75, 0x2e, 0x68, 0x00,
  0x72, 0x65, 0x66, 0x63, 0x6f, 0x75, 0x6e, 0x74, 0x5f, 0x74, 0x79, 0x70,
  0x65, 0x73, 0x2e, 0x68, 0x00, 0x73, 0x63, 0x68, 0x65, 0x64, 0x2e, 0x68,
  0x00, 0x63, 0x6f, 0x6d, 0x70, 0x61, 0x74, 0x2e, 0x68, 0x00, 0x72, 0x73,
  0x65, 0x71, 0x2e, 0x68, 0x00, 0x61, 0x73, 0x73, 0x6f, 0x63, 0x5f, 0x61,
  0x72, 0x72, 0x61, 0x79, 0x2e, 0x68, 0x00, 0x74, 0x69, 0x6d, 0x65, 0x72,
  0x71, 0x75, 0x65, 0x75, 0x65, 0x5f, 0x74, 0x79, 0x70, 0x65, 0x73, 0x2e,
  0x68, 0x00, 0x75, 0x70, 0x72, 0x6f, 0x62, 0x65, 0x73, 0x2e, 0x68, 0x00,
  0x74, 0x61, 0x73, 0x6b, 0x5f, 0x69, 0x6f, 0x5f, 0x61, 0x63, 0x63, 0x6f,
  0x75, 0x6e, 0x74, 0x69, 0x6e, 0x67, 0x2e, 0x68, 0x00, 0x72, 0x65, 0x73,
  0x6f, 0x75, 0x72, 0x63, 0x65, 0x2e, 0x68, 0x00, 0x6d, 0x6e, 0x74, 0x5f,
  0x69, 0x64, 0x6d, 0x61, 0x70, 0x70, 0x69, 0x6e, 0x67, 0x2e, 0x68, 0x00,
  0x63, 0x72, 0x65, 0x64, 0x2e, 0x68, 0x00, 0x6b, 0x6f, 0x62, 0x6a, 0x65,
  0x63, 0x74, 0x5f, 0x6e, 0x73, 0x2e, 0x68, 0x00, 0x73, 0x77, 0x61, 0x69,
  0x74, 0x2e, 0x68, 0x00, 0x6d, 0x6f, 0x64, 0x75, 0x6c, 0x65, 0x70, 0x61,
  0x72, 0x61, 0x6d, 0x2e, 0x68, 0x00, 0x73, 0x63, 0x72, 0x69, 0x70, 0x74,
  0x73, 0x2f, 0x6d, 0x6f, 0x64, 0x75, 0x6c, 0x65, 0x2d, 0x63, 0x6f, 0x6d,
  0x6d, 0x6f, 0x6e, 0x2e, 0x63, 0x00, 0x74, 0x79, 0x70, 0x65, 0x73, 0x2e,
  0x68, 0x00, 0x73, 0x79, 0x73, 0x66, 0x73, 0x2e, 0x68, 0x00, 0x6d, 0x6d,
  0x5f, 0x74, 0x79, 0x70, 0x65, 0x73, 0x2e, 0x68, 0x00, 0x63, 0x6f, 0x6d,
  0x70, 0x6c, 0x65, 0x74, 0x69, 0x6f, 0x6e, 0x2e, 0x68, 0x00, 0x73, 0x69,
  0x67, 0x6e, 0x61, 0x6c, 0x2d, 0x64, 0x65, 0x66, 0x73, 0x2e, 0x68, 0x00,
  0x6a, 0x75, 0x6d, 0x70, 0x5f, 0x6c, 0x61, 0x62, 0x65, 0x6c, 0x2e, 0x68,
  0x00, 0x63, 0x70, 0x75, 0x6d, 0x61, 0x73, 0x6b, 0x5f, 0x74, 0x79, 0x70,
  0x65, 0x73, 0x2e, 0x68, 0x00, 0x2f, 0x68, 0x6f, 0x6d, 0x65, 0x2f, 0x62,
  0x65, 0x67, 0x61, 0x6e, 0x2f, 0x77, 0x6f, 0x72, 0x6b, 0x73, 0x70, 0x61,
  0x63, 0x65, 0x2f, 0x74, 0x68, 0x65, 0x73, 0x69, 0x73, 0x2f, 0x69, 0x72,
  0x6d, 0x2f, 0x72, 0x6f, 0x6f, 0x74, 0x66, 0x73, 0x2f, 0x69, 0x72, 0x6d,
  0x2f, 0x63, 0x2f, 0x69, 0x72, 0x6d, 0x2d, 0x63, 0x2e, 0x6d, 0x6f, 0x64,
  0x2e, 0x63, 0x00, 0x6b, 0x6f, 0x62, 0x6a, 0x65, 0x63, 0x74, 0x2e, 0x68,
  0x00, 0x6d, 0x6f, 0x75, 0x6e, 0x74, 0x2e, 0x68, 0x00, 0x6c, 0x6c, 0x69,
  0x73, 0x74, 0x2e, 0x68, 0x00, 0x74, 0x72, 0x61, 0x63, 0x65, 0x70, 0x6f,
  0x69, 0x6e, 0x74, 0x2d, 0x64, 0x65, 0x66, 0x73, 0x2e, 0x68, 0x00, 0x73,
  0x70, 0x69, 0x6e, 0x6c, 0x6f, 0x63, 0x6b, 0x5f, 0x74, 0x79, 0x70, 0x65,
  0x73, 0x5f, 0x72, 0x61, 0x77, 0x2e, 0x68, 0x00, 0x70, 0x6c, 0x69, 0x73,
  0x74, 0x5f, 0x74, 0x79, 0x70, 0x65, 0x73, 0x2e, 0x68, 0x00, 0x72, 0x65,
  0x73, 0x74, 0x61, 0x72, 0x74, 0x5f, 0x62, 0x6c, 0x6f, 0x63, 0x6b, 0x2e,
  0x68, 0x00, 0x73, 0x69, 0x67, 0x6e, 0x61, 0x6c, 0x5f, 0x74, 0x79, 0x70,
  0x65, 0x73, 0x2e, 0x68, 0x00, 0x75, 0x69, 0x6f, 0x2e, 0x68, 0x00, 0x74,
  0x69, 0x6d, 0x65, 0x72, 0x5f, 0x74, 0x79, 0x70, 0x65, 0x73, 0x2e, 0x68,
  0x00, 0x72, 0x61, 0x74, 0x65, 0x6c, 0x69, 0x6d, 0x69, 0x74, 0x5f, 0x74,
  0x79, 0x70, 0x65, 0x73, 0x2e, 0x68, 0x00, 0x70, 0x65, 0x72, 0x63, 0x70,
  0x75, 0x2d, 0x72, 0x77, 0x73, 0x65, 0x6d, 0x2e, 0x68, 0x00, 0x2f, 0x68,
  0x6f, 0x6d, 0x65, 0x2f, 0x62, 0x65, 0x67, 0x61, 0x6e, 0x2f, 0x77, 0x6f,
  0x72, 0x6b, 0x73, 0x70, 0x61, 0x63, 0x65, 0x2f, 0x74, 0x68, 0x65, 0x73,
  0x69, 0x73, 0x2f, 0x69, 0x72, 0x6d, 0x00, 0x2e, 0x2f, 0x69, 0x6e, 0x63,
  0x6c, 0x75, 0x64, 0x65, 0x2f, 0x61, 0x73, 0x6d, 0x2d, 0x67, 0x65, 0x6e,
  0x65, 0x72, 0x69, 0x63, 0x00, 0x70, 0x69, 0x64, 0x5f, 0x74, 0x79, 0x70,
  0x65, 0x73, 0x2e, 0x68, 0x00, 0x74, 0x69, 0x6d, 0x65, 0x33, 0x32, 0x2e,
  0x68, 0x00, 0x73, 0x65, 0x63, 0x63, 0x6f, 0x6d, 0x70, 0x5f, 0x74, 0x79,
  0x70, 0x65, 0x73, 0x2e, 0x68, 0x00, 0x6e, 0x6f, 0x64, 0x65, 0x6d, 0x61,
  0x73, 0x6b, 0x5f, 0x74, 0x79, 0x70, 0x65, 0x73, 0x2e, 0x68, 0x00, 0x6c,
  0x69, 0x73, 0x74, 0x5f, 0x6c, 0x72, 0x75, 0x2e, 0x68, 0x00, 0x2f, 0x68,
  0x6f, 0x6d, 0x65, 0x2f, 0x62, 0x65, 0x67, 0x61, 0x6e, 0x2f, 0x77, 0x6f,
  0x72, 0x6b, 0x73, 0x70, 0x61, 0x63, 0x65, 0x2f, 0x74, 0x68, 0x65, 0x73,
  0x69, 0x73, 0x2f, 0x69, 0x72, 0x6d, 0x2f, 0x6c, 0x69, 0x6e, 0x75, 0x78,
  0x2d, 0x72, 0x75, 0x73, 0x74, 0x2d, 0x6e, 0x65, 0x78, 0x74, 0x00, 0x71,
  0x75, 0x6f, 0x74, 0x61, 0x2e, 0x68, 0x00, 0x68, 0x72, 0x74, 0x69, 0x6d,
  0x65, 0x72, 0x5f, 0x74, 0x79, 0x70, 0x65, 0x73, 0x2e, 0x68, 0x00, 0x73,
  0x69, 0x67, 0x69, 0x6e, 0x66, 0x6f, 0x2e, 0x68, 0x00, 0x2e, 0x2f, 0x69,
  0x6e, 0x63, 0x6c, 0x75, 0x64, 0x65, 0x2f, 0x6c, 0x69, 0x6e, 0x75, 0x78,
  0x00, 0x6d, 0x61, 0x70, 0x6c, 0x65, 0x5f, 0x74, 0x72, 0x65, 0x65, 0x2e,
  0x68, 0x00, 0x70, 0x67, 0x74, 0x61, 0x62, 0x6c, 0x65, 0x5f, 0x74, 0x79,
  0x70, 0x65, 0x73, 0x2e, 0x68, 0x00, 0x65, 0x72, 0x72, 0x73, 0x65, 0x71,
  0x2e, 0x68, 0x00, 0x74, 0x69, 0x6d, 0x65, 0x5f, 0x74, 0x79, 0x70, 0x65,
  0x73, 0x2e, 0x68, 0x00, 0x72, 0x62, 0x74, 0x72, 0x65, 0x65, 0x5f, 0x74,
  0x79, 0x70, 0x65, 0x73, 0x2e, 0x68, 0x00, 0x73, 0x74, 0x61, 0x74, 0x2e,
  0x68, 0x00, 0x6f, 0x72, 0x63, 0x5f, 0x74, 0x79, 0x70, 0x65, 0x73, 0x2e,
  0x68, 0x00, 0x2e, 0x2f, 0x69, 0x6e, 0x63, 0x6c, 0x75, 0x64, 0x65, 0x2f,
  0x6c, 0x69, 0x6e, 0x75, 0x78, 0x2f, 0x61, 0x74, 0x6f, 0x6d, 0x69, 0x63,
  0x00, 0x70, 0x6f, 0x73, 0x69, 0x78, 0x5f, 0x74, 0x79, 0x70, 0x65, 0x73,
  0x2e, 0x68, 0x00, 0x70, 0x6f, 0x73, 0x69, 0x78, 0x2d, 0x74, 0x69, 0x6d,
  0x65, 0x72, 0x73, 0x5f, 0x74, 0x79, 0x70, 0x65, 0x73, 0x2e, 0x68, 0x00,
  0x73, 0x74, 0x61, 0x74, 0x69, 0x63, 0x5f, 0x63, 0x61, 0x6c, 0x6c, 0x5f,
  0x74, 0x79, 0x70, 0x65, 0x73, 0x2e, 0x68, 0x00, 0x18, 0x1b, 0x06, 0x08,
  0x09, 0x0a, 0x0b, 0x0d, 0x0d, 0x0e, 0x02, 0x04, 0x05, 0x02, 0x04, 0x06,
  0x07, 0x09, 0x00, 0x00, 0x00, 0x00, 0x00, 0x00, 0x00, 0x00, 0x00, 0x00,
  0x02, 0x00, 0x00, 0x00, 0x0c, 0x00, 0x00, 0x00, 0x22, 0x00, 0x00, 0x00,
  0x00, 0x00, 0x00, 0x00, 0x00, 0x00, 0x00, 0x00, 0x00, 0x00, 0x00, 0x00,
  0x02, 0x00, 0x00, 0x00, 0x0c, 0x00, 0x00, 0x00, 0x1b, 0x00, 0x00, 0x00,
  0x00, 0x00, 0x00, 0x00, 0x00, 0x00, 0x00, 0x00, 0x00, 0x00, 0x00, 0x00,
  0x02, 0x00, 0x00, 0x00, 0x0c, 0x00, 0x00, 0x00, 0x00, 0x00, 0x00, 0x00,
  0x00, 0x00, 0x00, 0x00, 0x04, 0x00, 0x00, 0x00, 0x00, 0x00, 0x00, 0x00,
  0x02, 0x00, 0x00, 0x00, 0x0c, 0x00, 0x00, 0x00, 0x28, 0x00, 0x00, 0x00,
  0x00, 0x00, 0x00, 0x00, 0x08, 0x00, 0x00, 0x00, 0x00, 0x00, 0x00, 0x00,
  0x02, 0x00, 0x00, 0x00, 0x0d, 0x00, 0x00, 0x00, 0x00, 0x00, 0x00, 0x00,
  0x00, 0x00, 0x00, 0x00, 0x0c, 0x00, 0x00, 0x00, 0x00, 0x00, 0x00, 0x00,
  0x02, 0x00, 0x00, 0x00, 0x0d, 0x00, 0x00, 0x00, 0x20, 0x00, 0x00, 0x00,
  0x00, 0x00, 0x00, 0x00, 0x38, 0x01, 0x00, 0x00, 0x00, 0x00, 0x00, 0x00,
  0x01, 0x00, 0x00, 0x00, 0x2e, 0x00, 0x00, 0x00, 0x00, 0x00, 0x00, 0x00,
  0x00, 0x00, 0x00, 0x00, 0xb8, 0x04, 0x00, 0x00, 0x00, 0x00, 0x00, 0x00,
  0x01, 0x00, 0x00, 0x00, 0x31, 0x00, 0x00, 0x00, 0x00, 0x00, 0x00, 0x00,
  0x00, 0x00, 0x00, 0x00, 0x00, 0x00, 0x00, 0x00, 0x00, 0x00, 0x00, 0x00,
  0x00, 0x00, 0x00, 0x00, 0x00, 0x00, 0x00, 0x00, 0x00, 0x00, 0x00, 0x00,
  0x00, 0x00, 0x00, 0x00, 0x01, 0x00, 0x00, 0x00, 0x04, 0x00, 0xf1, 0xff,
  0x00, 0x00, 0x00, 0x00, 0x00, 0x00, 0x00, 0x00, 0x00, 0x00, 0x00, 0x00,
  0x00, 0x00, 0x00, 0x00, 0x09, 0x00, 0x00, 0x00, 0x00, 0x00, 0x04, 0x00,
  0x00, 0x00, 0x00, 0x00, 0x00, 0x00, 0x00, 0x00, 0x00, 0x00, 0x00, 0x00,
  0x00, 0x00, 0x00, 0x00, 0x10, 0x00, 0x00, 0x00, 0x00, 0x00, 0x07, 0x00,
  0x00, 0x00, 0x00, 0x00, 0x00, 0x00, 0x00, 0x00, 0x00, 0x00, 0x00, 0x00,
  0x00, 0x00, 0x00, 0x00, 0x17, 0x00, 0x00, 0x00, 0x01, 0x00, 0x09, 0x00,
  0x00, 0x00, 0x00, 0x00, 0x00, 0x00, 0x00, 0x00, 0x0c, 0x00, 0x00, 0x00,
  0x00, 0x00, 0x00, 0x00, 0x2e, 0x00, 0x00, 0x00, 0x01, 0x00, 0x09, 0x00,
  0x0c, 0x00, 0x00, 0x00, 0x00, 0x00, 0x00, 0x00, 0x0f, 0x00, 0x00, 0x00,
  0x00, 0x00, 0x00, 0x00, 0x44, 0x00, 0x00, 0x00, 0x01, 0x00, 0x09, 0x00,
  0x1b, 0x00, 0x00, 0x00, 0x00, 0x00, 0x00, 0x00, 0x12, 0x00, 0x00, 0x00,
  0x00, 0x00, 0x00, 0x00, 0x5f, 0x00, 0x00, 0x00, 0x01, 0x00, 0x09, 0x00,
  0x2d, 0x00, 0x00, 0x00, 0x00, 0x00, 0x00, 0x00, 0x0d, 0x00, 0x00, 0x00,
  0x00, 0x00, 0x00, 0x00, 0x76, 0x00, 0x00, 0x00, 0x01, 0x00, 0x0a, 0x00,
  0x00, 0x00, 0x00, 0x00, 0x00, 0x00, 0x00, 0x00, 0x08, 0x00, 0x00, 0x00,
  0x00, 0x00, 0x00, 0x00, 0x9f, 0x00, 0x00, 0x00, 0x01, 0x00, 0x0c, 0x00,
  0x00, 0x00, 0x00, 0x00, 0x00, 0x00, 0x00, 0x00, 0x08, 0x00, 0x00, 0x00,
  0x00, 0x00, 0x00, 0x00, 0x00, 0x00, 0x00, 0x00, 0x03, 0x00, 0x01, 0x00,
  0x00, 0x00, 0x00, 0x00, 0x00, 0x00, 0x00, 0x00, 0x00, 0x00, 0x00, 0x00,
  0x00, 0x00, 0x00, 0x00, 0x00, 0x00, 0x00, 0x00, 0x03, 0x00, 0x03, 0x00,
  0x00, 0x00, 0x00, 0x00, 0x00, 0x00, 0x00, 0x00, 0x00, 0x00, 0x00, 0x00,
  0x00, 0x00, 0x00, 0x00, 0x00, 0x00, 0x00, 0x00, 0x03, 0x00, 0x04, 0x00,
  0x00, 0x00, 0x00, 0x00, 0x00, 0x00, 0x00, 0x00, 0x00, 0x00, 0x00, 0x00,
  0x00, 0x00, 0x00, 0x00, 0x00, 0x00, 0x00, 0x00, 0x03, 0x00, 0x07, 0x00,
  0x00, 0x00, 0x00, 0x00, 0x00, 0x00, 0x00, 0x00, 0x00, 0x00, 0x00, 0x00,
  0x00, 0x00, 0x00, 0x00, 0x00, 0x00, 0x00, 0x00, 0x03, 0x00, 0x09, 0x00,
  0x00, 0x00, 0x00, 0x00, 0x00, 0x00, 0x00, 0x00, 0x00, 0x00, 0x00, 0x00,
  0x00, 0x00, 0x00, 0x00, 0x00, 0x00, 0x00, 0x00, 0x03, 0x00, 0x0a, 0x00,
  0x00, 0x00, 0x00, 0x00, 0x00, 0x00, 0x00, 0x00, 0x00, 0x00, 0x00, 0x00,
  0x00, 0x00, 0x00, 0x00, 0x00, 0x00, 0x00, 0x00, 0x03, 0x00, 0x0c, 0x00,
  0x00, 0x00, 0x00, 0x00, 0x00, 0x00, 0x00, 0x00, 0x00, 0x00, 0x00, 0x00,
  0x00, 0x00, 0x00, 0x00, 0x00, 0x00, 0x00, 0x00, 0x03, 0x00, 0x0f, 0x00,
  0x00, 0x00, 0x00, 0x00, 0x00, 0x00, 0x00, 0x00, 0x00, 0x00, 0x00, 0x00,
  0x00, 0x00, 0x00, 0x00, 0x00, 0x00, 0x00, 0x00, 0x03, 0x00, 0x10, 0x00,
  0x00, 0x00, 0x00, 0x00, 0x00, 0x00, 0x00, 0x00, 0x00, 0x00, 0x00, 0x00,
  0x00, 0x00, 0x00, 0x00, 0x00, 0x00, 0x00, 0x00, 0x03, 0x00, 0x12, 0x00,
  0x00, 0x00, 0x00, 0x00, 0x00, 0x00, 0x00, 0x00, 0x00, 0x00, 0x00, 0x00,
  0x00, 0x00, 0x00, 0x00, 0x00, 0x00, 0x00, 0x00, 0x03, 0x00, 0x13, 0x00,
  0x00, 0x00, 0x00, 0x00, 0x00, 0x00, 0x00, 0x00, 0x00, 0x00, 0x00, 0x00,
  0x00, 0x00, 0x00, 0x00, 0x00, 0x00, 0x00, 0x00, 0x03, 0x00, 0x16, 0x00,
  0x00, 0x00, 0x00, 0x00, 0x00, 0x00, 0x00, 0x00, 0x00, 0x00, 0x00, 0x00,
  0x00, 0x00, 0x00, 0x00, 0x00, 0x00, 0x00, 0x00, 0x03, 0x00, 0x19, 0x00,
  0x00, 0x00, 0x00, 0x00, 0x00, 0x00, 0x00, 0x00, 0x00, 0x00, 0x00, 0x00,
  0x00, 0x00, 0x00, 0x00, 0x00, 0x00, 0x00, 0x00, 0x03, 0x00, 0x1b, 0x00,
  0x00, 0x00, 0x00, 0x00, 0x00, 0x00, 0x00, 0x00, 0x00, 0x00, 0x00, 0x00,
  0x00, 0x00, 0x00, 0x00, 0x00, 0x00, 0x00, 0x00, 0x03, 0x00, 0x1e, 0x00,
  0x00, 0x00, 0x00, 0x00, 0x00, 0x00, 0x00, 0x00, 0x00, 0x00, 0x00, 0x00,
  0x00, 0x00, 0x00, 0x00, 0x00, 0x00, 0x00, 0x00, 0x03, 0x00, 0x1f, 0x00,
  0x00, 0x00, 0x00, 0x00, 0x00, 0x00, 0x00, 0x00, 0x00, 0x00, 0x00, 0x00,
  0x00, 0x00, 0x00, 0x00, 0x00, 0x00, 0x00, 0x00, 0x03, 0x00, 0x21, 0x00,
  0x00, 0x00, 0x00, 0x00, 0x00, 0x00, 0x00, 0x00, 0x00, 0x00, 0x00, 0x00,
  0x00, 0x00, 0x00, 0x00, 0x00, 0x00, 0x00, 0x00, 0x03, 0x00, 0x23, 0x00,
  0x00, 0x00, 0x00, 0x00, 0x00, 0x00, 0x00, 0x00, 0x00, 0x00, 0x00, 0x00,
  0x00, 0x00, 0x00, 0x00, 0x00, 0x00, 0x00, 0x00, 0x03, 0x00, 0x24, 0x00,
  0x00, 0x00, 0x00, 0x00, 0x00, 0x00, 0x00, 0x00, 0x00, 0x00, 0x00, 0x00,
  0x00, 0x00, 0x00, 0x00, 0xcb, 0x00, 0x00, 0x00, 0x04, 0x00, 0xf1, 0xff,
  0x00, 0x00, 0x00, 0x00, 0x00, 0x00, 0x00, 0x00, 0x00, 0x00, 0x00, 0x00,
  0x00, 0x00, 0x00, 0x00, 0xd7, 0x00, 0x00, 0x00, 0x01, 0x00, 0x09, 0x00,
  0x3a, 0x00, 0x00, 0x00, 0x00, 0x00, 0x00, 0x00, 0x0b, 0x00, 0x00, 0x00,
  0x00, 0x00, 0x00, 0x00, 0xeb, 0x00, 0x00, 0x00, 0x01, 0x00, 0x09, 0x00,
  0x45, 0x00, 0x00, 0x00, 0x00, 0x00, 0x00, 0x00, 0x09, 0x00, 0x00, 0x00,
  0x00, 0x00, 0x00, 0x00, 0x02, 0x01, 0x00, 0x00, 0x01, 0x00, 0x09, 0x00,
  0x4e, 0x00, 0x00, 0x00, 0x00, 0x00, 0x00, 0x00, 0x23, 0x00, 0x00, 0x00,
  0x00, 0x00, 0x00, 0x00, 0x00, 0x00, 0x00, 0x00, 0x03, 0x00, 0x26, 0x00,
  0x00, 0x00, 0x00, 0x00, 0x00, 0x00, 0x00, 0x00, 0x00, 0x00, 0x00, 0x00,
  0x00, 0x00, 0x00, 0x00, 0x1c, 0x01, 0x00, 0x00, 0x04, 0x00, 0xf1, 0xff,
  0x00, 0x00, 0x00, 0x00, 0x00, 0x00, 0x00, 0x00, 0x00, 0x00, 0x00, 0x00,
  0x00, 0x00, 0x00, 0x00, 0x2c, 0x01, 0x00, 0x00, 0x01, 0x00, 0x28, 0x00,
  0x00, 0x00, 0x00, 0x00, 0x00, 0x00, 0x00, 0x00, 0x14, 0x00, 0x00, 0x00,
  0x00, 0x00, 0x00, 0x00, 0x37, 0x01, 0x00, 0x00, 0x01, 0x00, 0x29, 0x00,
  0x00, 0x00, 0x00, 0x00, 0x00, 0x00, 0x00, 0x00, 0x18, 0x00, 0x00, 0x00,
  0x00, 0x00, 0x00, 0x00, 0x40, 0x01, 0x00, 0x00, 0x01, 0x00, 0x29, 0x00,
  0x18, 0x00, 0x00, 0x00, 0x00, 0x00, 0x00, 0x00, 0x18, 0x00, 0x00, 0x00,
  0x00, 0x00, 0x00, 0x00, 0x49, 0x01, 0x00, 0x00, 0x01, 0x00, 0x09, 0x00,
  0x71, 0x00, 0x00, 0x00, 0x00, 0x00, 0x00, 0x00, 0x28, 0x00, 0x00, 0x00,
  0x00, 0x00, 0x00, 0x00, 0x61, 0x01, 0x00, 0x00, 0x01, 0x00, 0x09, 0x00,
  0x99, 0x00, 0x00, 0x00, 0x00, 0x00, 0x00, 0x00, 0x0c, 0x00, 0x00, 0x00,
  0x00, 0x00, 0x00, 0x00, 0x00, 0x00, 0x00, 0x00, 0x03, 0x00, 0x28, 0x00,
  0x00, 0x00, 0x00, 0x00, 0x00, 0x00, 0x00, 0x00, 0x00, 0x00, 0x00, 0x00,
  0x00, 0x00, 0x00, 0x00, 0x00, 0x00, 0x00, 0x00, 0x03, 0x00, 0x29, 0x00,
  0x00, 0x00, 0x00, 0x00, 0x00, 0x00, 0x00, 0x00, 0x00, 0x00, 0x00, 0x00,
  0x00, 0x00, 0x00, 0x00, 0x00, 0x00, 0x00, 0x00, 0x03, 0x00, 0x0e, 0x00,
  0x00, 0x00, 0x00, 0x00, 0x00, 0x00, 0x00, 0x00, 0x00, 0x00, 0x00, 0x00,
  0x00, 0x00, 0x00, 0x00, 0x00, 0x00, 0x00, 0x00, 0x03, 0x00, 0x15, 0x00,
  0x00, 0x00, 0x00, 0x00, 0x00, 0x00, 0x00, 0x00, 0x00, 0x00, 0x00, 0x00,
  0x00, 0x00, 0x00, 0x00, 0x00, 0x00, 0x00, 0x00, 0x03, 0x00, 0x18, 0x00,
  0x00, 0x00, 0x00, 0x00, 0x00, 0x00, 0x00, 0x00, 0x00, 0x00, 0x00, 0x00,
  0x00, 0x00, 0x00, 0x00, 0x00, 0x00, 0x00, 0x00, 0x03, 0x00, 0x1d, 0x00,
  0x00, 0x00, 0x00, 0x00, 0x00, 0x00, 0x00, 0x00, 0x00, 0x00, 0x00, 0x00,
  0x00, 0x00, 0x00, 0x00, 0x7a, 0x01, 0x00, 0x00, 0x12, 0x00, 0x04, 0x00,
  0x10, 0x00, 0x00, 0x00, 0x00, 0x00, 0x00, 0x00, 0x18, 0x00, 0x00, 0x00,
  0x00, 0x00, 0x00, 0x00, 0x86, 0x01, 0x00, 0x00, 0x10, 0x00, 0x00, 0x00,
  0x00, 0x00, 0x00, 0x00, 0x00, 0x00, 0x00, 0x00, 0x00, 0x00, 0x00, 0x00,
  0x00, 0x00, 0x00, 0x00, 0x8e, 0x01, 0x00, 0x00, 0x10, 0x00, 0x00, 0x00,
  0x00, 0x00, 0x00, 0x00, 0x00, 0x00, 0x00, 0x00, 0x00, 0x00, 0x00, 0x00,
  0x00, 0x00, 0x00, 0x00, 0xa1, 0x01, 0x00, 0x00, 0x12, 0x00, 0x07, 0x00,
  0x10, 0x00, 0x00, 0x00, 0x00, 0x00, 0x00, 0x00, 0x10, 0x00, 0x00, 0x00,
  0x00, 0x00, 0x00, 0x00, 0xb0, 0x01, 0x00, 0x00, 0x12, 0x00, 0x04, 0x00,
  0x00, 0x00, 0x00, 0x00, 0x00, 0x00, 0x00, 0x00, 0x10, 0x00, 0x00, 0x00,
  0x00, 0x00, 0x00, 0x00, 0xc2, 0x01, 0x00, 0x00, 0x12, 0x00, 0x07, 0x00,
  0x00, 0x00, 0x00, 0x00, 0x00, 0x00, 0x00, 0x00, 0x10, 0x00, 0x00, 0x00,
  0x00, 0x00, 0x00, 0x00, 0xd7, 0x01, 0x00, 0x00, 0x11, 0x00, 0x26, 0x00,
  0x00, 0x00, 0x00, 0x00, 0x00, 0x00, 0x00, 0x00, 0x00, 0x05, 0x00, 0x00,
  0x00, 0x00, 0x00, 0x00, 0xe5, 0x01, 0x00, 0x00, 0x10, 0x00, 0x02, 0x00,
  0x00, 0x00, 0x00, 0x00, 0x00, 0x00, 0x00, 0x00, 0x00, 0x00, 0x00, 0x00,
  0x00, 0x00, 0x00, 0x00, 0xf8, 0x01, 0x00, 0x00, 0x10, 0x00, 0x02, 0x00,
  0x00, 0x00, 0x00, 0x00, 0x00, 0x00, 0x00, 0x00, 0x00, 0x00, 0x00, 0x00,
  0x00, 0x00, 0x00, 0x00, 0x00, 0x5f, 0x5f, 0x70, 0x61, 0x74, 0x63, 0x68,
  0x61, 0x62, 0x6c, 0x65, 0x5f, 0x66, 0x75, 0x6e, 0x63, 0x74, 0x69, 0x6f,
  0x6e, 0x5f, 0x65, 0x6e, 0x74, 0x72, 0x69, 0x65, 0x73, 0x00, 0x2e, 0x63,
  0x6f, 0x64, 0x65, 0x74, 0x61, 0x67, 0x2e, 0x61, 0x6c, 0x6c, 0x6f, 0x63,
  0x5f, 0x74, 0x61, 0x67, 0x73, 0x00, 0x2e, 0x74, 0x65, 0x78, 0x74, 0x00,
  0x2e, 0x69, 0x6e, 0x69, 0x74, 0x2e, 0x74, 0x65, 0x78, 0x74, 0x00, 0x2e,
  0x72, 0x65, 0x6c, 0x61, 0x2e, 0x69, 0x6e, 0x69, 0x74, 0x2e, 0x74, 0x65,
  0x78, 0x74, 0x00, 0x2e, 0x72, 0x65, 0x6c, 0x61, 0x5f, 0x5f, 0x70, 0x61,
  0x74, 0x63, 0x68, 0x61, 0x62, 0x6c, 0x65, 0x5f, 0x66, 0x75, 0x6e, 0x63,
  0x74, 0x69, 0x6f, 0x6e, 0x5f, 0x65, 0x6e, 0x74, 0x72, 0x69, 0x65, 0x73,
  0x00, 0x2e, 0x65, 0x78, 0x69, 0x74, 0x2e, 0x74, 0x65, 0x78, 0x74, 0x00,
  0x2e, 0x72, 0x65, 0x6c, 0x61, 0x2e, 0x65, 0x78, 0x69, 0x74, 0x2e, 0x74,
  0x65, 0x78, 0x74, 0x00, 0x2e, 0x6d, 0x6f, 0x64, 0x69, 0x6e, 0x66, 0x6f,
  0x00, 0x2e, 0x69, 0x6e, 0x69, 0x74, 0x2e, 0x64, 0x61, 0x74, 0x61, 0x00,
  0x2e, 0x72, 0x65, 0x6c, 0x61, 0x2e, 0x69, 0x6e, 0x69, 0x74, 0x2e, 0x64,
  0x61, 0x74, 0x61, 0x00, 0x2e, 0x65, 0x78, 0x69, 0x74, 0x2e, 0x64, 0x61,
  0x74, 0x61, 0x00, 0x2e, 0x72, 0x65, 0x6c, 0x61, 0x2e, 0x65, 0x78, 0x69,
  0x74, 0x2e, 0x64, 0x61, 0x74, 0x61, 0x00, 0x2e, 0x72, 0x6f, 0x64, 0x61,
  0x74, 0x61, 0x2e, 0x73, 0x74, 0x72, 0x31, 0x2e, 0x31, 0x00, 0x2e, 0x64,
  0x65, 0x62, 0x75, 0x67, 0x5f, 0x61, 0x62, 0x62, 0x72, 0x65, 0x76, 0x00,
  0x2e, 0x64, 0x65, 0x62, 0x75, 0x67, 0x5f, 0x69, 0x6e, 0x66, 0x6f, 0x00,
  0x2e, 0x72, 0x65, 0x6c, 0x61, 0x2e, 0x64, 0x65, 0x62, 0x75, 0x67, 0x5f,
  0x69, 0x6e, 0x66, 0x6f, 0x00, 0x2e, 0x64, 0x65, 0x62, 0x75, 0x67, 0x5f,
  0x72, 0x6e, 0x67, 0x6c, 0x69, 0x73, 0x74, 0x73, 0x00, 0x2e, 0x64, 0x65,
  0x62, 0x75, 0x67, 0x5f, 0x73, 0x74, 0x72, 0x5f, 0x6f, 0x66, 0x66, 0x73,
  0x65, 0x74, 0x73, 0x00, 0x2e, 0x72, 0x65, 0x6c, 0x61, 0x2e, 0x64, 0x65,
  0x62, 0x75, 0x67, 0x5f, 0x73, 0x74, 0x72, 0x5f, 0x6f, 0x66, 0x66, 0x73,
  0x65, 0x74, 0x73, 0x00, 0x2e, 0x64, 0x65, 0x62, 0x75, 0x67, 0x5f, 0x73,
  0x74, 0x72, 0x00, 0x2e, 0x64, 0x65, 0x62, 0x75, 0x67, 0x5f, 0x61, 0x64,
  0x64, 0x72, 0x00, 0x2e, 0x72, 0x65, 0x6c, 0x61, 0x2e, 0x64, 0x65, 0x62,
  0x75, 0x67, 0x5f, 0x61, 0x64, 0x64, 0x72, 0x00, 0x2e, 0x63, 0x6f, 0x6d,
  0x6d, 0x65, 0x6e, 0x74, 0x00, 0x2e, 0x64, 0x65, 0x62, 0x75, 0x67, 0x5f,
  0x66, 0x72, 0x61, 0x6d, 0x65, 0x00, 0x2e, 0x72, 0x65, 0x6c, 0x61, 0x2e,
  0x64, 0x65, 0x62, 0x75, 0x67, 0x5f, 0x66, 0x72, 0x61, 0x6d, 0x65, 0x00,
  0x2e, 0x64, 0x65, 0x62, 0x75, 0x67, 0x5f, 0x6c, 0x69, 0x6e, 0x65, 0x00,
  0x2e, 0x72, 0x65, 0x6c, 0x61, 0x2e, 0x64, 0x65, 0x62, 0x75, 0x67, 0x5f,
  0x6c, 0x69, 0x6e, 0x65, 0x00, 0x2e, 0x64, 0x65, 0x62, 0x75, 0x67, 0x5f,
  0x6c, 0x69, 0x6e, 0x65, 0x5f, 0x73, 0x74, 0x72, 0x00, 0x2e, 0x6c, 0x6c,
  0x76, 0x6d, 0x5f, 0x61, 0x64, 0x64, 0x72, 0x73, 0x69, 0x67, 0x00, 0x2e,
  0x72, 0x65, 0x74, 0x75, 0x72, 0x6e, 0x5f, 0x73, 0x69, 0x74, 0x65, 0x73,
  0x00, 0x2e, 0x72, 0x65, 0x6c, 0x61, 0x2e, 0x72, 0x65, 0x74, 0x75, 0x72,
  0x6e, 0x5f, 0x73, 0x69, 0x74, 0x65, 0x73, 0x00, 0x2e, 0x63, 0x61, 0x6c,
  0x6c, 0x5f, 0x73, 0x69, 0x74, 0x65, 0x73, 0x00, 0x2e, 0x72, 0x65, 0x6c,
  0x61, 0x2e, 0x63, 0x61, 0x6c, 0x6c, 0x5f, 0x73, 0x69, 0x74, 0x65, 0x73,
  0x00, 0x2e, 0x6f, 0x72, 0x63, 0x5f, 0x75, 0x6e, 0x77, 0x69, 0x6e, 0x64,
  0x00, 0x2e, 0x6f, 0x72, 0x63, 0x5f, 0x75, 0x6e, 0x77, 0x69, 0x6e, 0x64,
  0x5f, 0x69, 0x70, 0x00, 0x2e, 0x72, 0x65, 0x6c, 0x61, 0x2e, 0x6f, 0x72,
  0x63, 0x5f, 0x75, 0x6e, 0x77, 0x69, 0x6e, 0x64, 0x5f, 0x69, 0x70, 0x00,
  0x2e, 0x67, 0x6e, 0x75, 0x2e, 0x6c, 0x69, 0x6e, 0x6b, 0x6f, 0x6e, 0x63,
  0x65, 0x2e, 0x74, 0x68, 0x69, 0x73, 0x5f, 0x6d, 0x6f, 0x64, 0x75, 0x6c,
  0x65, 0x00, 0x2e, 0x72, 0x65, 0x6c, 0x61, 0x2e, 0x67, 0x6e, 0x75, 0x2e,
  0x6c, 0x69, 0x6e, 0x6b, 0x6f, 0x6e, 0x63, 0x65, 0x2e, 0x74, 0x68, 0x69,
  0x73, 0x5f, 0x6d, 0x6f, 0x64, 0x75, 0x6c, 0x65, 0x00, 0x2e, 0x6f, 0x72,
  0x63, 0x5f, 0x68, 0x65, 0x61, 0x64, 0x65, 0x72, 0x00, 0x2e, 0x6e, 0x6f,
  0x74, 0x65, 0x2e, 0x4c, 0x69, 0x6e, 0x75, 0x78, 0x00, 0x2e, 0x6e, 0x6f,
  0x74, 0x65, 0x2e, 0x67, 0x6e, 0x75, 0x2e, 0x62, 0x75, 0x69, 0x6c, 0x64,
  0x2d, 0x69, 0x64, 0x00, 0x2e, 0x6e, 0x6f, 0x74, 0x65, 0x2e, 0x67, 0x6e,
  0x75, 0x2e, 0x70, 0x72, 0x6f, 0x70, 0x65, 0x72, 0x74, 0x79, 0x00, 0x2e,
  0x6e, 0x6f, 0x74, 0x65, 0x2e, 0x47, 0x4e, 0x55, 0x2d, 0x73, 0x74, 0x61,
  0x63, 0x6b, 0x00, 0x2e, 0x73, 0x79, 0x6d, 0x74, 0x61, 0x62, 0x00, 0x2e,
  0x73, 0x68, 0x73, 0x74, 0x72, 0x74, 0x61, 0x62, 0x00, 0x2e, 0x73, 0x74,
  0x72, 0x74, 0x61, 0x62, 0x00, 0x00, 0x69, 0x72, 0x6d, 0x2d, 0x63, 0x2e,
  0x63, 0x00, 0x2e, 0x4c, 0x74, 0x6d, 0x70, 0x30, 0x00, 0x2e, 0x4c, 0x74,
  0x6d, 0x70, 0x31, 0x00, 0x5f, 0x5f, 0x55, 0x4e, 0x49, 0x51, 0x55, 0x45,
  0x5f, 0x49, 0x44, 0x5f, 0x6c, 0x69, 0x63, 0x65, 0x6e, 0x73, 0x65, 0x33,
  0x33, 0x38, 0x00, 0x5f, 0x5f, 0x55, 0x4e, 0x49, 0x51, 0x55, 0x45, 0x5f,
  0x49, 0x44, 0x5f, 0x61, 0x75, 0x74, 0x68, 0x6f, 0x72, 0x33, 0x33, 0x39,
  0x00, 0x5f, 0x5f, 0x55, 0x4e, 0x49, 0x51, 0x55, 0x45, 0x5f, 0x49, 0x44,
  0x5f, 0x64, 0x65, 0x73, 0x63, 0x72, 0x69, 0x70, 0x74, 0x69, 0x6f, 0x6e,
  0x33, 0x34, 0x30, 0x00, 0x5f, 0x5f, 0x55, 0x4e, 0x49, 0x51, 0x55, 0x45,
  0x5f, 0x49, 0x44, 0x5f, 0x76, 0x65, 0x72, 0x73, 0x69, 0x6f, 0x6e, 0x33,
  0x34, 0x31, 0x00, 0x5f, 0x5f, 0x55, 0x4e, 0x49, 0x51, 0x55, 0x45, 0x5f,
  0x49, 0x44, 0x5f, 0x5f, 0x5f, 0x61, 0x64, 0x64, 0x72, 0x65, 0x73, 0x73,
  0x61, 0x62, 0x6c, 0x65, 0x5f, 0x69, 0x6e, 0x69, 0x74, 0x5f, 0x6d, 0x6f,
  0x64, 0x75, 0x6c, 0x65, 0x33, 0x34, 0x32, 0x00, 0x5f, 0x5f, 0x55, 0x4e,
  0x49, 0x51, 0x55, 0x45, 0x5f, 0x49, 0x44, 0x5f, 0x5f, 0x5f, 0x61, 0x64,
  0x64, 0x72, 0x65, 0x73, 0x73, 0x61, 0x62, 0x6c, 0x65, 0x5f, 0x63, 0x6c,
  0x65, 0x61, 0x6e, 0x75, 0x70, 0x5f, 0x6d, 0x6f, 0x64, 0x75, 0x6c, 0x65,
  0x33, 0x34, 0x33, 0x00, 0x69, 0x72, 0x6d, 0x2d, 0x63, 0x2e, 0x6d, 0x6f,
  0x64, 0x2e, 0x63, 0x00, 0x5f, 0x5f, 0x55, 0x4e, 0x49, 0x51, 0x55, 0x45,
  0x5f, 0x49, 0x44, 0x5f, 0x6e, 0x61, 0x6d, 0x65, 0x33, 0x33, 0x38, 0x00,
  0x5f, 0x5f, 0x55, 0x4e, 0x49, 0x51, 0x55, 0x45, 0x5f, 0x49, 0x44, 0x5f,
  0x64, 0x65, 0x70, 0x65, 0x6e, 0x64, 0x73, 0x33, 0x33, 0x39, 0x00, 0x5f,
  0x5f, 0x55, 0x4e, 0x49, 0x51, 0x55, 0x45, 0x5f, 0x49, 0x44, 0x5f, 0x73,
  0x72, 0x63, 0x76, 0x65, 0x72, 0x73, 0x69, 0x6f, 0x6e, 0x33, 0x34, 0x30,
  0x00, 0x6d, 0x6f, 0x64, 0x75, 0x6c, 0x65, 0x2d, 0x63, 0x6f, 0x6d, 0x6d,
  0x6f, 0x6e, 0x2e, 0x63, 0x00, 0x6f, 0x72, 0x63, 0x5f, 0x68, 0x65, 0x61,
  0x64, 0x65, 0x72, 0x00, 0x5f, 0x6e, 0x6f, 0x74, 0x65, 0x5f, 0x31, 0x38,
  0x00, 0x5f, 0x6e, 0x6f, 0x74, 0x65, 0x5f, 0x31, 0x39, 0x00, 0x5f, 0x5f,
  0x55, 0x4e, 0x49, 0x51, 0x55, 0x45, 0x5f, 0x49, 0x44, 0x5f, 0x76, 0x65,
  0x72, 0x6d, 0x61, 0x67, 0x69, 0x63, 0x33, 0x33, 0x38, 0x00, 0x5f, 0x5f,
  0x55, 0x4e, 0x49, 0x51, 0x55, 0x45, 0x5f, 0x49, 0x44, 0x5f, 0x72, 0x65,
  0x74, 0x70, 0x6f, 0x6c, 0x69, 0x6e, 0x65, 0x33, 0x33, 0x39, 0x00, 0x69,
  0x6e, 0x69, 0x74, 0x5f, 0x6d, 0x6f, 0x64, 0x75, 0x6c, 0x65, 0x00, 0x5f,
  0x70, 0x72, 0x69, 0x6e, 0x74, 0x6b, 0x00, 0x5f, 0x5f, 0x78, 0x38, 0x36,
  0x5f, 0x72, 0x65, 0x74, 0x75, 0x72, 0x6e, 0x5f, 0x74, 0x68, 0x75, 0x6e,
  0x6b, 0x00, 0x63, 0x6c, 0x65, 0x61, 0x6e, 0x75, 0x70, 0x5f, 0x6d, 0x6f,
  0x64, 0x75, 0x6c, 0x65, 0x00, 0x5f, 0x5f, 0x70, 0x66, 0x78, 0x5f, 0x69,
  0x6e, 0x69, 0x74, 0x5f, 0x6d, 0x6f, 0x64, 0x75, 0x6c, 0x65, 0x00, 0x5f,
  0x5f, 0x70, 0x66, 0x78, 0x5f, 0x63, 0x6c, 0x65, 0x61, 0x6e, 0x75, 0x70,
  0x5f, 0x6d, 0x6f, 0x64, 0x75, 0x6c, 0x65, 0x00, 0x5f, 0x5f, 0x74, 0x68,
  0x69, 0x73, 0x5f, 0x6d, 0x6f, 0x64, 0x75, 0x6c, 0x65, 0x00, 0x5f, 0x5f,
  0x73, 0x74, 0x61, 0x72, 0x74, 0x5f, 0x61, 0x6c, 0x6c, 0x6f, 0x63, 0x5f,
  0x74, 0x61, 0x67, 0x73, 0x00, 0x5f, 0x5f, 0x73, 0x74, 0x6f, 0x70, 0x5f,
  0x61, 0x6c, 0x6c, 0x6f, 0x63, 0x5f, 0x74, 0x61, 0x67, 0x73, 0x00, 0x00,
  0x00, 0x00, 0x00, 0x00, 0x00, 0x00, 0x00, 0x00, 0x00, 0x00, 0x00, 0x00,
  0x00, 0x00, 0x00, 0x00, 0x00, 0x00, 0x00, 0x00, 0x00, 0x00, 0x00, 0x00,
  0x00, 0x00, 0x00, 0x00, 0x00, 0x00, 0x00, 0x00, 0x00, 0x00, 0x00, 0x00,
  0x00, 0x00, 0x00, 0x00, 0x00, 0x00, 0x00, 0x00, 0x00, 0x00, 0x00, 0x00,
  0x00, 0x00, 0x00, 0x00, 0x00, 0x00, 0x00, 0x00, 0x00, 0x00, 0x00, 0x00,
  0x00, 0x00, 0x00, 0x00, 0x01, 0x00, 0x00, 0x00, 0x01, 0x00, 0x00, 0x00,
  0x83, 0x00, 0x00, 0x00, 0x00, 0x00, 0x00, 0x00, 0x00, 0x00, 0x00, 0x00,
  0x00, 0x00, 0x00, 0x00, 0x40, 0x00, 0x00, 0x00, 0x00, 0x00, 0x00, 0x00,
  0x10, 0x00, 0x00, 0x00, 0x00, 0x00, 0x00, 0x00, 0x04, 0x00, 0x00, 0x00,
  0x00, 0x00, 0x00, 0x00, 0x08, 0x00, 0x00, 0x00, 0x00, 0x00, 0x00, 0x00,
  0x00, 0x00, 0x00, 0x00, 0x00, 0x00, 0x00, 0x00, 0x1e, 0x00, 0x00, 0x00,
  0x01, 0x00, 0x00, 0x00, 0x03, 0x00, 0x00, 0x00, 0x00, 0x00, 0x00, 0x00,
  0x00, 0x00, 0x00, 0x00, 0x00, 0x00, 0x00, 0x00, 0x50, 0x00, 0x00, 0x00,
  0x00, 0x00, 0x00, 0x00, 0x00, 0x00, 0x00, 0x00, 0x00, 0x00, 0x00, 0x00,
  0x00, 0x00, 0x00, 0x00, 0x00, 0x00, 0x00, 0x00, 0x01, 0x00, 0x00, 0x00,
  0x00, 0x00, 0x00, 0x00, 0x00, 0x00, 0x00, 0x00, 0x00, 0x00, 0x00, 0x00,
  0x32, 0x00, 0x00, 0x00, 0x01, 0x00, 0x00, 0x00, 0x06, 0x00, 0x00, 0x00,
  0x00, 0x00, 0x00, 0x00, 0x00, 0x00, 0x00, 0x00, 0x00, 0x00, 0x00, 0x00,
  0x50, 0x00, 0x00, 0x00, 0x00, 0x00, 0x00, 0x00, 0x00, 0x00, 0x00, 0x00,
  0x00, 0x00, 0x00, 0x00, 0x00, 0x00, 0x00, 0x00, 0x00, 0x00, 0x00, 0x00,
  0x04, 0x00, 0x00, 0x00, 0x00, 0x00, 0x00, 0x00, 0x00, 0x00, 0x00, 0x00,
  0x00, 0x00, 0x00, 0x00, 0x38, 0x00, 0x00, 0x00, 0x01, 0x00, 0x00, 0x00,
  0x06, 0x00, 0x00, 0x00, 0x00, 0x00, 0x00, 0x00, 0x00, 0x00, 0x00, 0x00,
  0x00, 0x00, 0x00, 0x00, 0x50, 0x00, 0x00, 0x00, 0x00, 0x00, 0x00, 0x00,
  0x28, 0x00, 0x00, 0x00, 0x00, 0x00, 0x00, 0x00, 0x00, 0x00, 0x00, 0x00,
  0x00, 0x00, 0x00, 0x00, 0x10, 0x00, 0x00, 0x00, 0x00, 0x00, 0x00, 0x00,
  0x00, 0x00, 0x00, 0x00, 0x00, 0x00, 0x00, 0x00, 0x43, 0x00, 0x00, 0x00,
  0x04, 0x00, 0x00, 0x00, 0x40, 0x00, 0x00, 0x00, 0x00, 0x00, 0x00, 0x00,
  0x00, 0x00, 0x00, 0x00, 0x00, 0x00, 0x00, 0x00, 0x48, 0x07, 0x00, 0x00,
  0x00, 0x00, 0x00, 0x00, 0x48, 0x00, 0x00, 0x00, 0x00, 0x00, 0x00, 0x00,
  0x2d, 0x00, 0x00, 0x00, 0x04, 0x00, 0x00, 0x00, 0x08, 0x00, 0x00, 0x00,
  0x00, 0x00, 0x00, 0x00, 0x18, 0x00, 0x00, 0x00, 0x00, 0x00, 0x00, 0x00,
  0x53, 0x00, 0x00, 0x00, 0x04, 0x00, 0x00, 0x00, 0x40, 0x00, 0x00, 0x00,
  0x00, 0x00, 0x00, 0x00, 0x00, 0x00, 0x00, 0x00, 0x00, 0x00, 0x00, 0x00,
  0x90, 0x07, 0x00, 0x00, 0x00, 0x00, 0x00, 0x00, 0x30, 0x00, 0x00, 0x00,
  0x00, 0x00, 0x00, 0x00, 0x2d, 0x00, 0x00, 0x00, 0x01, 0x00, 0x00, 0x00,
  0x08, 0x00, 0x00, 0x00, 0x00, 0x00, 0x00, 0x00, 0x18, 0x00, 0x00, 0x00,
  0x00, 0x00, 0x00, 0x00, 0x75, 0x00, 0x00, 0x00, 0x01, 0x00, 0x00, 0x00,
  0x06, 0x00, 0x00, 0x00, 0x00, 0x00, 0x00, 0x00, 0x00, 0x00, 0x00, 0x00,
  0x00, 0x00, 0x00, 0x00, 0x80, 0x00, 0x00, 0x00, 0x00, 0x00, 0x00, 0x00,
  0x20, 0x00, 0x00, 0x00, 0x00, 0x00, 0x00, 0x00, 0x00, 0x00, 0x00, 0x00,
  0x00, 0x00, 0x00, 0x00, 0x10, 0x00, 0x00, 0x00, 0x00, 0x00, 0x00, 0x00,
  0x00, 0x00, 0x00, 0x00, 0x00, 0x00, 0x00, 0x00, 0x80, 0x00, 0x00, 0x00,
  0x04, 0x00, 0x00, 0x00, 0x40, 0x00, 0x00, 0x00, 0x00, 0x00, 0x00, 0x00,
  0x00, 0x00, 0x00, 0x00, 0x00, 0x00, 0x00, 0x00, 0xc0, 0x07, 0x00, 0x00,
  0x00, 0x00, 0x00, 0x00, 0x30, 0x00, 0x00, 0x00, 0x00, 0x00, 0x00, 0x00,
  0x2d, 0x00, 0x00, 0x00, 0x07, 0x00, 0x00, 0x00, 0x08, 0x00, 0x00, 0x00,
  0x00, 0x00, 0x00, 0x00, 0x18, 0x00, 0x00, 0x00, 0x00, 0x00, 0x00, 0x00,
  0x90, 0x00, 0x00, 0x00, 0x01, 0x00, 0x00, 0x00, 0x02, 0x00, 0x00, 0x00,
  0x00, 0x00, 0x00, 0x00, 0x00, 0x00, 0x00, 0x00, 0x00, 0x00, 0x00, 0x00,
  0xa0, 0x00, 0x00, 0x00, 0x00, 0x00, 0x00, 0x00, 0xa5, 0x00, 0x00, 0x00,
  0x00, 0x00, 0x00, 0x00, 0x00, 0x00, 0x00, 0x00, 0x00, 0x00, 0x00, 0x00,
  0x01, 0x00, 0x00, 0x00, 0x00, 0x00, 0x00, 0x00, 0x00, 0x00, 0x00, 0x00,
  0x00, 0x00, 0x00, 0x00, 0x99, 0x00, 0x00, 0x00, 0x01, 0x00, 0x00, 0x00,
  0x03, 0x00, 0x00, 0x00, 0x00, 0x00, 0x00, 0x00, 0x00, 0x00, 0x00, 0x00,
  0x00, 0x00, 0x00, 0x00, 0x48, 0x01, 0x00, 0x00, 0x00, 0x00, 0x00, 0x00,
  0x08, 0x00, 0x00, 0x00, 0x00, 0x00, 0x00, 0x00, 0x00, 0x00, 0x00, 0x00,
  0x00, 0x00, 0x00, 0x00, 0x08, 0x00, 0x00, 0x00, 0x00, 0x00, 0x00, 0x00,
  0x00, 0x00, 0x00, 0x00, 0x00, 0x00, 0x00, 0x00, 0xa4, 0x00, 0x00, 0x00,
  0x04, 0x00, 0x00, 0x00, 0x40, 0x00, 0x00, 0x00, 0x00, 0x00, 0x00, 0x00,
  0x00, 0x00, 0x00, 0x00, 0x00, 0x00, 0x00, 0x00, 0xf0, 0x07, 0x00, 0x00,
  0x00, 0x00, 0x00, 0x00, 0x18, 0x00, 0x00, 0x00, 0x00, 0x00, 0x00, 0x00,
  0x2d, 0x00, 0x00, 0x00, 0x0a, 0x00, 0x00, 0x00, 0x08, 0x00, 0x00, 0x00,
  0x00, 0x00, 0x00, 0x00, 0x18, 0x00, 0x00, 0x00, 0x00, 0x00, 0x00, 0x00,
  0xb4, 0x00, 0x00, 0x00, 0x01, 0x00, 0x00, 0x00, 0x03, 0x00, 0x00, 0x00,
  0x00, 0x00, 0x00, 0x00, 0x00, 0x00, 0x00, 0x00, 0x00, 0x00, 0x00, 0x00,
  0x50, 0x01, 0x00, 0x00, 0x00, 0x00, 0x00, 0x00, 0x08, 0x00, 0x00, 0x00,
  0x00, 0x00, 0x00, 0x00, 0x00, 0x00, 0x00, 0x00, 0x00, 0x00, 0x00, 0x00,
  0x08, 0x00, 0x00, 0x00, 0x00, 0x00, 0x00, 0x00, 0x00, 0x00, 0x00, 0x00,
  0x00, 0x00, 0x00, 0x00, 0xbf, 0x00, 0x00, 0x00, 0x04, 0x00, 0x00, 0x00,
  0x40, 0x00, 0x00, 0x00, 0x00, 0x00, 0x00, 0x00, 0x00, 0x00, 0x00, 0x00,
  0x00, 0x00, 0x00, 0x00, 0x08, 0x08, 0x00, 0x00, 0x00, 0x00, 0x00, 0x00,
  0x18, 0x00, 0x00, 0x00, 0x00, 0x00, 0x00, 0x00, 0x2d, 0x00, 0x00, 0x00,
  0x0c, 0x00, 0x00, 0x00, 0x08, 0x00, 0x00, 0x00, 0x00, 0x00, 0x00, 0x00,
  0x18, 0x00, 0x00, 0x00, 0x00, 0x00, 0x00, 0x00, 0xcf, 0x00, 0x00, 0x00,
  0x01, 0x00, 0x00, 0x00, 0x32, 0x00, 0x00, 0x00, 0x00, 0x00, 0x00, 0x00,
  0x00, 0x00, 0x00, 0x00, 0x00, 0x00, 0x00, 0x00, 0x58, 0x01, 0x00, 0x00,
  0x00, 0x00, 0x00, 0x00, 0x24, 0x00, 0x00, 0x00, 0x00, 0x00, 0x00, 0x00,
  0x00, 0x00, 0x00, 0x00, 0x00, 0x00, 0x00, 0x00, 0x01, 0x00, 0x00, 0x00,
  0x00, 0x00, 0x00, 0x00, 0x01, 0x00, 0x00, 0x00, 0x00, 0x00, 0x00, 0x00,
  0xde, 0x00, 0x00, 0x00, 0x01, 0x00, 0x00, 0x00, 0x00, 0x00, 0x00, 0x00,
  0x00, 0x00, 0x00, 0x00, 0x00, 0x00, 0x00, 0x00, 0x00, 0x00, 0x00, 0x00,
  0x20, 0x08, 0x00, 0x00, 0x00, 0x00, 0x00, 0x00, 0x3f, 0x05, 0x00, 0x00,
  0x00, 0x00, 0x00, 0x00, 0x00, 0x00, 0x00, 0x00, 0x00, 0x00, 0x00, 0x00,
  0x01, 0x00, 0x00, 0x00, 0x00, 0x00, 0x00, 0x00, 0x00, 0x00, 0x00, 0x00,
  0x00, 0x00, 0x00, 0x00, 0xec, 0x00, 0x00, 0x00, 0x01, 0x00, 0x00, 0x00,
  0x00, 0x00, 0x00, 0x00, 0x00, 0x00, 0x00, 0x00, 0x00, 0x00, 0x00, 0x00,
  0x00, 0x00, 0x00, 0x00, 0x5f, 0x0d, 0x00, 0x00, 0x00, 0x00, 0x00, 0x00,
  0x0a, 0x7f, 0x00, 0x00, 0x00, 0x00, 0x00, 0x00, 0x00, 0x00, 0x00, 0x00,
  0x00, 0x00, 0x00, 0x00, 0x01, 0x00, 0x00, 0x00, 0x00, 0x00, 0x00, 0x00,
  0x00, 0x00, 0x00, 0x00, 0x00, 0x00, 0x00, 0x00, 0xf8, 0x00, 0x00, 0x00,
  0x04, 0x00, 0x00, 0x00, 0x40, 0x00, 0x00, 0x00, 0x00, 0x00, 0x00, 0x00,
  0x00, 0x00, 0x00, 0x00, 0x00, 0x00, 0x00, 0x00, 0x70, 0x8c, 0x00, 0x00,
  0x00, 0x00, 0x00, 0x00, 0x38, 0x01, 0x00, 0x00, 0x00, 0x00, 0x00, 0x00,
  0x2d, 0x00, 0x00, 0x00, 0x10, 0x00, 0x00, 0x00, 0x08, 0x00, 0x00, 0x00,
  0x00, 0x00, 0x00, 0x00, 0x18, 0x00, 0x00, 0x00, 0x00, 0x00, 0x00, 0x00,
  0x09, 0x01, 0x00, 0x00, 0x01, 0x00, 0x00, 0x00, 0x00, 0x00, 0x00, 0x00,
  0x00, 0x00, 0x00, 0x00, 0x00, 0x00, 0x00, 0x00, 0x00, 0x00, 0x00, 0x00,
  0xa8, 0x8d, 0x00, 0x00, 0x00, 0x00, 0x00, 0x00, 0x17, 0x00, 0x00, 0x00,
  0x00, 0x00, 0x00, 0x00, 0x00, 0x00, 0x00, 0x00, 0x00, 0x00, 0x00, 0x00,
  0x01, 0x00, 0x00, 0x00, 0x00, 0x00, 0x00, 0x00, 0x00, 0x00, 0x00, 0x00,
  0x00, 0x00, 0x00, 0x00, 0x19, 0x01, 0x00, 0x00, 0x01, 0x00, 0x00, 0x00,
  0x00, 0x00, 0x00, 0x00, 0x00, 0x00, 0x00, 0x00, 0x00, 0x00, 0x00, 0x00,
  0x00, 0x00, 0x00, 0x00, 0xbf, 0x8d, 0x00, 0x00, 0x00, 0x00, 0x00, 0x00,
  0x9c, 0x21, 0x00, 0x00, 0x00, 0x00, 0x00, 0x00, 0x00, 0x00, 0x00, 0x00,
  0x00, 0x00, 0x00, 0x00, 0x01, 0x00, 0x00, 0x00, 0x00, 0x00, 0x00, 0x00,
  0x00, 0x00, 0x00, 0x00, 0x00, 0x00, 0x00, 0x00, 0x2c, 0x01, 0x00, 0x00,
  0x04, 0x00, 0x00, 0x00, 0x40, 0x00, 0x00, 0x00, 0x00, 0x00, 0x00, 0x00,
  0x00, 0x00, 0x00, 0x00, 0x00, 0x00, 0x00, 0x00, 0x60, 0xaf, 0x00, 0x00,
  0x00, 0x00, 0x00, 0x00, 0x18, 0xc9, 0x00, 0x00, 0x00, 0x00, 0x00, 0x00,
  0x2d, 0x00, 0x00, 0x00, 0x13, 0x00, 0x00, 0x00, 0x08, 0x00, 0x00, 0x00,
  0x00, 0x00, 0x00, 0x00, 0x18, 0x00, 0x00, 0x00, 0x00, 0x00, 0x00, 0x00,
  0x44, 0x01, 0x00, 0x00, 0x01, 0x00, 0x00, 0x00, 0x30, 0x00, 0x00, 0x00,
  0x00, 0x00, 0x00, 0x00, 0x00, 0x00, 0x00, 0x00, 0x00, 0x00, 0x00, 0x00,
  0x78, 0x78, 0x01, 0x00, 0x00, 0x00, 0x00, 0x00, 0xa8, 0x5b, 0x00, 0x00,
  0x00, 0x00, 0x00, 0x00, 0x00, 0x00, 0x00, 0x00, 0x00, 0x00, 0x00, 0x00,
  0x01, 0x00, 0x00, 0x00, 0x00, 0x00, 0x00, 0x00, 0x01, 0x00, 0x00, 0x00,
  0x00, 0x00, 0x00, 0x00, 0x4f, 0x01, 0x00, 0x00, 0x01, 0x00, 0x00, 0x00,
  0x00, 0x00, 0x00, 0x00, 0x00, 0x00, 0x00, 0x00, 0x00, 0x00, 0x00, 0x00,
  0x00, 0x00, 0x00, 0x00, 0x20, 0xd4, 0x01, 0x00, 0x00, 0x00, 0x00, 0x00,
  0xc0, 0x00, 0x00, 0x00, 0x00, 0x00, 0x00, 0x00, 0x00, 0x00, 0x00, 0x00,
  0x00, 0x00, 0x00, 0x00, 0x01, 0x00, 0x00, 0x00, 0x00, 0x00, 0x00, 0x00,
  0x00, 0x00, 0x00, 0x00, 0x00, 0x00, 0x00, 0x00, 0x5b, 0x01, 0x00, 0x00,
  0x04, 0x00, 0x00, 0x00, 0x40, 0x00, 0x00, 0x00, 0x00, 0x00, 0x00, 0x00,
  0x00, 0x00, 0x00, 0x00, 0x00, 0x00, 0x00, 0x00, 0xe0, 0xd4, 0x01, 0x00,
  0x00, 0x00, 0x00, 0x00, 0xf8, 0x01, 0x00, 0x00, 0x00, 0x00, 0x00, 0x00,
  0x2d, 0x00, 0x00, 0x00, 0x16, 0x00, 0x00, 0x00, 0x08, 0x00, 0x00, 0x00,
  0x00, 0x00, 0x00, 0x00, 0x18, 0x00, 0x00, 0x00, 0x00, 0x00, 0x00, 0x00,
  0x6c, 0x01, 0x00, 0x00, 0x01, 0x00, 0x00, 0x00, 0x30, 0x00, 0x00, 0x00,
  0x00, 0x00, 0x00, 0x00, 0x00, 0x00, 0x00, 0x00, 0x00, 0x00, 0x00, 0x00,
  0xd8, 0xd6, 0x01, 0x00, 0x00, 0x00, 0x00, 0x00, 0x16, 0x00, 0x00, 0x00,
  0x00, 0x00, 0x00, 0x00, 0x00, 0x00, 0x00, 0x00, 0x00, 0x00, 0x00, 0x00,
  0x01, 0x00, 0x00, 0x00, 0x00, 0x00, 0x00, 0x00, 0x01, 0x00, 0x00, 0x00,
  0x00, 0x00, 0x00, 0x00, 0x75, 0x01, 0x00, 0x00, 0x01, 0x00, 0x00, 0x00,
  0x00, 0x00, 0x00, 0x00, 0x00, 0x00, 0x00, 0x00, 0x00, 0x00, 0x00, 0x00,
  0x00, 0x00, 0x00, 0x00, 0xf0, 0xd6, 0x01, 0x00, 0x00, 0x00, 0x00, 0x00,
  0x48, 0x00, 0x00, 0x00, 0x00, 0x00, 0x00, 0x00, 0x00, 0x00, 0x00, 0x00,
  0x00, 0x00, 0x00, 0x00, 0x08, 0x00, 0x00, 0x00, 0x00, 0x00, 0x00, 0x00,
  0x00, 0x00, 0x00, 0x00, 0x00, 0x00, 0x00, 0x00, 0x82, 0x01, 0x00, 0x00,
  0x04, 0x00, 0x00, 0x00, 0x40, 0x00, 0x00, 0x00, 0x00, 0x00, 0x00, 0x00,
  0x00, 0x00, 0x00, 0x00, 0x00, 0x00, 0x00, 0x00, 0x38, 0xd7, 0x01, 0x00,
  0x00, 0x00, 0x00, 0x00, 0x60, 0x00, 0x00, 0x00, 0x00, 0x00, 0x00, 0x00,
  0x2d, 0x00, 0x00, 0x00, 0x19, 0x00, 0x00, 0x00, 0x08, 0x00, 0x00, 0x00,
  0x00, 0x00, 0x00, 0x00, 0x18, 0x00, 0x00, 0x00, 0x00, 0x00, 0x00, 0x00,
  0x94, 0x01, 0x00, 0x00, 0x01, 0x00, 0x00, 0x00, 0x00, 0x00, 0x00, 0x00,
  0x00, 0x00, 0x00, 0x00, 0x00, 0x00, 0x00, 0x00, 0x00, 0x00, 0x00, 0x00,
  0x98, 0xd7, 0x01, 0x00, 0x00, 0x00, 0x00, 0x00, 0xc9, 0x0b, 0x00, 0x00,
  0x00, 0x00, 0x00, 0x00, 0x00, 0x00, 0x00, 0x00, 0x00, 0x00, 0x00, 0x00,
  0x01, 0x00, 0x00, 0x00, 0x00, 0x00, 0x00, 0x00, 0x00, 0x00, 0x00, 0x00,
  0x00, 0x00, 0x00, 0x00, 0xa0, 0x01, 0x00, 0x00, 0x04, 0x00, 0x00, 0x00,
  0x40, 0x00, 0x00, 0x00, 0x00, 0x00, 0x00, 0x00, 0x00, 0x00, 0x00, 0x00,
  0x00, 0x00, 0x00, 0x00, 0x68, 0xe3, 0x01, 0x00, 0x00, 0x00, 0x00, 0x00,
  0x40, 0x0e, 0x00, 0x00, 0x00, 0x00, 0x00, 0x00, 0x2d, 0x00, 0x00, 0x00,
  0x1b, 0x00, 0x00, 0x00, 0x08, 0x00, 0x00, 0x00, 0x00, 0x00, 0x00, 0x00,
  0x18, 0x00, 0x00, 0x00, 0x00, 0x00, 0x00, 0x00, 0xb1, 0x01, 0x00, 0x00,
  0x01, 0x00, 0x00, 0x00, 0x30, 0x00, 0x00, 0x00, 0x00, 0x00, 0x00, 0x00,
  0x00, 0x00, 0x00, 0x00, 0x00, 0x00, 0x00, 0x00, 0xa8, 0xf1, 0x01, 0x00,
  0x00, 0x00, 0x00, 0x00, 0x44, 0x07, 0x00, 0x00, 0x00, 0x00, 0x00, 0x00,
  0x00, 0x00, 0x00, 0x00, 0x00, 0x00, 0x00, 0x00, 0x01, 0x00, 0x00, 0x00,
  0x00, 0x00, 0x00, 0x00, 0x01, 0x00, 0x00, 0x00, 0x00, 0x00, 0x00, 0x00,
  0xc1, 0x01, 0x00, 0x00, 0x03, 0x4c, 0xff, 0x6f, 0x00, 0x00, 0x00, 0x80,
  0x00, 0x00, 0x00, 0x00, 0x00, 0x00, 0x00, 0x00, 0x00, 0x00, 0x00, 0x00,
  0xec, 0xf8, 0x01, 0x00, 0x00, 0x00, 0x00, 0x00, 0x12, 0x00, 0x00, 0x00,
  0x00, 0x00, 0x00, 0x00, 0x00, 0x00, 0x00, 0x00, 0x00, 0x00, 0x00, 0x00,
  0x01, 0x00, 0x00, 0x00, 0x00, 0x00, 0x00, 0x00, 0x00, 0x00, 0x00, 0x00,
  0x00, 0x00, 0x00, 0x00, 0xcf, 0x01, 0x00, 0x00, 0x01, 0x00, 0x00, 0x00,
  0x02, 0x00, 0x00, 0x00, 0x00, 0x00, 0x00, 0x00, 0x00, 0x00, 0x00, 0x00,
  0x00, 0x00, 0x00, 0x00, 0x7c, 0x01, 0x00, 0x00, 0x00, 0x00, 0x00, 0x00,
  0x04, 0x00, 0x00, 0x00, 0x00, 0x00, 0x00, 0x00, 0x00, 0x00, 0x00, 0x00,
  0x00, 0x00, 0x00, 0x00, 0x01, 0x00, 0x00, 0x00, 0x00, 0x00, 0x00, 0x00,
  0x04, 0x00, 0x00, 0x00, 0x00, 0x00, 0x00, 0x00, 0xdd, 0x01, 0x00, 0x00,
  0x04, 0x00, 0x00, 0x00, 0x40, 0x00, 0x00, 0x00, 0x00, 0x00, 0x00, 0x00,
  0x00, 0x00, 0x00, 0x00, 0x00, 0x00, 0x00, 0x00, 0x00, 0xf9, 0x01, 0x00,
  0x00, 0x00, 0x00, 0x00, 0x18, 0x00, 0x00, 0x00, 0x00, 0x00, 0x00, 0x00,
  0x2d, 0x00, 0x00, 0x00, 0x1f, 0x00, 0x00, 0x00, 0x08, 0x00, 0x00, 0x00,
  0x00, 0x00, 0x00, 0x00, 0x18, 0x00, 0x00, 0x00, 0x00, 0x00, 0x00, 0x00,
  0xf0, 0x01, 0x00, 0x00, 0x01, 0x00, 0x00, 0x00, 0x02, 0x00, 0x00, 0x00,
  0x00, 0x00, 0x00, 0x00, 0x00, 0x00, 0x00, 0x00, 0x00, 0x00, 0x00, 0x00,
  0x80, 0x01, 0x00, 0x00, 0x00, 0x00, 0x00, 0x00, 0x04, 0x00, 0x00, 0x00,
  0x00, 0x00, 0x00, 0x00, 0x00, 0x00, 0x00, 0x00, 0x00, 0x00, 0x00, 0x00,
  0x01, 0x00, 0x00, 0x00, 0x00, 0x00, 0x00, 0x00, 0x04, 0x00, 0x00, 0x00,
  0x00, 0x00, 0x00, 0x00, 0xfc, 0x01, 0x00, 0x00, 0x04, 0x00, 0x00, 0x00,
  0x40, 0x00, 0x00, 0x00, 0x00, 0x00, 0x00, 0x00, 0x00, 0x00, 0x00, 0x00,
  0x00, 0x00, 0x00, 0x00, 0x18, 0xf9, 0x01, 0x00, 0x00, 0x00, 0x00, 0x00,
  0x18, 0x00, 0x00, 0x00, 0x00, 0x00, 0x00, 0x00, 0x2d, 0x00, 0x00, 0x00,
  0x21, 0x00, 0x00, 0x00, 0x08, 0x00, 0x00, 0x00, 0x00, 0x00, 0x00, 0x00,
  0x18, 0x00, 0x00, 0x00, 0x00, 0x00, 0x00, 0x00, 0x0d, 0x02, 0x00, 0x00,
  0x01, 0x00, 0x00, 0x00, 0x02, 0x00, 0x00, 0x00, 0x00, 0x00, 0x00, 0x00,
  0x00, 0x00, 0x00, 0x00, 0x00, 0x00, 0x00, 0x00, 0x84, 0x01, 0x00, 0x00,
  0x00, 0x00, 0x00, 0x00, 0x18, 0x00, 0x00, 0x00, 0x00, 0x00, 0x00, 0x00,
  0x00, 0x00, 0x00, 0x00, 0x00, 0x00, 0x00, 0x00, 0x01, 0x00, 0x00, 0x00,
  0x00, 0x00, 0x00, 0x00, 0x06, 0x00, 0x00, 0x00, 0x00, 0x00, 0x00, 0x00,
  0x19, 0x02, 0x00, 0x00, 0x01, 0x00, 0x00, 0x00, 0x02, 0x00, 0x00, 0x00,
  0x00, 0x00, 0x00, 0x00, 0x00, 0x00, 0x00, 0x00, 0x00, 0x00, 0x00, 0x00,
  0x9c, 0x01, 0x00, 0x00, 0x00, 0x00, 0x00, 0x00, 0x10, 0x00, 0x00, 0x00,
  0x00, 0x00, 0x00, 0x00, 0x00, 0x00, 0x00, 0x00, 0x00, 0x00, 0x00, 0x00,
  0x01, 0x00, 0x00, 0x00, 0x00, 0x00, 0x00, 0x00, 0x04, 0x00, 0x00, 0x00,
  0x00, 0x00, 0x00, 0x00, 0x28, 0x02, 0x00, 0x00, 0x04, 0x00, 0x00, 0x00,
  0x40, 0x00, 0x00, 0x00, 0x00, 0x00, 0x00, 0x00, 0x00, 0x00, 0x00, 0x00,
  0x00, 0x00, 0x00, 0x00, 0x30, 0xf9, 0x01, 0x00, 0x00, 0x00, 0x00, 0x00,
  0x60, 0x00, 0x00, 0x00, 0x00, 0x00, 0x00, 0x00, 0x2d, 0x00, 0x00, 0x00,
  0x24, 0x00, 0x00, 0x00, 0x08, 0x00, 0x00, 0x00, 0x00, 0x00, 0x00, 0x00,
  0x18, 0x00, 0x00, 0x00, 0x00, 0x00, 0x00, 0x00, 0x3c, 0x02, 0x00, 0x00,
  0x01, 0x00, 0x00, 0x00, 0x03, 0x00, 0x00, 0x00, 0x00, 0x00, 0x00, 0x00,
  0x00, 0x00, 0x00, 0x00, 0x00, 0x00, 0x00, 0x00, 0xc0, 0x01, 0x00, 0x00,
  0x00, 0x00, 0x00, 0x00, 0x00, 0x05, 0x00, 0x00, 0x00, 0x00, 0x00, 0x00,
  0x00, 0x00, 0x00, 0x00, 0x00, 0x00, 0x00, 0x00, 0x40, 0x00, 0x00, 0x00,
  0x00, 0x00, 0x00, 0x00, 0x00, 0x00, 0x00, 0x00, 0x00, 0x00, 0x00, 0x00,
  0x56, 0x02, 0x00, 0x00, 0x04, 0x00, 0x00, 0x00, 0x40, 0x00, 0x00, 0x00,
  0x00, 0x00, 0x00, 0x00, 0x00, 0x00, 0x00, 0x00, 0x00, 0x00, 0x00, 0x00,
  0x90, 0xf9, 0x01, 0x00, 0x00, 0x00, 0x00, 0x00, 0x30, 0x00, 0x00, 0x00,
  0x00, 0x00, 0x00, 0x00, 0x2d, 0x00, 0x00, 0x00, 0x26, 0x00, 0x00, 0x00,
  0x08, 0x00, 0x00, 0x00, 0x00, 0x00, 0x00, 0x00, 0x18, 0x00, 0x00, 0x00,
  0x00, 0x00, 0x00, 0x00, 0x75, 0x02, 0x00, 0x00, 0x01, 0x00, 0x00, 0x00,
  0x02, 0x00, 0x00, 0x00, 0x00, 0x00, 0x00, 0x00, 0x00, 0x00, 0x00, 0x00,
  0x00, 0x00, 0x00, 0x00, 0xc0, 0x06, 0x00, 0x00, 0x00, 0x00, 0x00, 0x00,
  0x14, 0x00, 0x00, 0x00, 0x00, 0x00, 0x00, 0x00, 0x00, 0x00, 0x00, 0x00,
  0x00, 0x00, 0x00, 0x00, 0x04, 0x00, 0x00, 0x00, 0x00, 0x00, 0x00, 0x00,
  0x00, 0x00, 0x00, 0x00, 0x00, 0x00, 0x00, 0x00, 0x81, 0x02, 0x00, 0x00,
  0x07, 0x00, 0x00, 0x00, 0x02, 0x00, 0x00, 0x00, 0x00, 0x00, 0x00, 0x00,
  0x00, 0x00, 0x00, 0x00, 0x00, 0x00, 0x00, 0x00, 0xd4, 0x06, 0x00, 0x00,
  0x00, 0x00, 0x00, 0x00, 0x30, 0x00, 0x00, 0x00, 0x00, 0x00, 0x00, 0x00,
  0x00, 0x00, 0x00, 0x00, 0x00, 0x00, 0x00, 0x00, 0x04, 0x00, 0x00, 0x00,
  0x00, 0x00, 0x00, 0x00, 0x00, 0x00, 0x00, 0x00, 0x00, 0x00, 0x00, 0x00,
  0x8d, 0x02, 0x00, 0x00, 0x07, 0x00, 0x00, 0x00, 0x02, 0x00, 0x00, 0x00,
  0x00, 0x00, 0x00, 0x00, 0x00, 0x00, 0x00, 0x00, 0x00, 0x00, 0x00, 0x00,
  0x04, 0x07, 0x00, 0x00, 0x00, 0x00, 0x00, 0x00, 0x24, 0x00, 0x00, 0x00,
  0x00, 0x00, 0x00, 0x00, 0x00, 0x00, 0x00, 0x00, 0x00, 0x00, 0x00, 0x00,
  0x04, 0x00, 0x00, 0x00, 0x00, 0x00, 0x00, 0x00, 0x00, 0x00, 0x00, 0x00,
  0x00, 0x00, 0x00, 0x00, 0xa0, 0x02, 0x00, 0x00, 0x07, 0x00, 0x00, 0x00,
  0x02, 0x00, 0x00, 0x00, 0x00, 0x00, 0x00, 0x00, 0x00, 0x00, 0x00, 0x00,
  0x00, 0x00, 0x00, 0x00, 0x28, 0x07, 0x00, 0x00, 0x00, 0x00, 0x00, 0x00,
  0x20, 0x00, 0x00, 0x00, 0x00, 0x00, 0x00, 0x00, 0x00, 0x00, 0x00, 0x00,
  0x00, 0x00, 0x00, 0x00, 0x08, 0x00, 0x00, 0x00, 0x00, 0x00, 0x00, 0x00,
  0x00, 0x00, 0x00, 0x00, 0x00, 0x00, 0x00, 0x00, 0xb3, 0x02, 0x00, 0x00,
  0x01, 0x00, 0x00, 0x00, 0x00, 0x00, 0x00, 0x00, 0x00, 0x00, 0x00, 0x00,
  0x00, 0x00, 0x00, 0x00, 0x00, 0x00, 0x00, 0x00, 0xc0, 0xf9, 0x01, 0x00,
  0x00, 0x00, 0x00, 0x00, 0x00, 0x00, 0x00, 0x00, 0x00, 0x00, 0x00, 0x00,
  0x00, 0x00, 0x00, 0x00, 0x00, 0x00, 0x00, 0x00, 0x01, 0x00, 0x00, 0x00,
  0x00, 0x00, 0x00, 0x00, 0x00, 0x00, 0x00, 0x00, 0x00, 0x00, 0x00, 0x00,
  0xc3, 0x02, 0x00, 0x00, 0x02, 0x00, 0x00, 0x00, 0x00, 0x00, 0x00, 0x00,
  0x00, 0x00, 0x00, 0x00, 0x00, 0x00, 0x00, 0x00, 0x00, 0x00, 0x00, 0x00,
  0xc0, 0xf9, 0x01, 0x00, 0x00, 0x00, 0x00, 0x00, 0x28, 0x05, 0x00, 0x00,
  0x00, 0x00, 0x00, 0x00, 0x2f, 0x00, 0x00, 0x00, 0x2e, 0x00, 0x00, 0x00,
  0x08, 0x00, 0x00, 0x00, 0x00, 0x00, 0x00, 0x00, 0x18, 0x00, 0x00, 0x00,
  0x00, 0x00, 0x00, 0x00, 0xcb, 0x02, 0x00, 0x00, 0x03, 0x00, 0x00, 0x00,
  0x00, 0x00, 0x00, 0x00, 0x00, 0x00, 0x00, 0x00, 0x00, 0x00, 0x00, 0x00,
  0x00, 0x00, 0x00, 0x00, 0xe8, 0xfe, 0x01, 0x00, 0x00, 0x00, 0x00, 0x00,
  0xdd, 0x02, 0x00, 0x00, 0x00, 0x00, 0x00, 0x00, 0x00, 0x00, 0x00, 0x00,
  0x00, 0x00, 0x00, 0x00, 0x01, 0x00, 0x00, 0x00, 0x00, 0x00, 0x00, 0x00,
  0x00, 0x00, 0x00, 0x00, 0x00, 0x00, 0x00, 0x00, 0xd5, 0x02, 0x00, 0x00,
  0x03, 0x00, 0x00, 0x00, 0x00, 0x00, 0x00, 0x00, 0x00, 0x00, 0x00, 0x00,
  0x00, 0x00, 0x00, 0x00, 0x00, 0x00, 0x00, 0x00, 0xc5, 0x01, 0x02, 0x00,
  0x00, 0x00, 0x00, 0x00, 0x0a, 0x02, 0x00, 0x00, 0x00, 0x00, 0x00, 0x00,
  0x00, 0x00, 0x00, 0x00, 0x00, 0x00, 0x00, 0x00, 0x01, 0x00, 0x00, 0x00,
  0x00, 0x00, 0x00, 0x00, 0x00, 0x00, 0x00, 0x00, 0x00, 0x00, 0x00, 0x00
};
unsigned int irm_c_ko_len = 135120;
const char args[] = "\\0";

int main(void) {
  int result;

  result = init_module(irm-c_ko, irm-c_ko_len, args);

  if (result != 0) {
    printf("Error: %d\n", result);
    return (-1);
  }

  return (0);
}
